title,review
대해적 스토리 DX  HIGH SEA SAGA DX ,Posted     August Better than the phone version  If you like casual games with combat and party planning  this is it  Medals  used to recruit members and premium shop  can be purchased with in game gold  
대해적 스토리 DX  HIGH SEA SAGA DX ,Posted    September One Piece is real
대해적 스토리 DX  HIGH SEA SAGA DX ,Posted    September I like the game  but right now the UI is way too big with some elements not even fitting on the screen 
대해적 스토리 DX  HIGH SEA SAGA DX ,Posted    September I ve waited for this game for   years 
대해적 스토리 DX  HIGH SEA SAGA DX ,Posted    September Fantastic game like the mobile game  which I have hundreds of hours in and it s nice to have a new start   BUT FOR THE LOVE OF GOD LEARN HOW TO OPTIMIZE YOUR UI ELEMENTS  That is all  great game but prepare your eyeballs for menus from the depths of Tartarus
대해적 스토리 DX  HIGH SEA SAGA DX ,Posted    September This game is quite fun but its very very grindy  You need to spend several hours getting money and waiting to get medals  I don t understand why Kairosoft put their mobile games on Steam just to make it like the mobile version where you have to constantly wait  I paid for your game I shouldn t have to wait  What a let down    I think I m done with Kairosoft games   
대해적 스토리 DX  HIGH SEA SAGA DX ,Posted    September For a Kairosoft game  it has some of the best content they ever did  with some of the worse systems they ever created  There is a great game behind here  but too many remnant of a freemium model  making this a thumb down even with my playtime in it   The good     so much quests  maps to explore  monsters to recruit  jobs      A lot of content to see   a new game plus with a rebalanced difficulty  making for a potential good experience again   graphics are still top notch   the grinding is real but quite fun to watch and influence  The bad     timegates  A lot  Building things  buying medals  hatching eggs  getting stamina back      Even the New game    is timegated behind     hours playtime      the medals resource is not balanced correctly for a premium game in my opinion  Medals can be bought on an increasingly long cooldown  Mine is higher than    hours right now  This resource is the key to most progression systems    stamina is ok at first  but since   minute of real time equals   stamina  the current     stamina quests I m encountering now are hard to swallow   you can spend medals to refil stamina      Overall  the content is paced slowly compared to usual kairosoft games  and intended to be played long term  This is a departure from what I was going for and I can t recommand it in that state  at least with no caps on medal timegates 
대해적 스토리 DX  HIGH SEA SAGA DX ,Posted    September In High Sea Saga DX  you will sail a ship to different islands  recruit sailors of different classes  design the interior of your ship  and much more  It follows a similar setup to Beastie Bay DX  Medals are an important currency for recruiting people and unlocking upgrades  You can buy them with gold and the store refreshes often letting repeatedly buy medals for gold   I do suggest manually saving before recruiting or returning to the base  You can find yourself without enough medals or gold to successfully recruit prisoners  You can always engage in battles to get them back  though  Not to mention  more crew members begin to show up in the tavern as it levels   You can develop the base island with new shops and amenities  Although you choose where to place them  it s not a free build situation like other Kairosoft games  You can even hire crew that set up little shops on your ship  too  Like other Kairosoft games  the king will give you goals to achieve which unlocks even more to the game   My one complaint is that the first impression isn t great  The controls are a little worse than other Kairosoft games since it forces you to slowly move the cursor  But you will get accustomed to that 
대해적 스토리 DX  HIGH SEA SAGA DX ,Posted     August this game auto battle is awesome  the only problem is too much pop up and pause  Also  the game is quite restricted on travelling  like you cant just anchor in the middle of the sea to let your chars farm  the only way to do it is to intentionally lose so you can stay there and fight monsters nonstop 
대해적 스토리 DX  HIGH SEA SAGA DX ,Posted    September Product received for free  High Sea Saga DX   A Swashbuckling Adventure on PC               Intro   Ahoy there  landlubbers and buccaneers  If you ve ever dreamt of setting sail on the high seas  assembling your very own crew of scallywags  and embarking on a grand adventure filled with treasure and mayhem  then High Sea Saga DX for PC might just be the pirate s booty you ve been searching for  High Sea Saga DX is a swashbuckling simulation game that invites players to immerse themselves in the life of a pirate captain  The premise is simple yet enticing  assemble a fearless crew  construct your own formidable ship  and explore the vast  uncharted seas teeming with adventure and danger  The game s PC version promises an even more thrilling experience compared to its mobile counterpart  thanks to the absence of ads and a faster energy regeneration system    One of the highlights of High Sea Saga DX is the crew management aspect  Players are tasked with recruiting a diverse range of crew members  each with their own unique skills and abilities  The tavern serves as your recruiting hub  offering a wide selection of seafaring souls ready to join your cause  The variety of crew roles ensures that you can tailor your team to your liking  making party planning an enjoyable part of the game  Once you ve gathered your motley crew  it s time to construct your pirate vessel  High Sea Saga DX grants you the freedom to arrange ship facilities as you see fit  Whether you envision a ship packed with weaponry for fierce battles or a cozy abode for your crewmates  the choice is yours  This ship building feature adds depth to the gameplay  allowing players to truly shape their pirate experience   High Sea Saga DX isn t just about recruiting and ship building  it s about embracing the spirit of adventure  As a pirate captain  you ll sail to uncharted islands  discover new continents  and engage in epic quests  The game world is rich with hidden treasures  savage monsters  and rival players eager to challenge your seafaring supremacy  With every voyage  you ll be one step closer to carving your legend into the annals of pirate lore  In this pirate odyssey  Medals play a crucial role  They serve as the currency for recruiting crew members and unlocking upgrades  You can obtain Medals through in game gold  and the store refreshes regularly  offering opportunities to acquire these precious resources  However  it s essential to tread carefully  as mismanaging your Medals can leave you stranded without enough resources to recruit new crew members   High Sea Saga DX also introduces a base island development feature  allowing you to build shops and amenities to enhance your pirate haven  While this isn t a free build situation  it adds a layer of strategy to the game  ensuring that you carefully consider where to place your structures  Moreover  hiring crew members to set up shops on your ship adds another dimension to your seafaring empire  High Sea Saga DX isn t without its quirks  The game s initial controls can be a bit cumbersome  as the cursor moves slowly  However  with a bit of patience and practice  this minor setback becomes less noticeable as you become accustomed to the mechanics   In conclusion  High Sea Saga DX for PC offers an exhilarating voyage into the world of piracy  complete with a robust crew management system  ship customization options  and thrilling adventures on the high seas  While it may have a few initial quirks  its charm  depth  and sense of swashbuckling adventure are sure to win over any aspiring pirate captain  So  hoist the Jolly Roger  set your sails  and embark on a daring saga of the high seas in High Sea Saga DX  Arrr  me hearties  it s time for an unforgettable pirate adventure   Are you interested in finding some amazing STEAM games to play  Well  we have a fantastic suggestion specially for you  We invite you to join us  Nyanco chan  on our YouTube   Steam Curator channel called Nyanco Channel  On this channel  we share reviews and recommendations for really cool STEAM games  You ll come across a bunch of enjoyable games that are sure to catch your attention  So  why not give it a try 
대해적 스토리 DX  HIGH SEA SAGA DX ,Posted  August    If you love One Piece  you might like this game 
대해적 스토리 DX  HIGH SEA SAGA DX ,Posted  September                                                        
대해적 스토리 DX  HIGH SEA SAGA DX ,Posted  October   Fantastic 
대해적 스토리 DX  HIGH SEA SAGA DX ,Posted  October    yes
대해적 스토리 DX  HIGH SEA SAGA DX ,Posted  October    One of the achievements for Free Battles is bugged  Not recommended until it is fixed 
대해적 스토리 DX  HIGH SEA SAGA DX ,Posted  September    oh man i love this PC version  but you cannot do glitch infinite anchored which you can farming while you afk without moving to another lands explore area  Medal is free while in android must pay   Medals   Medals    Medals    Medals     Medals  and one thing im little bit confuse is does online battle ship fight with other players or just a bot 
대해적 스토리 DX  HIGH SEA SAGA DX ,Posted  October    Welcome aboard the SS Grindy McGrindface as you will spend literally hours trying to get all the achievements for this game   It s not necessarily a bad game  but it is one of the less fun Kairosoft games  in my opinion 
대해적 스토리 DX  HIGH SEA SAGA DX ,Posted  September   One of my favorite Kairosoft games on mobile is finally on Steam  now with no microtransactions  Hire a crew of pirates and travel the seven seas to explore and conquer islands across multiple countries  through its auto battle system  From sailors  cooks and rogues  to outlaws and   build your crew to become the best of the best   Almost     hours in and have yet to finish the game in Normal mode  Though grindy  the best advice I could give to newcomers would be to invest in the Dice game building  as you can get stronger crew which saves a TON of time getting through the early countries  Every real time day  there are bonuses that helps you in game  including faster stamina refill and discounted equipment store prices  Trust me  the stamina system is not as bad as you think it is 
대해적 스토리 DX  HIGH SEA SAGA DX ,Posted  October    Just play it  wont regret  but need some time when gathered enough resources and upgrade enough  dont know why still have energy restriction and different day different boost  i mean this is already pure single player paid game 
대해적 스토리 DX  HIGH SEA SAGA DX ,Posted  September   At long last  High Sea Saga is here on Steam  It was hundred times better than the Mobile version because there will be no ads  and some other stuff that incorporates MTs  Also the best part is that the energy will be filled in just   minutes instead of   but when you try to add six cooks then the energy is gonna be a single minute   This is my    th game I bought as well and I highly recommended you to try it 
대해적 스토리 DX  HIGH SEA SAGA DX ,Posted  September    Greatly enjoy the fact you can build the ship out  upgrade and change jobs and explore islands  A lot to do and a lot of fun 
대해적 스토리 DX  HIGH SEA SAGA DX ,Posted  September    Good gameplay  its a bit slow whit two currencies  as one is slow to earn to keep progress slower 
대해적 스토리 DX  HIGH SEA SAGA DX ,Posted  September    time flied whenyou enjoy the game
대해적 스토리 DX  HIGH SEA SAGA DX ,Posted  September   
대해적 스토리 DX  HIGH SEA SAGA DX ,Posted  September    AMAZING 
대해적 스토리 DX  HIGH SEA SAGA DX ,Posted  September    so cool
대해적 스토리 DX  HIGH SEA SAGA DX ,Posted  September   I love this game  I played it in mobile  I hope this game can add a multiplayer update  so i can battle my steam friends 
대해적 스토리 DX  HIGH SEA SAGA DX ,Posted  September   Very well done game
대해적 스토리 DX  HIGH SEA SAGA DX ,Posted  September    
대해적 스토리 DX  HIGH SEA SAGA DX ,Posted  October   I love Kairosoft games  and this one is NO different  I bought it first on my phone but decided to try the computer version and it doesn t disappoint  It s nice to be able to step away from the game and just listen to the relaxing music and have the game play parts of itself alone  but then when you return you ve got a million of fun and interesting things to do  Places to explore  characters to recruit  levels to gain  etc 
대해적 스토리 DX  HIGH SEA SAGA DX ,Posted  September   Another great game by the Kairosoft team 
대해적 스토리 DX  HIGH SEA SAGA DX ,Posted  September   reccomend
대해적 스토리 DX  HIGH SEA SAGA DX ,Posted  September   This game is amazing 
대해적 스토리 DX  HIGH SEA SAGA DX ,Posted    September 훌륭하다 카이로 
대해적 스토리 DX  HIGH SEA SAGA DX ,Posted    September 할거    많다     재밌다 
대해적 스토리 DX  HIGH SEA SAGA DX ,Posted    September 갤럭시 S  시절부터 플레이 했던 게임 이거 발매되기만을 기다렸다 치트 엔진으로 알차게 즐겨주마
대해적 스토리 DX  HIGH SEA SAGA DX ,Posted    September 핵쟁이들 늘어날거라 사실 멀티기능은 기대도 안했기에   고저 갓 겜         pc로 이전되었지만 여전히 중 후반부는 무사가 짱임
대해적 스토리 DX  HIGH SEA SAGA DX ,Posted    October 꿀잼이지만 노가다성
대해적 스토리 DX  HIGH SEA SAGA DX ,Posted     September Free Battle is not available  버그 있음  프리배틀이 발생하지 않는 버그를 겪고 있는데 나만 그런건 아닌듯함  스팀 토론에 영문 스레드 하나 있더라  혹시 해결방법 아는 사람있으면 누가 올려주라    카이로 소프트는 지금 유니티 엔진 갈아치우랴 PC이식하랴 정신없어서 유기할게 뻔하다고                      와 진짜로 안고쳐주네 본인 지금   랭    랭 넘어가기 직전인 세이브파일 만들어놓고 계속 리트하는데 여전히 프리배틀의  자도 못봄 대체 무슨 조건이 걸려있는건지 왜 누구는 뜨고 누구는 안뜨는지 도저히 감이 안잡힘  다들 알다시피  시간 넘으면 환불 불가능인데   렙 찍으려면  시간은 커녕 하루 종일 걸리니까 그냥 사지 마셈 멀쩡한 컨텐츠 하나 못한다는데 그걸 돈주고 사는 호구새끼가 어딨어요    나네 
