title,review
트리 오브 세이비어,Posted    September go go hyut 
트리 오브 세이비어,Posted    August 강한 뉴비만이 살아 남는 것은 아니다    트오세를 시작하려는 뉴비들에게    트오세는 뉴비에게 너무도 가혹한 환경의 게임이다  아기자기한 그래픽에 이끌려  한 번 해볼까   하는 가벼운 마음으로 시작했다면 겉으로는 잘 적응한 것 같아 보여도 한 달을 채 못 가고 폐사하고 만다  적어도 내가 지금까지 본 뉴비들은 그랬다  불행인지 다행인지  나는 살아남았고 여전히 게임을 즐기고 있다  살아남은 내가 다른 뉴비들에게 들은 질문과 몇 가지 팁들을 적어두고자 한다      이 게임을 왜 할지를 생각해라   가장 중요한 것이라서 맨 앞에 두기로 했다  사실 대부분이 접는 이유는 이거다  게임을 하는데  동기부여가 안된다  그러니 의욕도 없다  심지어 이건 고인물들도 똑같다  어떤 게임이든 반복하면 결국 질리기 마련이니까  목표를 잡아라  스토리를 다 보는 것도 좋고  탐험을 하는 것도 좋고  PvP를 하는 것도 좋고  나만의 클래스 빌드를 짜는 것도 좋다  혹은 마을에서 춤추면서 채팅만 치는 것도 좋다  내 경우에는 PvP를 해보고 싶어서 붙잡고 있었지만  지금은 게임에 친구가 있으니 접속한다는 이유가 크다  외국인 유저들과 만날 수 있는 국산 게임이 얼마나 되겠는가       게임이 정보가 없어요  원래 이래요   길드에 들어가라  이 게임은 정보가 없다  전혀 없는 수준이다  스팀으로 온 지  개월  아직도 한국어 공식 홈페이지는 만들어지지 않았다   일본어 영어는 있음  커뮤니티  모두 죽었다  심지어 나무위키조차 업데이트가 안된다  정보가 필요하다면 에 가거나 길드에 들어가야 한다  근데 모르는 것은 길드에 물어보는 게 제일 빠르다  시작하면 강제 가입되는 성장 지원 길드도 물어보면 답은 해주지만  길드에 들어가 있는 이유가 딱히 없어서 비추천  특히나 PvP를 즐기고 싶은 유저라면 더더욱 길드에 들어가는 것을 추천한다  콜로니라는 대규모 PvP 컨텐츠가 있기 때문        직업명  해도 됨     직업명  얘는 어때요    티어 직업이 있다  첫 캐릭은  티어로 골라라   게임을 키면  가지 기본 클래스가 있는데 뭘 골라도 상관은 없지만 알아둬야 할 것이 이 게임은 직업간 밸런스가 나쁘다  그래서 첫 캐릭터는   힐러를 제외하고   소위  티어라 불리는 직업으로 고르는 것이 좋다  나만의 직업 조합은 어차피 부캐를 키워야 하니 게임을 좀 익히고 그 때 키우는 것을 추천한다  그리고 사람들이 안 하는 데는 보통 이유가 있다       이 겜 현질 해야함   이 게임은 부분유료화로 위장한 정액제 게임이다   토큰이라는 아이템이 존재한다  이 토큰 혜택이 없으면 게임을 하기 정말 빡세다  없어도 되긴 하지만 거래  팀창고 이용 제한 등 불이익이 좀 많다  물론 토큰은 마켓에서 거래가 되고  유료 토큰을 산 상태로 무료 토큰을 쓰면 유료 토큰의 기간이 늘어나기도 하니 다른 정액제 게임처럼 반드시 돈을 낼 필요는 없다  어느 정도 기반을 마련한 상태에서는 대부분 토큰을 사서 쓴다                   레벨인데 퀘스트를 못 깨겠어요   도움을 받으세요     뉴비들이 물어보는 질문 탑  안에 드는 질문이라 특별히 넣었다  에피소드     의 텐트       에피소드가 대표적인 트오세 폐사구간인데      를 깨지 못하면    을 못 찍고     을 못 찍으면     를 못 깨는 무간지옥이라 할 수 있는 구간이다  다른 유저들에게 도움을 받는 것을 추천한다  만약 혼자 힘으로 클리어하고 싶다면 이전 에피소드 보상으로 받은 바실리사 장비    제 장비 를   강까지 강화하고    배 경험의 서를 이용해    레벨을 찍은 이후 장비를 계승해   강 장비를 끼고 가는 방법이 있다  오래 걸리지만 한번 시도해 보는 것도 좋다       돈이 안 모여요  퀘스트 보상  챌린지  분열 특이점  일부 하드 레이드  콜로니  협동전 혹은 현질  이 게임은 필드에서 더 이상 실버가 드랍되지 않는다  매크로 잡는다고 그런 패치를 해 놓고도 매크로를 못 잡는 걸 보면 왜 했나 싶긴 한데    아무튼 위의 컨텐츠가 직접적으로 실버를 받을 수 있는 컨텐츠다   뉴비가 참여 가능한 컨텐츠는 퀘스트를 제외하면 lv     챌린지뿐이다  그래서 뉴비는 처음에 받은 퀘스트 보상을 아껴 써야 한다  타이쿤 게임의 초기자금 같은거다  그리고 수리는 꼭  수리 키트  를 구매해서 써야 돈을 아낄 수 있다   시즌 주화   여신의 증표로 팔고 있으니 사실상 무료임  그 외에는 재료를 마켓에 팔아서 돈을 벌도록 하자       아직도 버그 많음   버그 많다   자잘한 버그는 고칠 생각도 없는 것 같다  심지어 심각한 버그로 서버가 내려가는 경우도 있다      년에 채팅 번역하면 서버가 터지는 버그가 터질거라곤 생각도 못했다  그래도 심각한 버그는 최대한 고치고 있으니 그렇게 걱정할 필요는 없다  모션 버그같은 자잘한 버그는 마을에서 쓰면서 놀도록 하자       겜 언제 망함   학규만 안다   놀랍게도 트오세는 꾸준히 업데이트중인 겜이다  망해가고 있는 것 같긴 한데 아직은 안 망했으니 지금 시작해도 너무 늦은 것은 아닌 것 같다                       년  월  일        에피소드 업데이트와 함께 새로운 아이템   지역 및 레이드가 추가되고 최대 레벨이    레벨로 확장되었다  또한 포포 부스트 이벤트라는 새로운 성장 지원 이벤트가 시작되면서  신규 유저들과 복귀 유저들이 게임에 좀 더 수월하게 정착할 수 있는 기회가 될 것이라고 모두가 생각했다  우리의 기대가 틀렸음을 깨닫기까지는 이틀이 채 걸리지 않았다  단순히 기존 재화를  배로 압축한 신규 재화인 고급 축복받은 조각 이하 고급 축조  의 등장으로 안그래도 이따금씩 마켓에 재고가 떨어지곤 하던 은 가격이  배가 넘게 뛰었다  기존 유저들은 분열 특이점에서 이 재화를 얻을 수 있지만   신규 유저는 템렙  기어스코어가 부족해 이 던전에 입장조차 불가능하다  필드나 저레벨 챌린지에서 주는 축조의 양은  개 혹은  개 수준  계승이 가능한    까지 강화를 치기엔 턱없이 부족하다  마켓에서 살 수 있다고는 하지만 이미 언급했듯 이 게임은 실버를 얻을 수 있는 수단이 거의 없다   그런 와중에 포포 부스트 이벤트에서는 축조 없이 장비 강화용 재료만을 주고 있다  수급처  수급량이 그대로라 고인물들조차 고급 축조가 부족해서 강화를 치기 힘들다는 말이 나오는 상황에서  뉴비들이 스스로 축조를 구해서   강을 찍는 것은 불가능하다  사전에 테스트는 해본 것이 맞는지 궁금할 지경이다   결국 성장 지원 이벤트여야 할 이벤트는 아무 의미도 없는 이벤트가 되었고  뉴비들의 폐사 구간은 더 늘어나  빠져 나올 길 없는 깊고 어두운 늪이 되었다      명까지 늘어난 유저들도 곧 제자리를 찾아 가게 될 것이다   게임에 접속해 있으면 이따금씩 복귀   신규 유저가 외침으로 이렇게 물어본다    기존 유저들은 답을 하지 않는다  나도  그들도 모르기 때문이다  어떤 답변을 해줘야 하는지  이 게임에 미래가 있을까 
트리 오브 세이비어,Posted    January 참 좋았던 게임인데 이 게임의 최대 장점이라면 다른 게임에는 없는 클래스간의 조합과 컨셉 자기만의 개성을 세워서 자신만의 캐릭터를 만드는건데 지금은 시작하면     레벨 부터 시작해서 캐릭터에 대한 매력이나 애착을 아예 배제하고 한국의 다른게임들 처럼 따라가려고만 하고있음   왜 이게임은 자신의 최대장점을 다 버리고 거적대기를 입으려 하는가 
트리 오브 세이비어,Posted    February 게임같은좆 vs 좆같은게임
트리 오브 세이비어,Posted     May 난 이 게임을 해왔고  앞으로도 할 생각임 시작하는 유저 입장에선 이 글을 읽어보고 판단 하셈     P W 게임 요약   매달      만원 이상 캐쉬를 넣으면 할만함       시간을 투자하고 시간이 없다면 어느정도 현질 하는건 모든 RPG게임의 특징인것은 사실임 이 게임은 레티샤 및 캐쉬 TP  아이템으로 게임의 강화 소재를 쉽게 구매 할 수 있게 했으며 유저들에게 사전 광고나 강제 알림으로 교묘하게 감정적인 현질을 유도함 캐쉬로 인한 아이템  강제 알림은 끌수조차 없음  차라리 로스트아크의 크리스탈 교환이나 알비온의 실버구매를 만드는게 더 속보이는 행동은 아닐듯       클래스  전직 퀘스트를 극악 난이도로 만든뒤 해금권을 캐쉬로 판매 하고 있음 최근에 나온 신극 재규어 이전의 라마 등등 전직 퀘스트의 경우 신규 플레이어 입장에선 결코 쉽게 깰 수가 없게 만듬  예  특정한 맵에 있는 몬스터를 몇만마리 잡기  어떤 필드에 랜덤으로 있는 ST회복나무를 부수기  말도안되게 해 놓고 정작 캐쉬  리사이클 아이템으로 판매를 시작함 몇일 아니면 몇주가 걸릴 수도 있는 퀘스트를 캐쉬 몇분이면 간단하게 해결 되니깐 받아드리는 유저 입장에서는 그냥 캐쉬로 해글 해라 수준 이전부터 해왔고  앞으로도 그럴 거라 생각함     의미 없는 직업 조합 이 게임은  개의 클래스를 조합해서 플레이함 그리고 그  개의 클래스로 필드 PVP 레이드 활동을 할 수 있게 만듬  하지만 유저가 과연 독창적인 클래스를 만들 수 있는지 의문임  애초에 게임에는 게임의 패치나 방향에 따라 메타 흐름이 존재하고 메타에 따라서 직업들의 구성이 바뀌는건 사실임  근데 이 게임은 구지 메타라고 말할 필요도 없을 정도로 직업의 구분이 분명함  유저들도 바보가 아닌 이상 가장 최적의 클래스를 선택 할 수밖에없고  가지 직업을 조합하는 이 게임의 장점이지만 반대로  개중 엉뚱한 트리를 타게되면 그 캐릭터는 컨텐츠 활동이 불가능함 실제 레이드 모집에서 DPS를 뽑게 되면 해당 트리는 정해져있고 그 외 직업과 파티 플레이를 할 경우 클리어타임이 배는 늘어남  요약 낭만 생각하고 전직하면 아무것도 못하는 캐릭이 탄생함 직업은 정해저 있으니 그걸 하면댐       게임사가 PVE PVP에 관심이 없음  번의 문제와 연결됨 이 게임은 몇년동안 운영되었고 악귀같은 유저들은 고일대로 고여있음   만약 스킬 설명과 바이보라 비전을 읽어 보고 아무리 생각해도 이건 PVP용인데  PVE 용인데  전혀 아닐수 있다는거임 사람들이 추천한 트리 이외에는 대부분 처참한 수준의 직업이 여전히 존재하며 PVP PVE 그 어느쪽에도 사용 할 수 없음 반대로 핵심적인 한 두개의 클래스의 성능이 편파적으로 OP기 때문에 나머지 클래스는 아무거나 해도 되는 경우도 있음  요약   밸런스 붕괴는 몇달  몇개는 몇년간 이런 유지되고 있기 때문에 기대를 하지 않는게 좋음     이 게임사의 과거 이력 한국에 깨끗한 게임 회사가 얼마 없는건 사실임 imc는 최소한 캐쉬 먹튀 빤스런은 안치는 회사인건 칭찬할만함 다만 이 게임사는 다른 게임을 운영 중일때 직원들이 합심하여 유저들을 괴롭힌 이력이 있는 회사임 즉 개발자가 개발자임을 숨기고 유저인척 악의적 행동을 한 적이 있다는거임 개념이 있다면 지금은 안하겠다만 시작하는 입장에선 이 회사가 이런일이 있었다 정도로 알아둬서 나쁠껀 없음
트리 오브 세이비어,Posted     January 동화 같은 그래픽과 수려한 브금에 현혹되지 말것      다양한 직업과 컨셉이 존재할 것 같지만 고착화된 직업 외에는 모두 사람구실 하기 힘들 정도로 밸런스가 엉망임    티어 직업들과    티어 직업간의 차이가 매우 심한데 밸런스 패치는 매우 느리고  그마저도 격차를 더 벌리는 이상한 패치만 계속 됨  고착화 된 클래스는 계속 그대로 고착화 되고  그 외에 직업은 대부분 사장됨   성물이라는 아이템 덕분에 밸런스는 더욱 망가짐  성물과 잘 어울리는 직업 위주로 고착화됨     유저기만을 일삼는 운영   장비를 간소화 하겠다는 말 해놓고 귀걸이  어깨  허리띠  빛나는 스킬잼  상급아이커  극의 등 유저에게 했던 말과는 정반대의 패치의 연속   몇십시간의 파밍 노력   현질 가챠    바우바스 카드와 같이 유저간 격차가 심한 카드를 만들어놓고 그걸 또 가챠로 내놓음     뉴비에겐 게임이 굉장히 어려움   UI 문제     모험일지 숫자가 안사라져요  뉴비들 단골 질문 중 하나인데  불친절한 UI덕에 생기는 문제   너무 많은 강화시스템    바실리사 강화  악세사리 초월 후 악세사리 계승  델무어 강화  변질자 강화  성물 강화  성물젬 강화  아이커 옵션 변경 등 진짜 방법도 필요한 재료도 하나도 정리 된 게 없이 난잡함    이 정도 패치를 해왔으면  기존의 장비를 처분하던가 간소화 시켜야하는데 그런 작업이 전혀 없음  시작캐릭터는 신규 및 복귀 지원 이벤트들로 가능하다지만 부케 키우기엔 공부가 많이 필요함     레이드    레이드의 난이도가 높은게 아니라 불쾌한 스킬패턴만 가득함   넉백저항을 무시하는 슈퍼넉백 패턴들   단순히 불쾌함으로 끝나는 수준이 아니라 블록 반격등을 반드시해야하는 직업들은 제 위력을 발휘할 수 없음     컨텐츠의 부족    매우 느린 업데이트 덕에 매번 똑같은 레이드만 반복함  컨텐츠 소비속도를 늦추기위해 강화 확률이 극악인것같음   앞서 언급 된 성물도 신규 유저가 풀업글 하려면 엄청난 시간과 노력이 필요로 됨                                                                                             밸런스패치 관련   많은 유저들이 다양하고 독특한 직업들에 매력을 느끼고 시작하겠지만  사실상 대부분 비슷한 직업들만 함 어떤 게임이든 가장 기본적인 요소인데 개발자가 이걸 모를리가 없음 그냥 나태하고 개선의지가 없을 뿐임  아이템 관련   초기화 상자만 봐도 현재 장비들이 얼마나 난잡한지 알 수 있음 어깨 귀속권  허리띠 귀속권  귀걸이 귀속권  아크 레벨 추출권  바이보라 추출권  바실리사 장비 귀속권  이시다비 장비 귀속권  변질자 장비 귀속권  장비계열변경서    진짜 이보다 더 난잡할 수 있나 싶은데 아직 더 남았음 더이상 쓰이지도 않는 모루  황금모루  산드라 돋보기들  파모카시약병 등 싹다 갈아엎어야할 것들을 그대로 방치하고 있음 게임을 다듬고 정리를 해야할텐데 그냥 쓰레기통마냥 쑤셔박아넣고 방치함 개발자들도 분명 알고 있을텐데 이런거에 생각이 없는 게 아니라 의지가 없는 게 분명함  알면서도 안하는 것   컨텐츠 관련   사실 컨텐츠는 많이 있음 다만 모두 재미가 없을 뿐임  예로들자면 대표적으로 바운티  고고학  연금술  팀배 PVP는 어느게임이나 밸런스 때문에 골치아프니 그냥 제외하겠음  바운티는 몇년동안 유저들이 지루하다고 성토해도 거들떠도 안봄  이동해야하는 맵은 너무 넓고  반복적이고 지루하고 불쾌하기만한 방해요소들만 가득함  근데 보상도 큰 메리트가 있지않음 기존 퀘스트에서 사용하던 오브젝트 발사하기  별가루 모으기 등 이것저것 쓸 수 있는 요소들은 많을텐데 그냥 기존에 있던 보스몹들 돌려막기로 퉁침  리빌드 전 후룸라이드나 물레방아 처럼 소소한 재미 요소들을 활용할 요소들은 한가득인데 그냥 귀찮아서 안하는 듯 고고학도 마찬가지 단순히 버튼 누르면서 맵 어딘가에 있을 무언가를 찾아 헤매는데    옆동네 게임은  고고학은 재미없는 컨텐츠다  하며 버렸는데 그런 시스템을 신규컨테츠라며 도입하는 거 보고 경악했었음 연금술은 개인적인 생각이긴한데    포션크래프트 라는 게임을 표절한 거 아닌가 싶었음 근데 그것마저도 매우 어설퍼서 재미도 없음 레이드는 슈퍼넉백같은 말도안되는 패턴 좀 적당히 넣어야하는데 적당히를 모름   개발자 중에 테스트한 사람 있긴 한가 싶을 정도 마타도르  하이랜더  라마 같은 직업들은 직업의 특색 하나씩 버리고 레이드하는 느낌이 듦  스토리 관련   게임 초창기에는 스토리를 보는 재미가 있었음  큰틀은 진부한 설정이지만  각종 서브퀘스트라던가 메인퀘스트가 아닌 곳에 있는 갈일이 별로 없는 맵에도 재밌는 퀘스트와 스토리가 숨어있었음  근데 리빌드 이후에 절반은 사라짐  아직도 이해가 안가는 부분임  그후에 나온 퀘스트들은 사실상 흡입력도 적고 변질자가 왜 나왔는지 어떻게 나왔는지에 대한 이야기가 없음 F   누르고 레이드탭 가서 조그만 글씨들 읽는 사람들 몇이나 있을까싶은데 거기에 스토리와는 크게 개연성 없는 보스설정이 써있음 초창기 퀘스트라인의 보스들은 퀘스트하면서 얼굴 몇번 비추면서 개연성 있게 다가왔고 결국 보스몹을 잡는 것까지 스토리로 깔끔하게 연결 됨  리빌드 이후엔  에 있던 보스를  에 넣어도 스토리에 아무 영향이 없을 정도로 개연성이 없음  그런데도 내가 이 게임을 계속하는 이유는 이 그래픽이 참 맘에들어서이고  그간 함께해온 길드원들 때문임 진짜 솔직한 감상으로는 트오세 IP 그대로 좋은 회사에 팔아서 새롭게 좋은 게임으로 만났으면 좋겠음 이렇게 예쁜 그래픽과 브금  직업 컨셉들이 이상한 운영으로 인해 무너져가는 게 참 안타까움
트리 오브 세이비어,Posted     December       PC 개같이 유기 후 모바일에 올인한 게임
트리 오브 세이비어,Posted    January 신규 복귀 유저들 패키지판매로 장비쥐어 줍니다  패키지안사고 일반적인루트로 성장시 오랜시간과 노력이 필요하며       매우 복잡한 단계를 걸쳐 육성하게되고    컨텐츠도 별로 없으며 반복적인 숙제게임입니다  다만 숙제를 입장권패키지구매로 더욱 많이 할수 있습니다  패키지판매로 신규유저 진입장벽을 낮출생각만 하기때문에 초반 육성구간 개선의 여지는 없다고 보시면 됩니다  찍먹으로 맛만보기엔 괜찮아보이는 게임일 수 있으나  장기적으로 할 게임을 찾아보신다면 다시한번 재고해보시는걸 추천합니다 
트리 오브 세이비어,Posted     December       스팀 이전을 준비하기 시작한 작년 여름 이후 CBT와 서비스 종료를 한 오늘까지  평일 저녁에 가족이 깨어 있는 것을 거의 본 적이 없다   이제 본격적인 스팀이관을 하루 앞 둔 오늘  바람소리와 스산한 빗소리가 사무실 창밖을 때린다   폭풍전야   블라인드에서 트오세를 비웃던  지금도 비웃는 이들에게 반박글을 달지 않았다  니들이 허접한지  우리가 허접한지는 결과가 말해줄 것이다 
트리 오브 세이비어,Posted     January 감성 원툴 게임에서 감성을 쫙 빼면 지금의 트우시가 된다  이미 돌아갈수 없는 강을 건너버린 게임이라 개선할 의지도 그럴 개발력도 없는건 아는데 사람들이 가장 많이 즐기던 시절의 트리오브세이비어는 감성이란게 있었음  나만의 독특한 트리 탐구하기 맵 밝히면서 히든컨텐츠 찾아내기 희귀한 장비 및 장난감 콜렉팅  결정적으로 이 모든걸 잘 녹여낸 동화같은 그래픽과 그에 걸맞지 않는 아포칼립스라는 세계관  수려한 일러스트  개쩌는 BGM 요소 하나하나가 몰입하기 딱 좋은게 게임을 끄더라도 커뮤니티에서 하루 온종일 얘기할수 있을 정도였음  근데 지금은 개쩌는 BGM 한개만 남았네요  걍 음악회사 하는게 어떰   
트리 오브 세이비어,Posted     December       새로 시작할수 있는 신서버 만들어 주세요   기존 서버는 들어가보니 레벨 및 장비 차이가 심하네요   처음 시작하는 사람들을 위해서 신 서버 부탁드립니다   그리고    렙 부터 시작하는 서버하고   렙부터 시작하는 서버하고 두개를 따로 만들어 주셨으면 좋겠습니다   점핑하는 걸 선호하지 않는 사람들을 위해서요    저는  렙부터 키우는 것을 선호합니다  
트리 오브 세이비어,Posted  June     똥인지 된장인지 찍어먹어봐야 알 수 있다   찍어먹어보니 트오세는 똥보단 비교적 된장에 가까운 게임  앞으로는 똥나무가 아닌 된장나무라고 부르는게 어떨까 
트리 오브 세이비어,Posted  March    당신은 아름다운 배경과 캐릭터  그리고 흥미로운 직업 매커니즘 과 완벽한 음악 을 맛볼수있다  하지만 이것을 플레이 하지 마라  제작사는 이미 이게임에 관심이없고  남은 유저들을 돈으로 이용할 생각뿐이다  이 게임을 플레이 하고싶다면 차라리 밖으로 나가 주변을 둘러보는것을 추천한다 
트리 오브 세이비어,Posted  May    뉴비라고 이것저것 퍼주긴하는대 퍼줘서 기분 좋은게 아니라 이걸 다 써야 정상적인 게임이 되겠다 싶으니 무서워서 빤스런함
트리 오브 세이비어,Posted  January   모바일용 모금함
트리 오브 세이비어,Posted  January   아   난 잘 모르겠다 썩을 동앗줄인것같긴한데 취향이 맞으니 어쩌겠어
트리 오브 세이비어,Posted  January   살살뀌면 트우시 힘차게 뀌면 트리오브세이비어 
트리 오브 세이비어,Posted  January    이게임은좆븅시입니다
트리 오브 세이비어,Posted  May   빙칠링
트리 오브 세이비어,Posted  September   저가 트오세를 시작한지 얼마안됐습니다 그럭저럭 적응중이에요 근데 말이에요 게임분위기가 너무 절망적이에요 운영자님 유저들이 머라하는지 알아요  게임을 거들떠보지도않는데요 버그가 너무 유서가 깊을정도로 고칠능력이 없는 사람들이레요  저가 게임플레이하면서도요 다리를 건너다가 되돌아오는버그  마우스로 플레이하다가 정말 자주자주 케릭터가 멍때리고있는걸 보면 먼가 한심해요  게임에 기본적이고 중요한 버그도 수정안하고 방치하고있구나 이게임이 만들어진지  년이라는 오랜세월동안을 이사람들은 뭘하고있었을까   라는 생각으로요    다행인건 유저들은 착해요 물어보면 잘 가르켜줘요 오래플레이한 유저들이 운영자인것 같아요
트리 오브 세이비어,Posted  January    문득 넥슨 서비스 종료 후 스팀으로 이관했다는 소식이 생각나서 이관코드를 입력하고 접속해보았다  아우수용소라 놀림받던 아우슈리네 서버는 온데간데 사라지고 속칭 또라이마  나의 서버 라이마 서버만 달랑 남아있었다  서버접속 후 채널 선택창에서의 접속자는 대충 눈대중으로만 봐도   명이 채 안되어있고  매일 수녀원 축조 노가다를 하려고 대기하던 약   여개의 내 캐릭터는 다 벗겨진채 벌거숭이가 되어있었다  우편을 열어보니 특수문자였던 이름을 정책상 못쓰게 바뀌어서 주었다는 컴패니언 이름변경권만이 덩그러니 한장  잊었던 추억 한켠을 되살려주는 BGM에 어느새 부푼 기대감을 안고 캐릭터 선택창을 둘러본다  언젠가부터 초기화 되었을는지 모를 단지  위자드 로만 명시되어있는 앵벌전용캐릭이 떡하니 수많은 캐릭터들의 맨윗자리를 차지하고 있었다  한때는 파링쏘크로 서버 배브슬 공급량의 대부분을 맡았다고 자부할만큼 매일 새벽까지 내내 성당 지하에 쳐박혀 살았더랬지    설레임을 안고 접속해보니 인벤토리와 창고에는 몇억의 돈과 쟁여놓은 축복석   년치의 토큰  각종 희귀한 아바타  진귀한 장난감 등이 가득하다  열심히 발품팔아 돈을 벌때마다 한정아바타 수집에 대부분 쏟았던게 떠오른다  오랜 친구를 만난 것처럼 반가운 내 캐릭터명 팀명 위로는 언젠가 유저가 직접 칭호를 만드는 이벤트를 했을때 당당히 투표  등의 영광을 거머쥔 내가 만든 소중한 칭호  평생겜 트오세 고고혓 이 아직도 자랑스러운듯이 박혀있다  당시엔 너무 기뻐서 내가 만든게 뽑혔다고 동네방네 마을에서 떠들었더니  등으로 아쉽게 탈락한 길티네의 아이들 이었던걸로 기억한다 이 뽑혔어야 했다고 여론의 뭇매를 맞고 괜스레 침울해졌던 기억이 난다   등으로 선정돼서 받은 보상도 딱히 없었는데    그래도 그때는 페디미안에 오밀조밀 앉아서 길드원들과  혹은 처음보는 이들과 대화나누는 것만으로도 재밌었다  룬캐를 비롯해서 낙무아이  무녀  시노비와 같은 악명 높은 히든클래스 해금퀘스트마저 밤을 지새우며 시간가는줄 모르고 깼었더랬다  가만히 더 거슬러 올라가보면 르귄던전 앞에서 클래스차별로 파티를 못구할때도  광산에 중국매크로봇이 날뛰어 초반퀘스트 진행이 불가능 할때조차 재밌게 했었다  온라인게임을 하며 길드라는 것도 들어보고 쪽팔린 것도 모른채 피시방에서 길드원들과 보이스챗으로 시끄럽게 떠들어도 보고    지금 생각해보면 이만큼 열정을 쏟아부은 취향저격 온라인게임이 없었던 것 같다  다른 이유는 없었다  그렇게 열정을 쏟았던 게임이 이제는 새둥지를 틀었다길래 생각난 김에 한번 접속이나 해보자하고 깔아봤다  당시 감상에 젖어 나도 모르게 글이 길어졌지만  이제는 그때의 열정도 사라져서 없고 당시 지칠대로 유저들을 꾸준히 실망시킨 개발사에 대한 분노는 제법 시간이 지난 아직까지도 쉽게 누그러지지 않을 것 같다  그때도 온전히 함께한 사람들 덕에 버텼으므로  각설하고 추억은 추억일뿐  이제는 영원한 추억으로 남겨본다     응  그래서 추천 안누를거야  울프나이츠나 다시 개발해  물론 난 안할겁니다 
트리 오브 세이비어,Posted  December          나만 당할 순 없지      
트리 오브 세이비어,Posted  January    똥나무
트리 오브 세이비어,Posted  March    주말 오후 피크타임 최대 동시접속자    명인 RPG에 미래는 있는가
트리 오브 세이비어,Posted  April    Product received for free  잘 모르시는 것 같아 알려드리는데  게임을 서비스 할 때는 유저가 서버에 접속이 가능하게 한 상태에서 하는 겁니다  아시겠어요  접속이 안되는데 뭔 게임을 서비스 한다는거야 
트리 오브 세이비어,Posted  December          여전히 직관적이지 못해 초보자가 입문하기 힘든 게임 구조  빌어먹을 토큰 팔이  너무 많은 직업 탓에 밸런스는 아직도 바다 위를 떠다니고 있음  장사할 거면 잘 못 찾아온 거라 말하고 싶다  트오세도 결국은 크리티카 꼴 날 거 같아  추억은 추억으로 두 자고 친구들  그래서 회원 탈퇴는 어디서 해야 함    
트리 오브 세이비어,Posted  December          가벼운척 하지만 가볍지 않은 시스템  파고 들어야되는 시스템이지만 파고 들고 싶지 않은 시스템 퀄리티의 게임  게임은 뭐 스팀에 왔다고 달라질게 있나  넥슨에 있던 그때랑 다를거 없어서 따로 적을건 없음 넥슨한테 팽당하고 스팀에 왔다고 개과천선 할일은 없다 이 말   던 이 한번 대격변으로 한번 갈아엎은것마냥 싹다 갈아엎어서  부터   까지 싹다 고쳐야됨 공략을 가끔씩 찾아보는 수준의 간편한 단일화된 느낌으로 지금은  부터   까지 인터넷 공략을 안보면은 어리버리 깔 수 밖에 없는 존나게 중구난방한 쓰레기 그 자체임 근데 게임 좆망해서 찾아볼 공략도 없음     근데 일도 안하는 애들이 그런 대규모 패치를 하것나   스팀에 온것부터 스팀에 유기 해놓고 모바일에만 전념하겠다 같은데  그리고 너무 궁금한점이 있음 이미 스팀에 해외섭 트오세가 있는데 해외섭도 이미 뒤진 섭도 많고 숨 껄떡껄떡거리는 서버가 대부분이라고 아는데 왜 월드서버 안내는거임   왜 한섭으로 또 따로 내는거임    동접이 많으면은 알아서 그 서버 사람들끼리 알아서 굴러갈테니까 상관이야 없겠다만은 지금 해외섭도 다 뒤졌고 한국섭도 뒤져서 넥슨한테 팽 당하고 스팀으로 런한거잖아  왜 통합을 안할까   너무 궁금한 부분임  가오 상하게 통합 월드섭 내서 서버 한개인것보다 여러 나눠진 서버 보면서 히힣   서버 많당   하면서 딸딸이 칠려는건 설마 아니겠지    여담으로 외침으로 좆목질하는거 보고 깜짝 놀램  근데 다시 생각해보면  게임이 개좆망해버렸으니 어쩔 수 없는건가    하고 이해가 되버림
트리 오브 세이비어,Posted  January   취향아니면 하지마라  우리가 아는 과거 메이플류와 비슷한 RPG장르 다만 게임적 특징은 메이플보다 앞서있다고 생각함 고정되있지 않고 다양한 직업 선택으로 인한 여러가지 컨셉의 스킬조합 스킬의 종류도 가지각색이다   그리고 장비를 다양한 형태의 강화방식을 볼수 있음   여기까지 장점   단점  부족한 정보수급 원탑    불친절을 떠나 그냥 가이드만 떤져놓고 알아서 해라식 누가 알려주지 않으면 삽질할 가능성 농후 직업들과 스킬도 하나하나 시간 낭비 해가며 비교하고 실험하고 해야함 이상한 조합하면 개쓰레기임 애초에 그러라고 뉴비복귀 혜택이랑 전용상점 만들어놓은거 같은데 트오세라는 게임 자체가 일궈놓은 양이 무지 많음 해볼게 태산임  결국 인벤에서 하라는거 따라하거나 고인물하나 잡거나 길드들어가서 일일히 물어봐가면서 해야하는데 본인 뭘 모르는지도 모르는 상황이 많이 발생   마지막  스팀이랑은 맞지않는 인게임내 결제방식 투탑    사실상 트오세 게임의 묘미중 하나를 잡아먹는 이유중에 하나라고 생각함 이것저것 해보면서 다양한 경험하고 강해지는것이 장점이라고 생각하는데 뉴비혜택이랍시고  만원으로 몇달치 성장치를 팜  하나하나 컨텐츠 체험하고 노력하는 와중에 갑자기 몇달을 고생해야하는걸 단돈  만원에 팜  미친놈임 차라리 게임을  만원으로 팔아도 시원찮을 욕을 먹을 판에 캐릭터 하나에만 쓰는 소모성 템으로  만원 해놓으니까 더 좆같음  게임이 베이스는 좋아서 더 좆같음   스팀유저라면 현질같은건 스펙보지말고 하길 바람  인게임 결제겜도 다양하고  알고 있었지만 이건 진짜 아니다 기존 유저분들 마인드도  만원짜리 성장권 그걸보고 이득이라고 생각하는식   아닌분들도 있겠지만 나는 못봄  그냥 혹시나해서 적어봄   원탑에서 지쳤고 투탑에서 치명타 터졌다 진지하게 할게 못됌 추천박은 이유는 게임 자체는 취향이라서다 X발
트리 오브 세이비어,Posted  December          진짜 병신 애미디진 게임임 하지마셈
트리 오브 세이비어,Posted  February    솔직히 액션의 손맛  스킬의 독창성은 A급 스토리는 B   자잘한 퀘스트나  버려진 초반퀘 문제 뺴고 스토리만 보면 일반적인 복붙 서양풍 RPG는 아님  작화나 그래픽은 취향에 맞다면 S  하지만 이 모든 평을 뒤엎을만한 자잘한 버그와 그 동안 쌓아놓은 똥나무 이미지가 너무 큼 평가가 처박힌 건 신규 유저가 살아남기 어려운 진입장벽이 있어서일텐데 이 장벽을 극복하는 방법은     인벤 커뮤니티 복귀 가이드 정독    좋은 길드 들어가서 적극적 참여    신규 복귀 패키지 구입        본인의 의지   시간  인데   문제는 하나만 해서 되는게 아니고  개를 전부 다 해야됨  그냥 한 번 해볼까  라는 마인드로 접근하면 정상적인 플레이도 쉽지 않음 하지만 게임에서 질문하면 하나씩 풀어주는 친절한 유저들도 많으니까   우리 트오세 너무 미워하지 말아줘요
트리 오브 세이비어,Posted  December          한때 잠재력 높은 게임으로 평가 받았으나   본인들의 장점을 버리고 BM을 중시하며  노골적으로 BM에 맞추는 컨텐츠를 짰습니다  심지어 BM모델을 리니지를 참고했는지 여기저기 보입니다  수많은 장비목록이 그 모습 중 하나죠  레티샤는 너무나 노골적이고요  게임사가 유저에게 재화를 현금받고 공급하는 모습은 NC와 거의 같습니다   이 게임의 근본적인 재미는 직업의 다양성  다양한 직업의 조합으로 인한 예상치 못한 변수 커뮤니티 조성하기 좋은 이쁜 모델링이였지만   다양성  특이한 직업  창의적인 스킬조합은 벨런스와 버그잡기 힘들다는 이유로 삭제와 너프를 때려 이 게임 자체의 개성이 박살이 났습니다   남은건 리니지식 BM과 어디서 본듯한 시스템과 컨텐츠  이쁜 모델링 뿐이죠  하지만 그 이쁜 모델링의 근원인 원화가 마기도 퇴사해서 타투이스트 된지 오래입니다   그때부터 열화된 일러만 나오는게 지금 상황입니다   이 게임을 만든 회사의 대표 샤인머스켓씨는 이렇게 말합니다  왜 이렇게 된지 모르겠다고   사실 본인이 더 잘 알고 있지만 외면하고 있는 사실이 있습니다   애초에 게임은 놀이라는 근본에서 벗어날 수 없습니다  놀이가 뭔가요  시간을 즐겁게 보내기 위한 행위입니다   도가 지나친 BM으로 돈독오른 모습을 보여주면서  놀이의 상대인 유저가 끝까지 남아있을거라 생각하는게 양심이 없는겁니다   본인 편하자고 게임 개성 막쳐내고 장비로 스킬  직업 강제하니 놀이가 재미 없으니 유저가 이탈하는 겁니다   샤인머스켓씨 본인이 금강선 처럼 찬양받고 싶으면 똥겜이라도 개선하려는 의지와 행동을 보여야지  과거 만들었던 게임 버린자식 취급하면 누가 인정하고 칭찬하겠습니까   로마는 하루아침에 이뤄지지 않았습니다  칭찬받은 운영자들 보면 비록 본인의 의도가 실패로 갈지라도  본인의 의도를 설명하고 개선점을 어필하고 극복하기 위해 행동하고   포기하지 않고 이겨내려는  모습이 쌓이고 쌓여 칭찬을 받는겁니다  이걸떠나 이들은 게임이 유저와 함께하는거란 사실을 너무나 잘 이해하고 있어요   이렇게 트오세 실패하고 M으로 도망쳐봐야  그곳에 장미빛 미래는 없습니다  또 다른 실패가 당신을 기다리고 있겠죠   실패의 근본적 이유를 인정안하는데 발전이 있겠습니까  괜히 트오세M이 망하는게 아닙니다   그라나도 에스파다도 그렇고  이 게임도 그렇고 겉보기 화려한 쉬운 길만 가려고 하면서 찬양은 받고싶은  IMC란 회사를 단적으로 보여주는 모습이 아닐까 합니다   PS  내가 운영해도 이것보다 잘하겠다 아        백수였던 내가 애정을 갖고 했던 겜 사랑했다 트오세      
트리 오브 세이비어,Posted  January   스토리     점 중    점 버그     점 중    점 게임 상태   점 중  점 채널 상태    점 중    점 몰 루 
트리 오브 세이비어,Posted  January    저는 뉴비입니다  이 게임 너무 불친절합니다  친절해지면 다시 돌아겠습니다 
트리 오브 세이비어,Posted  December          장점   그래픽이 훌륭하고 코스튬이 이쁜게 많다  게임자체가 라이트해서 스트레스 덜 받는 힐링게임이다  단점   수평컨텐츠가 약하고  중간의 디딤돌이 없어서 뉴비들이 폐사하기 딱 좋다 
트리 오브 세이비어,Posted  December          제발 앞으로 뭘 진행해야 하는지 어떻게템을 업글해나가야 하는지 친절하게 좀 알려주고 템들좀 간략화 시켜라 뭐이리 쓸데없이 종류도 많고     이템 저템 강화하는 방식도 다르고 통일좀해라 시스템좀 간략하게 개편좀 해보라고 복잡하게 자꾸 하나둘 늘려만가면 대단해보이냐 
트리 오브 세이비어,Posted  December          퀘스트로 스토리 미는 중이나 다른 컨텐츠에 전혀 파악이 안됨 점핑 캐릭만들고도 뭘 해야할줄 몰라  레벨 퀘스트부터 그냥 닥치고 하는중  미션쪽은 그나마 몰려있어서 나중에 하면 되겠지 싶은데 카드라던지 유물이라던지 가이드가 잘 안잡혀있음
트리 오브 세이비어,Posted  July    주에  시간만 일하는 직원 복지 최고의 회사
트리 오브 세이비어,Posted  March    라그나로크 추억돋게 생겨서 해봤는데    욕먹을 정도까지는 아닌거 같고  아쉽긴하네요  내 취향인데 너무 아쉽네   요
트리 오브 세이비어,Posted  January   시작은 미약하지 않았으나 끝은 창렬하리라  게임은 무척 잘 만들었습니다  무척 잘 만든 만큼 세월이 지나 누더기가 붙다 보니 신규유저는 불지옥맛 컨텐츠장벽이 세워져 버렸죠    게임을 즐기기 위해서 쪽지시험 공부하듯 시간을 들여야 비로소 첫 발을 뗄 수 있는 게임입니다   추억이 깃든 만큼 아쉽지만 마비노기 유저라면 공감할 수 있는 길을 걷고 있기에 미련은 없습니다    그저 유지되고 있다는 것에 흐뭇할 뿐   
트리 오브 세이비어,Posted  May    몇년째 변하지 않는 쓰레기같은 운영 맞보고싶다면 개추 운영진 말바꾸기는 지들 유리한대로 어떨땐 기획의도 어떨땐 버그악용 버그 피해보상은 없고 유저들 레티샤는 그냥 기름값으로 처먹는 게임 모바일 모금함으로 몇달 유기후 스팀오고나서도 필요한 패치는 없고 소통창구는 숨겨놓고 메일보내면 매크로답변에 해결책이 없음  버그는 다른겜도 다있다  운영 욕안먹는겜 없다  어느걸 상상하든 그 이상을 맛보고싶다면 개추함
트리 오브 세이비어,Posted  April    사람들이 안 하거나 접으면서 욕하는데는 다 이유가 있음 직업의 자유도는 이미 예전에 없어져서  티어 직업 아니면 사냥도 제대로 못함 있는 컨텐츠라고는 뺑뺑이 같은 숙제뿐이며 스펙업해서 성장하는 재미라고는 눈꼽만큼도 없음 운영에게 유저와의 소통따위는 전혀 기대할 수 없으며 유저가 줄어드는데도 서버 관리가 안돼서 일상적으로 서버렉이 존재하고 그 적은 유저조차 감당이 안돼서 서버 자체가 터지는 일도 비일비재함 넥슨 오픈 초기부터 있던 운영의 생각없는 부조리한 밸런스패치도 여전히 존재하며 당장 토론장만 가봐도 알 수 있듯이 분위기는 이미 곱창날만큼 곱창나 있음  마지막으로 옛 추억을 생각하며 복귀 혹은 새롭게 시작을 고려하는 사람에게 추억은 그냥 추억으로만 간직하시고 맨땅으로 시작하려고 하시는 분들은 시작부터 어느정도 과금을 안 하면 레이드 컨텐츠 도전도 못하는 구조니까 스토리만 보고 접으실 거 아니면 아예 게임에 손을 안 대시는 걸 추천드립니다
트리 오브 세이비어,Posted  February    무료라서 처음해봤는데 재미가없고  그리고 게임 캐쉬템가격보면  글로벌히트친  gta  레데리  몬헌 바하 데바데 용과같이  게임구입비용보다 비쌉니다  호기심으로 설치하고   분만에 삭제했네요   
트리 오브 세이비어,Posted  January   추억돋아서 깔았음 옛 추억은 역시 묻어두었어야
트리 오브 세이비어,Posted  May   Product received for free  W통합하면서  개 서버를 한곳에 몰어넣고 기존서버를 그대로 유지한거같아서 렉이 엄청남 아무것도할수가없음 얘네는 그냥 게임 서버 증설또는 좋은 서버를 하나 만들생각을 전혀 안하는거같음 노력을 전혀안함 그냥 유저를 개 돼지정도로 밖에 안보는 성향이 있음 
트리 오브 세이비어,Posted  December          트우시 다시 부활함 아무튼 부활함
트리 오브 세이비어,Posted  March    병 신 겜  게임자체는 아름답고 음악좋고 완벽함  운영이 쓰레기보다 못한수준  하지말것 
트리 오브 세이비어,Posted  December          왜 구유저랑 신규유저랑 분리를 시켜놓지 않나   분리해줘야지   이거 기본 아닌가   
트리 오브 세이비어,Posted  June   자잘한 버그들이 많지만 플레이 못할 정도는 아니다   포켓몬스바 정도의 버그다    캐릭터가 귀엽고 렙업하는 재미가 있다   강화하면 몹들 되게 쉽게 잡을 수 있다   이것저것 퍼줘서 좋다 
트리 오브 세이비어,Posted  December          저도 이 게임을 왜 좋아하는지 모르겠습니다 지금은 티타임 길드에서 콜로니전을 즐겨하고 있어요 오랫동안 키워왔던 캐릭터의 애정때문일까요 어렸을 적 바람의 나라를 친구들이랑 같이했던 비슷한 즐거움을 이 게임을 통해 느끼고 있습니다 점점 심해져가는 mmorpg의 과금 비즈니스 구조에서 게임의 고유한 즐거움을 잃지 않는 운영을 조심스럽게 기대해봅니다
트리 오브 세이비어,Posted  May   역대 최악의 게임중  위에 속하지 않을까 싶다 넥슨한테 쫓겨나기 전에도 운영  개발 다 욕나올 정도로 심각해서 패키지만 주구장창 팔아먹고  심지어 평균동접    명일때도 서버가 얼마나 쓰레기인지 틈만 나면 튕기고 그랬었는데 스팀으로 옮기고 계속해서 유저수 바닥치니까 이제는 일본서버 동남아서버 다 합쳐서 통합시켜놨는데 각국의 쓰레기 서버를  개로 몰아쳐넣었으면 서버라도 좋은걸 써야하는데 서버 개선은 커녕 더 잘튕기고 관리는  도안함 심지어 현질 패키지랑  도박아이템은 꼬박꼬박 하루도 안늦고 여전히 출시하고있음 서버라도 좋은걸 써라 운영도 최악이고 개발도 최악이면 서버라도 좋아야지
트리 오브 세이비어,Posted  January     년  년만에 복귀하고 최신 스토리까지 그전에 했던 캐릭으로 점핑없이 밀었는데 ui가 이렇게까지 더러워질 줄은 상상도 못했다  뭐랄까 그냥 최소한의 가이드에 알아서 해라식 rpg 전형적인 원신이나 검은사막처럼 스스로 알아 보세요 같은 rpg방식인데 문제는 너무 오래되다보니 시스템적으로 이미 썩어있어서 재미도 없고 복잡하기만하고 손해를 볼수밖에 없는구조라고 해야하나 내가 이거를 하고 싶은데 이걸 어디서 하는지 찾을 방법도 없고 성장 업적조차도 유저들한테 물어보고 다녀서 겨우 알아냈다 점핑 의미가 있나  차라리 구조적으로 대대적인 개편을 하던가 이 장비는 여기서 소켓할수 없어요 저 장비는 모루로 강화해요 이 장비는 가디스라서 여기서 할수 없어요 진짜 답답해 죽는줄알았다 앉아서 강화하고 모루작하고 NPC찾아가는 걸로 통일도 안되고 아이템창도 아이템 찾을려면 한세월 uI창 찾을려면 한세월 스토리 보는거 자체는 몇 시간조차 투자안해도 되는데 그거 가이드 없이 찾아다니는거만 수십 시간 들어갔다  그리고 직업이나 스킬도 요즘 흔한 rpg인 로아에도 있는거처럼 스킬도 유저들이 많이쓰는 스킬 추천 트리라던가 그런거좀 넣어줬으면 편할거같은데 스킬도 무슨 하나하나 다 써보면서 초기화하고 아 이게 딜스킬이구나 파악하는데 오래걸린다   근데 그마저도 원래는 현금  지금은 복귀 초기화 상자가 무한정 있으니까 유사 로아랑 초기화하면서 스킬찍는 느낌의 편의성이라도 느껴지는거지   특성포인트도 점핑 자체 캐릭에는 있는것도 없고 당장 구할 수단이 없으니까 그냥 기존에 특성포인트 넘치던 캐릭만 쓰게 되고 점핑은 특성포인트 줄수도 없어서 장비 다 쥐여줘도 약해서 컨텐츠가 하기 힘들다 기존캐릭에서 추출을 할수는 있는거 같은데  애초에 가성비 자체도 답이없는게 실버 자체를 벌수있는 수단도 너무 한정적이다  뭐이리 융통성있는것들이 이렇게 없을수가 있나   현질한다고 실버 주는것도 아니고 이거 맞추고 저거맞추고 하다보면 실버 자체가 근본적으로 너무 모자라다  이전하고 나서도 걸린 버그만 몇갠지도 모르겠고   넥슨게임은 그냥 거르는게 맞는거 같다  스팀으로 넘어왔대서 넥슨 계정 손절하는김에 옮겨온거였는데 그냥 얘네는 점핑을 주는게 문제가 아니라  렙부터 대대적인 개편을 해서 새 게임을 편찬하지 않는 한엔 그냥 패망의 길만 남은거 같다  하지만 지들도 코드 더럽게 꼬여있으니까 인건비 아까워서 안하고 왜 망하는지 모르겠다 말만 쳐하고 있겠지   게임에 애정도 없는놈들  차라리 소스를 내놓고 유저들보고 게임을 만들라고 해도 이것보단 훨씬 재밌겠다
트리 오브 세이비어,Posted  December            
트리 오브 세이비어,Posted  May   복귀해보려 했는데 회사 인수인계 받을때보다 배울것이 더 많다 하하 하하
트리 오브 세이비어,Posted  January   재미없어요 그냥 원신하러갈게요
트리 오브 세이비어,Posted  February    운영이 방치 수준
트리 오브 세이비어,Posted  February   진 입   장 벽   있 다      난   유 기   했 다    
트리 오브 세이비어,Posted  June    미안하다  
트리 오브 세이비어,Posted  September    이 게임이 왜 똥나무라며 조롱받는지 기억해라    한국섭이 왜 망했는지 알고있다면 이걸 누르지 마    제발    도망가   한국섭에서 재밋게 하다가 스팀에서는 도저히 못하겠다   운영진들이 무슨 생각을 하고 있는지 모르겠다
트리 오브 세이비어,Posted  February    익숙한 똥맛 귀엽고 유니크한 그래픽 스타일 찰진 타격감 그에 미치지 못하는 완성도 많은 단점 그럼에도 다시 한 번 맛 보러 오는 맛집
트리 오브 세이비어,Posted  June    남들이 똥나무라 부르며 멸시했을 때에도 열심히 했었는데    갑자기 스카웃 직업군을 추가하더니 신직업이 나오는게 아니라 다른직업들의 서포트 계열을 데려가서 잡탕을 만들어놨다  컨셉도 엉망이 되었고 조합도 원하는대로 할 수 없는데 더 이게임을 할 필요가 있는지 
트리 오브 세이비어,Posted  January   마녀 업뎃까지 오베부터 미친듯이 달리다가 현생 문제로 접었던 게임인데 스팀으로 넘어 온다는 소식을 들었습니다  스팀에 글로벌 서버가 있으니 접을 당시에도 문제였던 유저 수 문제를 서버 통합으로 해결하는 비책을 내놓은 줄 알았는데 한국섭만 그대로 분리돼서 이전된 것을 보고 감탄을 금치 못했습니다  여전히 게임 자체는 재밌다고 생각하지만 개선된 점 없이 그대로 스팀에 넘어온 건 참 안타깝네요  추가 된 컨텐츠들 살펴보니 새로울 것 없는 도긴개긴 업데이트 같습니다   동화풍 디자인과 데포르메 캐릭터에 다양한 클래스와 조합  컨셉이 존재하는 RPG를 간절히 희망하는 사람에겐 추천합니다  다만 일반적인 RPG와 같이 스펙업과 성능에 목메는 스타일이면 추천 안합니다 
트리 오브 세이비어,Posted  January   지금 문제     한글 다 씹힘    캐릭터 생성 안됨      캐릭터 이름 설정에서 넘어가지를 못함
트리 오브 세이비어,Posted  March    망겜은 망겜인데 이유가 있다 
트리 오브 세이비어,Posted  September    트오세로 인하여  탈출은 지능순  이라는 명언을 믿게 되었다 
트리 오브 세이비어,Posted  January    소울워커마냥 안 망하고 어떻게든 살아서 스팀으로 온다기에 뭔가 좀 바뀌었나 했더니  어떻게 지금까지 넥슨에서 버티고 있었던건지 그게 더 신기할정도로 나아진게 없다  김학규아저씨 같잖은 울프나이츠였나 그런거좀 포기하고 좀 있는거나 유지보수 잘해요 좀  있는것도 제대로 관리가 안되는데 이상한거나 하고 있어   
트리 오브 세이비어,Posted  March    구원자님  한번 맡아보세요  정말 향기롭지 않나요 
트리 오브 세이비어,Posted  January    홈페이지나 좀 만들어라 길드 안들어가면 정보를 못 얻는 알피지는 없어 상자만 팔면 그만이냐 
트리 오브 세이비어,Posted  January    아직도 버그를 잡지 못하는 무능력자 집합체의 산물
트리 오브 세이비어,Posted  April    그들만의 리그
트리 오브 세이비어,Posted  January    이거 옛날유저 복귀시키기 진짜 힘든게 여러 직업빌드로 열심히    레벨이상  캐릭 키워놓은게 돌아오니까     부터 시작이 그냥되네  내가 들인 시간이 다 사라짐 아니 오랜만에 게임키자마자 이것때문에 도저히 다시할마음이 안나더라    옛날에 키워놓은    대 캐릭터 메인퀘 쭉쭉밀면 금방    이상 가긴하던데    캐릭지우고 다시만들어서    시작하는게 훨씬빠를거아냐   그렇다고 내가 힘들게 키운 애정이있지 지우긴싫고    아니 빠르게 고렙부터 시작하면 좋지 뭘 그렇게 까다롭냐 하는사람도있겠지만 타겜들 처럼 시즌제 점핑도아니고 상시니까 이게 문제임 이거 진짜 rpg게임 할생각 떨어지게만드는 요소라고 생각함 정말 좋아했던 게임인데 참 아쉽네  
트리 오브 세이비어,Posted  December          돌고 돌아서 스팀으로 온 트오세  직업 조합의 제미는 있으나 불편한 점이 상당히 많다   난잡한 게임내 주화  매칭이 안되는 인던 시스템  초보자가 쉽게 접근이 불가능한 게임 내용등 개선헤야 할 점이 한두가지가 아니다   다만 리니지같은 썩어빠진 도박게임보다는 그나마 할만하다는게 위안이랄까       년에는 조금더 좋아진 모습을 보여줬으면 하는 기대에 추천 버튼을 누른다 
트리 오브 세이비어,Posted  December          서버 통합 한다고 다 합쳐져 있는게 아니라 다른쪽 서버 아이디를 날려버리는 게임은 얘들밖에 없을듯
트리 오브 세이비어,Posted  April    이거게임이상해요
트리 오브 세이비어,Posted  December          트우시 안망험 
트리 오브 세이비어,Posted  December          아우 시브랄거   병신겜인건 둘째 치더라도 유저들 수준 십창이네    사람이 질문을 하면    번 쳐 물어봐야 띠껍게 답변하고 끝이네 산소호흡기 달고 꾸역꾸역 잘 지내라 이래가지고 뭐 얼마나 더 오래 갈진 모르겠지만  D
트리 오브 세이비어,Posted  December          트오세는 다시 한 번 비상할 것입니다 
트리 오브 세이비어,Posted  December          트오세 턴제 알피지로 다시 만들자 그래픽이 딱인걸   
트리 오브 세이비어,Posted  May   스트레스 받고 싶으시면 지금바로 다운로드
트리 오브 세이비어,Posted  January   아니 그래서 캐릭터 생성 왜 안되냐고요
트리 오브 세이비어,Posted  January   일러스트와 비지엠이 좋아 오픈떄부터 하다 접다 하다 접다 반복했지만  레이드겜이 된 이후 난이도가 수직상승으로 손을 놓게 된 안타까운 비운의 게임 
트리 오브 세이비어,Posted  December          맞춰야 하는 장비의 종류도 어마어마하게 많고 그 장비들을 강화하기 위해 사용하는 강화 방법들도 지나치게 많음 그러나 캐릭터 육성과정에서 그에 대해서 설명을 제대로 해주거나 하진 않음  알아야 할 것과 해야 할 것이 엄청나게 늘어나서 피로감을 매우 많이 줌  근데 그 스트레스를 극복하고 나서 돌아보면 마을에 처박혀서 의뢰소  수녀원 미션만 돌던          년의 그 트오세랑 달라진 게 전혀 없음   컨셉은 잘 잡았는데 좀 모자랐던 게임에다가 아무거나 주워다 붙여서 누더기 골렘을 만들어놨는데 그 형상이 정말 끔찍하기 짝이 없음
트리 오브 세이비어,Posted  January    족망겜
트리 오브 세이비어,Posted  December          평생겜 스팀과 고고혓
트리 오브 세이비어,Posted  January   나만 당할 수 없는 똥맛  
트리 오브 세이비어,Posted  September   평소모든게임 키셋팅을 똑같이해두고 하는편인데 트오세도 그렇게 하려고했던게임중하나였다  예전 스팀오기전부터 키설정안되는버그조차 안잡고 그대로 옴겨온것보고 잠시라도다시 할까 싶은생각도 싹접힌다 글러먹었네
트리 오브 세이비어,Posted  September    신규 레이드라고 나오는 보스들은 죄다 괴랄한 패턴을 내놓고는 렉도 잡지 못해서 어이없이 죽게 만드는 쓰레기 같은 운영을 지속하고 게임 렉은 매 업데이트마다 더욱 심해진다 이 게임에 이토록 돈을 박아가면서 열심히 한 내가 병신이고 흑우 새끼라는 걸 새삼 느낀다 고맙다 IMC
트리 오브 세이비어,Posted  January    그래    섭종전에 맛은 봤으니    이걸로 된거야
트리 오브 세이비어,Posted  September   음악이 친절하고 그래픽이 맛있어요  업데이트 해서 오랜만에 왔더니 익숙한 그맛  뭐 많이 주는거 같아서 일단 다시 또 달려 봅니다 
트리 오브 세이비어,Posted  December           계정 정보 이관에 실패했습니다   나만 뜸   똥나무 어디 안가네
트리 오브 세이비어,Posted  December          유저들이 개선점 제시하면 이런저런 핑계만 대면서 안 된다고 하는 게임사  유저들이 버그 문의하면 버그 이용자로 제재하는 게임사  유저들이 직접 플레이하면서 얻은 경험을 바탕으로  아무리 애정을 가지고 이야기해도  자기들이 게임을 더 잘 안다면서 유저 개무시하고 유저랑 기싸움만 하는 게임사  유저들이 소통하려고 아무리 애를 써도 절대 들어주지 않는 게임사  그러면서 소통하는 척  게임에 애정이 있는 척  유저 기만하는 게임사  온갖 문제들이 판을 치는데  눈 감고 귀 막고 그냥 유저 지갑이나 털어먹을 생각하는 게임사  자기들이 호언장담한 말도 지키지 않고 또 핑계만 대는 게임사 
트리 오브 세이비어,Posted  January    이 게임은 버려졌다  넥슨은 이리 훌륭한 컨샙아트와 스킬매커니즘을 가진 게임을 운영을 제대로 못해 몇년간 방치하다 넥슨에서 방출시켰다  그후 운영을 이어받은 개발진들 또한 이 게임에 아무런 애정이 없고 희망이 없다 생각한다  넥슨 홈페이지엔 뉴비들이 얻을 수 있는 방대한 정보가 있었고  이로 인해 그나마의 뉴비 유입이 가능했었다  하지만 스팀으로 이전된 이후 홈페이지가 폐쇠됨에 따라 홈페이지에 있던 직업정보  유저 작성 가이드들이 전부 사라지게 되었다  이것을 진작에 백업하여 준비해두어도 모자랄판에 스팀에 출시된지 약  달이 다 되어가는 이 마당에 아무런 가이드를 제시하지 않고 있다  이 게임은 버려졌다 
트리 오브 세이비어,Posted  December          똥나무는 똥나무다  괜히 생각나서 해보지마세요  당신의  분  초는 그 무엇보다 소중합니다 
트리 오브 세이비어,Posted  January    장점   캐릭이 귀여움 단점   장점 이외   
트리 오브 세이비어,Posted  December          하지 말라는 데엔 이유가 있다
트리 오브 세이비어,Posted  December          튜토끝내고 마을 들어가니깐 벌써 하기 싫어짐
트리 오브 세이비어,Posted  December          우와  똥나무다 똥나무 
트리 오브 세이비어,Posted  September   이벤트로 연명하고있는 뉴비입니다   수호자 장비 이후로 굉장히 할만해졌습니다만  아직까지도 뉴비에게 엄청나게 불친절한 게임이라는건 변함이 없어요  예를들면 클래스 변경을 했을때 신규 복귀 초기화패키지에 아크 종류변경권 같은건 포함이 되어있지 않아요  그래서 찾아보면서 제작을 하려고 해도  인게임 내 도움말을 찾아봐도 해당 재료를 어떻게 얻을 수 있는지 알수가 없어서  재료를 하나하나 검색해보고  인벤 아이템DB같은곳에도 정보가 없는건 정말 인터넷서핑을 해서 찾아헤매야했어요  제작탭에서 해당재료를 어느곳에서 구할 수 있는지에대한 정보를 알 수 있었으면 좋겠습니다   너무 손이많이간다면 인게임 내 도움말의 최신화  자세한 정보가 있었으면 좋겠습니다   이벤트 전까지는 경매장에 있는 아이템 외에는 얻을 수가 없었어요  폐사직전이었음     심지어 이번 이벤트에서는 비주류 무기는 아예 지급을 해주지 않네요    캐논 머스킷  문의 해보니 구원자들의 선택을 도와드리기 위해 정해진 무기를 지급중이라고  합니다   선택을 도와주는게 아니라 선택의 폭을 강제해서 좁히고있다는 생각을 해주시면 좋을것같습니다 운영자님들      왕국수호자 무기에서 계승해서 강화해서 쓰다가 이벤트 장비가 아니면  포포부스트 이벤트 기어스코어 점수에 포함이 안된다고 해서  울며겨자먹기로  바이보라 주화상점에서    계열변경권을 구매해서 플레이했습니다     어떤 이벤트든 참여는 꼭 클래스 기본무기가 호환되는캐릭터로 하시길 추천드려요
트리 오브 세이비어,Posted  April    메이플 같아
트리 오브 세이비어,Posted  December          접속이안되요
트리 오브 세이비어,Posted  December          하지마 그냥
트리 오브 세이비어,Posted  December          한   만원 정도 지른거 같은데 약     번 돌려서 얻은거 거의 없음  s 급  번인가  번인가가 뜸   아바타나 외형 변경 장비는 많이 얻었는데 갖고 있어 봐야 팔리지도 않고    번 돌리면 천장인데 그럼 선택 상자 하나 줌   흠    내가 흑우군  음머   게임 자체는 그냥저냥 하기 좋음  그리고 지금 게임 내 채팅 치는데 글자가 먹히는 현상 발생중          가챠는 운이 좋다 생각 하지 않는 이상 포기 하길 추천          원 질러서 망함 엌    
트리 오브 세이비어,Posted  December          놀이터가 밖에서 보기에는 적당히 재밌어 보이는데 들어가기 직전에 사람이 너무 없어서 이상하게 생각하다가 들어가서 보면 사람이 없는 이유가 있다는걸 깨달음      명정도 되는 길드 들어갔었는데 이관되고 다시 보니까 다 접었음  
트리 오브 세이비어,Posted  June    충분히 발달된 똥겜은 똥과 구분할 수 없다 
트리 오브 세이비어,Posted  June    다양한 직업군의 조합으로 인한 뇌오세가 재미있는 겜이었지만 시너지 조합이 나오면 너프 것도 귀찮아서 시너지 제거 다양한 능력이 있는 장비가 좋았지만 귀찮았는지 아이커로 통일 바이보라는 아직 없는 직업군이 있음 다양하고 색다른 옵션보다 그냥 귀찮아서 숫자 놀음한 직업이 더 강함  방어구와 시너지 맞지 않는 직업군 개선하지 않음 시작 시 티어 직업군을 키우려면 과금적인 요소가 필요함 ex  라마 직업 간의 딜량 차이가 심해 사람들이 안 키우는건 이유가 있음 ex  장비 동스펙 기준 하플 노여카  하플   펠로무 하플 하나가 펠로무보다 쌤 성물 패치하고 후회한다고 간담회에서 말하고 것보다 밸붕 심한 공용 스킬 내놓음 심지어 적용 여부 확인 안하고 내놓음 패치하는건 없는데 매번 버그가 생김 심지어 방치된 버그 존재 ex  네크 디신터 감자섭 매번 화요일전이면 렉에 둔감한 사람도 못 느낄 수 없음 추종자 콜로니 시간이면 겜이 느려지는 마법을 보며  서버는 아직도 터짐 운영 쓰레기 기존에 팔아 먹은 레티샤 아이템 활용할 방법이 없음  누가 바실리사 레이드 피감 포션을 먹니    버그 신고자 제재 기준 없는 밸패 전 직업 거의   퍼 그냥 대충 한거 같은데 왜 한 번에 안 하는지   퍼를 못 받은 애는 왜 못 받는지도 모르겠음 화요일 패치를 보면 매번 캐쉬 상품은 칼같이 올리지만 패치 및 수정 내역은 한 참걸려서 올라옴
트리 오브 세이비어,Posted  May    장점 그래픽아트와 음악이 근래 접할 수있는 게임중에서 무척 독특하고 귀엽고 아름다움 선택할 수있는 직업이 다채롭고 전환이 쉬워 많은 조합을 궁리하며 실현해 볼 수있다  한국의 mmo게임중에선 그나마 현금재화가 덜 들어감 현금안써도 노력하면 남들만큼의 스펙을 가질수 있다 노력하면    캐릭을 꾸미는 재미가 있다 헤어악세와 코스튬과 이펙트등의 조합은 각자 개성있는 룩을 꾸미며 즐길 수있다  단점 운영이 너무하다  어느게임에도 운영에대한 불만이 있지만 imc는 해도 너무하다  서버에    명이 채 되지않아도 서버가 비명을 지르며 터져나가기 일수이다  한 맵에   명 가량은 몰리는 콜로니는 제발 버텨달라며 기도를 해야하는 상황이다  서버를 추가했다고 당당히 공지했지만 그 주에 터져나간건 웃음도 안나온다 이    명도 못버티는 서버에 매크로의 존재는 게임내 경제에 큰 부정적영향을 줄 수밖에 없는데도 저번주에 봤던 매크로를 오늘도 볼 수있으며 산술적으로 불가능한 데미지 기록은 운영진은 여신이 축복이라도 했는가 생각하나보다  버그라면 고치며 수습하는 노력이 필요하며 핵이라면 해당핵을 제재하고 재현불가능토록 수정해야할텐데 그럴 낌새조차 없다  유저에게 운영진과 소통이 가능한 창구는 은밀한 이메일뿐이며 소통으로 인한 조치는 신고자만이 알 수있고 그 외의 유저는 알 도리가 없다  가끔 내비치는 게임내 gm은 본인의 출현이 유저들에게 내려주는 은혜로 생각하는듯 꺅꺅 거리는것만 즐기다 사라진다  어떤문제가 있고 어떤 피드백을 해야하는지는 전혀 모른다  그가 유저들에게 들었던 내용을 운영진에 전해주는지 안 전해주는지 알게뭐야 공지에 없는데 다양한 직업을 해볼 수있으나 실질적으로 할 수있는게 매우 제한적이다  단순히 효율이 조금 떨어지는게 문제가 아니라 컨텐츠를 아예 할 수없게 만들어놓음 다양한 직업에 맞물려서 데미지공식도 무척 복잡한데 이럴거면 차라리 자신들의 주제를 알고 자신이 소화할 수있을 만큼만 직업을 줄이고 계산식을 그에맞게 줄이는게 맞을것  최종  국내서버가 두개에서 하나로 줄었을때 서버 두개만큼 사람이 있다가 줄어서 합치기전 한개 서버만큼의 사람만이 남았다가 w서버로 합쳐지며 그만큼 늘었지만 다시 또 줄어들고있습니다  어쩌다 독특한 그림에 혹 하고 찾아보신 분들은 꼭 이점 유념해주세요 왜 이 예쁜 게임에 사람이 없지  하고 곰곰히 생각해보시길 바랍니다   
트리 오브 세이비어,Posted  September    쓰레기 게임이라 자랑하나   플레이 할때마다 에러나고 꺼저 버림  
트리 오브 세이비어,Posted  September    추천하는 부류    노가리 까는거 좋아하는 사람     현금술 가능한사람     느긋하게 할수잇는 사람   비추하는 부류    라이트하게 즐기고 싶다      다캐릭 싫어한다      pay to win이 싫다      운영이 멍청하면 화딱지 난다 
트리 오브 세이비어,Posted  September   나름 재미있는데 이게임의 재미는 게임에대해 아무것도 모르는 상태에서 귀여운 케릭터 꾸미면서 내 마음에 드는 직업 골라 몬스터 뿅뺭뿅뺭 시원시원하게 때려잡으면서 스토리 밀때가 가장 재밌다      귀여운 케릭터에 애정을 갖고 나름대로 스토리도 즐기고 인장을 차곡차곡 모으면서 강화를 쳐가며 성장하는 재미가 있는데    거기까지임    거기를 넘어서 게임을 계속 재밌게 즐기기에는 험난한 과정이 있고 대부분의 뉴비가 에피소드 밀다가 끝까지 못밀고 접는다    현금술을 써서라도 버티고 올라가서 계속 하는사람들은 대부분 쌩뉴비 아니고 넥슨시절에 겜했던 복귀뉴비일듯      만렙근처에 가면    번의 위기가온다   혼자서는 어쩔 수 없는 벽이 존재함       레벨 이전 스토리 밀때까지만해도 자연스럽게 성장이 이어지는 구간이고    오히려 초보자에게 지급되는 수호자 성장장비에 몹잡고 퀘밀면서 지급되는 인장으로 기본강화만 쳐도 몹이 너무 픽픽 싱겁게 가버리니    재밌지만 한편으로 좀 김새는 감이 있는데     델무어 대합실가면 이전 맵까지 피통이 두자리에서 갓 세자리 되던 수준이었는데 델무어 대합실부터 그냥 개 뜬금없이 피통이 천만이됨     물론 파티지역이라고 경고하고 있지만 실제로 거기서 파티사냥 하고 있는 사람은 아무도 없다    이게 몇년전 이맵이 시즌인 시절에는 사람들이 파티플레이 하면서 했겠지만 지금은 이미 모두가 아크 천벌 이니 면류관이니 다 갖추고 파워인플레가 많이 됐기때문에     근데    레벨되서 노바하가면 어케되는지 앎  피통이  천만대가 됨    뭐 여기까진 상관없음   포포이벤트로 기본장비를 어느정도 주고  캐쉬샵에    tp에 파는   강 아이템세트 아크 등등 신규 복귀 정착패키지라고 옛날에 남들이 몇주 몇달치 노력을 해서 만들었던 장비세트를 판매하긴함    문제는 이게 월달까지 메인장비이었고     월패치이후로 전시즌 장비가되서  패치전에는 이거만사도 한따까리 했지만  패치후에는 이거만 가지고는 거의 암것도 못함    문제는 포포장비나    tp 거의 현금 만원근처인  신규복귀 패키지로 혼자 할 수 있는게 아무것도 없고 길드가서 쩔받거나 해야되는데    이 겜은 뉴비 소매넣기도 조심스러움 왜냐하면 기존 유저 입장에서도 신규유입이라고 잘정착하라고 이것저것 소매넣어줬는데 접고 안들어오니까    그것도 한두번이지 지원해준 재화만 날리게된 경험을 하도많이 하다보니    조심스러워지게 된것    직접적으로 템을 넣어주기보다는 레이드쩔을 해서 자립을 도와주는방식    여튼 애정을 가지고 게임을 열심히해서 길드원들 어디갈때 쩔받으러 열심히 쫓아다니고    노가다로 하루    시간씩 필드사냥도 하고 해도    기어스코어             에서 접을까 싶은 벽이 있다         이전엔 x같은 변질자   강쳐서 계승해야 기어      도 뚫고 게임재밌지      뚫기전에 할것도없고 재화수급힘들고   넘어가면 강화확률도 빡세니 리얼 접을 위기옴    근데  부위계승다하면 그때부턴 또 게임 잠깐 재밌다가      벽이옴    지금 아직       못찍어서 두번쨰 벽에서 허덕이고 잇는데 내생각엔      에도 벽 또 있을듯    신규레이드 하드모드 나왔는데 입장가능 기어스코어       이상이면 나조차도 못버틸것 같다      이게임 자체가 게임수명주기로 보면 황혼기에 접해있는 느낌이고    신규유저 성장 편의를 봐주면서 신규가 게임에 과금하길 기대하는 것 보다는    기존 골수팬 유저가 과금하는거 빨아먹는게 낫다고 판단하는건지 그런방향으로 운영하고 있다고 느껴짐     운영회사 자체가 적자이다보니 안그래도 직원 부족해서 일손모자란데 쌩뉴비 문제까지 신경쓸 여력이 없어보임    어차피 유입도적어서 매출 기대값도 낮으니       여튼 직장때문에 시간없고 돈쓸 여유는 있는 사람이 하기엔 나쁠것 없음 한달에       정도 현금술로 성장에 기름칠 해주면 아주 재밌게 즐길 수 있는 좋은게임    좀 많이 여유있는 형님누님이라  자리 현금술 할거면 랭커반열에서 게임하는거 쌉가능   
트리 오브 세이비어,Posted  August    호랑이는 죽어서 가죽을 남기는 것처럼 이 게임은 일러와 브금을 남겼다  밸런스 못맞추는건 둘째치고 캐릭 컨셉이라도 살려줘야하는거 아니냐    밸패랍시고 캐릭 컨셉을 없애버리면 나만의 클래스 트리 만들겠다고 노력한 유저는 머가 되냐 소환컨셉 네소보 돌려줘
트리 오브 세이비어,Posted  March    사실상 유료게임
트리 오브 세이비어,Posted  December          너무 귀엽고 재밌는걸요        특히 레이드가 너무 재밌어요   강추입니다요   
트리 오브 세이비어,Posted  December                TOS PC는 스팀에서 날아오를 뭔가를 준비하고 있습니다  동생이 열일해서 형에게 힘을 보태줄 날이 올것이니 기대해주세요 
트리 오브 세이비어,Posted  January   그래도 열심히 해서 사람들 더 늘어놨으면 좋겠어요  그래도 재밌게 게임 하고있긴 하니까
트리 오브 세이비어,Posted  September   뭐야 디자인   게임성   퀄리티 좋은데 
트리 오브 세이비어,Posted  January   정말 재밌읍니다  최고의 게임이애용 
트리 오브 세이비어,Posted  March   단지 내가 소환에 환장한다는 점 때문에 따봉누름   그리모어와 네크로노미콘  거기에 탑승까지 가능한 시스템이 있는 액션RPG게임은 매우 드물다는 이유 하나때문임   소환 신직업좀   아니면 삭제된것들 좀 돌려줘요 뭐가이렇게 많이잘린거야
트리 오브 세이비어,Posted  January    시바 이관 안되서 팀 잘 못 생성하고 다 날려 먹었다 다시 할람 한달 기다려야함 조치좀
트리 오브 세이비어,Posted  January     
트리 오브 세이비어,Posted  December          어음   메이플 던파에 비하여 너무 난잡해   간단하게  스토리 스킵 불가  편의성 엉망   이속 세배 해도 안할거 같은  
트리 오브 세이비어,Posted  January    어서와 너도해야지  
트리 오브 세이비어,Posted  August    점프점프 이벤트 하다가 열받아서 쓴다 오픈베타때 하다 접고 다시왔는데  지형 관련 버그 아직도 그대로인거 조깥네   고칠 능력없는거 알고있고 이만큼 세월 흘렀으면 느그들도 모를리가 없는데 이걸 이벤트라고 내놓다니   그것도 예전에 썼던거 재탕인듯  시벌 점프 두번 발판 두개를 못올라가서   번 넘게 시도하는게 말이되냐       분이면 끝나니까 참고 했는데 할때마다 열받아서 대가리에서 뭐가 꿈틀대는데 뇌출혈 오겠다 십새들아   이벤트 당연히 안할거고 게임도 하기 싫다    일단 이 이벤트 폐기하고 재탕하자고 한 새끼 나가뒤져라  
트리 오브 세이비어,Posted  July   접은지 한참 됐고 나아질 일도 없고 게임 자체에 대해선 좋은 기억이 그닥 없지만 아직도 내가 이 겜 눈팅을 한다  그저 그래픽과 브금  직업컨셉만은 goat  그 외 전부 joat인 게임
트리 오브 세이비어,Posted  January    시간을 아무런 가치없이 똥통에 처박고 싶으면 플레이하세요 
트리 오브 세이비어,Posted  January    추억은 추억으로 남겨야겠다
트리 오브 세이비어,Posted  December          재밌는거같아여
트리 오브 세이비어,Posted  October   팅기더니 공지도 없슴 머임  섭종함 
트리 오브 세이비어,Posted  February    그래픽 하나로 먹고가는 게임
트리 오브 세이비어,Posted  February        애증의 트우시   뉴비는 재밌음    할게 많아여
트리 오브 세이비어,Posted  January   아니 겜 왜이리 튕김 겜 개같이 운영하네    
트리 오브 세이비어,Posted  August    아무 생각없이 하기 좋음
트리 오브 세이비어,Posted  August   똥나무는 똥나무다
트리 오브 세이비어,Posted  July   여태 살면서 해본 최악의 rpg 뉴비 가이드라인도 허접하고 만렙 컨텐츠는 진짜 말도 안나올정도로 노잼임 컨텐츠재화가 랜덤박스에서 튀어나오는 우주초갓겜트우시 당장삭제
트리 오브 세이비어,Posted  February   이관 정책도 너무 병신같은거 아니냐 
트리 오브 세이비어,Posted  December          개같이 유기 
트리 오브 세이비어,Posted  December          브금감상 고고혓
트리 오브 세이비어,Posted  January    이번 여큡 구성 좋아서 추천함  다음 여큡 별로면 다시 바꿀거임  그런데 스킬 밸런스는 엉망임  선택하면 망하는 직업 구성이    임  어느 정도 정해진 직업 아니면 같은 장비여도 몹 못 잡음 
트리 오브 세이비어,Posted  December          재미없어요
트리 오브 세이비어,Posted  January    게임에서 볼 수 있는 것들  아기자기한 그래픽  매우 많은  버그 갓 들어온 뉴비들이   챕터로 점핑해서 일어나는  이거 머임  광장 가면 서있는 수많은 사이버 망령들  그래도 트오세 사랑하시죠 
트리 오브 세이비어,Posted  May   Product received for free  오랜만에 게임 할려고 들어 오니 채널은 다 터지고                 
트리 오브 세이비어,Posted  May      
트리 오브 세이비어,Posted  December          처음에 가이드로 볼수 있는게 없어서 고생을 좀 했는데  일째에 우연히 가이드를 찾게 되서 공유 겸 올립니다  게임 난이도는 좀 있는편   https   docs google com document d  MlCrk EGGPRxzhHQCI oK e  hNU yz pkczyglLmUI edit usp sharing 여기에 가시면 그나마 최신인 가이드가 있습니다  게임 서버에 사람은 좀 있는편   밑에 말하는 또라이 같이 사람은 사실 한국 에 게임 서버 모두에 해당됩니다  어딜 가나 있어요 
트리 오브 세이비어,Posted  February    하지마 도망가
트리 오브 세이비어,Posted  May    똥독 올라 썩어 문드러진 나무  이 게임은 이제 미래가 없습니다
트리 오브 세이비어,Posted  January   아    왜 내가 시작할땐    으로 시작하기가 없었을까     닉네임 아까워서    으로 생성해서 시작하기도 뭐하네
트리 오브 세이비어,Posted  January   잠깐했는데 똥냄새가  
트리 오브 세이비어,Posted  January    하  
트리 오브 세이비어,Posted  June    Product received for free  재미있어요 모두들 즐겜하세요
트리 오브 세이비어,Posted  May       에휴 힘내라 트오세
트리 오브 세이비어,Posted  May    옛날 생각남  되게 재밌게 플레이중
트리 오브 세이비어,Posted  May    핵  매크로 방치 및 운영에 전혀 신경을 쓰지도 않으면서 TP 과금 패키지만 팔아먹을 생각하는 쓰레기 게임   밸런스 패치는 그 직업구조를 이해조차 못하는지 일괄     상향하고 상향했다고 나몰라라 하는 꼬라지 보면 자신들의 게임에 대한 이해도가 단  조차 없다는걸 증명한다   위에서 말하였지만 핵  매크로를 못잡는게 아니라 유저가 친절히 시간대와 어떠한 컨텐츠에서 어떠한 행동을 하였고 어떠한 닉네임을 사용하는지 전부 모아서 문의를 넣어도 정지하지 않거나 단  주일 정지하는 등 내부 카르텔이 존재하는 것 같다   이 게임을 어디서 발견해서 여기까지 왔는지는 모르겠지만  쳐다도 보지말고 설치도 하지말아라  인생의 시간낭비는 이보다 심할 수 없다 
트리 오브 세이비어,Posted  June    트우시 헤헤 재밌다 트우시 헤헤 재밌다 트우시 헤헤 재밌다 트우시 헤헤 재밌다 트우시 헤헤 재밌다 트우시 헤헤 재밌다 트우시 헤헤 재밌다 트우시 헤헤 재밌다 트우시 헤헤 재밌다 트우시 헤헤 재밌다 트우시 헤헤 재밌다 트우시 헤헤 재밌다 트우시 헤헤 재밌다 트우시 헤헤 재밌다 트우시 헤헤 재밌다 트우시 헤헤 재밌다 트우시 헤헤 재밌다 트우시 헤헤 재밌다 트우시 헤헤 재밌다 트우시 헤헤 재밌다 트우시 헤헤 재밌다 트우시 헤헤 재밌다 트우시 헤헤 재밌다 트우시 헤헤 재밌다 트우시 헤헤 재밌다   다들 낭만넘치는 아퀴버지어하세오
트리 오브 세이비어,Posted  May   익숙한똥맛 어째서 넥스플레이시간은 안넘어옴          시간이 넘어도 트린이라고 할수있다 그래서 좋은겜
트리 오브 세이비어,Posted  May   조오오온나 재밌는데  왜 맛있지 
