title,review
GOVERNOR OF POKER 3,Posted     October       I strongly would not recommend this to any avid poker player who knows what they are doing  If you like to casually play and don t particularly care about winning  go ahead as in that case it s not a  bad  game so to speak   Since I started playing  I ve played this before on mobile   I recorded all of the hands I played and the result by win loss and what my opponent had if they won  I did some statistical analysis based upon the equity of my hands and the expectation values of the all hands in play  Then I did some hypothesis testing to see if something fishy is going on  I ve found that when you first start this game there is strong evidence that it pulls the odds in your favour  you can get away with calling with much weaker hands  eg        or   J  and still beat much stronger hands most of the time  This carries on until you play on higher tables  on these there is  quite  strong evidence that if you play positive expectation valued hands you lose more money than you should  I m not entirely sure how this game manipulates or determines the RNG  however  I strongly suspect that players who have purchased chips get some hidden  dealer  advantage on the higher tables  My analysis was based on       hands  with around       on smaller tables and the rest on the much higher tables   I d strongly not recommend playing this  I ve ran the same analysis on PokerStars and I ve found their RNG to be much more statistically sound  Thanks for reading  all the best  Trimza
GOVERNOR OF POKER 3,Posted     February       now I understand how my father gambled my college savings away  cool 
GOVERNOR OF POKER 3,Posted     June       Free gambling disorder test   If you can t stop playing it  then never start gambling in real life 
GOVERNOR OF POKER 3,Posted     July       The first plus of Governor of Poker   is the crossover multiplayer  Connect your steam account with your smartphone and or your tablet and you can play everywhere   The second plus is the integrated steamworks and steam achievements which was for me very important  This means you can play on your mobile devices and this counts as well for your stats you need to receive steam achievements  Very nice    More plus   The navigation in the game overlay is super easy and understandable immediately for new players   You receive enough play coins to play without buying coins with real money  It is possible of course but not necessary  The winnings  and losses  you earn are only in virtual currency   It is multiplayer only which gives it a special thrill playing against real players worldwide  Big fun  no risk  You can invite your friends  host a table and you can reward your friends every day with free coins   A lot of different play modes so you can find your relaxing fun gaming table or the more professional room     and if you like hats   you found the place to be       All in all as a not experienced poker player i am nicely surprised about this game which opened for me  and tataa   for my wife  the world of poker  Thank you for reading and keep up the pokerface 
GOVERNOR OF POKER 3,Posted     July       accidentally clicked on the piggy bank and got charged    on my steam wallet  what kind of a hole design is it when clicking a button prompts a microtransaction without asking for confirmation  
GOVERNOR OF POKER 3,Posted     February I have lost all my money and my wife is hold hostage by the mob
GOVERNOR OF POKER 3,Posted    August       i sold my wife for    chips       best deal of my life
GOVERNOR OF POKER 3,Posted     February       Terrible  if you want to delete your account you need contact Support and they will ask you   First day you created the account Your last recent in game payment recipe from your bank Your Ip Address Your email And a summary of the items and friends you have in game   This game should be removed from Steam
GOVERNOR OF POKER 3,Posted     September       With      hours played  I can honestly and accurately warn new players to avoid this game  If you re looking to play poker against other online players  this isn t your game  GOP is akin to cigarette companies advertising with cartoon characters aimed at children  Yes  they are those people  The software is designed to give you a little  then take it all away and spam you with their own ads to pay to get it back  THIS IS NOT POKER  What a waste of time 
GOVERNOR OF POKER 3,Posted     October       Literally spent five weeks worth of my child s lunch money on in game coins all to just gamble it away and come out with nothing to show for except my starving child laying on the floor crying in hunger pains     Good game 
GOVERNOR OF POKER 3,Posted  July    good thing its only virtual money or I d be homeless
GOVERNOR OF POKER 3,Posted  October         Cash grab 
GOVERNOR OF POKER 3,Posted  March           DO NOT SPEND MONEY ON THIS GAME    Mediocre poker game with a fishy built in card distribution system that appears to give too many good cards  I am guessing the line below in their description is so that they can cover their butt in the future if it is proven they have tampered with the card distribution     Practice or success at social casino gaming does not imply future success at real money gambling    Looking around the reviews and the forums you will see that there are reports of bot players on the table to leach money off of you once you get to higher levels   Also quiet a few trolls and griefers in game spamming chat messages and emotes with no built in mechanism to mute them  In      you would think the devs would implement something like this but it seems they are a few years behind the times   I tried to suggest a mute button on the forum but got called a bunch of names and attacked by the so called fans of the game with no moderation at all by the dev who seems to be very active on the forum  He is very quick to respond though if someone praises the game   There are a few shady people bashing whoever says negative about this poor man s poker  I wouldn t be surprised if there is some serious astroturfing going on behind the scenes  In general the scam vibe is strong with this one    Terrible  experience with this game all things considered and I can not recommend at all   I will not respond to any comments below from fanboys trying to start a flame war  I already wasted over   hours of my life on this stinker  Keep it classy    Edit  seems like they added the option to disable chat on March   st  Still my point stands that this game is to be avoided at all costs because of the shady card distribution system and the bots  
GOVERNOR OF POKER 3,Posted  January          I have a gambling addiction
GOVERNOR OF POKER 3,Posted  September          Before I played Governor of Poker   i had a small wee wee  no friends  no girlfriend  depression and absolutely no will to live  None of these things have changed  but the game is pretty good 
GOVERNOR OF POKER 3,Posted  May          It s a casino  basically  The only reason why it s on steam is because you don t play with real money   But you can spend a lot of real money in this game to buy the ingame currency   It s filled to the brim with flashy popups encouraging you to spend real money   I looked at it as a challenge  Spending no money I got to   Million   Stick to  Beginner Lake   Lotta noobs there  More important  Lots of  very bad  high rollers there looking to make a killing on the noobs  Take advantage   The lower limits are easy to play  Don t loose it all in higher limits  That s where the better players are   And again  DON T  SPEND  ANY  REAL  MONEY  ON  THIS 
GOVERNOR OF POKER 3,Posted  February          Scam  Avoid   At first glance it appears to be a simple poker mmo with micro transaction options  Everything is going well  you are winning  you re unlocking higher level tables  which you can t afford yet   until you get to level     At level    you are no longer allowed to play at the  low stakes  table  and instead you are forced to move on to the higher tables  whose buy ins are        of your bankroll at this time  It appears that there are bots floating around these more expensive tables  if you scroll through the screenshots section  you will see a few players that show up everywhere   The bots yolo their chips every hand  forcing you to potentially lose big and quickly need to pay real money for more fake chips   Also   Tables are not consolidated  once people stand up their seats are never filled until the room empties out  You can switch between tables  and virtually all of them have only one or two people sitting at them   people   bots in this review    Chat feature is limited to emojis   You cannot play with your steam friends   Betting options are narrow            Pot  All in   As I mentioned before with the higher stakes tables  any competitive hand is going to lay waste to your allotment of free chips 
GOVERNOR OF POKER 3,Posted  January         I was a big fan of the Governor of Poker flashgames back in the day  These games actually learned me how to play poker  One of the aspects of the game it learned me was bluffing  Raising your stakes without actually having good cards  but making your opponents think you do  This is something that has helped me greatly during my hours of poker with my friends   Now I stumbled upon this game on Steam  I didn t hesitate and installed it  and launched it  The first couple of games were pretty good  I played with some beginners so I could learn the way people in this game play poker  When you advance further into the game  about an hour of gameplay in  you will stumble on so many people who just raise or go all in in every game  They simply ruin the fun of it  the person who happens to have coincidentally had the right hand will win the money of     others  The     others seem to have an infinite source of money while the dude who won the money will be able to outbet anyone on the table   Playing poker is fun  playing Governor of Poker   would be if not for all those dumbasses ruining the game  Don t bother  just play the original ones  Did I also mention this game contains more adds than a        Android ripoff game  You ll have to go through at least   ads even before you can join a table  it s a        cashgrab based on way better flashgames 
GOVERNOR OF POKER 3,Posted  November          I highly enjoy poker  and while this game has its good points  its structure encourages people to play stupidly and consequently to never learn the finer points of hold em  A ridiculously high percentage of players  maybe     or more  go all in during the first round of betting every single hand  regardless of their cards  making it more a game of RNG luck than an opportunity to actually play proper hold em   While I do occasionally find an enjoyable session with people playing well  it s never long before another handful of brainless fools sit down who will happily go all in on a     off suit hand before the flop every single round  And while It s definitely easy to best players like this in the long run  it s simply not fun to do so   A combination of making free chips less frequent and having a better set of goals like rewarding people for good folds would go a long way to better shape the community imo  but I suppose attracting a community of cretins who have no interest in learning to play well and giving them lots of incentive to throw chips around like confetti makes for a more profitable business model in a free to play poker game   I feel bad  not really  for the people who play so badly that they need to pay actual money to get ahead  As of writing this  I continue to play this game  but I do so begrudgingly while I continue to look wait for a poker game that draws a more serious and passionate community   Gameplay       Community      
GOVERNOR OF POKER 3,Posted  April         i want to die
GOVERNOR OF POKER 3,Posted  March   the online poker is fun  The Blackjack really betrays how unbelievably rigged this game is though  After hundreds of hands of tallying I have found that the dealer gets blackjack at  x the rate of the player  the dealer gets    off the deal   x as often as the player  A player who hits on       has a     chance of busting while the dealer hitting on       has a     chance of getting        Genuinely  this game is rigged to the point of not being fun to play  I get the reason though  they want you to pay for their ridiculously expensive micro transactions  thats the point of the game  not fair poker or blackjack   Im uninstalling this garbage  It s rigged to the point of not being fun 
GOVERNOR OF POKER 3,Posted  August         Don t play  they will delete all your winnings at some point    So  I played this game for months and finally won enough to play in the  Filthy RIch Event   Guess what  I got filthy rich  I won over             chips  But    now  I have   million  My chips were deleted by the developers  I read on the Steam forum that they  reset  player accounts after discovering an exploit    Well  what is the exploit  No explanation  If it has something to do with the Filthy Rich Event  where I won a lot of money due to a multiplyer on all ins  I fail to see how it s in any way the fault of the players  There s an event  but no rules or explanation of what the event is supposed to do to be found  So  we play  assume it is normal  and then weeks later have our chips deleted  People on the forums didn t even mention this event in particular  rather the Spin N Go  so I m not even sure what the link is  Why  No explanation from devs  They can go      themselves  Not right to delete peoples winnings after they spent time  and sometimes real money  on it without a decent explanation 
GOVERNOR OF POKER 3,Posted  June          Okay so i ve been playing this game for a bit now and i have some sence of what the game is like   First of all  blackjack is indeed a complete garbage  Anyone who played it probably knows that its rigged af  I started to realise that there are patterns traps which i usually fell in before  for example when i get dealt   cards which add up to     and i double  i almost always get a    they add up to     which is a good number to lose  The dealer also usually gets a   or higher card  He can also have blackjack multiple times in a row  Record i witnessed was      Second  the poker part  Im only a high roller for now  but i was shark a few times before  going up and down in money  Top notch tip  don t gamble with all your money  Except if you want to lose all your current progress just in a few seconds  I have some friend VIP s and high rollers that went to absolute     You might ask  welp  if i don t gamble my soul away  how will i earn money  There are a few ways  its mostly a matter of time really  And luck lol      Free spins  slotmachine  bronze silver gold   etc tickets  Suprise  its thrash  Mostly  For example  with gold ticket  you can get  B chips  You think that i will just get some millions at least if the top is  B lol  Wrong  You will get    k if you are chosen by god  Bronze will get you     k usually  And about the free spins  You will get  k from default and   k from very much so epic  jackpot  spin  which you get from spinning the free spin some time  These suck  but they can get you back in action in beginners lake at least  Slotmachine  how do i put it  You watch some guy get   B on youtube and you do it as well only to lose all your money  Just don t do it if you are not a blessed creature      Sit n  go s  Spin n  play  Pro s play it and go all in on the first hand even if they have nothing  and if they win you can t really compete until the blinds get high  but even then you will have less money  and eventuelly bust from blinds if the opponent doesn t make a misplay  this is refers up to high roller valley SNG s  i don t know about higher ones   From spin n  play  you will NOT get anything other than  x the entry price in SNP jackpot spin  I played some of the   k one  never got anything more than   k jackpot      Team chest  In my opinion the most effective way to make money SAFE  Complete quests  earn points  by the end of the week get at least silver chest  diamon and better will also get you ebic cool lookin  hats if the team has   chest s  and you can get yourself a million or two  at least with   silver chest  thats how i became a shark for the first time   That is  if you can get into a good team  Join one that accepts low level players so you can join  and has rich leaders  so they can farm out the team points so you can have up to   chests by the end of the week  If you are like really poor im talking   k  you can t really get anything better than a wooden chest  but it will do better than gambling with   k   Summary and some new tips     Don t bluff  someone will have a good hand and call  and you will lose most of the time     Don t play with all your money  only with a small portion     If you are a beginner in poker  or you want some easier games  go to beginner lake  high roller saloons  There you will finds mostly casual players  Higher saloon s have competitive and pro s in it usually     Don t always rely on luck  slotmachine etc      Blackjack is only for fun  and only worth time if you are rich and don t care about the loss     Don t spend real money on this please  it does not worth it     Look on youtube for the channel of the game  they stream and give out   codes each stream  its   stream week i think  and you can get yourself some easy money as well if you attend the streams   This game can be a blast sometimes  and a smelly pile of pure garbage at the same time  I don t have hundreds of hours in this game  its just how i feel about it from what i saw from other people and what i experienced so far  I had my ups and downs  but i am enjoying it so far 
GOVERNOR OF POKER 3,Posted  November          I ve managed to accumulate    million chips without paying a single dime 
GOVERNOR OF POKER 3,Posted  February         i selled my wife for poker chips i like
GOVERNOR OF POKER 3,Posted  May          Can t create private room and play with your friends  I m dissapointed
GOVERNOR OF POKER 3,Posted  January   Did you know that     of gamblers quit right before they re about to go big 
GOVERNOR OF POKER 3,Posted  October                                                                                                                                                                                                                                                                              
GOVERNOR OF POKER 3,Posted  July          I got this game as something to do leisurely in the background while occupied with something else  however  I got into the whole  team league  aspect and began grinding to complete challenges and whatnot   Unfortunately  this meant playing the game enough times to begin to understand recurring issues with the game  At first I said what everyone says and blamed it on bad luck  but after weeks of the same statistical anomaly happening in every game type  I realized that RNG does not exist in this game and never has   When it comes to poker  the flop and river cards ALWAYS favor a particular person at the table  usually the person with the most chips so the game will end quicker   For instance  let s say after the initial three card flop  you already have a straight and decide to go All in thinking your chances are pretty good for winning  Once that has happened  the river cards will result in two cards that  just happen  to provide another player with a winning hand like a flush or full house  Now  I know this sounds like complaining because of bad luck  but for something as statistically improbable as that scenario to happen multiple times every single day is no coincidence or bad luck  The game intentionally selects its cards based on a desired outcome   Next is blackjack  Anyone who has played this game knows blackjack is a waste of time  The game essentially plots out a trajectory of moves each hand in order for the dealer to get to     assuming every player selects the move they  should   For instance  let s say the three players have starting hands of         and    respectively  In this case  the person with a    will most definitely hit  with a good chance of reaching    given the greater odds of getting a face card  The person with a    should hit based on the fact that there is a greater odd of receiving a number   or below than receiving a card a card   or higher so they hit as well  Finally  the person with    will definitely stay  Assuming everyone does what is expected  the dealer will absolutely receive a winning hand  beating all three players  most likely a      The sole purpose of this is obvious  the game simply wants everyone to spend money on microtransactions to buy the chips they stole in the first place   TLDR  Game cheats and doesn t utilize RNG  Playing solitaire alone is a better use of time
GOVERNOR OF POKER 3,Posted  October         so many things are wrong with this game    starting with the algorythm  never seen so many bad beats in my life  and i m not even talking about all the players that only klnow one move in poker  all in    even the blackjack game is rigged  on average  dealer will make   blackjacks to your   while trying to do the daily blackjack activity points  this game is nothing about poker blackjack and all about making money for its owners with a ridiculous amount of bad beats and BS plays made to anger you so you buy chips and spins  pocket AA will win once out of every     times you get it  no matter how you play it 
GOVERNOR OF POKER 3,Posted  September    The RNG is not truly random  and it s definitely rigged 
GOVERNOR OF POKER 3,Posted  September          do not play black jack  This game is          rigged in their favour  Fair odds my ass  Straight up  rigged    hands of black jack and   of them are    while i pull    s and    s  yeah seems about right 
GOVERNOR OF POKER 3,Posted  February          Poker is like sex if you dont have a good partner you better have a good hand 
GOVERNOR OF POKER 3,Posted  June          Ridiculous game with even more ridiculous players  They try the same sleazy methods as casino s to keep you playing and spending money  Bombards you nonstop with ads trying to get you to fork over your cold hard cash at EVERY opportunity it can possibly get  Predatory ads equal to WSOP app on mobile  I GET IT  YOU WANT MY MONEY  Can you at least try and be more subtle about it  These devs literally HIDE THE QUIT BUTTON in the SETTINGS to get you to keep playing  It s the dumbest crap on the planet  This is coming from a reviewer that would actually consider spending real moey if it wasnt for all this sleazy scumbag crap  The actual graphics aren t good or even pleasant to look at  and it has   menu song that loops over and over for its entire length of    seconds  They don t even hide the loop well  it truly tests ones sanity and patience  Awful birds eye view of the table with sub par graphics and a wide selection of cosmetics to purchase in the form of        hats  Amazing  You can t make this up  Amazing cosmetic structure By the way  this is my second comment because my first one was deleted  By who  you ask  I dont know  But it wasn t me  and I hate this game even more because of it  Im not a salty loser  I ve made   x my starting chips in    hours  This is a bad game  and I m going to call it how it is  Not to mention I ended up heads up in a tournament with a cheater  He won every single hand we played  and it added up to about       hands  He folded every single good hand I had  Not to mention his name was  iCurCARDS   So I give the game a benefit of the doubt  Can t possibly be coincidence  right  So I google  Governor of Poker   cheats  and guess what I find  GOOGLE IT YOURSELF  AND STOP READING THIS CRAP  IT S A CRAP GAME  WITH A CRAP COMMUNITY  WITH CRAP DEVS WANTING TO SNAG YOUR MONEY IN A BROKEN ASS GAME 
GOVERNOR OF POKER 3,Posted  May          This game more rigged than the election of Julius Caesar in   BC
GOVERNOR OF POKER 3,Posted  May   Rigged  Fun if you want to play poker with your friends  but other than that it preys on you to get you to buy more chips 
GOVERNOR OF POKER 3,Posted  May          decent
GOVERNOR OF POKER 3,Posted  December          no skill factor involved   cards rigged so you pay   and pay   and pay
GOVERNOR OF POKER 3,Posted  January         THIS GAME IS RIGGED       IF YOU PLAY AGAINST A HIGHER LEVEL OPPONENT AND THEY GO ALL IN    YOU WILL LOSE EVERY TIME  I AM OVER    AND A VERY GOOD CARD PLAYER   WITH MY WIN RATIO SO LOW YOU WOULD THINK I JUST LEARNED HOW TO PLAY  IF YOU DO NOT MAKE A PURCHASE YOUR ODDS AND THE CARDS WILL NOT BE IN YOUR FAVOR  THIS GAME HAS ALSO CHEATED ME SEVERAL TIMES AND I AM AT THE POINT THAT I AM DELETING THIS GAME  I WOULD NOT GIVE THEM ONE CENT FOR A RIGGED GAME 
GOVERNOR OF POKER 3,Posted  August         this game was amazing back when i first installed it because it was the only poker game that i could casually play with my friends  they have since removed the feature to create private tables thus ruining the game in my eyes
GOVERNOR OF POKER 3,Posted  November          Great game  Just don t play blackjack unless you enjoy losing 
GOVERNOR OF POKER 3,Posted  August          Cool little game to play to pass the time  You never really win much but it s fun regardless 
GOVERNOR OF POKER 3,Posted  June          Good Poker game  Lot s of fun  
GOVERNOR OF POKER 3,Posted  March          Micro Transactions everywhere  game feels rigged against you  Would rather play Dark Souls with a Guitar Hero controller 
GOVERNOR OF POKER 3,Posted  October          Free online poker  you get exactly what is advertised   If you enjoy poker you ll probably enjoy this game  If you don t enjoy poker then you re probably wasting your time reading reviews of a poker game 
GOVERNOR OF POKER 3,Posted  March          Avast Antivirus found GOP exe as a virus  IDP Generic   after the last update and placed this file in quarantine    We want an explanation from the game developers         
GOVERNOR OF POKER 3,Posted  March          This game is fun  but MAN the Blackjack is rigged  Ive lost millions to that stupid looser that deals me the cards  I will have a   and a    and draw a jack  but the dealer will give himself a   and    then draw a       Ace    and win    bruh  this guy should be jailed for the amount of money he has stolen  I do have bad luck but no doubt this man is a cheating little rat 
GOVERNOR OF POKER 3,Posted  March          This game is being ruined by a constant flow of people going all in pre flop  It seems to be a virus  I ve been playing this game for years  but lately a normal game of poker is not possible anymore  All in pre flop seems to be the rage and it s wrecking this game  Furthermore  going all in seems to favor people with low value hands more than it should   Example  I often take the all in crowd on with AK suited or any other high valued hand  I mean  I don t really like to play this type off all or nothing game  but what else are you to do when you have an excellent hand  Then they hit their     off suit on the flop  Happens more than often  Feels like this game is rigged   Governor of Poker used to be a really nice game  but lately it s become a pre flop all in game  without any poker strategy   Are you looking for a good game of poker  Don t look here  this game has been completely destroyed   So  I do not recommend this game  it has nothing to do with poker anymore  You d think the devs would mind their game is being destroyed  
GOVERNOR OF POKER 3,Posted  October   My gambling addict friend said if I post a review and it gets     likes and    Awards that he will buy me a case of beer  some vodka and   kg of lemon So im just gonna leave this here                                                                                                                                                                                    
GOVERNOR OF POKER 3,Posted  September          Devs like the ones making this game are straight up scum  They are paid to find ways to scam you out of your real cash  They are contributing to a culture in which it is perfectly fine to screw gamers out of as much money as they possibly can   The more updates they release  the more you lose   Screw them 
GOVERNOR OF POKER 3,Posted  February         This game is fun when you have no friends  like me  
GOVERNOR OF POKER 3,Posted  March    RNG Certified is a lie  They either made it up or paid a company to fake it  because there s no chance whatsoever that it s legit 
GOVERNOR OF POKER 3,Posted  September          poker  i hardly know her   i have squandered my life savings away and my wife has taken the kids 
GOVERNOR OF POKER 3,Posted  May          Too many micro transactions  Half the screen is covered in purchaseable content 
GOVERNOR OF POKER 3,Posted  May          what a lovely game to play with friends     Now I have a gambling addiction but this is better than doing it in real life 
GOVERNOR OF POKER 3,Posted  November          Product received for free  Good poker game beautiful graphics free coins every day non toxic players      Visual Quality Graphic         System Requirements Efficiency         Smooth  Bug less          User Interface        Price Efficiency         Story         doesn t have   Music Soundtracks        Gameplay         Pay to Win Pay to Enjoy   False            Everyone   reliability   Kids   Adults   Mature  Action   Teens
GOVERNOR OF POKER 3,Posted  September          ALERT SCAM ALERT SCAM ALERT SCAM ALERT SCAM ALERT SCAM ALERT SCAM  I will fight to ban that scam from steam    i already banned gop from belgian market    that kind of people need to dissapear from steam   nothing is random on that game   
GOVERNOR OF POKER 3,Posted  March                would loose all my money in rigged blackjack again
GOVERNOR OF POKER 3,Posted  April          I thought it was fun for a while at first  until I got fed up with the never ending waves of preflop allin idiots  Typically one or more players with billions of gold will join the table  even the lowest for beginners  and they will just go allin allin allin  It happens throughout the entire spectrum  even in sit   gos  Mind you  it s not just sometimes  it s nearly all the freaking time  As of such it is often impossible to even play a normal game of poker  I would highly recommend the game for how it s made  but simply due to this  it s a definate no 
GOVERNOR OF POKER 3,Posted  September                                                                                                                                                                                                                                                                                                                                                       
GOVERNOR OF POKER 3,Posted  January    Do yourself a favor and find a better Poker Game  This game gives you only a short boost in the beginning with reaching millions of chips  the odds are really in your favor  but it starts to get downhill once you play against high rollers  Too many players flat out bluffing with their all ins and I found out that the RNG system is working against you  It is so unlikely that after each round the same player or     are always lucky with their hands  for some reason the dealer draw out cards that work out for tthose winning many rounds consecutively  like more than      From there I started losing more than I win and even in small stakes like   k I started losing more  What could be the reason  The game wants you to pay to win obviously  it s no business when everyone starts to play for free in a balanced game where everyone gets to win sometimes   RNG Certified my hairy ass 
GOVERNOR OF POKER 3,Posted  May    So  who at Valve decided to let this hot garbage get onto the marketplace  This is obviously a mobile port  that contains all of the things we hate within the gaming industry   The UI is a mess  just nothing but icons everywhere and lots of distractions and bloat  I couldn t find the exit anywhere in the menu  it was that bad  Of course  the pricing is equally bad because it is one of those games that made it from mobile to here   As a poker game  it s awful  I might ve gotten a couple lucky wins  But I know how this will go  the game will make you think you re on a streak until you re losing hand after hand and the game preys on desperation for you to buy chips  I ve taken a snapshot of the ridiculousness of how much this game expects you to buy chips for  They want      for   Million chips  LOL  You know  I play another poker game on my phone and for     they happily give me    Million chips plus a handful of tokens to spin a wheel and get even more chips for my value   This      though  belongs on mobile and should stay on mobile  It has no place being among other PC games  We have millions of other poker games  We have millions of other MTX games as well  Valve should be ashamed of themselves for allowing this to have been released on Steam 
GOVERNOR OF POKER 3,Posted  April          No private table for friends    LOL
GOVERNOR OF POKER 3,Posted  April          It was fun for a little bit  but constantly going up against other players go all in pre flop on every hand just gets tedious after a while if you want to play seriously at all 
GOVERNOR OF POKER 3,Posted  April          Don t waste your time  this is not poker  this is pay   win RNG trash to get you to pay  Every player goes all in before the flop because they have millions of chips    PURE RNG BS   Waste of time this is not poker 
GOVERNOR OF POKER 3,Posted  July          Fun game  unfortunately  it s rigged  The hot streaks of action are statistically improbable  I suppose to encourage gambling and stimulate purchases  Quite unethical 
GOVERNOR OF POKER 3,Posted  August          I play this game for the god tier graphics  way better than anthem  this game is the only reason why i bought an RTX      so i can run it on maximum graphics at   fps  the ray tracing is insane  Yes it s a demanding game but its worth it  there s no masterpiece alike anywhere else  this is PC gaming at it s finest   Be warned though  you may experience a series of continuous climaxes while playing  The graphics are that good 
GOVERNOR OF POKER 3,Posted  February          Here s the problem  and why I had to change this review from  recommended  to  not recommended   You can see at      in this video that both my opponent and myself get the Jack of Diamonds  of which there should only be one   Edit  The developers have responded that this is a  display glitch  that only occurs during the introductory game  but we ll see    YouTube  Video  Governor of Poker    Views        Free to play Poker game on Steam  Obviously a tablet port  but it works just fine  Cash shop seems fair and not required to use  Not the best graphics but not ugly     Other than the multiple card display issue in the introduction it s just a decent f p poker game that I d pass on even on tablet  The graphics and interface are very much  tablet  style  It really isn t very good graphically  but Poker doesn t need to look great  Multiplayer is full of  all in on the first hand  morons  but that s      normal for any online poker that isn t using real money 
GOVERNOR OF POKER 3,Posted  February          Why should i play this game  Free multiplayer poker game  Compete live with thousands of real poker players    Note  Info is a  copy   paste  of the Page Store About This Game  section   You can check it by yourself   So keeping in mind introduction  now it s time to make the review   Review Good game until you notice that     of the players are bots  Devs are trying to fool you disguising bots like humans  they make me think Betty could be my waifu   Mike my poker parther  damn you devs   This explain the limited options of chat    Considering it s a bet game trying to scam us      It s ok when you try to scam flash mobile players  they are obviously too dumb to use a computer  but please keep your      away from PC Gaming  This is why everyone ignore or hates flash mobile games on Steam  There s really nothing more to be said about  so enjoy riding dildos and thanks for make this world a little worst    
GOVERNOR OF POKER 3,Posted  October          GOP   is a rip off it is fixed scam do not spend any money on it just to be ripped off  But its so much fun to lose money to bots and cheaters and when you contact them they do nothing  steam you need to remove this scam funny how this being such a fun game if the dealer has a face card  or ten     dealer has    not random nor is that within ten minutes of play dealer gets    seven times and these disgusting excuses from governor of poker   steal money from people it might not be illegal  but you are low life scum and belong in jail scamming  what do you do for fun hit old ladies over their heads for   
GOVERNOR OF POKER 3,Posted  June          Game cheats on blackjack that is not even funny 
GOVERNOR OF POKER 3,Posted  September          dont play black jack its rigged
GOVERNOR OF POKER 3,Posted  April    I AM NOT ADDICTED TO SLOTS I AM NOT ADDICTED TO SLOTS I AM NOT ADDICTED TO SLOTS I AM NOT ADDICTED TO SLOTS I AM NOT ADDICTED TO SLOTS just one last spin I AM NOT ADDICTED TO SLOTS I AM NOT ADDICTED TO SLOTS
GOVERNOR OF POKER 3,Posted  December         please add sex
GOVERNOR OF POKER 3,Posted  January         Although I tend to go back for more  this is literally the  rigged simulator   You d think this was a real casino  It s ridiculous  I don t even know how people manage to get to purple VIP  Maybe most are bots 
GOVERNOR OF POKER 3,Posted  December          Too many absurd high hands come out far too often  Other ridiculous stuff like players having the same exact pocket pair as you which the odds of that are beyond astronomically low  Predictable scenarios where someone consistently has a hand thats better than you by   card  Some players seem like bots  If your looking for something to just kill time like me then fine play it  but if your looking for anything near a realistic poker experience then stay far away from this game because your not going to get it 
GOVERNOR OF POKER 3,Posted  March          Product received for free  If you want a game thats fun for an hour  then play this  But if you want to be competitive  this isnt your game  They say they have RNG but thats a lie  it dictates who wins in the middle of the round  The only way to get rich is to win a jackpot  otherwise you will end up losing everything  And im not broke either  I have     Mil  This game just sucks the life out of you and people will go on like   hand winning streaks because they re part of the monthly premium account  DO NOT WASTE YOUR TIME ON THIS TRASH
GOVERNOR OF POKER 3,Posted  August          Product received for free                                                                                            Are you winning son                                                                                                                                                                                                                                                                                                                                                                                                                          
GOVERNOR OF POKER 3,Posted  November         Product received for free  Was fine then they added team games and now its just a matter of going all in untill you win as many team points as you can in a week then do it again straight away as the team games start again the day they end   To try and fix the problem they introduced they made it more difficult for people with little money to gain a decent ammount of money  the people with no money cannot play a decent game because every one with money just goes all in over and over on the little tables to  win    hands  to get Daily achievment points  seperate to the team points   Unless you are playing sit and go for    million entery fee there is no where you can play an actual game of poker any more  I am lucky as i do play the   mill sit and go mostly  but they broke the game to try and get more people to buy chips so they could also just go all in and gain points   How it is right now the AI in GOP   Is a better way to play poker    Massive shame honestly  I have     hrs in the game  and really cannot see any reason to play  and if this game was like this when i started  i would have no more than   hours loged in because it is absolutley ruined 
GOVERNOR OF POKER 3,Posted  November          Despite could be an entertainment for few hours  there are awful drawbacks in this  game   it s more like a casino trying to suck all your money instead of an actual game   hint  don t put a real single euro dollar on it       The  Certified RNG  logo that appears in the loading screen is just a lie  It s impossible  unless you are stupid to trust that  In this game yo can play for    minutes and see three or four straights  two flushes and four full houses on the same game table  It s clearly a fake to make the game more  fun   Yes  it s entertaining but is far from realistic poker and it s really annoying that nearly every hand you start with high cards     The worst thing of this  game  is just the community players  they are really toxic  unskilled players  A classic example of this is a player joining the table with full stack  go all in without see the flop with lets say  a random   and Q cards  and repeat again and again and again  if they win they keep doing their s     if they loose they go out or just rebuy and go again  This is awful and it really ruins the experience when you have a great table and there is some kind of interesting playing  it s commonly ruined by this kind of players  it doesn t matter which table or level you play  there is full of players like this everywhere on each game   In the end this is not a serious poker game  just a mobile facebook game so if you have no expectations could be great  otherwise it s not worth your time 
GOVERNOR OF POKER 3,Posted  July          not real rng
GOVERNOR OF POKER 3,Posted  May          Game is rigged to make you try and purchase chips  Non stop adds to buy chips and a fake RNG system that forces you to lose  When you lose it spams you with adds to buy chips with real money  Its garbage  Find another game 
GOVERNOR OF POKER 3,Posted  December          the blackjack dealer is he biggest chetr
GOVERNOR OF POKER 3,Posted  March         it s definitely not certified RNG  i highly doubt they even know what RNG even is  Pure          game  RIP Zynga
GOVERNOR OF POKER 3,Posted  November          No real poker to be found here  Looking for gimmicks and constant all ins before the flop  Like playing mobile games on your high end gaming rig  Then this is a place for you     Hoped to find some nice engaging poker game for the down times but was heavily disappointed at this obvious  in your face  cash milking software  Happy the installation is free but I still feel like I need to file for a refund 
GOVERNOR OF POKER 3,Posted  September          For a  RNG Certified  game this is unbelievably rigged  At first it was fun playing  but after some time certain patterns happen all the time  In poker you see hands all the time with insanely low odds  In blackjack the dealer is straight up rigged  designed to always get a bit better hands than the player with small cards  Just play low bet tables with your friends  everything else is a waste of time 
GOVERNOR OF POKER 3,Posted  September         My name is Walter Hartwell White  I live at     Negra Arroyo Lane  Albuquerque  New Mexico         This is my confession  If you re watching this tape  I m probably dead  murdered by my brother in law Hank Schrader  Hank has been building a meth empire for over a year now and using me as his chemist  Shortly after my   th birthday  Hank came to me with a rather  shocking proposition  He asked that I use my chemistry knowledge to cook methamphetamine  which he would then sell using his connections in the drug world  Connections that he made through his career with the DEA  I was    astounded  I    I always thought that Hank was a very moral man and I was    thrown  confused  but I was also particularly vulnerable at the time  something he knew and took advantage of  I was reeling from a cancer diagnosis that was poised to bankrupt my family  Hank took me on a ride along  and showed me just how much money even a small meth operation could make  And I was weak  I didn t want my family to go into financial ruin so I agreed  Every day  I think back at that moment with regret  I quickly realized that I was in way over my head  and Hank had a partner  a man named Gustavo Fring  a businessman  Hank essentially sold me into servitude to this man  and when I tried to quit  Fring threatened my family  I didn t know where to turn  Eventually  Hank and Fring had a falling out  From what I can gather  Hank was always pushing for a greater share of the business  to which Fring flatly refused to give him  and things escalated  Fring was able to arrange  uh I guess I guess you call it a  hit  on my brother in law  and failed  but Hank was seriously injured  and I wound up paying his medical bills which amounted to a little over           Upon recovery  Hank was bent on revenge  working with a man named Hector Salamanca  he plotted to kill Fring  and did so  In fact  the bomb that he used was built by me  and he gave me no option in it  I have often contemplated suicide  but I m a coward  I wanted to go to the police  but I was frightened  Hank had risen in the ranks to become the head of the Albuquerque DEA  and about that time  to keep me in line  he took my children from me  For   months he kept them  My wife  who up until that point  had no idea of my criminal activities  was horrified to learn what I had done  why Hank had taken our children  We were scared  I was in Hell  I hated myself for what I had brought upon my family  Recently  I tried once again to quit  to end this nightmare  and in response  he gave me this  I can t take this anymore  I live in fear every day that Hank will kill me  or worse  hurt my family  I    All I could think to do was to make this video in hope that the world will finally see this man  for what he really is 
GOVERNOR OF POKER 3,Posted  November          Cheating at promises  jackpots never hit above baseline and pushing for players to buy with real money  SKIP TO BOTTOM FOR FINAL VERDICT IF YOU DONT WANT TO READ ALL  EDIT  I went and loged in through many accounts on their online version just to check spin and play   After    tries  no bigger spin than       k at   k table  I didnt expect millions but always the lowest   spins is rigged   But the worst is that at   k spin  i can win buy just clicking all in blindly the first     times i play  At        k even with the best cards dealt  no way to win unless the higher player on the table does stupid things   To the developers  YOU HAVE AN AMAZING GAME HERE AND YOUR GREED IS RUINING IT  Let free players have an equal chance          ND EDIT  After creating multible accounts  openly cheating by playing private tables with my alts and giving all money to one account  no ban or warning from devs  I even named my account mainone and others alt  alt  etc to make it obvious  nothing  Please do not give them money  you are encouraging scammers  EDIT    After a long time i returned to their online game  Created a whole group of    players by myself  played private tables btween them and won   weekly challenges mega spins  They all won money which i gave to one account  GOT   M and   M in   weeks       They have no cheat detection because they cheat themselves  What else to say about a game that fails even basic multi account scams   Final edit  if anw cares  P  I researched their game in detail for the last   years using dozens of accounts  There is no RNG in their cards  at least not complete  I could go on in detail but the short version is that  unless you pay  after a level you will be losing REGARDLESS of what you do  Not always but enough to make you need chips  Its sad to see this kind of corruption but this days its all about the money  And the sadest is  if you want to spend REAL money  go play REAL poker  You might actually get something for your troubles       Dont give them to scammers
GOVERNOR OF POKER 3,Posted  March          Pro   Fun   play it with Friends         Contra   You are out of chips  and have no Luck winning some  or you are just a noob like me in Poker  BUY THEM  Or logon to click every   Hours on a Button for       chips for free        in Chips is NOTHING  play    min and wait   Hours   Suggestions for the Creators  Earning      every   Hours automatically would be a huge improvement  if you re not the Moneyhunters i think  I will never let a game determine my life   click here all   Hours    and even if i would  i could not click that button all   hours if I am at work 
GOVERNOR OF POKER 3,Posted  July          This game is promising but it s made for mobile players  thus is cluttered with ads and almost everything you can press will want you to spend real money  Its not pure poker just for the fun of it  this is a game that is designed to grab every cent of you   But what can you expect of a free game 
GOVERNOR OF POKER 3,Posted  July         Good game and i play with my friends so easy 
GOVERNOR OF POKER 3,Posted  April         Governor of microtransactions
GOVERNOR OF POKER 3,Posted  October          Product received for free  Welcome to Rigged Carny Game Simulator   Oh and the Devs  delete criticism on their discussion forums  because of course they bloody do   Utterly ridiculous odds against normal players  You ll notice that when you do manage to outplay   out position the VIP  VIP  players  a lot of whom are definitely not BOTS  for realsies  honest guv   Of course bad beats happen  however they will get the river to win way out of kilter with how often that actually really happens  even if only one or two outs were available for them  The game also has a far too frequent occurrence of massively high value hands Four of a kind  Straight flushes and such like   The level of Bingo players is ludicrous  BTW the worst offenders apart from brand new players are the aforementioned VIP and VIP  players  Yet they ll hit no matter what  at a rate that in real poker would see you walking away with their car  house deeds  and possibly their firstborn   Don t even mention the sham their Blackjack is  It s even worse now as they ve increased the min stake by      and the max by          Of course they have  It s the one guaranteed rigged area as there are no actual opponents  just it s alleged BEST RNG algorithms  Ha de ha hah   The incessant pop ups  sometimes even mid hand  for their ludicrous maxi transitions            even when on sale  which it always is  which is also illegal in many if not all EU nations btw  is in no way a micro one  are egregious and avaricious beyond belief   For a bit of mindless casual time killing   it s tolerable  the teams also are occasionally fun even  Never  EVER  give it any real money though for it s utterly worthless monopoly bucks   It s just not a very accurate simulator of any form of Hold em in reality 
GOVERNOR OF POKER 3,Posted  January          lost all my money becuse of hacker named danger
GOVERNOR OF POKER 3,Posted  March          Black Jack is a Joke
GOVERNOR OF POKER 3,Posted  July          RNG my        
GOVERNOR OF POKER 3,Posted  February          i lost my home
GOVERNOR OF POKER 3,Posted  September          i once accidentally purchased a     dollar microtransaction for this game and it was one of the worst days of my life otherwise pretty fun
GOVERNOR OF POKER 3,Posted  March         I love smashing old people in texas hold em   
GOVERNOR OF POKER 3,Posted  June          This game is not legit  The odds are not genuine and the game chooses to take your money and push micro transactions that even then  are way over priced  Ive lost hands with literal impossible odds  Dont waste your time here thinking youre playing a game with regular poker odds  Everyone just goes all in before the river since even God doesnt know how these people have over a bil in cash  It would be a fairer experience playing in an actual casino   A horrible game  played by horrible people  made by an incompetent dev team just looking for a cash grab 
GOVERNOR OF POKER 3,Posted  March         Actually like the game  of course its like poker and can be good and bad but it has many events and different ways to play  there is team play that can bring players together if they participate and you can meet some good people  that equate to other games and outside interactions   if you like collecting stuff  there is that feature as well for hats and other items and trinkets with some really cool ones    game is not perfect but what game is   don t expect to always win   Be patient with  all in  players  i have busted many and have a winning percentage with them due to this  I always say thanks though before they have to leave but if you get on tilt just leave before losing your stack  cause it can be easy to do   Free and paid micro transactions
GOVERNOR OF POKER 3,Posted  March   ive been playing poker for    years give or take and ive NEVER seen as much          as ive seen here  It costs a fortune to by their spins and it gives you       i have just over     hours in this game and have never been        like this in my    years of playing  RNG my ass the way you lose time and time and time again is just           Unless your rich and dont care about getting        with your hands on a consistance basis then go ahead  I understand that the best hand dosent always win but time and time again is bulls       They need to have a good look to see the amount of times people get        in this game  Also blackjack is the same ive played blackjack for a long time and never seen the          as i have here  Dealer gets multiple blackjacks in a row which never happens like it does here and always makes their hand  I would stay far away from this unrealistic game 
GOVERNOR OF POKER 3,Posted  June   it was cool poker   and i played   and   for a long time
GOVERNOR OF POKER 3,Posted  March         this gam is okay not the bedst
GOVERNOR OF POKER 3,Posted  December          Downloaded for playing Poker with friends  The game is definitely not RNG based  so it s not enjoyable to play  Do not ever think about spending real money 
GOVERNOR OF POKER 3,Posted  January          Alright so even tho I m a dude  a guy from India wanted me to send him nudes and kept losing in my favor on purpose  Something you do not expect to happen in a poker game 
GOVERNOR OF POKER 3,Posted  October         My wife left me  D
GOVERNOR OF POKER 3,Posted  June    Do you have a gambling addiction like me but try and stay away from actual gambling as you re broke  If so you like me can play this game and relive all the thrills of starting with nothing then making it big only to lose it all in    hands and be left with nothing but a feeling of anger and disappointment that at best will ruin your night  Overall a great reminder of why I try to stay away from gambling so thanks random poker game  Oh and the game itself is fine if you don t mind mobile games i guess 
GOVERNOR OF POKER 3,Posted  February         good poker game  lots of options to play small and big blinds  runs smoothly  no disconnects  big population  a lot of shop options  but hey  its for free  the game grants you enuf free  money   you start small and work your way higher 
GOVERNOR OF POKER 3,Posted  May                   Fun Poker for Beginners  Free Chips and Bots Included   This is free to play so I automatically give it a few bonus points  You can earn daily chips  always find a game that will suit your needs  It s now known that there are bots that will play against you  and aggressively push you to spend more chips  I ve found that this hasn t really impacted my play style  chip count or entertainment level  Seems a little shady if you are purchasing chips  but I wouldn t  Every day I win more and more so this seems to be a non factor  You will also start off with a sizable welcome package which is plenty to get you winning   The blackjack does suck  I ve never been so unlucky when it comes to winning with       in hand  It should be at least a good chance you will win at that point  My biggest dislike in the game though is the chat  You can only choose from a set number of premade responses  The developers stated that adding a real chat would force them to raise the legal age of the game  Seems like a small price to pay for a feature that would add so much transparency  I m calling          on that one   Overall  It s FREE  Bots of Not I m having fun  You ll never need to buy chips either 
GOVERNOR OF POKER 3,Posted  September         Liked the game a lot  Played it for a couple of months  maybe  Suddenly  it wants my age   fine   I m old enough   go through the terms and see this    To the extent you provide any feedbacks  comments or suggestions to Youdagames regarding the Service   Feedback    Youdagames shall have an exclusive  royalty free  fully paid up  worldwide  perpetual and irrevocable license to incorporate the Feedback into any Youdagames current or future products  technologies or Services and use the Feedback for any purpose without further compensation to you and without your approval  You agree that all such Feedback shall be deemed to be non confidential   Furthermore  you warrant that your Feedback is not subject to any license terms that would purport to require Youdagames to comply with any additional obligations with respect to any Youdagames current or future products  technologies or services that incorporate any Feedback    Uh   no  You don t get to store my data and pass it along as your own IP  Game deleted  Sue the crap out of this company 
GOVERNOR OF POKER 3,Posted  August          I like playing this game  I have had a lot of fun matching wits with other players online  I like the animations  and look of the characters   OK  so here is the problem  A few days ago  over the course of about two hours  I saw   of a kind dealt   times  twice in the same game  Yesterday           I started a game by getting a full house  next hand   of a kind  next hand   of a kind  next hand   of a kind beaten by a full house  next game   of a kind  Today  I get a flush   hands in a row   These may all be coincidences  but i have a hard time believing it  I m not saying the game cheats me  I just don t know  What I do know is this kind of odd repitition was evident in Governor of Poker   as well   It s a nice looking game  with plenty of play options  and an easy to use UI  but I can t continue to play it 
GOVERNOR OF POKER 3,Posted  February          This game does not work to play a private table with friends 
GOVERNOR OF POKER 3,Posted  April         I m already poor in real life and now I m also broke in a game  thanks 
GOVERNOR OF POKER 3,Posted  December          The only downside is some of the players who just go all in because this form of money doesn t matter to them 
GOVERNOR OF POKER 3,Posted  February          Free Multiplayer Poker          amazing       
GOVERNOR OF POKER 3,Posted  January         the game itself is fine  the community is terrible  if you re looking for a real poker game  this isn t it  the vast majority of players in this game go all in nearly every hand regardless of what cards they have  making sound judgments is nearly impossible because people play EVERY HAND  i thought it would get better when you moved up to higher stakes maybe with more people at the table  WRONG    players all in    k  cool  don t ruin your poker game by developing bad habits playing here 
GOVERNOR OF POKER 3,Posted  January          I ve played this poker game for over     hours now and all I can say about this  it is an absolute joke of a game  The only reason why I ve been playing for so long  is that I ve been stupid enough to buy chips  Out of all of the games on the market  everything about the fairness of the cards dealt is rediculous  I ve won at least   Big Win tournaments  to which then I loose all of my earnings in the cash games  like the Goldmine or Las Vegas  to some player who for example reraises me all in with    when I have pocket Kings  Aces or Ace King to which I loose with a flopped two pair   This game is based on luck  and there has numerous occasions where I ve felt that the cards have been rigged for action  Don t insult my intelligence regarding these outcomes  as I play poker in real life  and I understand percentages for a player to win the hand  There has been many occasions to which I ve flopped a set  three of a kind   to then be beaten by some person who calls an all in raise with a two pair  to which then gets a full house on the river  last card    I WANT TO CLARIFY  THE CHANCES OF THAT HAPPENING IS LESS THAN    BEFORE THE LAST CARD  ESSENTIALLY       AND I VE LOST ON MANY MANY OCCASIONS TO HANDS LIKE THIS   For your own sanity  if you re a poker fan like myself  DO NOT play this game on any circumstance  There is many other games on the market like Zynga Poker on facebook  that are more legit than this 
GOVERNOR OF POKER 3,Posted  May          This game used to be a lot of fun  Although the public rooms have always been trash  I was still able to start a private room with my family and friends and have a good time  Then they decided to remove the private rooms  The only option is to go into a room with random strangers  You are virtually guaranteed to be subjected to someone who will go all in before the flop on virtually every hand  So you re basically playing slots  You have to decide whether or not to call with virtually no information  For the remainder of the game  no one has any money left  so there is no strategy  It has become just a game of random chance   If they put limits on how much you could bet  especially before the flop  this game could be a lot better  But even with that its still really wouldn t meet my needs  I added this game to spend time with my brother  Now that we re on lockdown and I can t see him this is more important than ever  Their decision to remove that option has meant I haven t played in over a year  I don t miss it one bit  There are plenty of other poker games out there with better features   it seems they removed this feature because they were worried about people starting new accounts and then transferring the money to those new accounts through private rooms  So basically  they removed an essential feature because they couldn t be bothered to come up with a more creative solution to this  Like  say  monitoring whether a particular account is constantly winning money from brand new accounts  Or requiring that you reach a certain level before allowing you to use private rooms  Or having an algorithm that attracts people who throw games  Yeah  they re just lazy 
GOVERNOR OF POKER 3,Posted  June         OMG for a game that claims to be free there sure as hell are a horrible amount of micro transactions  So much so that you can t even see most of the screen for the rotten pop ups prompting you to give all your real life money to play virtual chips   Free to play  don t worry it s not real money so enjoy  NOW GIMME YOUR REAL LIFE CREDIT CARD TO GAMBLE      The players are pretty trash with the immediate  all in  tactics as well which ruins any strategy   Blegh     
GOVERNOR OF POKER 3,Posted  August          No i will not recommend this game to noone cause it is      rigged
GOVERNOR OF POKER 3,Posted  December          Not so bad but not really worth to spend actual cash on it 
GOVERNOR OF POKER 3,Posted  September    Bluff  bluff and bluff  D
GOVERNOR OF POKER 3,Posted  December          This game has always had a great concept  A huge problem with this one though  is that everyone plays like an          going all in constantly before the flop  and hoping for the best  Normally  this wouldn t be a problem to handle for those of us who actually know how to play poker  The only real problem  the game seems to actually reward them for this behavior  It doesn t matter how many times you have the nuts  The douchebags will always get lucky when they go all in with absolutely nothing  Which is literally all the time  The community is toxic as all hell  Actual odds would never allow for such abuse in real life  There are many other  more realistic poker games out there that don t reward this type of behavior  If you play poker like an         and disrespect your opponents  then this one is for you  But if you actually want to play  I highly encourage looking elsewhere for a better experience 
GOVERNOR OF POKER 3,Posted  May          A fun  free poker game  Forget the people that say it s p w  that s nonsense  Why would they put odds in your favor in a gambling game  They d put in odds against you if that s the case    you know  to make you spend MORE money   Really fun poker game  though  I d recommend it      
GOVERNOR OF POKER 3,Posted  January    My very first hand was QQ  so you know it s rigged like all the rest   Here s some things you should know      the game s population is     bots    when a bot sits down  it will go all in non stop with any   napkins  and beat you    when YOU go all in  the bot will snap call you with any   napkins  and beat you    once a bot takes all of your chips  it immediately leaves the room    AK loses     of the time    even with all the bots  it s still better than Poker Championship  BBstudio 
GOVERNOR OF POKER 3,Posted  April   They recently made changes to the UI  that made it more friendly for the mobile crowd  This effectively made the game slower  They also made changes to the rewards system that better promotes Monetization practices  Used to enjoy the game as a wind down  when I needed it  Now it is just painful to play it 
GOVERNOR OF POKER 3,Posted  August         Introduction  Governer of Poker   is a free to play Poker simulation putting multiple players from around the world on one of a variety of tables together in multiplayer to enjoy some good Texas Hold  Em Poker 
GOVERNOR OF POKER 3,Posted  August          if you wanna put some money in the garbage you just need this useless game Devs are just clowns they just banned me in discussion becouse i post the fact that this  game is full of bots ans the blackjack win at         so be CAREFULL DONT GIVE THEM YOUR MONEY 
GOVERNOR OF POKER 3,Posted  August         Money does not transfer into real life  I now cannot send my children to college  And we are living on the streets  I am very hungry  Please send help  I m pretty sure my wife starved to death  And her boyfriend is crying  My son ate his sisters arm  And he then wandered into oncoming traffic  We re gonna eat good tonight guys 
GOVERNOR OF POKER 3,Posted  September         black jack is riggd
GOVERNOR OF POKER 3,Posted  November          can hardly even see the game table with so many ads and microtransaction crap
GOVERNOR OF POKER 3,Posted  July    not a bad game  but don t play its blackjack at any cost  s h it is pure SCAM  bunch of motherf u c kers  RNG certified MY ASS    
GOVERNOR OF POKER 3,Posted  March          Im an gambling addict and have spent not a single penny on this game
GOVERNOR OF POKER 3,Posted  May          blackjack dealer is straight cap only play poker
GOVERNOR OF POKER 3,Posted  March   This is prob one of best  poker  games on steam  not inc VR obv  love all the bonuses etc too BUT     WTF is blackjack odds all about   the dealer completely destroys you  Poker is decent when       arent  ALL IN  every round too  Love Blackjack but this is DEFO RIGGED to death it spoils the game     you will see it clear as day if you play at same table for a while    people can get    and he will match it most of the time  depending on how much u bet      GET IT FIXED FFS as Its not random at all   lol
GOVERNOR OF POKER 3,Posted  April         This is a fun poker game when you first play  but overall I can t recommend this game  Too many people play all in pre flop and that just isn t fun at all after a while  I m convinced this game is rigged in some way to get you to pay real money for chips  I managed to rack up to  m chips pretty quickly  Then suddenly I was losing pretty much every hand due to the last card  now I m getting non stop pop ups about discounts and offers for me to buy chips back  Something just isn t right  Can t recommend  very frustrating game after a while
GOVERNOR OF POKER 3,Posted  October                    bad beat       When I stop paying money in the shop  then bad beats are coming continuously  This game sucks  For the game designer  If you want players to pay  you can charge based on time  Doing this kind of cheating is disgusting 
GOVERNOR OF POKER 3,Posted  December          I only ever played this game with a few friends and had a lot of fun  We d screw around and bet huge amounts of chips on        hands  go all in at the start  say our exact hand  and other gags because it was just us   Now  they ve disabled private tables  so we can t do that anymore  So I can t really recommend this game since it no longer includes the only feature I ever had fun with 
GOVERNOR OF POKER 3,Posted  October          Rigged  they only want your money  Really  dont download this pile of garbadge  If you see people going All in when you have AK board is A   with      o and then hitting   tens you know it must be rigged  No one would make such an idiotic desition in the first place  so I guess its just bots 
GOVERNOR OF POKER 3,Posted  January          Great game  i m new to playing poker and if I can grasp it then anyone can  XD
GOVERNOR OF POKER 3,Posted  April          Full of donkeys  Best hand never holds up  Owners always trying to make you buy their stuff 
GOVERNOR OF POKER 3,Posted  May          As far as poker games go it is at a minimum well attended and you will find a game  There are more varieties than many other PC   mobile ports  I don t mean more mixed games  PLO or Raz or anything  What i mean is levels  achievement etc    You read reviews not to hear fanbois wax on though  You came to learn what it is you wont like about the game and the mentuia no one has shared with you yet   The developers are a touch greedy   Yes its a free game  They have nerfed a whole system to impoverish you at med   large levels increasing your individual risk if you wish you participate in an impactful manner on your team  Which is great im sure they are going to see an uptick in people purchasing   Tim thats really vague    They doubled the prices of already risky   player sit and goes  They doubled heads up which can only be played with thier in game currency  They nerfed Blackjack earnings for team experiance so that risking a million doesnt even net     of what it used to  All kind of scummy moving the first down line kind of moves  They will say they increased the team point give but not as much as they nerfed every other system   I opened a ticket with thier development team  They spoke to   issue out of the   brought up in a much more succict way than this review  All three issues remain unfixed and the one they spoke to hasnt been spoken to again in two weeks   So yeah     free poker  thankfully there is so much compition someone will realize treating players well and edging out huge margins in your favor to screw everyone wont be sustainable over time 
GOVERNOR OF POKER 3,Posted  November          love scamming money out of brain dead neanderthals 
GOVERNOR OF POKER 3,Posted  August         Hands are not random 
GOVERNOR OF POKER 3,Posted  January          rigged
GOVERNOR OF POKER 3,Posted  February          Yeah bots and a cashgrab do not give a cent to this game  Bad chat to try and hide this fact 
GOVERNOR OF POKER 3,Posted  June                    No Chip                                                                                                                                                                                                                                                                                                                                                                                                                           
GOVERNOR OF POKER 3,Posted  December          Do not bother playing this game if you want any semblance of realism to a real poker game  Consistently run into players that either raise all in non stop or if you take them on with AK suited or something along those line  they hit their     off suit on the flop and then hit the  Hahaha  button  just to show how much class they really have  Despite the claims of using  the best  RNG s  some of the most unrealistic scenarios continue to unfold during game play  Final word  don t bother 
GOVERNOR OF POKER 3,Posted  October          DO NOT PLAY BLACKJACK  That crap is rigged beyond belief    Every time you bet something big they score a    into another    while you get cucked on a       and to make it worse  THEY GET    OVER   TIMES IN A ROW IF YOU ARE ABOUT TO LOSE ALL YOUR CHIPS  I wish Steam had a report button for crap like this   
GOVERNOR OF POKER 3,Posted  August         Blackjack is obviously rigged 
GOVERNOR OF POKER 3,Posted  April          Scam and only wants to take your money hora fitta
GOVERNOR OF POKER 3,Posted     October       홀덤만 즐기고 블랙잭은 하지말자
GOVERNOR OF POKER 3,Posted     August       우와 이게임을통해 도박의 위험성을 알게되었어요  
GOVERNOR OF POKER 3,Posted     September       후    니들은 이런겜 하지마라
GOVERNOR OF POKER 3,Posted     August       가장 완벽한 홀덤게임 모바일도 지원했으면 좋겠습니다  PC로만 하기엔 아쉬워요
GOVERNOR OF POKER 3,Posted     May       운빨이 아니다  믿음빨이다  믿으면 이루어지는 게임  근데 상대방의 믿음이 더 강한 경우도 있다 칩을 버는 방법은 극초반엔 무료룰렛을 써야겠지만가장 중요한건 빨리 제대로된 클랜에 들어가는 것이다 이 게임은 매 일주일마다 클랜에 부과되는 팀 첼린지가 있는데나름 괜찮은 클랜은 이 팀 챌린지를 전부 깨버린다 클랜에 속해있기만 해도 받을 수 있는 이 보상의 정도가 매우 쌔서  한번 돌리는데 만원인 메가 스핀을 일주일에 두장씩 받아먹을 수 있다  전설급 모자는 덤
GOVERNOR OF POKER 3,Posted    March       캐주얼한 포커 게임이라 재밌었습니다  다양하게 준비된 포커 게임들이 있고 뉴비를 위한 일일 보상이나 룰렛도 준비되어 있습니다   It was a cool casual poker game I guess  There are various poker games  Blackjack  Sit   go  Holdem  etc   daily bonus and free roulette for Beginner 
GOVERNOR OF POKER 3,Posted     September       본격 룰렛 저축 게임    매일 무료룰렛 저축으로 광산촌동네에서 벗어나 라스베가스 대부호가 되세요   이 게임은 카드게임을 하면 하는족족 다 털어간다는 교훈과 저축을 하면 중박은 친다는 트루엔딩이 존재합니다   무과금으로 시작한다면 포커를 쳐서 갑부가 되는것 보다 무료 룰렛과 무료 칩을 받아서 대부호 샤크  하이롤러  vip 가 되는게 더 빠른 게임   포커게임은 아무리 눈치싸움을 해도 확률 보정이 있는것 같습니다  확률이용을 잘하는 사람은 연속으로 따고나선 잃어야 할타이밍에 일부러 연속 fold 처리를 해서 패작을 막는 모양새를 많이 보게됩니다   그렇습니다  우리는 애매한 카드 확률에 농락당하지 말고 무료 룰렛이나 돌립시다 
GOVERNOR OF POKER 3,Posted     August       SoSo   처음  랩에서   까지는 그림 어느정도 마춰줌 대충 그림만 봐도 땀 이후에   랩 정도부터 엮이기 시작함 플레이 특성에 따라서 다른데 한번 현질 한적이 있는 경우 엮이는게 심해진다고 생각함 또한 해커도 있지만 그냥 재미로 하기에는 무리가 없는 게임  아 또한 스핀엔 플레이이에서 친구초대가 가능하기 때문에 투컴유저나 친구랑 옵션플레이를 하는 경우가 있는데 별로 승률과 관계가 없음  엮임   추가 팁을 주자면 한번 온파이어에 걸리고 기본 바이인에서 금액이  배  배 이상이 될 경우 승률에 영향을 미치게 됨    프로 영향이 옴
GOVERNOR OF POKER 3,Posted     June         게임사가 패 엮어서 잡아놓고 죽이는 것 같은   게임    겜 시작하기 전에 몇몇 평가들 보면 조작됐다  말도 안되게 엮는다라는 댓글들이 잔뜩있어서 그래봐야 얼마나 심하겠어 하고 생각했음   과금도 꽤 많이 했고  또 즐겁게 했지만 포커 실력을 조금이라도 늘려보려고 겜 시작한 내가 이 게임을 접는 이유는  플레이어 엮어서 잡아놓고 패는  게 진짜 너무 심한거 같음   아이러니하게도 나는 이걸로   억칩에서   억칩 가까이  일인가  일만에 만들 수 있었음  이건 진짜   나한테 탄맞은 플레이어들한테 너무 미안할 정도임 걍 이 겜은 포커실력이 거의 필요 없겠다 생각이 들고 어느 순간 겜이 좀 이상하다 싶어서 접어야지 생각하고 걍 매니악마냥 꼴리는 대로 쳤는데  진짜 말도 안되는 상황 많이 봤음       한판에 셋   스트레이트   플러시   풀하우스 이런식으로 만들어 놓고 플레이어가 절대 죽을 수 없는 상황 만들어서 한명한테 몰아주고       이런 상황이 말도안되게 많이 나옴  리버 탄도 진짜 말도 안되게 심함 지금당장 기억나는건 내가 Q       들고 빌런이 AJ 옵숫인가 수딧이었는데 걍 플랍에 Q A X 떨어지니까 아몰랑 올인 박아버렸음 근데 리버에 Q 떨어져서 한명 보내버리고 걍 이런게 계속 나오고  특히 플랍 턴에 스트레이트가 너무 많이 나옴 근데 턴 리버에 플러시로 여지없이 죽여버림       또 토너먼트 형식의 돈놓고 돈먹는 게임 드래곤 벌룬   이건 더 말이 안되는 거 같은 게 겜 하다보면 올인만 하는 플레이어들이 보일텐데 이게 하다보면 왜이러는지 알 수 있음 KK QQ도       같은 패에 걍 넘어가고 BB   에서    으로 올라가는 시점부터는  Kx나 Ax로 PUSH OR FOLD 전략이 내 생각엔 제일 베스트임 왜냐  그냥 이미 이길사람은 정해져있는 느낌이라 너가 AA를 들든 KK을 들든 그런건 아마 상관 없음     뭐 또 다른 걸로는 과금 효율이 진짜 진짜 구리고 수백만원 써도 운없으면 몇억칩 안 모일수도 있음  오히려 과금 안하고 겜 오래한 사람이 칩은 많을 거임 이건 오히려 장점일 수도  슬롯머신은 웬만하면 하지 않는 걸 추천하고  유저가 많고 겜진행이 빠르다는 장점이 있음  글고 팁을 좀 주자면 실력을 늘리려면 오히려 좀 낮은 게임에서 애들 실력이 높은거 같으니 거기서 인생을 건 홀덤을 치면 되고 바이인   M    M 넘어가면 숏스택들고 프리미엄 카드 나올때까지 코만 파거나 플랍만 보고 올인만 치는 애들이 꽤 많고 이 게임에서는 심지어 이게 꽤 잘 먹힘      개꿀  돈벌려면 숏스택으로 올인 각 보다가 먹어야지 딥스택으로 절대 치지 마셈  보이지 않는 힘 에 의해 다 빨릴수도 있고 그런 경우 꽤 많이 봤음  진짜 칩만 버는 게 목적이다라면 숏스택   BB  들고 버튼자리에 가깝거나 버튼에서 프리미엄 카드나 그에 준하는거 나오면 그냥 올인 박아버리셈 다 죽어도 칩스틸 달달하고 칩이 복사가 됨  근데 다들 이래서 겜 자체가 재미가 없음  이게 이 게임의 가장 큰 문제인듯 
GOVERNOR OF POKER 3,Posted     May       이름은 거버너 오브  포커 면서 슬롯머신도 있고 블랙잭도 있는 엄청난 게임입니다  초반에 어떻게든 기본자금을 모은 다음  매일 일퀘만 한다는 생각으로 재미있게 했던 게임입니다  무슨 토너먼트 같은 것도 은근히 자주 열려서 재미있었습니다  캐릭터 커스터마이징은 모자랑 장갑 정도가 거의 끝인 수준이니  프로미넌스 포커가 나을 지도 모르겠습니다   칩 보유량이  억을 넘어가고 이벤트 경기  번 우승해서 반지 게임 내 장식품 까지 얻으니까 어느 순간 흥미가 사라졌습니다  어느 순간부터 일퀘만 하고 끄긴 했는데  의무감이 생긴 순간부터 중독이라는 생각이 들었습니다  아무튼 한때 즐겁게 했던 게임이라는 뜻 
GOVERNOR OF POKER 3,Posted  October          과금유도 확률 조작 게임    일정 금액또는 시간이 지나면 패를 역이게 하거나 안나오게 하여 오링내서  캐쉬질 유도 시키는 게임   
GOVERNOR OF POKER 3,Posted  December          시리즈  편도 재미있게 플레이했었기에  편도 재미있게 플레이하고 있습니다  멀티플레이만 되고 과금유도가 다소 노골적인게 아쉽습니다 
GOVERNOR OF POKER 3,Posted  December          접속도 등신같이 끊기고 인터페이스도 등신같이 조잡하고  이걸로 돈벌어 먹겠다고 걍 서버 닫아라   
GOVERNOR OF POKER 3,Posted  December          세계제일의 게임플레이를 자랑하는 우리나라인데 유일하게 이곳에서만  위가 안나오는 게임임   불가사의   언능 게임메이커가 오셔서 토털  위를 달성해주셔요  현재  위는      억달러를 보유하고 있씀   
GOVERNOR OF POKER 3,Posted  March                                                                                                                          돈질하라고만든게임이고만
GOVERNOR OF POKER 3,Posted  August          현질유도 좃망겜
GOVERNOR OF POKER 3,Posted  September           될놈될 안될안 좇망겜   
GOVERNOR OF POKER 3,Posted  December          운빨 망겜
GOVERNOR OF POKER 3,Posted  April         게임의 천하강자인 한국인이 과연  위자리에 오를수가 있는지 기대가 되내요 텍사스홀뎀카드게임은 도박이 아니라 스포츠게임입니다 부담없이 무료로 즐기셔요 곧 조만간 한국인이  위자리에 오르는 그날까지 한국인의 저력을 보여줍시다  현질은 금물   현질없이  위에 오르는 그날까지 추천합니다 
GOVERNOR OF POKER 3,Posted  January    처음 하는데  레벨높고 이상한 치장한 애가 들어와서   bb들고     올인하기 시작함  이러면 기다림의 싸움일 뿐인지 나에게 개꿀이라 생각했었음  그냥 상대는 핸드레인지     로 올인하고 나는 거기에 맞춰서 승률 높은걸로 콜하면 돈복사되니까  근데 약간 애매한 걸로 하다 몇번 넘어가면 내 멘탈 날라갈 것 같아서 좀더 보수적으로 콜했음  그런데 내가 콜할 때 마다 상대 aa  kk 나오고 내가 ak인데 상대 kt으로 스트레이트 맞추는 등   판 모두 연속으로짐 중간애 다른애가 들어와서 콜하기도 했는데 그 멍멍이 한판빼고    퍼센트로 올인하는데 다 이김
GOVERNOR OF POKER 3,Posted  January          고니를 아냐구요  내가 아는 타짜중에  최고였어요 
GOVERNOR OF POKER 3,Posted  September    도박인 패망의 지름길  적절한 유저간의 경기라면 그래도 해보겠는데   현질유도가 도를 넘음  한게임보다 한수 위라고 봄
GOVERNOR OF POKER 3,Posted  August    개  망겜     
GOVERNOR OF POKER 3,Posted  June    홀덤을 즐기고 싶다면 gogo 
GOVERNOR OF POKER 3,Posted  June    GG
GOVERNOR OF POKER 3,Posted  March    슬롯은 인생망하는 지름길   꼬접할때나 돌립시다
GOVERNOR OF POKER 3,Posted  March   게임이 지루하지않고 계속하게됨     강추
GOVERNOR OF POKER 3,Posted  November          
GOVERNOR OF POKER 3,Posted  September          최고의 홀덤게임
GOVERNOR OF POKER 3,Posted  August          all rigged game  real trash
GOVERNOR OF POKER 3,Posted  August          
GOVERNOR OF POKER 3,Posted  July          I love this game  
GOVERNOR OF POKER 3,Posted  May         블랙잭 하다가 다 털림                칩 있엇는데 블랙잭 딜러가 사기쳐서 이참에 접음  쓰레기 게임 하지마
GOVERNOR OF POKER 3,Posted  April          덕분에 밑장베기를 했다가 옆동네 형한태 손이 짤렸네요  
GOVERNOR OF POKER 3,Posted  March          Cool
GOVERNOR OF POKER 3,Posted  March          최고의 도박게임
GOVERNOR OF POKER 3,Posted  February         시간때우기 좋음   과금유도 좀 있긴한데 과금 안해도 즐기는데는 문제없음
GOVERNOR OF POKER 3,Posted  January         꿀잼임
GOVERNOR OF POKER 3,Posted  October          Product received for free   오 b
GOVERNOR OF POKER 3,Posted  August         돈 다탕진함
GOVERNOR OF POKER 3,Posted  May          이고 렉 자주 발생함  베팅 크게했는뎅 렉걸려서 no connect 뜨묜 딥빡 그거외엔 잼남
GOVERNOR OF POKER 3,Posted  May         친구 있으면 재밌음 
GOVERNOR OF POKER 3,Posted  April          게임으로 돈 버는 것보다 미션해서 버는 돈이 더 큰 게임  자산 레버리지만 조절하면 돈 모으는건 문제 없다  미션으로 돈을 많이 주기 때문    
GOVERNOR OF POKER 3,Posted  February          GOP 를 대략   개월간 플레이 해본 후 남기는 평가입니다   일단 텍사스 홀덤 좋아하시는 분들이시라면 가볍게 즐기기 좋다 생각합니다   가끔 평가란에 현질 내지는 뱅크롤 스택 어렵다는 분들 계시는데 그 말씀엔 동의하기 힘드네요   지금   개월 플레이하였고 현재    M 정도 보유중이라 vip  스타입니다   쭈욱 뱅크롤 쌓아온건 아니고요   vip 달았서 뱅크롤 좀 쌓였다 싶으면 한번씩 슬롯머신으로 돈 홀라당 다 날리곤 해서  몇 번 왔다갔다 했었네요   지금은 슬롯은 그냥 없다치고 삽니다   뱅크롤 스택하시고 싶으시면 슬롯은 멀리하세요   혹시라도 처음 시작하시는 분들 뱅크롤 쌓으시는 법은 그리 어렵지 않으니 다음 몇가지만 유의하세요      매일 접속하셔서 숙제를 하세요  상단 빨간색 아이콘  전기 표시    클릭하시면 숙제들이 있는데요 예를 들어 인 게임에서 howdy 라고 인사하기   명의 친구들에게 선물하기  게임 이기기 등등 숙제들이 있고 이를 수행하면 그날 그날 포인트를 주고 그 포인트가 스택되면 휠 쿠폰이 주어집니다  이 휠로 뱅크롤 더 빨리 쌓으시면 되고요 그리고 팀에 가입하셔야 하는 이유가 팀 챌린지 포인트 쌓기같은 팀 관련 숙제가 있어서 이 포인트는 팀에 가입된 플레이어만 포인트가 주어집니다  그래서 팀은 꼭 가입하셔야 해요      팀 챌린지 포인트를 스택하셔서 보상을 받으세요 일일 숙제 하시다보면 팀 포인트도 스택되는데요 이 포인트도 일정 점수마다 그에 따른 보상이 주어집니다 뱅크롤 스택하는데 도움이 됩니다   위  가지만 하시면서 게임 타이트하게 치시다보면 뱅크롤은 어느새 올라가고 있을겁니다  정말로 홀덤에 재능이 없는것만 아니라면요   다만 이 게임에서 가장 조심해야할건 딱  가지입니다      슬롯 멀리하기  처음엔 슬롯     원짜리로 대략   번 돌려서 잭팟 안터진걸 확인한뒤에       m 이나  m 혹은    m 이런식으로 올려서 슬롯 돌려서 잭팟 터트리는 꼼수로 뱅크롤 쉽게 올리곤했는데  이게 안터질땐    게임이나 돌려도 안터질때가 있어서 대략    m 지니고 있던게 올인났던 적도 있습니다  뱅크롤 스택의 가장 큰 주적은 슬롯임에 틀림없다 생각합니다   절대 슬롯으로 돈 벌 생각은 하지마세요      뱅크롤 대비 너무 큰 게임는 금물  이건 굳이 이유 말씀 안드려도 다 아실거라 생각합니다     줄 요약  현질없어도 충분히 즐길만한 홀덤게임이에요
GOVERNOR OF POKER 3,Posted  January          I paid for it  But it didn t work  How can I fix it  I bought and paid for the item  But the item did not come  How to solve it  Steam does not solve 
GOVERNOR OF POKER 3,Posted  December          그냥 저냥 무난한 포커게임이에요            히힛 돈 다잃었다 접어야징
GOVERNOR OF POKER 3,Posted  November          good game 
GOVERNOR OF POKER 3,Posted  August          그냥 저냥 운겜 킬링타임용 괜찮아요  현질없이도
GOVERNOR OF POKER 3,Posted  July          아   다 잃었어요  
GOVERNOR OF POKER 3,Posted  March          무료룰렛만 돌리면 된다
GOVERNOR OF POKER 3,Posted  February          재미있음 괜찮음
GOVERNOR OF POKER 3,Posted  January         역대 포커겜중 가장 재밌음
GOVERNOR OF POKER 3,Posted  November          its ok
GOVERNOR OF POKER 3,Posted  September          it s greatest texas hold em game in steam ever let s enjoy together  스팀에 있는 카드게임중에서 젤 나은거 같네요   아기자기하고 재밌어요    추천합니다   
GOVERNOR OF POKER 3,Posted  July          정말 재밌습니다
GOVERNOR OF POKER 3,Posted  July          블랙잭만 아니면 포커좋아하는 사람들에겐 갓겜이다    
GOVERNOR OF POKER 3,Posted  May          생각보다 많은 게임모드
GOVERNOR OF POKER 3,Posted  September          돈 탕진까지 얼마나 오래 할수잇나 해보기 재미있는 게임입니다 오늘은 과연 탕진까지 몇분이 걸릴까
GOVERNOR OF POKER 3,Posted  June         good
GOVERNOR OF POKER 3,Posted  February          장점     크로스플랫폼이라 다른 스팀 포커 게임에 비해서 동접자가 훨씬 많습니다    현질 하지 않고도 좋은 클랜  주간 챌린지를 열심히 하는 클랜 에만 잘 들어가면 높은 계급에 진입하는게 가능합니다    보상이 낮은 무료룰렛을 돌릴수 있는 기회가 많습니다   단점    한번 파산하고 나면 복구가 매우 힘듭니다  파산 후에는 현질을 할 수 밖에 없습니다    이 게임은 미묘한 확률보정이 있다고 느끼는게  한번 패배하기 시작하면 밑도 끝도 없이 패배하는 경우가 있더라구요  패배할 타이밍  에 알아서 멈춰야 하는게 그게 말이 쉽죠      올인충이 너무너무 많습니다  특히 VIP급 이상이 저티어 쪽으로 내려와서 올인룰렛을 돌리는 경우가 꽤 있습니다  룰렛은 말그대로 룰렛이라 한번 딸 때는 많이 딸 수도 있지만 잃는것도 순식간입니다 
GOVERNOR OF POKER 3,Posted  May          개꿀잼
GOVERNOR OF POKER 3,Posted  May          이거 옛날에  인가 집에서 컴터 상대로 열심히 했었는데  이렇게 세월이 흘러 기술이 발전하여  멀티플레이로 전세계 사람들과즐길수 있다니    홀던 포카 좋아하는 사람들한텐 할만한게임  여기서 딴돈 실제 스팀머니로 바꿔주면 사람들 환장할텐데   
GOVERNOR OF POKER 3,Posted  February          도박은 몸에 해롭습니다  
GOVERNOR OF POKER 3,Posted  January         재밌어요 홀덤만 해봄 안 끊김
GOVERNOR OF POKER 3,Posted  November          블랙잭 빼고는 정말재미있다 블랙잭은 정말 어이가없을정도로 막장임
GOVERNOR OF POKER 3,Posted  March          It s simple and fun  But I can t change my profile picture 
GOVERNOR OF POKER 3,Posted  March                  lost SIGNAL  it doesn t play well in wi fi
GOVERNOR OF POKER 3,Posted  March         재미있음  단지 게임을 게임으로만 즐기기를  
GOVERNOR OF POKER 3,Posted  February          Really good game
