title,review
ROMANCE OF THE THREE KINGDOMS XII WITH POWER UP KIT,Posted     February       Fun game but disappointing  Some what poor design  Now every faction can cast spells  that ruins the strategy  Every general has one unique power that they just keep activate over and over  Also war is now in real time instead of turns  which force you to automate  You can t click faster than computer while controlling ten armies  Duels are ridiculous  you can have higher strength and still lose to a weak general  One of the poorer one in RTK series  If you really like RTK and wants to play it  wait till sale  Also no English support  Good thing I can read Chinese  Sad to see this is where RTK headed 
ROMANCE OF THE THREE KINGDOMS XII WITH POWER UP KIT,Posted     January                           
ROMANCE OF THE THREE KINGDOMS XII WITH POWER UP KIT,Posted    November       Just use the google lens om ur mobile and translate the language barrier
ROMANCE OF THE THREE KINGDOMS XII WITH POWER UP KIT,Posted    August       I cannot save the game  This is not acceptable  there is no way to play this game without saving
ROMANCE OF THE THREE KINGDOMS XII WITH POWER UP KIT,Posted     November       everytime i try to save my process  it wont allow me  anyone is having the same problem 
ROMANCE OF THE THREE KINGDOMS XII WITH POWER UP KIT,Posted    March       idk id love to keep playing rotk games but i cant speak japanese and i didnt realize it would be in another language when i bought it  would love to play it but hey      americans right
ROMANCE OF THE THREE KINGDOMS XII WITH POWER UP KIT,Posted     September                          
ROMANCE OF THE THREE KINGDOMS XII WITH POWER UP KIT,Posted     October       Very good game  But i can t use the create new item function cause i can t tpye any words in the game  Why use SJIS       Create new person is usable because there is a random name function  Don t think about name something you want  Can t even edit it in the files  or maybe is just me being stupid 
ROMANCE OF THE THREE KINGDOMS XII WITH POWER UP KIT,Posted     June       To address the black screen issue with win   OS     open the properties of the San  WPK exe program  tick  run this program in compatibility mode for   and select  windows        tick  reduced color mode   and select     bit         color      launch the game in windowed mode  Done  enjoy the game with videos 
ROMANCE OF THE THREE KINGDOMS XII WITH POWER UP KIT,Posted     November                                                                                                                                                                                                                                  PS Steam             
ROMANCE OF THE THREE KINGDOMS XII WITH POWER UP KIT,Posted  August   It is a hidden gem   not recognized for being great because lots of people including me need it to be in English too 
ROMANCE OF THE THREE KINGDOMS XII WITH POWER UP KIT,Posted  July       
ROMANCE OF THE THREE KINGDOMS XII WITH POWER UP KIT,Posted  June    geo
ROMANCE OF THE THREE KINGDOMS XII WITH POWER UP KIT,Posted  September          game too old for      and its very boring  the map is big and divided into    cities  each city you control has individual buildings to upgrade  too many same things to do and it feels like time wasting af
ROMANCE OF THE THREE KINGDOMS XII WITH POWER UP KIT,Posted  September          not bad for    bucks
ROMANCE OF THE THREE KINGDOMS XII WITH POWER UP KIT,Posted  January          The game battle scene is so laggy anyone having this issue is so slow compare to the older version and lag
ROMANCE OF THE THREE KINGDOMS XII WITH POWER UP KIT,Posted  February          not that bad  at least i spent almost     hrs playing the game
ROMANCE OF THE THREE KINGDOMS XII WITH POWER UP KIT,Posted     June       다들 희대의 망작이라하지만 저한텐 인생작입니다   다만 영상이랑 엔딩크레딧이 까맣게 나와요    창모드로 해도 해결 안되네요 한글패치법 올려주셔서 감사합니다 
ROMANCE OF THE THREE KINGDOMS XII WITH POWER UP KIT,Posted     February       Product received for free  한글판이 있어으면 했는데 좀 아십네요
ROMANCE OF THE THREE KINGDOMS XII WITH POWER UP KIT,Posted     February         
ROMANCE OF THE THREE KINGDOMS XII WITH POWER UP KIT,Posted     October       세이브가 되지 않아서 여기저기 검색을 해보았지만 해결방법이 없어서 환불했습니다 
ROMANCE OF THE THREE KINGDOMS XII WITH POWER UP KIT,Posted    July 장점   단순하지만 챙길건 챙긴 내정  실시간으로 바뀌면서 재밌어진 전투  유저패치  자체모딩 가능 단점   전투시 확대가 많이 안되서 난전시 유닛이 안보임  맹습돌격 적용 안되는 버그를 내버려둠  밸런스 조절 실패
ROMANCE OF THE THREE KINGDOMS XII WITH POWER UP KIT,Posted     May       이 게임 어떻게 한글패치하죠 
ROMANCE OF THE THREE KINGDOMS XII WITH POWER UP KIT,Posted     January       한국인들을 위한 한글패치법   돈에이 야매연구소에서 한패를 받습니다  두개 다 받아주심 됩니다  https   ameblo jp doneiyame theme             html  한패파일의 압축을 풀고 C  Program Files  x    Steam steamapps common San  WPK 요기에 덮어주시고 san  pklauncher exe 파일이랑 san  wpk exe 요 두개 파일은 삭제해줍니다  그 다음에 san  pk exe 파일의 이름을 san  wpk exe로 바꿔줍니다   스팀에서의 플탐기록은 정상으로 됩니다만 버그때문에 그런건지는 몰라도 스크린샷이 안찍히더군요
ROMANCE OF THE THREE KINGDOMS XII WITH POWER UP KIT,Posted    August       윈도우   에서 해상도 안 맞아서 화면이 너무 확대되어 나오는 경우에는 실행파일 우클릭  properties  compatibility  Change high DPI settings  체크 상자 두 가지 모두 체크해주시면 됩니다   Use this setting to fix scaling problems for this program instead of the one in Settings  Override high DPI scaling behavior  Scaling performed by  저는 영문판 윈도우인데 한글판도 단어 직역해서 같을 겁니다 
ROMANCE OF THE THREE KINGDOMS XII WITH POWER UP KIT,Posted     April       망작과 명작 사이의 아슬한 줄타기               삼국지  는 와룡특기나 코스트모드 같이 유저들의 혼을 담은 노력으로 심폐소생한 작품이다  밸런스 패치 등을 통해 백도어만 자제하면 전투는 시리즈 중에 꽤 높은 점수를 받을 만하다  건물을 짓고 담당관을 배치하는 시스템도 직관적이고 괜찮은 편이다  전작과 마찬가지로 역시 패치없이 순정으로 즐기기엔 무리가 있으며   편에서도 지원하던 와이드 해상도를 지원 하지 않는 것은 이해하기 어렵다 
ROMANCE OF THE THREE KINGDOMS XII WITH POWER UP KIT,Posted    September       어렸을 적 해봤던 삼국지    pk 정품으로 사서 해야지 하고 샀는데 매우 후회 중 추억은 추억으로만 남겨두어야 함  저장이 불가능  구글링을 해도 정보가 없음 로케일 시뮬레이터도 써봤지만 그대로 삭제후 중국어로 재설치하여 실행해보았더니 저장은 됨 근데 말을 못 알아 먹는데 게임을 어떻게 하라고  스팀의   년  월 한국어 리뷰와 모 커뮤니티의   년  월 글을 보아하니 나 하나만의 문제가 아닌 것 같음 정말 대단한 코에이 난 이제 환불하러 간다
ROMANCE OF THE THREE KINGDOMS XII WITH POWER UP KIT,Posted  November          Achievement  First wish list   playing game with Father
ROMANCE OF THE THREE KINGDOMS XII WITH POWER UP KIT,Posted  August            
ROMANCE OF THE THREE KINGDOMS XII WITH POWER UP KIT,Posted  July            이 더 재밌었지만   해보니   는 선녀였다    
ROMANCE OF THE THREE KINGDOMS XII WITH POWER UP KIT,Posted  June          세이브가 계속 안되는데 해결 방법있을까요    
ROMANCE OF THE THREE KINGDOMS XII WITH POWER UP KIT,Posted  August    Product refunded  한글판 버전좀 만들어주세요
ROMANCE OF THE THREE KINGDOMS XII WITH POWER UP KIT,Posted  July   한글 지원을 안해서 셀프로 한글패치를 하니까 렉이 너무 심하게 걸림 
ROMANCE OF THE THREE KINGDOMS XII WITH POWER UP KIT,Posted  October          최적화 바랍니다
ROMANCE OF THE THREE KINGDOMS XII WITH POWER UP KIT,Posted  April          최애 삼국지 게임
ROMANCE OF THE THREE KINGDOMS XII WITH POWER UP KIT,Posted  December          아아 개노잼
ROMANCE OF THE THREE KINGDOMS XII WITH POWER UP KIT,Posted  November          일러스트 보는 맛은 괜찮습니다    보다 일러스트가 보기 좋습니다    에 비해 내정을 매우 간소화해서 처음 플레이 하시는 분들도 큰 무리 없이 플레이 가능합니다  다만  장수 가 내정부터 전투까지 모든 것에 영향을 주기에 약소세력으로 플레이하기는 살짝 힘들 수 있습니다  여러가지로 비판받는 게임이지만 맘편히 시간때우는 용으로는 괜찮습니다   ps  가격은 정말     정떨어지게 만듭니다 
