title,review
SHOGUN SHOWDOWN,Posted     August EARLY ACCESS REVIEW Scratches the same itch as Into the Breach 
SHOGUN SHOWDOWN,Posted     June EARLY ACCESS REVIEW amazing game  got lucky and beat it on my second run  but only because i spent hours in the demo
SHOGUN SHOWDOWN,Posted     June EARLY ACCESS REVIEW I wish there was an undo button because I m dumb
SHOGUN SHOWDOWN,Posted     June EARLY ACCESS REVIEW Game is awesome  Easy to pick up and satisfying to play 
SHOGUN SHOWDOWN,Posted     July EARLY ACCESS REVIEW Man  such a simple game but really gets its hooks into you  Turn based tactics roguelike  reminds me a bit of Into the Breach   you mostly have perfect information  and understand what everything on the field is going to do  but that only means you feel dumber when you don t anticipate how everything will play out  But when you do  you feel incredible 
SHOGUN SHOWDOWN,Posted     August EARLY ACCESS REVIEW A simple game with a simple concept yet complex enough to make you regret your careless decisions   Shogun showdown is a turn based roguelite game set on a horizontal playing field  Here s some basic information   Game Details Turn based  but almost everything you do with cause you a turn  Moving  changing direction  adding an attack to queue  actually attacking will all cost one turn  Enemies will take this chance to perform the same actions as you do with one exception  They have to announce an attack before actually attacking  The battle field is on a horizontal line  Enemies must have a line of sight of you before they can attack  This means that  if another guy is standing between you and the other enemy  the enemy at the back will only attack after the guy in front is gone  Of course enemies can still creep up behind your back so in most cases  you will only have two attacking parties simultaneously                All in all  with the relatively low price  shogun showdown is a very entertaining roguelite suitable for short    minute runs  Recommended full price  and a must get when on sale       EDIT    Revised spelling  EDIT    Fixing the bold
SHOGUN SHOWDOWN,Posted     August EARLY ACCESS REVIEW I absolutely love this game  I racked up well over    hours on the old build demo versions  and expect I ll be getting into      hours in the official release  Which is especially impressive as I m not a big gamer like I used to be   It s all about the combat system  The movement and tile system is easy to understand  and after a few runs you ll be able to memorize how each enemy behaves  If I have anything bad to say it s that in early runs  you may be confused as to how certain bosses and their abilities work  But since the game is meant to be ran through over and over  you ll understand quickly   Using different tiles and upgrading them in various ways scratches that itch for deck building drafting  The predictability of the enemies keeps you from feeling like things are ever unfair  It s a perfectly FAIR game  That is  when you die it never feels like it s unreasonable  It s always the player who could have done better  Either because of a major misplay or because you just haven t been keeping the whole run tight  Some deck building rogue likes like Slay The Spire for example   I still love that game  sometimes just give you awful runs  you get bad cards  run into unreasonable obstacles  If you want a more consistent  skill testing experience  Shogun Showdown is for you  Of course RNG still matters in Shogun Showdown  some tiles are really good in a ubiquitous fashion  like the spear  and some are difficult to use like traps  But every tile has a home in some sort of build  optimized or not   Part of the satisfaction also comes in the ability to process and play quickly  There is no time limit  but there are achievements and goals to play faster  It can be extremely satisfying to execute a plan  thinking several steps ahead of the AI   Is it a perfect game  Almost  I certainly can t think of any major flaws  This is an anomaly and the creators should be beyond proud  The aesthetic and sound design are just the cherry on top  I still had a blast when the graphics were simpler  and the sound design more primitive  but in the full release everything feels snappy and satisfying  This is one of those rare games where I really can t criticize much  The only thing I wish was present would be a popup when hovering over abilities which show their description during combat 
SHOGUN SHOWDOWN,Posted     June EARLY ACCESS REVIEW I woke up early for this game sat on my computer spamming refresh until it came out played it for an hour and thirty minutes and beat the game    worth it      
SHOGUN SHOWDOWN,Posted    July EARLY ACCESS REVIEW I wish I could play this with Gamepad controls on Steamdeck  but only because I want to play it more than I have already   Really great game  a little like Into The Breach in the way you can plan out a few steps ahead  but also kind of a programming game as you re stacking up commands  Really excited for more content to come out     Would love an undo button because I do sometimes press the wrong key  Also  I d actually really like an upgrade to be able to lock in more tiles  so that you can really plan ahead 
SHOGUN SHOWDOWN,Posted     June EARLY ACCESS REVIEW Shogun Showdown is one of the most clever roguelikes I ve played recently  It has satisfying controls  tight and engaging combat  a great variety of encounters and weapons  even in Early Access   and some of the best overall visual design I ve seen  Every encounter feels like a dance  as you weave your way through and around the web of enemy attacks  finding the right time to prepare and the right time to strike  Moving around feels great   this game can be played with only a mouse  with movement bound to the scroll wheel  and it works so elegantly it s a wonder this hasn t been done before  I ve sunk many hours into the various demos and prototypes for this game  and I plan to play this for many more hours to come  If you like turn based roguelikes  but you want something completely new and different from what has come before  you owe it to yourself to check this game out 
SHOGUN SHOWDOWN,Posted  June    EARLY ACCESS REVIEW This game is a masterpiece already   Rarely have i ever played such a simple yet addicting game  Simply playing for    minutes you feel like you ve got the whole thing figured out  No long tutorials  no  cards  to read through  You simply learn what each attack does once  and then it becomes this mix of strategy and intuition on what to use  where to move etc   I feel like this game sort of reminds me of  Slay the Spire  on tranquilizers  and that s a good thing  Instead of having a thousand complex cards  this game uses the movement system to dodge enemies  and make them hit each other  In a way you could see it as a child of Slay the Spire and Into the Breach  both fantastic and addicting strategy games in their own right   If you like any of these two games  then do yourself a favor and buy this game 
SHOGUN SHOWDOWN,Posted  July    EARLY ACCESS REVIEW This is the kind of game that I wish I had made  The mechanics are so tight  so interwoven with each other  and the execution is so clean and fantastic   I get a lot of Into the Breach vibes while playing this  in a good way  I love the ability for you to really plan out your turns  and know almost exactly how things will play out  but once you get good  you can speed through turns  making you feel like you ve mastered the game   I do think it could stand to be a tad more difficult  I beat the game on my first run  I did play the demo a bit   Felt like it should be a bit more challenging 
SHOGUN SHOWDOWN,Posted  July    EARLY ACCESS REVIEW Even though it s still very early on  It s version like       or something like that as of writing this  it already feels very polished  Haven t encountered any bugs yet  and the strategy involved in the combats and deckbuilding is very satisfying  there s a decent amount of tiles and passive abilities so far  and I m guessing more to come  and you have a lot of options in terms of how you want to build out your character on each run  The   available classes feel surprisingly varied too  my favourite is the Shadow  who s all about quickly weaving back and forth in and out of enemy range  The aesthetic is also gorgeous  with some of the music tracks especially being total earworms  My one suggestion is if you re playing on Steam Deck  make sure you spend some time fiddling with the controls  the control stick with the default mapping has a tendency to accidentally trigger a double move  I wound up remapping the W A S D keys to the control pad and haven t had any issues since then 
SHOGUN SHOWDOWN,Posted  June    EARLY ACCESS REVIEW Amazing strategy game for its value  Id pay    for this easily
SHOGUN SHOWDOWN,Posted  June    EARLY ACCESS REVIEW cool game  Alot like into the breach  Its has a simple design  easy to understand  one handed controls and you can feel smart and do sick combos 
SHOGUN SHOWDOWN,Posted  July   EARLY ACCESS REVIEW  Highly Recommended  This game is an elegant dance between you and your opponents 
SHOGUN SHOWDOWN,Posted  September    EARLY ACCESS REVIEW I have done literally everything there is to do in this game  can t wait for more content to be added       
SHOGUN SHOWDOWN,Posted  August    EARLY ACCESS REVIEW at    hours im over it  would love to see additional content but for     it s great
SHOGUN SHOWDOWN,Posted  July   EARLY ACCESS REVIEW Felt compelled to leave a review after finally beating the big boss for the first time  this game is extremely charming and I adore it wholeheartedly  GJ DEVS   I heavily fw the overall vibe and aesthetic presented here  This is scratching that roguelike itch of a rabbithole I ve fallen into  looking at you Slay the Spire and Hades      My only gripe so far is the inability to rebind hotkeys and controller support  Otherwise  for something in Early Access  this feels incredibly polished 
SHOGUN SHOWDOWN,Posted  October   EARLY ACCESS REVIEW A superb and deep roguelike experience  Shogun Showdown is one of the most fun indie games I have ever played  and this package is already great even during early access       
SHOGUN SHOWDOWN,Posted  July   EARLY ACCESS REVIEW Good stuff
SHOGUN SHOWDOWN,Posted  June    EARLY ACCESS REVIEW Great spin on the roguelike genre  Have been enjoying this game for sure 
SHOGUN SHOWDOWN,Posted  August    EARLY ACCESS REVIEW Stepping into the world of  Shogun Showdown   I immediately felt the adrenaline and precision of a ninja s life  The turn based combat is ingeniously paired with a swift execution mechanism  just a press of the space bar  and a series of meticulously planned actions play out in a heartbeat  This combination ensures that  with experience  every battle unfolds with lightning speed  capturing the essence of a ninja s deadly efficiency   The depth of strategy demanded by this game is remarkable  As I upgraded my tiles and honed my combos  each choice became an integral part of my journey towards confronting the Shogun  But it s not just about the combat  The replayability here is exceptional  Every new playthrough brings fresh challenges  characters  and skills to the table  ensuring a unique experience every time   Considering this is still in its alpha stage  the potential  Shogun Showdown  showcases is immense  If you re seeking a game that offers a blend of strategy  swift action  and the thrill of mastering every encounter  then this is well worth the full price tag         Dive in and embrace your inner ninja  Highly recommended 
SHOGUN SHOWDOWN,Posted  July    EARLY ACCESS REVIEW comfy masterpiece
SHOGUN SHOWDOWN,Posted  June    EARLY ACCESS REVIEW Spent many hours on the demo  now spending many more here  Great game  easy to pick up  hard to master 
SHOGUN SHOWDOWN,Posted  August   EARLY ACCESS REVIEW Great game  but I ve beaten it in   hours  unlocked all tiles in   
SHOGUN SHOWDOWN,Posted  July    EARLY ACCESS REVIEW Seeing something this sleek and elegant emerge into a world still ruled over by AAA dinosaurs  passing around the same three brain cells  makes me wish for a Cretaceous Tertiary extinction event 
SHOGUN SHOWDOWN,Posted  June    EARLY ACCESS REVIEW Fun game  nice to kill a few minutes to roughly an hour once in a while  has a surprising tactical depth  manipulating the enemies is not only advised but essential to have some really good runs
SHOGUN SHOWDOWN,Posted  October   EARLY ACCESS REVIEW I absolutely adore this game  Even in the early access stage  the game is virtually bug free and well worth the full price   Just try out the demo and see if this is your cup of tea 
SHOGUN SHOWDOWN,Posted  October    EARLY ACCESS REVIEW Easy to pick up  hard to master  stylish graphics  retro music  addictive gameplay  Strong Into the Breach vibes  Challenging  but not impossibly hard  Perfect game for short to medium sessions on Steam deck 
SHOGUN SHOWDOWN,Posted  October    EARLY ACCESS REVIEW Finally a good game with a really fun gameplay loop 
SHOGUN SHOWDOWN,Posted  July    EARLY ACCESS REVIEW I haven t had this much fun in a rougelike for a while since maybe ROR   This for   bucks is a steal
SHOGUN SHOWDOWN,Posted  June    EARLY ACCESS REVIEW This is like one of the best rouge like I played  Its quite hard but it still enjoyable       
SHOGUN SHOWDOWN,Posted  June    EARLY ACCESS REVIEW wonderful and well designed martial arts card combat game that even manages to get the japan vibes working i m impressed  
SHOGUN SHOWDOWN,Posted  August    EARLY ACCESS REVIEW Great game   It s like  D Into the Breach in the best way  I love builds y roguelites and this is a good one  I was surprised by how many different play styles work well  I hope this game continues to expand in size as what s here is a gem 
SHOGUN SHOWDOWN,Posted  July    EARLY ACCESS REVIEW Another masterpiece in puzzle rogue likes  It s hard to compare it to anything because it has a very unique gameplay system  Music is good too  It has a fair amount of content with more promised to be on the way  There are a lot of challenge runs and a few different characters to try out 
SHOGUN SHOWDOWN,Posted  October   EARLY ACCESS REVIEW Pick this game up when it first released and it has rapidly become one of my all time favourites   For me it sits firmly in the same category as into the breach  perfectly distilled turn based combat down to it s core  Pulling off a good combo feels amazing and rewarding  animations are great  soundtrack is way better than it has any right to be   Keep up the great work devs 
SHOGUN SHOWDOWN,Posted  July    EARLY ACCESS REVIEW Everything about the game is great  there just needs to be more of it  As it currently exists  it is far too short and features far too little content  I m still recommending it because the price is worth the current content and its still early access  so hopefully there is more content to come
SHOGUN SHOWDOWN,Posted  July   EARLY ACCESS REVIEW Very solid game  It feels a lot like programming in a way  You have to queue attacks and plan the best way to attack a wave of enemies  Because it s turn based  you benefit from taking a moment to stop and look at things  Even though I haven t finished it  I want to see this game succeed  I definitely recommend giving it a try 
SHOGUN SHOWDOWN,Posted  June    Product received for free  EARLY ACCESS REVIEW Strong core gameplay with a lot of depth  giving the player a lot of room to excel  The randomness keeps you on your toes and there are a lot of fun tools and mechanics to experiment with 
SHOGUN SHOWDOWN,Posted  July    EARLY ACCESS REVIEW this is basketball right here
SHOGUN SHOWDOWN,Posted  July    EARLY ACCESS REVIEW Good indie roguelike in a sea of bad average ones 
SHOGUN SHOWDOWN,Posted  July   EARLY ACCESS REVIEW Great start to a hopefully continually updated game  combat is unique and intuitive  the strategy is very deep and its just really fun to play
SHOGUN SHOWDOWN,Posted  September    EARLY ACCESS REVIEW It took me a run or two to get used to the controls  But after that it has been a blast  The turn based combat can make you feel like a ninja samurai badass 
SHOGUN SHOWDOWN,Posted  August    EARLY ACCESS REVIEW One of the most creative and well thought out roguelikes I ve seen in a long time  I have literally zero issues with the game  including visuals  music  and even bugs getting fixed nearly immediately after submitting reports  Great game  very excited for its future  needs more attention  you know the drill 
SHOGUN SHOWDOWN,Posted  July   EARLY ACCESS REVIEW This game is super cool  me and my friend used to play the itch io version before this was on steam  in our programming class  The game is fairly short but as someone who has never enjoyed a turn based game  this game manages to make it feel so satisfying I can t help but love it  All i have to say is that the game is super fun despite being fairly short  It has a lot of replayability  Very fun game
SHOGUN SHOWDOWN,Posted  July   EARLY ACCESS REVIEW Fun little game  Definitely needs a lot more content  I took the time to unlock all the characters and beat the game  It was a fun experience all together very short though 
SHOGUN SHOWDOWN,Posted  July   EARLY ACCESS REVIEW This game is really fun  Everything from its asthetic to gameplay feels amazing  There is already a lot of content in the game  but still looking forward to more content 
SHOGUN SHOWDOWN,Posted  July   EARLY ACCESS REVIEW Fun Slay The Spire esque game  less deck building and no card draws during combat   Main criticism I have besides   customizable hotkeys is that the enemy spawn mechanic discourages using your attacks to combo kill many enemies at once  There s also a general lack of clarity  no number for Boss HP  arbitrary enemy spawns  and no ability descriptions in the shop    Although at the typing of this review the game isn t fully released  for instance the last  day   difficulty  is just at    compared to STS s normal      Ascension levels so hopefully these will be fixed
SHOGUN SHOWDOWN,Posted  August   EARLY ACCESS REVIEW once I finally wrapped my head around its controls on keyboard  Shogun Showdown revealed itself to be an incredibly satisfying tactics game where the battles contain such a cathartic thrill when you absolutely rip through one of its battles without taking a single tick of damage  the pixel art is also very delightful   for more thoughtful recommendations of the best games on Steam  check out my curator  The Absolute Finest 
SHOGUN SHOWDOWN,Posted  July    EARLY ACCESS REVIEW This is hands down  without a shadow of doubt  one of the most games of all time 
SHOGUN SHOWDOWN,Posted  October   EARLY ACCESS REVIEW Really fun pacing your tiles and spacing your fights
SHOGUN SHOWDOWN,Posted  October   EARLY ACCESS REVIEW It s very easy to get into  Simple to learn and has depth to it
SHOGUN SHOWDOWN,Posted  October   EARLY ACCESS REVIEW very fun
SHOGUN SHOWDOWN,Posted  October   EARLY ACCESS REVIEW Amazing tactical puzzle roguelike 
SHOGUN SHOWDOWN,Posted  October    EARLY ACCESS REVIEW Fun  simple but evolves well with really well thought out progression  Very enjoyable  great mix of a rogue like strategy with rewarding your ability to take risks and moderately punishes snap plays when you stop paying attention  the addition of content has been quality
SHOGUN SHOWDOWN,Posted  October    EARLY ACCESS REVIEW One of the best new Rouge lites I have played  If you like Into the Breach or turn based strategy games  this game will scratch that itch  Its a game thats simple to learn  hard to master  Simple mechanics with so many variety which makes it complex   Since this is early access  the game will only get better but even right now theres a lot to love  Props to the developers for making a really good game
SHOGUN SHOWDOWN,Posted  August   EARLY ACCESS REVIEW Absolutely incredible game  Just when you think every turn based roguelike is going to be a copy of the rest  a game like this comes out of nowhere   If you like the positioning shenanigans of Into The Breach  I would imagine you will love this game  The deck building element is rather lite  to be honest  but with so many games so heavily emphasizing that part  Slay The Spire  Monster Train  etc    which I played through all the ascension levels of each  the emphasis on positioning and movement here is extremely refreshing   They just put out a road map for adding more islands  difficulty levels  and imminently  controller support  although I played it on Steam Deck fine even without this  just using the trackpad   This will make the game even better  It s clear it doesn t have quite all of its content yet  but you can absolutely enjoy it a ton right now  I ve been hooked since finding it          Do not miss 
SHOGUN SHOWDOWN,Posted  June    EARLY ACCESS REVIEW I ve been waiting for this game to drop for the longest time  The demo was amazing and I m happy early access finally dropped  This was worth the wait and it s so addicting  I wish I had the time to play a lot more but this game is what I look forward to after a long day of work   Update  After about   hours of play I ve unlocked all available tiles and characters  I ve beat the Shogun on each character once or more but find myself getting stuck towards the end of Day   on my runs  I really find that my runs lack synergy and very rarely get enough coins for perks   upgrades   My critique is that this game is extremely fun and addictive however I would love to see more synergies between tiles and perhaps have a way to reduce the RNG for the tiles you want in a run  especially if you have all of them unlocked already   This game is hugely underrated and needs more people talking about it  Excited to see what the devs have in store for this 
SHOGUN SHOWDOWN,Posted  July   Product received for free  EARLY ACCESS REVIEW Straight forward and to the point Shogun Showdown will not boring you with eye candy or narrative  You start the game and go through some rather strategic turn based action in which you have to survive waves of foes while using a variety of various abilities and weapons  It s actually rather surprising given how basic the game appears on the surface but how much complexity there is already in the strategy section  You must truly consider what you want to achieve and how you intend to engage your next foe  Because they do take damage from one other  you can even use their skills against them depending on the type of character you choose   The game is enjoyable for around       minute periods as a way to pass the time  but I couldn t see myself sitting through longer than that  not because it isn t enjoyable  but because it s more of a game to play in small bursts when you want to play strategy  Reasonably priced too for what you get 
SHOGUN SHOWDOWN,Posted  July    EARLY ACCESS REVIEW my favorite game of     
SHOGUN SHOWDOWN,Posted  July    EARLY ACCESS REVIEW Pretty Good
SHOGUN SHOWDOWN,Posted  October   EARLY ACCESS REVIEW I love it 
SHOGUN SHOWDOWN,Posted  July    EARLY ACCESS REVIEW More pls
SHOGUN SHOWDOWN,Posted  July    EARLY ACCESS REVIEW Well thought out mechanics  and a good core idea  Fun game  but it does need a faster animations option 
SHOGUN SHOWDOWN,Posted  June    EARLY ACCESS REVIEW So far it is quite fun  The mechanics are simple and easy to understand   it manages to feel surprisingly action packed for a turn based game  I kinda want more games to implement turn based duel style combat   There isn t too much content yet   it is one of the easier rogue likes out there I actually won my very first run in the game  which never happened in a rogue like before  Granted  I did play the demo once before  but I m still not used to it   but even if u just wanna play through it once with every character  you will still get a couple of hours worth of playtime out of it 
SHOGUN SHOWDOWN,Posted  September   EARLY ACCESS REVIEW pee ass
SHOGUN SHOWDOWN,Posted  October    EARLY ACCESS REVIEW Very gud
SHOGUN SHOWDOWN,Posted  October   EARLY ACCESS REVIEW Game is great
SHOGUN SHOWDOWN,Posted  July    EARLY ACCESS REVIEW super fun and chill  i play it when im taking a break from other games
SHOGUN SHOWDOWN,Posted  July    EARLY ACCESS REVIEW interesting game  pretty fun  I keep bumping the wrong buttons and screwing myself which is pretty frustrating 
SHOGUN SHOWDOWN,Posted  June    EARLY ACCESS REVIEW First        Good game
SHOGUN SHOWDOWN,Posted  July    EARLY ACCESS REVIEW I m going to be very critical about this game and it s the first time I give a negative review  but with the  overwhelmingly positive  reviews so far I reckon the game can survive a negative one  The game costs less than    quid  so buy it away if you know what you  re getting  I played the Prologue first so I knew what I was getting but I got it anyway because it s so cheap   The tl dr of it is that I found the game more frustrating than entertaining  and while I keep coming back for the elegant simplicity of its design  the game punishes me with boredom instead of rewarding me with enjoyment   First  the game  You play as one of three characters  You start as  The Wanderer   and there are two more characters that have to be unlocked  So far I have unlocked one other character   The Ronin   The two characters I ve seen have different starting  tiles   moves they can make  and different specials  The Wanderer can move through enemies  while The Ronin can push enemies back   To unlock The Ronin and the other character you have to defeat a boss for each  Defeating  The Twins  unlocks The Ronin and to unlock the third character  whose name I don t know because I haven t unlocked it  you have to defeat  Nobunaga the Wicked   I am going to go out on a limb and say that  Nobunaga the Wicked  is the final boss  but I ve only reached to  The Statue   one boss after  The Twins   so I don t know  Maybe the final boss is Eren Yeager   The game loop is a turn based fight in essentially two dimensions  Each level consists of a few squares that can be occupied by one character or enemy at a time  Movements are to the right or left only  but some moves can effectively teleport a character through multiple others  sometimes striking them in the process  Besides moving you can fire off attacks and special moves by choosing a  tile   like a card   Tiles are placed on a Last In First Out stack and the stack resolves  hint hint M tG hint  with the press of a button  at which point all the tiles in it are executed without interruption   When you kill an enemy  they might drop some coins or potions  Potions give you temporary power ups or heal   HP  you start with      The healing point is    edamame  Wha  After every fight you find a sort of idol where you can upgrade your current tiles  or two pedestals offering you one of two new tiles  You can spend coins to reroll the offerings of the idol or the pedestals  You can also spend coins in shops you find on your way through the  overland  map that takes you from fight to fight   When you die you lose all the coins  potions and tiles you had gained  Some fights are boss fights and defeating a boss gives you some number of  skulls  that you can spend to buy new tiles at the start screen  If you do  those tiles have a chance to appear on a pedestal in your next runs  You can also spend skulls to upgrade shops by adding more slots where items appear  If you die before defeating any bosses you get no skulls   The idea of a linear  turn based fight where you can only move and strike in one dimension is simple and elegant and is what keeps me coming back for more  but the rest of the game is a chore   One big problem is that fights are very inconsistent  I don t like to whine about  the RNG  but I will have three or four runs where I fail to make it past the first boss   Daisuke the Charger   Then I ll have one run where I ll make it three bosses later to  The Statue   I don t know what s past The Statue  OK  I suck  OK    What s really frustrating with all that is that every time I lose  I m taken back to the beginning and I have to do all of the same things over  and Over and OVER again  That s mind numbingly boring  like a game of snakes and ladders   I get it  the game is a roguelike  I play Nethack  right  I die all the time in Nethack  But  in Nethack you have    classes  as of version      and a garbanzillion of items  Every time I die in Nethack and start a new game  it s a different game  Every time I die it s in a different way  In Shogun Showdun  hereafter  Sho Sho  every time I die it s in the same way  bloody pikers   and every time I start a new game  it s the same game  with the same character  with the same tiles  with the same special  on the same map  and facing the same enemies in the same way  Even the different tiles you can find do not add much variety after all because the majority are rather narrow in scope and I find myself selecting the same few ones all the time  Swirl  Arrow  Spear and maybe once in a while a dash or a curse  So there s no variety there either  That s      b o r i n g       That boring is a direct consequence of the  elegant simplicity  of the game that I note above  so I don t know what can be done about it  and I apologise to the devs that I can t offer any more constructive criticism  I really have no idea how this game could be made more interesting  Add more starting characters  More varied tiles at the start  More diverse enemies   I mean  if I ve played the game    times  I think I have  in     hours of play  shouldn t I get to see  something  changing every time I start it   Despite my negative review  the game is cheap and still in early release so there s plenty of time for the devs to do better  Maybe they re focusing on stability and efficiency etc  and leaving gameplay for later  which I would say is a wise move  If you re interested in turn based fighters  roguelikes or card games  buy it because it s an interesting take on all three   Oh  also  the graphics are cute  the music is chiptune cool and I could see no bugs    EDIT  One of the developers has replied to my review  Apparently comments can t be longer than      characters  so I m basically going to reply here  The developer  Thomas  gave a kind and patient reply  I have to say he is much better than me in dealing with negative feedback on his work  I got better  I m a researcher  and negative feedback means my papers don t get published  which hurts a lot and not just my ego     I thought about changing my review to  recommended  since I really don t want to hurt Sho Sho s    chances to be recognised and well received  I was going to do it  but I saw that the rating jumped again to  overwhelmingly positive   I think the momentary drop of the rating from my comment was the result of only having a small number of reviews  positive or negative  so far      at the time of writing   As more people play and review the game  the score will become normalised and  if the current trend lasts  you can expect the overall rating to be  overwhelmingly positive   certainly for  All reviews  but also for the recent ones  So don t worry about it too much  I still think Sho Sho can survive one  and more   negative review   I think I should leave my review as negative for the purpose of indexing it  especially for people like me who go straight to the negative reviews to figure out whether a game is for me or not  I do that a lot and I believe it has saved me a lot of frustration with games I didn t want to play after all  even if it seemed like I did at first  I think this is good not only for the player  but also for the developer  I m guessing developers don t want players returning their game after they throw the keyboard  controller in frustration  I hope the ceveloper can accept the possibility that my negative review not only doesn t hurt Sho Sho s prospects  but even improves its reception a bit  by helping those who don t want to play it  avoid playing it then being grumpy about it and leaving more negative reviews  Of course there is the Prologue for that  but I m hoping this kind of review is an extra bit of buffering between unfairly negative reviews from people who didn t have the time to finish the Prologue   OK  end of character limit for this review  also  P
SHOGUN SHOWDOWN,Posted  June    EARLY ACCESS REVIEW This is an easy recommend   Verdict  Highly recommended   EDIT  After   hrs some observations     A speed run mode where the animations play faster would be nice    The chance of  cool down     occurring over  cool down     at pillars needs to be substantially reduced  or  cool down     needs to be disabled temporarily   there aren t enough tiles so the chance of a cool down appearing in a re roll is too high  EDIT  Or there can be two pillars instead of just one    A  restart  button at the end of a run would be nice  but it might impact the  tutorial isation     Mod support  e g  weapons tools  enemies  would be nice    Effect  e g  shockwave  poison  ice  etc   stacking or synergy can be considered    One or more of the following alters could be considered   duplicate tile    combine tile    transfer tile effect   EDIT  After even more hours    Cool down     needs to be removed or more altars need to be introduced to mitigate the risk of re rolling cool downs  There is absolutely no business case for  Cool down    s existence in the current build  It s RNG for RNG s stake at this point   I m setting the review to  not recommended  to get visibility for this since it wasn t taken into account when I mentioned this in the positive review above   EDIT  Comments disabled due to people incapable of commenting    You can vomit your ad hominem s and strawman s elsewhere     EDIT  Thanks for the jester awards  Keep  em coming   EDIT  With the recent Jujitsuka update the spawning probability distributions have been tweaked  Setting the review back to positive until I m able to test if the  Cooldown     spawn rate is any better 
SHOGUN SHOWDOWN,Posted  October   EARLY ACCESS REVIEW  Legally  tried it out and thought it was really fun  Can t wait for more content 
SHOGUN SHOWDOWN,Posted  July    EARLY ACCESS REVIEW loved the demo  but it s hard to recommend  It s fun and challenging  but the weapon pool  and playstyles seem very limited  Like deadcells   chess  but no mana  wands  unique loot  or side bosses  I m sure more is to come  but can t say it feels finished at this point 
SHOGUN SHOWDOWN,Posted  July   EARLY ACCESS REVIEW devs design awful boss fights with stalling unless u want to take gurantted damage  awarder is coping shill mongo lol  game still        sucks fatties
SHOGUN SHOWDOWN,Posted  November   EARLY ACCESS REVIEW Very tight gameplay and a fun inner loop really get to feel like a protagonist from murim manhuas  Also excellent art choices  keep it up  looking forward to more updates
SHOGUN SHOWDOWN,Posted  November   EARLY ACCESS REVIEW The only negative thing about this game is the length  I don t really like  endless  modes usually  but it might be cool on this game  or a deeper difficulty multiplier than the day system  Something like ascension levels from slay the spire would be awesome 
SHOGUN SHOWDOWN,Posted  November   EARLY ACCESS REVIEW Fantastic game       but it s EA so there s definitely growth to perfection for an already super addictive  replayable game  PROS  so many weapons and skills makes each run different the alternate starting weapon sets for each char are neat and change the game satisfying kills and graphics  The challenge is tough but the deep strategies mean that killing the Shogun makes you feel like a real samurai bad     Tons to unlock  I would advise players to unlock SKILL tiles before they unlock abilities in the shops since the higher tier tiles are critical to advance  esp on Day   and above  I spent all my unlocks on shops at first and I had a very grindy path to get the good tiles   CONS  It s tough to start over each time all the way at the beginning  Maybe allow a  fast start  that lets the player start with   additional ability selection  just jump to the first pick screen  and maybe   upgrade   They have   characters out now  I ve unlocked three   super tough to do that btw  I think it does hurt beginning players to be locked to the wanderer for so long  Maybe decrease unlock reqs a little bit  I almost gave up before unlocking the next characters cuz it was getting repetitive   Can t wait for MOAR skills  enemies  and characters  Would Showdown a Shogun again 
SHOGUN SHOWDOWN,Posted  October    EARLY ACCESS REVIEW i have   hours for some reason on the prologue  this one did not disappoint
SHOGUN SHOWDOWN,Posted  October    EARLY ACCESS REVIEW I have completed Day   with all characters and I still play  because the gameplay is just that good
SHOGUN SHOWDOWN,Posted  October    EARLY ACCESS REVIEW Having tried the demo during a Steam Next Fest  I was immediately hooked  Thankfully the game entered early access soon after  so I added it to the library and begun trying to unlock the other characters not available in the demo   This game is tough  On     characters I was able to get to Day    each time you beat it on a character the day progresses and it gets harder  similar to ascensions in Slay the Spire  and was stuck for over a month  Then a new character dropped  so I of course got lost in the new content and are now stuck on day   with them as well   With the latest update  day   is even harder with the new elite enemies  but I m not upset at this new difficulty  The balance of every action having a reaction  pushing you to plan your strategy every battle is what makes me coming back to this game  I cannot wait to see what other goodies the devs have for us  Until then  I ll read up on my art of war  and keep on showing up for Shogun Showdown 
SHOGUN SHOWDOWN,Posted  October    EARLY ACCESS REVIEW A deckbuilding SRPG  Sort of reminds me of my time with Fire Emblem  but wrapped up in a concise package for fast paced enjoyment   The game gives you perfect information  you always know what the enemies will do  and they need more turns to take actions than you  Losses really feel like your fault  and not cheap RNG   It does have metaprogression  but not in the way that makes you inherently more powerful at the start of each run  Like RoR  or StS  you simply unlock more options to discover within each run  You still have to live long enough to make use of them   And  much like StS  beating the game is only the beginning   Try the demo if you think you d like it 
SHOGUN SHOWDOWN,Posted  October    EARLY ACCESS REVIEW Pretty fun game that greatly rewards thinking     moves ahead of time  I wish this was on mobile too tbh
SHOGUN SHOWDOWN,Posted  October    EARLY ACCESS REVIEW sick
SHOGUN SHOWDOWN,Posted  October    EARLY ACCESS REVIEW One of the most entertaining strategy based roguelikes out there  Highly recommend 
SHOGUN SHOWDOWN,Posted  October    EARLY ACCESS REVIEW This is a really good game  Every fight is like a tiny puzzle to be solved and there are many fun toys around to help you solve it  Easy to pick up  great interface  nice theme  Seven thumbs up 
SHOGUN SHOWDOWN,Posted  October    EARLY ACCESS REVIEW A lot of games miss the mark when it comes to quality vs price  Moreover  many roguelikes fail to balance the game mechanics and power creep or frustration can set it  This game is the real deal  Wonderfully balanced and tons of fun to play 
SHOGUN SHOWDOWN,Posted  October    EARLY ACCESS REVIEW The gameplay is incredibly satisfying in so many ways  from the intellectual satisfaction coming up with the perfect sequence to execute a big combo kill  to the graphical satisfaction of your little guy bashing another little guy in the face with a giant club  If this was the finished product I d be very happy with my purchase  The fact that there will be more characters  more moves  more challenges is just incredible 
SHOGUN SHOWDOWN,Posted  October    EARLY ACCESS REVIEW very good value for the price
SHOGUN SHOWDOWN,Posted  October    EARLY ACCESS REVIEW Finally a game that hooks  awesome game  Thanks devs 
SHOGUN SHOWDOWN,Posted  October    EARLY ACCESS REVIEW Addictive turn based strategy game  Snappy animations  great music  lots of content to discover  lots of replay value 
SHOGUN SHOWDOWN,Posted  October    EARLY ACCESS REVIEW Really good rouge like  very well balanced difficulty  I have high hopes for future updates 
SHOGUN SHOWDOWN,Posted  October    EARLY ACCESS REVIEW When you like Into the Breach but   dimensions are just too scary
SHOGUN SHOWDOWN,Posted  October    EARLY ACCESS REVIEW Very fun strategy game where you have to plan the best sequence of abilities each turn   A must play if you like this games like into the breach 
SHOGUN SHOWDOWN,Posted  October    EARLY ACCESS REVIEW It s a good game  but somehow it misses to give you the  Aha Moment   Even after you build a powerful combo  you still feel  meh 
SHOGUN SHOWDOWN,Posted  October    EARLY ACCESS REVIEW What a game  Simple yet so bloody tactical  Amusing and addictive  It is bit short  it would be nice to have further monster challenges after Shogun  but we are in EA     so perhaps more will come before      And even if not  it is such great game already  Shut up and take my money  D
SHOGUN SHOWDOWN,Posted  October    EARLY ACCESS REVIEW Really good game  Can be played both blindingly fast or tactically slow  Every Update made it better so far  so I am really looking forward to the final state of this game   
SHOGUN SHOWDOWN,Posted  October    EARLY ACCESS REVIEW Awesome game  Like a fresh air in a world of turn based roguelike games  The most important part that if you lose  it s your lose not a random or fate  it s always you 
SHOGUN SHOWDOWN,Posted  October    EARLY ACCESS REVIEW fun
SHOGUN SHOWDOWN,Posted  October    EARLY ACCESS REVIEW Solid rogue like with fluid game play  Would like to see more interesting meta decisions though
SHOGUN SHOWDOWN,Posted  October    EARLY ACCESS REVIEW is good
SHOGUN SHOWDOWN,Posted  October    EARLY ACCESS REVIEW Super fun puzzle game  Every turn is its own short little puzzle  It s quick  makes you feel smart  and has very satisfying visuals and sounds 
SHOGUN SHOWDOWN,Posted  October    EARLY ACCESS REVIEW This game sits up there with Into the Breach  Slay the Spire  Enter the Dungeon as an all time great roguelite 
SHOGUN SHOWDOWN,Posted  October    EARLY ACCESS REVIEW good game  can t wait for more updates
SHOGUN SHOWDOWN,Posted  October    EARLY ACCESS REVIEW really solid  although calling it a card game is a bit of a reach but this game is a great turned base roguelike  combat is super strategic and the difficulty curve is pretty steep so its not lacking  i wish there was a way to control your  deck  or card collection cause it feels like i lose runs to RNG because i didnt get good enough abilities to use
SHOGUN SHOWDOWN,Posted  October    EARLY ACCESS REVIEW Shogun Showdown is an excellent blend of simplistic mechanics with tactically challenging gameplay  The game s core designs are elegantly simple  Music  art style  combat  and progression are all easy to understand and appreciate   This quaint little side to side turn based fighting game leans heavily into Japanese aesthetics  Ninja  Shinobi  Shoguns  Samurai  and all their specific weapons are used to create this pleasant roguelike experience  The gameplay itself is simple  every action progresses the turn  enemies announce the attack they intend to use  and then announce when they are attacking  You are challenged to defeat your foes using the same limitations  Progression after each encounter is simple  one or two rewards will be offered and they can effect your weapon cooldowns  damage  special effects  or even give you new weapons to work with  By the end of a run you might be using   different weapons  all with widely different stats than when you picked them up   The weakest aspects of the game is its difficulty  The game is surprisingly easy and doesn t challenge the player significantly until about the midway point of any given run  Sometimes early game runs are grindy  or boring  because of the lack of challenge and further lack of equipment that can spice up the encounters  Bosses are simple  initially  and lack enough diversity to avoid that feeling of grind  However  that all said  halfway through a run certain zones and bosses really amp up the difficulty and can significantly challenge any player depending on the route you take   Shogun Showdown is an excellent game to accompany those who have enjoyed Slay the Spire  Hades  Sekiro  or XCOM  The turned based gameplay feels quick and responsive  the aesthetics are wonderfully pleasant  and the long term progression is good enough to support a decent amount of replayability 
SHOGUN SHOWDOWN,Posted  October    EARLY ACCESS REVIEW Shogun Showdown is   interesting  It s a good roguelike overall  the first    or so hours were extremely fun   some of the best I ve had out of any game  Completely worth the price tag and the unique aesthetics are also amazing   Each character feels suitably unique and weapons show a somewhat clear progression line as you advance more   Some flaws do start to appear when you get into the later days and beat the game more  the game is not   difficult  It punishes you for being hasty but that s about it  It feels like a super simple system where it devolves into   questions     Is the enemy attacking me     Are there are any ranged enemies     Are enemies going to spawn behind me  Pretty much it  any level is solvable if you think about those for a second  Even the Shogun can be beat in a few turns if you take a couple minutes out   Another thing is that there isn t enough variety  understandable considering the state of the game  Playing the same level over and over to get back to the same levels to fight the same enemies  it just feel stale after some time  Unlike other strategy or roguelikes games  the experience tends to be the same throughout   The weapon system is fairly nice  I love some of the weapon modifiers and while some things can be balanced more there isn t really much I can complain about here  Shops have a lot of different upgrades too  Items are extremely helpful when you need them  the shield can save a flawless run if you put yourself under an unstoppable attack  Combo chains and attacks are wonderful as well   Bought it on sale therefore it is definitely worth to me  may not be for everyone  keep that in mind 
SHOGUN SHOWDOWN,Posted  October    EARLY ACCESS REVIEW Has a demo  Try it  If you like  maybe buy it   Not necessarily for the more sophisticated gamer  but for someone like me  the game is almost perfect 
SHOGUN SHOWDOWN,Posted  October    EARLY ACCESS REVIEW creative game  could use some more enchants and items tho  however it is designed in a very good way 
SHOGUN SHOWDOWN,Posted  October    EARLY ACCESS REVIEW must try if you are into the roguelike genre
SHOGUN SHOWDOWN,Posted  October    EARLY ACCESS REVIEW Mabye best rouglike out there 
SHOGUN SHOWDOWN,Posted  October    EARLY ACCESS REVIEW nice game
SHOGUN SHOWDOWN,Posted  October    EARLY ACCESS REVIEW i really like this game  its awsome
SHOGUN SHOWDOWN,Posted  October    EARLY ACCESS REVIEW really enjoy this one  i keep coming back to it and the new update is great 
SHOGUN SHOWDOWN,Posted  October    EARLY ACCESS REVIEW         
SHOGUN SHOWDOWN,Posted  October    EARLY ACCESS REVIEW For the price  I think it s great  but the amount of content is very little  There doesn t seem to be enough randomness and changes between run to make replayability that great  imo  However  for the price  the game is pretty good  and thus I recommend 
SHOGUN SHOWDOWN,Posted  October    EARLY ACCESS REVIEW Absolutely crazy that this game is still in early access given the amount of content so far   if you re up for grinding achievements then there are some nice ones that will keep you coming back for more runs  Not that you need them   there is enough of an unlock system  combined with the classical roughlite  one more run  energy that it feels satisfying to keep going   A run takes       minutes on average  making the game a nice known time commitment  The gameplay is also reminiscent of Into The Breach  where planning your turns is important and every fight feels like a puzzle that is solvable  Similarly it also has a nice pixel art style  and I guess my only complaint thus far is the lack of post game content to spend the in game reward  skulls  on  maybe some run modifiers in the future    The devs have been open with what s still on the roadmap  so despite having all the achievements today I ll be back with the next update 
SHOGUN SHOWDOWN,Posted  October    EARLY ACCESS REVIEW It s a nice game   I would add a reload recharge to the Tanegashima tile and rework the interaction between the Kunai tile  or maybe  range tiles  in general  and the Monomancer skill  not only but also since there s the Sniper skill already anyway   I also think the player should not be able to reroll into the same upgrade again   That s my   cents  Have Fun 
SHOGUN SHOWDOWN,Posted  October   EARLY ACCESS REVIEW good game
SHOGUN SHOWDOWN,Posted  October   EARLY ACCESS REVIEW Simple to learn  hard to master  It s a good zen game to unwind with at the end of the day 
SHOGUN SHOWDOWN,Posted  October   EARLY ACCESS REVIEW Gooned to this
SHOGUN SHOWDOWN,Posted  October   EARLY ACCESS REVIEW it good
SHOGUN SHOWDOWN,Posted  October   EARLY ACCESS REVIEW easily one of the best games y played in resent years
SHOGUN SHOWDOWN,Posted  October   EARLY ACCESS REVIEW good
SHOGUN SHOWDOWN,Posted  October   EARLY ACCESS REVIEW Like slay the spire but more dynamic
SHOGUN SHOWDOWN,Posted  October   EARLY ACCESS REVIEW lvl   gyatt skibidi toilet pogchamp
SHOGUN SHOWDOWN,Posted  October   EARLY ACCESS REVIEW Chill roguelite
SHOGUN SHOWDOWN,Posted  October   EARLY ACCESS REVIEW Buy this game   This is one of the best games I have ever played  As of writing this there is only maybe    hours of content but what they have is amazing  The game is still in early access and getting regular updates so more is sure to come 
SHOGUN SHOWDOWN,Posted  October   EARLY ACCESS REVIEW  
SHOGUN SHOWDOWN,Posted  October   EARLY ACCESS REVIEW It s worth giving it a go  it has a great gameplay loop and I keep finding myself coming back to it every now and then 
SHOGUN SHOWDOWN,Posted  October   EARLY ACCESS REVIEW Insanely fun easy to learn hard to master game 
SHOGUN SHOWDOWN,Posted  October   EARLY ACCESS REVIEW This game is great  Feels great to play as a tactical turn based game that is completely paced by you  Decision making feels very nice and rewarding  Definitely among the best Roguelikes  Art style is also amazing  Literally my only problem with the game is that it is a roguelike and therefore in a way repetitive once you ve seen the content but still infinitely replayable  Haven t motivated myself to do the challenges yet  so maybe that will add some more incentive 
SHOGUN SHOWDOWN,Posted  October   EARLY ACCESS REVIEW This is in the genre of  easy to learn  hard to master   It s also a roguelite and something of a cardbuilder  Lastly  it s got some minimalist elements to it that I really enjoy   The basic game play is that you have tiles which deal a certain amount of damage and have a number of turns before they can be used again  the marks at the bottom of the tile   Doing one of the following counts as a turn  turning around  moving  using your special ability  adding a tile to your attack queue  attacking  or waiting  Your enemies will be doing various actions as you perform your turns  The idea is to kill all of the enemies on the stage  losing as little health as possible   As far as tiles go  the most I ve seen is   tiles max at the end of a run  it s less about having a ton of tiles and more about utilizing the ones you have well   I haven t unlocked the last character yet  but the special abilities are  Wanderer  switch places with the enemy in front  Rohin  push the enemy in front of you as far back as possible dealing   point of damage to the enemy and the enemy he hits    damage if the enemy hits the back wall   Shadow  phase through the enemy in front of you   Your tiles can be upgraded throughout the run  Mostly this consists of increasing damage or lowering cooldown  or some combo like    cooldown    damage     damage    cooldown   There are special effects though  One type of upgrade adds   cooldown but you can add the card to your attack queue without using a turn  There are also enchantments     cooldown   poison  deal   damage to enemy at the end of each turn for   turns  freeze  prevent enemies from taking a turn for   turns  shockwave  deal   damage to all adjacent enemies  perfect strike  reset cooldown immediately if you dealt just enough damage to kill the enemy  dealt   damage to an enemy with   life    There are also skills you can purchase during your runs  Some examples are  start fights with a shield    health  when an enemy deals damage to you  deal the same damage back  shields persist between fights  inventory slots      Consumables are rather basic but nice  gain shield  prevent next damage   recover   health  immediate cooldown of tiles  poison all enemies  curse all enemies  x  damage received on next hit    As far as meta progression you can unlock additional slots in the shops and you can buy new tiles   The character differences are subtle but enough to ensure unique runs between them  Each character has their own special ability and   tiles to start the game   I really enjoy the hidden depth to this game  There are a lot of ways you can build your run around  enemies can kill each other  ranged  close quarters  etc   I ve beaten the game on day    normal  but there is still a lot of content for me to get through  Beating day   will unlock the fourth character  and I still have a number of tiles to unlock  More importantly  I still need to learn how to master the game        
SHOGUN SHOWDOWN,Posted  October   EARLY ACCESS REVIEW Love it  such a good dame with and incredible amount of possible weapons mutations and runs avalibles  The only problam I have is steam doesnt keep the time I play so after about  h of gaming it says it have only been   minutes 
SHOGUN SHOWDOWN,Posted  October   EARLY ACCESS REVIEW Great game  Feels very polished and stylish  the mechanics are simple but evergreen and and make for really fun synergies  You can tell there s passion in it   
SHOGUN SHOWDOWN,Posted  October   EARLY ACCESS REVIEW Fun game with Into the Breach vibes   When you get into the flow state you can almost imagine it s real time and your hero is being an absolute ninja badass
SHOGUN SHOWDOWN,Posted  October   EARLY ACCESS REVIEW This is one of the best rougelike games I have ever played  The game doesn t have too many different attacks and that s good because it s not so complicated but there is still enough variety  One thing that is also good is that there are different heroes with different play styles  The new update that came out recently has also made the game much more interesting because now you have a good reason to reach day    apart from the fun of playing  I hope that there will be some more updates that will make the game even more interesting and exciting than it already is 
SHOGUN SHOWDOWN,Posted  October   EARLY ACCESS REVIEW I played quite a lot of the demo version on itch io  and this really is a beautiful continuation on that theme  It s a game that feels polished  is a unique take on a familiar theme  roguelite card battler   and is endlessly satisfying to play  A decent selection of characters and a plethora abilities makes for great replayability  and additional optional challenges  time  turns taken  combos gotten  hits taken  etc  mean that you ve reason to keep going after having beaten the final boss  Great game for the price  heartily recommended 
SHOGUN SHOWDOWN,Posted  October   EARLY ACCESS REVIEW Sick game
SHOGUN SHOWDOWN,Posted  October   EARLY ACCESS REVIEW Easy to play  hard to master  My cup of tea 
SHOGUN SHOWDOWN,Posted  October   EARLY ACCESS REVIEW good game play now   
SHOGUN SHOWDOWN,Posted  October   EARLY ACCESS REVIEW Great rogue like  Download the DEMO Already  battle system feels unique Sweeping steam by storm  
SHOGUN SHOWDOWN,Posted  October   EARLY ACCESS REVIEW I love playing this whenever I have a few mins  Really fun 
SHOGUN SHOWDOWN,Posted  October   EARLY ACCESS REVIEW This game is very enjoyable  recommend it   The turn based system based on action and movements takes some time to get used to but once you get used to it it really clicks it becomes addicting as you pull off more and more tricky combos avoiding adversaries etc   Soundtrack is nice and the pixel art does the job conveying the ambiance of the game 
SHOGUN SHOWDOWN,Posted  October   EARLY ACCESS REVIEW Awesome turn based rogue lite with lots of replayability  great pixel art  good music  and simple mechanics but enough depth to keep things interesting  Great to have a native Linux version  Recently added new content is excellent  can t wait for more 
SHOGUN SHOWDOWN,Posted  October   EARLY ACCESS REVIEW This game is so smart  It feels like  Into the breach  or  Fights in tight spaces   but removing all the fluff and then some and condensing it into a fairly simple game where every move matters  Can t wait for the full game to be out to see all the fun weapons and abilities that there will be 
SHOGUN SHOWDOWN,Posted  October   EARLY ACCESS REVIEW Positive comment for rating boost  might elaborate more later   This game is honestly great and such a nice timesink  So excited to see what the game adds next 
SHOGUN SHOWDOWN,Posted  October   EARLY ACCESS REVIEW Hanzo Steel I hope the devs continue to support this  It s a blend of turn based chess puzzle decisions  yet with just the right amount of influence from the player  You can build to damage  avoid  or mitigate  Kill Bill  but tactics 
SHOGUN SHOWDOWN,Posted  October   EARLY ACCESS REVIEW Fun game  Hoping to see more additions to increase variety of the play through  Maybe more maps   characters 
SHOGUN SHOWDOWN,Posted  September    EARLY ACCESS REVIEW Really fun  Plenty of content to help replay ability  Amazing on steam deck now that they ve got controller support in  Really want more 
SHOGUN SHOWDOWN,Posted     July EARLY ACCESS REVIEW 데모때 너무 재밌게 해서 기대작중 하나였음   컨셉은 신박한데 깊이가 얕아도 너무 얕다     시간 즐기면 그다음부턴 반복반복  추후 업뎃을 기대함
SHOGUN SHOWDOWN,Posted     July EARLY ACCESS REVIEW 게임은 매우 재미있었습니다 하지만 스킬의 수와 캐릭터의 수가 매우 부족합니다 추후 업데이트를 기다려봐야 할 것 같습니다
SHOGUN SHOWDOWN,Posted    September EARLY ACCESS REVIEW 재밌는데 짧고 업데이트 사실상 없음
SHOGUN SHOWDOWN,Posted     July EARLY ACCESS REVIEW 심플하게 재밌네요  나름 머리도 써야하고 수싸움하는 느낌이라 장기같기도 하고    근데 막보인지 모르겠는뎅 패턴 피하기가 아주 난해하네요  
SHOGUN SHOWDOWN,Posted    September EARLY ACCESS REVIEW 무지성 쿠나이에 아무거나 발라도  티어 쓰레기 스킬은 많은데 아직 카드 개수가 너무 적음
SHOGUN SHOWDOWN,Posted     July EARLY ACCESS REVIEW 게임은 되게 재밌는데 컨텐츠가 아직 너무 부실함 추후에 업데이트를 통해 완성되는 게 기대되는 게임
SHOGUN SHOWDOWN,Posted     October EARLY ACCESS REVIEW 데모 딱 한번만 해보세요 픽셀 턴제 전략 이 셋중에  하나라도  좋아하면 그냥 해보세요 당신한테는 갓겜일 확률이 높습니다
SHOGUN SHOWDOWN,Posted     June EARLY ACCESS REVIEW 또빌딩 또그라이크 게임  인데 슬더스와는 다른 맛있는 맛이 있다  덱빌딩적 요소는 꽤 약한 대신 적의 공격을 피하거나 이용하기 위해 전략적으로 생각하고 움직여야 하는 점이 다른 덱 빌딩 게임과는 다른 차별적인 요소   Easy to learn Hard to master가 딱 들어맞는 게임으로  게임 자체는 꽤 간단하지만 적의 공격을 맞지 않고 콤보를 쌓기 위해서 생각을 하면 할 수록 점점 머리가 아프고 어려워지는 게임   아직 많이 해보진 않았지만  한 시간만 찍어서 먹어도 맛있음  추천 
SHOGUN SHOWDOWN,Posted     August EARLY ACCESS REVIEW 데모버전 나왔을때부터 하다가 정식 버전 나왔길래 바로 삼   장점  안 그래도 똑똑한 내 자신이 더 똑똑해지는 기분이 드는 게임  단점  내가 너무 스마트하고 똑똑하고 잘생기고 착하고 쿨하고 섹시하고 귀엽고 아방가르드해서 바로 깨버림  하 쉽누
SHOGUN SHOWDOWN,Posted    July Product received for free  EARLY ACCESS REVIEW 보다 많은 캐릭터  스테이지가 나오길 기대하는 게임  캐릭터 하나 기준으로  개의 목표가 있는데  회 미만 피격 클리어 외에는    일차에 클리어 하기 어렵지 않은 편이다  덱빌딩 로그라이크의 특징인 운빨이 더럽게 안 붙으면 못 깨는 건 너무 당연한 단점  목표  개를 클리어 하면 캐릭터마다 덱이 하나 더 추가된다  근데 그게 좋냐  라고 하기엔 애매해서 문제  기본 덱 보다 좋은 거 같으면서도 초반부터 답답한 경우가 잦다  기본적으로 덱들의 쿨타임이 너무 길다  맵이 한정된 공간인데 쿨타임은 길고  적은 꾸준히 나오면서 다가오면 무조건 피격을 당해야 하는 개같은 경우가 생긴다  특히 원거리 적들은 공격 타이밍이 한박자 빠른 편이라 먼저 못 잡거나 중간에 적을 안 끼워 넣으면 두들겨 맞는 방법 뿐  일차가 올라갈 때마다 그냥 어렵기만 하고 이득이 없다  슬더스의 승천 같은 느낌인데 이건 시작으로 유물 들고 가듯이 아이템을 들고 가는 것도 아니고 덱에 카드를 추가해서 가는 것도 아니니 답이 없다  목표를 전부 깨려면  일차 뺑뺑이가 가장 빠르고 편한 방법이라는 게 답답할 따름  보다 높은 일차에 따른 혜택이나 변경점을 개선해야 하지 않을까 
SHOGUN SHOWDOWN,Posted  October    EARLY ACCESS REVIEW 아직 컨텐츠 부족한 것 빼고는 압도적 긍정적
SHOGUN SHOWDOWN,Posted  October    EARLY ACCESS REVIEW 잘만든 게임 플탐 짧음 업데이트 주기가 느린편
SHOGUN SHOWDOWN,Posted  October    EARLY ACCESS REVIEW 재밌는데 컨텐츠가 부족함
SHOGUN SHOWDOWN,Posted  October    EARLY ACCESS REVIEW 꾸준히 패치만 계속 해준다면 갓겜 가능성 있음 재밌는 퍼즐 게임 하는기분
SHOGUN SHOWDOWN,Posted  October   EARLY ACCESS REVIEW 플레이어와 적 사이의 간격과 턴제의 개념을 잘 버무린 정말 재밌는 로그라이크였어요 
SHOGUN SHOWDOWN,Posted  September    EARLY ACCESS REVIEW 개재밌음
SHOGUN SHOWDOWN,Posted  August    EARLY ACCESS REVIEW 업데이트 언제함  왜 미완성을 팔고있어 프롤로그도 아니고
SHOGUN SHOWDOWN,Posted  August    EARLY ACCESS REVIEW 재밌음 턴제에 카드를 좋아하면 할만함
SHOGUN SHOWDOWN,Posted  August   EARLY ACCESS REVIEW 상당히 재미있음 개발자가 올린 로드맵처럼 몇 가지 추가되면 더 재미있을듯 완성도 있게 추가 업데이트를 해줬으면 하는 바람임
SHOGUN SHOWDOWN,Posted  August    EARLY ACCESS REVIEW  장점  덱 빌딩과 로그라이크의 재미를 가볍고도 직관적으로 잘 풀어냈다  튜토리얼도 친절한 편으로 금방 이 게임이 어떻게 진행되는지 이해했다  픽셀 그래픽과  비트 사운드가 귀엽고 멋지다    단점  보스를 처치하고 나면 게임이 끝나버리고  얻는 것도 캐릭터  개가 전부라 아직은 컨텐츠가 부족하다  스테이지 별로 적의 종류만 달라지고  적과 싸우고 아이템을 강화하고의 반복이라 진행 방식은 크게 달라지지 않아 단조롭다    건의사항  맵에 분기점이 있긴 하지만  스킬 피해량 증가와 마법 부여 중 하나를 선택하라  등과 같은 것 뿐이기에 현재는 일직선 상의 로드 맵을 따라가는 것에 불과하다  그래서 맵은 굳이 횡스크롤 형식에 구애받지 않고 나무처럼 뻗어나가는 모양이라든지  원형으로 퍼진다든지 등 경우의 수를 다양하게 주면 좋을 것 같다  구체적인 스토리를 부여하면 가볍게 즐기는 재미가 사라질 위험도 있겠지만 적의 진영과 종류를 늘리고 연관성과 관계 형성에 도움이 될 것 같다  자연스럽게 플레이 할 수 있는 캐릭터의 종류도 늘어날 것이다  다만 현재 특정 보스를 처치하면 해당 캐릭터를 얻는 방식을 채택 중인데 그 보스와 연관된 혹은 상반된 특성을 가지고 있다면 캐릭터 별 개성이 두드러질 것 같다는 생각이 든다  또한 보스를 처치하여 얻는 것 이외에도 갇혀 있는 캐릭터를 구출한다거나  노예 시장에서 구매를 한다거나  적이었지만 자비를 베풀어 동료가 된다거나 하는 식으로 다양한 방법을 부여해주면 좋겠다    총평  게임의 퀄리티를 고려하면      원이라는 돈 값은 한다  하지만 디자인과 게임성보다 컨텐츠에 중점을 두고 있다면 세일할 때 사서 잠깐 즐기는 정도가 좋을 것 같다 
SHOGUN SHOWDOWN,Posted  August   EARLY ACCESS REVIEW 아직 얼엑이라 컨텐츠가 적지만 상당히 재밌게 플레이했습니다  플레이하는동안은 몰입도도 높고 덱을 발전시켜나가는 재미도 훌륭했어요 
SHOGUN SHOWDOWN,Posted  August   EARLY ACCESS REVIEW 재밌긴한데 아직 컨텐츠가 부실함    시간이면 보스잡고 무한반복임
SHOGUN SHOWDOWN,Posted  July    EARLY ACCESS REVIEW 재밌다 
SHOGUN SHOWDOWN,Posted  July    EARLY ACCESS REVIEW 이게 턴제전략이지    
SHOGUN SHOWDOWN,Posted  July    EARLY ACCESS REVIEW 잘만든 게임임
SHOGUN SHOWDOWN,Posted  July    EARLY ACCESS REVIEW 시간 가는줄 모르고 계속 하네요  너무 재미있음   별생각 없이 그냥 받아봤는데   별생각 없이 하려고 받았는데 생각보다 머리좀 써야되네요  
SHOGUN SHOWDOWN,Posted  July    EARLY ACCESS REVIEW 조작법도 간단하고 캐릭터도  개라 지겹지않고 재밌네요 얼른 추가 업데이트돼서 좀더 다양한 아이템 캐릭터로 즐겨보고싶네요
SHOGUN SHOWDOWN,Posted  July    EARLY ACCESS REVIEW 간단하고 재밌어요 
SHOGUN SHOWDOWN,Posted  July    EARLY ACCESS REVIEW 잼밌다
SHOGUN SHOWDOWN,Posted  July    EARLY ACCESS REVIEW 돌진같은 이동기 섞어 싸우는게 스타일리쉬해서 재밌습니다 근데 기술이 너무 적고 기술 밸런스가 안맞아서 시너지를 노리는 것보다 쿨타임  데미지 업그레이드 딜로 찍어누르게 되네요 캐릭터도 세 개 밖에 없는 것 같은데 나머지 컨텐츠는 제약 걸고 하는거라 재미는 있지만 아직 부족한 점이 많은 것 같네요 
SHOGUN SHOWDOWN,Posted  July    EARLY ACCESS REVIEW 잼난뎅 스팀덱으로 안대낭 
SHOGUN SHOWDOWN,Posted  July    EARLY ACCESS REVIEW 가볍게 즐기는 턴제 rpg 장르 다만 원거리가 심하게 좋은거 아닌가 모르겠넹 원거리로만 가면 쉽게 깨넹
SHOGUN SHOWDOWN,Posted  July   EARLY ACCESS REVIEW 재밌긴 한데 뭔가 좀 뭔가임   
SHOGUN SHOWDOWN,Posted  July   EARLY ACCESS REVIEW 한 시간 바로 삭제당함  아직 별로 안 했지만 완전 추천
SHOGUN SHOWDOWN,Posted  July   EARLY ACCESS REVIEW     
SHOGUN SHOWDOWN,Posted  July   EARLY ACCESS REVIEW 시간가는줄 모르고 하고있네
SHOGUN SHOWDOWN,Posted  July   EARLY ACCESS REVIEW 개꿀잼
SHOGUN SHOWDOWN,Posted  July   EARLY ACCESS REVIEW 머리 쓰는 겜 클리어하는데에    분 걸림 버그 없었고 디테일이랑 퀄리티 높음 다회차 플레이 말고는 즐길거리가 많진 않음 스토리 연출은 딱히 없지만 나중에 추가될 것 같음 이외에도 아직 만들고 싶은게 많이 있어보임 정식 출시 후엔 어떻게 바뀔지 기대됨
SHOGUN SHOWDOWN,Posted  July   EARLY ACCESS REVIEW 능지겜
SHOGUN SHOWDOWN,Posted  June    EARLY ACCESS REVIEW 존잼이에요 보스가 조금 약하지 않나 싶네요
SHOGUN SHOWDOWN,Posted  June    EARLY ACCESS REVIEW 데이브 더 다이브 기다리면서 하는 중인데 재밌네요 아직  시간 밖에 안 했지만 캐릭도  개나 있고 머리 쓰는 전략적인 맛도 있네요  이런 머리 쓰는 게임은 초반 공략에 머리가 아픈 경우가 있는데 적당한 난이도라 클리어하기 좋습니다  가끔 탄성 지르며 통수 맞는 기분 정도   얼리억섹이라 기대를 안했고 무기도 별로 없을 줄 알았는데 나름 있을 건 다 있네요  나중에 더 패치하면 추가 보스랑 추가 무기 나오고 더 재밌을 듯   천원 정도면 거부감없이 샀을텐데 만원이라 재미없으면 환불해야지 하는 마음으로 샀는데 환불할 마음은 사라졌습니다  굿겜       시간 후기 확실히 이런 겜 특성상 슬더스처럼 승천이 올라갈수록 플레이어에게 제약을 걸어 난이도를 올림 슬더스나 다른 로그라이크처럼 운빨 터질 때 사기치는 맛이 없는 게 좀 아쉽 돈 벌리는 것도 좀 아쉽고  일차 지나니 계속 아쉬움이 보임  확실히 볼륨은 아직까진 디게 작음 그런데 재밌어서 계속할 것 같긴함
SHOGUN SHOWDOWN,Posted  June    EARLY ACCESS REVIEW 무료 데모로 풀렸을 때 해봤는데 진짜 개재밌어서 기대했던 게임 어제 나오자마자 사서 해봤는데도 재밌어요 다 깰 때까지 계속 할 듯 
SHOGUN SHOWDOWN,Posted  June    EARLY ACCESS REVIEW 재미있네요   
SHOGUN SHOWDOWN,Posted  June    EARLY ACCESS REVIEW  
SHOGUN SHOWDOWN,Posted  June    EARLY ACCESS REVIEW 한줄평  피 잃고 뇌 약간 고친다  캐쥬얼하게 재미있는 슬더스류 덱빌딩 게임 많은 슬더스 아류 덱 빌딩 게임을 해봤지만 좌 우 이동  방향전환  공격  특수능력이라는 간단한 네 가지 패턴으로 풀어가는 게임 방식의 아이디어가 상당히 신선하다  세 명의 캐릭터 간 패시브의 차별점도 존재해서 플레이 스타일의 차이가 보이는 것도 장점 다만 아직까지 얼리엑세스이기 때문에 무기와 유물의 수가 부족해 덱벨류가 무한정 상승하지 않아 후반에도 완전히 뇌를 비우고 할만한 게임은 아닌듯  얼리엑세스 특성상 꾸준한 패치를 보장 할 수 없지만 이대로 유물 무기 갯수 추가와 스테이지 추가가 조금 더 이루어지면 충분히 수작 소리 들을 만 하다 거기에 값싼 가격은 덤  추천 
