title,review
플레이트업!,Posted     August       Not Overcooked in all the best ways  I find Overcooked to be fun but too stressful most of the time to settle on as a way to spend my recreational time  Plate Up   though  found a way to dial down the personal experience of overwhelming panic while remaining faithful to the chaotic drama that drives people to keep playing Overcooked  This game is incredibly fun with a group    players  or pair    players   but also challenging and rewarding as a solo play experience  I was surprised by the depth complexity of customizable systems  from front of house layouts to kitchen automation  there is a lot to learn from trial and error  The developers acknowledge the importance of failure  too  in the tool tips menu  You re encouraged to fail often and that ethos is reflected in end of round sequences  The game doesn t engage in shame blame discourse to amplify that stressful experience  Even when the simulation ends because it s clearly my fault  the focus is on bonuses that carry on over to future playthroughs  Finally  I ll mention that the loading menu represents one of the most impressive accomplishments in the design of Plate Up  You have a single screen where everyone can simultaneously customize their character  practice cooking and serving customers  dial in settings for the next run  and apply previously earned bonuses to the next run  I have not seen such a tightly designed  cute  efficient  and fun load out screen in a multiplayer game before 
플레이트업!,Posted    August       i forgot to give someone a single piece of broccoli with their plain burger and my whole restaurant got shut down
플레이트업!,Posted    August       Worked an   Hour shift  came home and worked another   hour shift       would recommend 
플레이트업!,Posted    August I forgot to give someone a single piece of broccoli with their plain burger and my whole restaurant got shut down 
플레이트업!,Posted    August       Its like Over Cooked but less complicated and more stressful   Dear Devs   your keybinds are not universal  and let me bind my mouse keys 
플레이트업!,Posted     December       Most people just say PlateUp  is like Overcooked  but that is truly only half the story  Whereas Overcooked is just rapid rounds of stress  with you encountering brand new recipes  and different levels in quick succession  PlateUp is instead a slow and methodical build up in skill  strategy and difficulty   You have one level  which is your restaurant  and it is yours  You are free to change it however you like  and to get the best results you will have to change it a lot    Over fifteen rounds  you will constantly be making small but meaningful adjustments to your layout  All the while  you ll also be gaining new equipment  Plus learning new recipes  mastering them over time to cook them as efficiently as possible  What you learn  in combination with your restaurants layout and the choices you make  combine to create and incredibly satisfying experience   Success or failure isn t dependant on if you can memorise a recipe  and brand new kitchen as fast as possible  Whilst your friends are shouting you down as you make simple mistakes  Instead PlateUp is a much more thoughtful conversation  with an extremely fun gameplay loop  and with so so many possibilities to explore  Including much needed time in between cooking to just enjoy the space you ve created together  Sharing some huge laughs with one another about the silly restaurant you re all building 
플레이트업!,Posted    November       So  i m a professional Chef  I ve been frantically playing all overcooked games on my ps   loving the co op aspect  especially since my girlfriend is also a professional cook   This  however  is not overcooked  It s way better  By letting you build the kitchen  it removes all responsibility from the level designers  In overcooked  it s all about the crazy challenges you face  kitchens breaking apart  cooking in moving rigs etc  In Plate up  the challenges are real  and so is the struggle  Slipping on dirty floors  having to do manual dishwashing during service  having to serve the guests yourself  these are all things that happen in real life in small businesses  It s a cleansing experience for someone who works in the field  letting me      up in more ways than i could imagine  but eventually starting all over again  with no actual consequences  just learning from my mistakes and getting better   It does have some weaknesses  of course  but to me they are minor  and i m sure everything will be fixed soon  Overall it s a very well made entertaining game  so much so that it made me write my first ever review 
플레이트업!,Posted     January Overcooked  but you create your own problems 
플레이트업!,Posted    August       Product received for free  This takes some of the gameplay from Overcooked but instead of having deliberately badly organised kitchens to problem solve  now any problems are your own and for me  that s what makes it really fun   
플레이트업!,Posted     August       whatever you do make sure that you do not take multiple toppings on burgers  especially on a thanksgiving map  it is actually worse than being front of house  like i would rather drink radioactive sludge   oh hey i want a burger plain with mashed potatoes and my friend here wants a burger with onion and cheese and my other friend wants a burger with tomato and this other guy who i am also conveniently friends with wants a burger with every single topping and this guy who is also sat at the table wants a burger with cheese and tomato and mashed potatoes  well i would rather you didn t
플레이트업!,Posted  August          looks like elden ring aint getting goty after all
플레이트업!,Posted  March   If you hate overcooked  give this a try  If you like overcooked  you might also like this 
플레이트업!,Posted  August          I play it solo and it s fun 
플레이트업!,Posted  September         A lot of fun with friends  but needs a lobby for people to find others to play with
플레이트업!,Posted  October          I work in food industry  come home and play a game that is more stressful than my regular job       
플레이트업!,Posted  September         Send help  this game has kidnapped my girlfriend  What began with an innocent bit of fun has turned into an obsession  She was never a gamer  but now she doesn t want to do anything but play this game anymore and it s too much for me  There s so much more to life but she won t hear of it  She only leaves the house for work and appointments now  The other day I noticed she was staring out the window  motionless  not making a sound  I asked her what she was so enthralled about and she replied  I need the copying desk to make more conveyors  otherwise the combiner is useless   In the morning I asked how she slept and she said she dreamt of new strategies for her next solo run  like starting with a prepping station and upgraded sink  She came home from work and began telling me about all the PlateUp research she had done on her commute  First she took over my Steam account  now she s made her own so she can play endlessly on the brand new workstation I built for her  I went for a motorcycle ride with my friend and she didn t realize I was gone for   hours  When I came home  she told me she almost completed Day    on a solo run and would ve won if it weren t for the terrible blueprint drops  We are moving overseas soon but I fear on moving day  she s going to remain glued to this game while our entire home gets packed away  By the time she snaps out of this enchantment  it will be too late   There s a dark kind of magic in this game and it has locked her soul in the overnight freezer   Send help   Update  We beat Day     She s finally able to sleep like a normal human again 
플레이트업!,Posted  March    After tucking our kids to bed  if we are lucky enough  my wife and I ocassionally get like     hours of playing time  Failing at Plate Up  is pretty much always our top pick for the evening 
플레이트업!,Posted  January    my friends yell at me   
플레이트업!,Posted  August          On the surface this may seem like an Overcooked  clone  but it s actually quite different and I love this new addition to the genre  I actually think PlateUp  is closer to a heist game  or a very manual factory optimisation game   There s two big loops   First  before every run  you can choose a floor plan  a first menu item  and some additional  special  pieces of furniture that can break the game just a little bit  The floor plans are like choosing which of the series of rooms and walls is  least worst  for your workflow  The menu items are pretty solid interesting recipes that have just enough steps in them so it s possible to screw an order up  I ve seen a lot of variation in all three of those choices over six hours so there s a lot more to come   Second  before each of the    days in the run  you can buy new restaurant items  and rearrange every object to accommodate  This forces you to pause  reflect on the past day with your team  make some fairly consequential choices to tighten your loops  and attack the next day even better   If I move the sink into the corner I don t have to move as much to make pizza dough     We can t afford both of these so which one will we keep in a cabinet and which one will get vaporised when the day starts    There are some really gnarly cool things you can put in your kitchen  and they ve put a lot of thought into what would make a kitchen  em up fun  Some examples  conveyor belts and auto platers  cleaning robots  speed buffs  items to influence customers  timers and ordering habits   Playing it solo or co op always seems fair  and as you progress through the    days  things can get very tight  Just like Overcooked  there are some  clutch serves  and nailbiting moments  I haven t yet made it all the way through a run  but it seems like afterwards  they re going to introduce another layer still of complexity  Bring it on 
플레이트업!,Posted  March   They want soy sauce  Soy sauce  SOY SAUCE   your restaurant was forced to close 
플레이트업!,Posted  November          It s the unholy union of Overcooked and Factorio 
플레이트업!,Posted  August          stress  str s  noun    a state of mental or emotional strain or tension resulting from adverse or demanding circumstances 
플레이트업!,Posted  August          Come home from a long day of work  only to slave away in a virtual kitchen  washing plates for your chef overlords
플레이트업!,Posted  October          Jessie  we have to cook
플레이트업!,Posted  December          please give the name and address of that solo customer who chose to pick a table for two instead of taking the table for one  thanks 
플레이트업!,Posted  September    What even is this game   A year ago I bought this game  because I thought it looked fun   It is fun  But I have no idea why   Plate Up  The Survival Horror Game  Having worked in restaurants  this game evokes the terror of missing an order  of moving too slow  of making even the tiniest fraction of a mistake and the whole world burning around you   This isn t actually what it s like in a restaurant  customers are rarely so ruthless as they are in this game  But that s what you re afraid of  This game recreates that fear perfectly   Plate Up  Tower Defence  They come in the day  A steady trickle that grows into a dreadful yellow tide that threaten to take everything from you   They are weak to different weapons  and the combination only becomes harder as the game goes on   During the night  you build your defences    In order to have everything you need to survive  you start automating your base  Grabbers constantly shift food and plates to wherever you can most easily make use of them  Mixers chop and knead  plates get rinsed by themselves  you build an empire of machines to do everything you could possibly imagine   But it s never enough  Your machines grow ever more complicated and yet    there is always more to do  Too much    Then you fail  If only you were a little bit faster  A little bit more clever  maybe   Oh  well  Too bad  Time to go again   You know I didn t actually think that would work  But if it did  I to know  Too bad  Let s try again   Suddenly you find your stride  You can do this  You can go FOREVER   Oh well  I lost  Time to go again    Plate Up is a simple game  You can do everything with   buttons   It s a bit fiddly at first  but you quickly start getting good with the controls  The improvement pace is massive   Then you start reading a bit  in between the hectic days  You see the blueprints lying around you  and you wonder      What if I put that there  Or maybe here  Then I could    Oh  but that wouldn t work    would that work    This is a game which is extremely simple to play  easy to learn  with an enormous depth to master  And once you have mastered it  you can rope in your friends and show off   But if you ve read this far  you deserve a little prize  A lesson  from me to you   You do not lose by making mistakes  You can make loads of mistakes   You lose when you panic  If you don t panic  you won t lose   And if you do lose  then you re in a sufficiently calm mood to try again   That s why this game is so fun and addictive 
플레이트업!,Posted  August   if you like overcooked but hate overcooked  you ll love this game
플레이트업!,Posted  June    Product received for free  i love getting yelled at by my friends
플레이트업!,Posted  April    My friends don t answer with  Yes Chef  and I don t like that 
플레이트업!,Posted  July    Product received for free  jesse jesse we need cook jesse the costumers need our product jesse serve them in time jesse clean the plates jesse
플레이트업!,Posted  February    i cooka da pizza
플레이트업!,Posted  August          Overcooked with progression instead of just increasingly more difficult and zany levels  A Must play party game and the share play means only one of you or your friends needs to purchase the game 
플레이트업!,Posted  August          You have to run a restaurant with four plates and no dishwasher 
플레이트업!,Posted  July    I am an idiot sandwich
플레이트업!,Posted  October         Product received for free        Can put lettuce in the sink if you run out of counter space 
플레이트업!,Posted  August          It s so fun  I can t stop thinking about it and am dying to play again  I enjoyed Overcooked  but some of the wacky stuff got annoying like having to throw ingredients across a ship and such  This game it seems takes out some of that goofiness and focuses more on equipment you can buy in between days rounds  Can really help you fill in areas where you need help  Had a great time with   other friends  I think you could solo play this but part of the fun was role playing a bit and cooperating   I love the dev s design choices  Yes your run can end because you forgot one ingredient on one plate  but failure is part of the fun  you progress and unlock more things every time a run ends  Versus other games where failure is a prolonged downer state  this you fail  fail fast  it s over quick and you can get out and start another run  Great design choice   Takes the great progression of rogue lites  combines it with some party game cooperation  awesome fun  If you are looking to play local co op or remote play  you need controllers  I will most likely buy this for my friends to support the developer after playing some remote play for a while  Cheers   PS  I love the mess customers leave after eating  Our inside joke is that if a customer is really happy with their meal  they make a mess on the floor  it s a sign of respect 
플레이트업!,Posted  July    Great game  Love y e l l i n g   a n d   a b u s i n g   encouraging my friends in a h e l l i s h   n i g h t m a r e  calm and loving environment        would t r a u m a t i z e  have fun with my friends again    
플레이트업!,Posted  August         I yelled at my friends 
플레이트업!,Posted  September    overcooked  but better
플레이트업!,Posted  February    panic attack simulator
플레이트업!,Posted  December          Do you enjoy chaotic party games like Overcooked  Do you enjoy time management games like Diner Dash  Do you enjoy yelling at your friends while they fail at simple tasks  Are you often the one carrying your friends to victory while their singular shared brain cell rapidly pings between them  Then take a load off and put down that heavy backpack  king  Because here you can replace them with a little thing we like to call       Automation         For real tho  this game is pretty great  It s a fun time with friends or even solo  The various restaurant layouts  main course recipes  and buffs debuffs you pick up along the way make every attempt unique  The devs have been updating the game frequently with new recipes and cosmetics  so that s always a plus 
플레이트업!,Posted  January          realistic Restaurant kitchen simulator  Everything you see here is legit  the yelling  the screaming everything   
플레이트업!,Posted  October         Arguing with your friends simulator
플레이트업!,Posted  September        hours and still haven t unlocked everything         
플레이트업!,Posted  August     WHY IS THERE A PLATE IN THE DAM MICROWAVE   AAAAAAAAH GET THE ORDER    THERE S NO PLATES          MOVE OUT OF THE WAY   SOMEONE GIVE THEM THE FOOD DAMMIT 
플레이트업!,Posted  November           This is where I work now     my wife  recently retired Peds ED RN        would play with my wife
플레이트업!,Posted  September          The pure adrenaline I receive from booking    people and having my friends cry as he makes more carrot soup whilst I tread through the marshes of disgusting spoils of the most unappealing meals I have ever seen makes me question why humanity has gained the ability to even comprehend the act of cooking and selling food quickly at fast food restaurants   Good game  very enjoyable 
플레이트업!,Posted  March   Overcooked is a puzzle game  this is a problem solving game   It s doesn t get old or static because of the sheer number of kitchen build options  randomized challenge cards  variety of dishes to serve  and automation to master  It introduces limitations you might find frustrating at first  but those limitations are something to be overcome by your choices in upgrades or layout   For under     it s an absurdly good deal 
플레이트업!,Posted  August          Weirdly addictive  Extremely fun in multiplayer  We have had more fun playing this together and pushing into overtime days then when we played Overcooked together  You may day dream of different restaurant set ups while not playing   There doesn t seem to be a save game option  If you and friends need to stop and you re past day    it ll save the franchise if you fail  If you want to save the game make sure you  Quit  and don t abandon  When you reload the game it will have a Recover Save option  You can invite your friends before recovering the save that way you can pick colors and don t end up matching each other   There is no sandbox option  The only way you will figure out how to use Combiners  Portioners and belts is by just buying and trying them in practice mode when you re already in a game   The levels are randomly generated which can be fun or a huge source of your frustrations in later days   Highly recommend the game  we played as a group during the playtest for over    hours and the massive amount of changes that came from playtest to release were a real breath of fresh air to the balance  We ended up playing another    hours and many nights staying up past midnight which doesn t happen for us as much anymore   If you don t have a group  their discord is very active with people looking to play together  They also post pictures of set ups  seeds and general advice or suggestions  Make sure to check it out
플레이트업!,Posted  July   Imagine going to a high class very pricey restaurant with the largest number of items on the menu you ve ever seen  but as soon as you get inside you just see displays of lettuce everywhere being conveyor belted directly to every table on dishes  You sit down and the waiter asks for your order  He hands you the menu to look through and as soon as you pick anything that isn t lettuce he takes the menu away and gives you a completely different menu  this happens repeatedly  so you decide you don t want to eat here anymore  But then all the chefs come out and body block you from leaving your seat saying they recommend the lettuce in their own ways  staying there giving you their opinions on the lettuce until you give in and order the lettuce  They set the table nicely  decorations fit for a queen     different types of cutlery  breadsticks  napkins and all  and then you hear the low rumble from the conveyor belt  Your eyes follow it to its origin and an angry chef does his work at the other end  you recognise him from TV  hes a world famous chef who cooks anything perfectly  he grabs a whole lettuce in one hand and shoves it into a paper shredder atop a golden rimmed plate  he then tidies the dish of lettuce up and smiles proudly at his creation before placing it on the conveyor belt  the low buzzing rumbling as the lettuce slowly makes its way towards you  the belt clumsily nudging it infront of you     Bon apetite 
플레이트업!,Posted  October   My franchise burned to the ground due to the lack of competence from my former employees James  Chris and Anjelo  If you own a business  dont ever hire people with these names  Especially if one of them is an accountant
플레이트업!,Posted  November          mcdonalds rejected me so i work here now
플레이트업!,Posted  September          Feed the whole town but got closed because one customer can t wait a bit longer to get the food 
플레이트업!,Posted  May    My wife yelled at me for not taking out the trash 
플레이트업!,Posted  October          The game is harder than it looks  We cooked the meat in very difficult ways  the customer escaped without paying  i can t trust anyone
플레이트업!,Posted  January   Product received for free  when my friend told me this was a roguelite game  i laughed and was confused  i am no longer confused  just stressed 
플레이트업!,Posted  September          Incredibly fun game both solo and multiplayer  Only flaw is that  as of writing this review  September   st        there is only one save per computer   meaning if you play with friends and want to play solo  you can t if you hosted the multiplayer game 
플레이트업!,Posted  September          PlateUp  is an enjoyable experience with friends  The gist of the game is basically micro managing and juggling a lot of things at once  from cooking different recipes  serving customers and cleaning the dishes  whilst also having to think through the layout of your restaurant and kitchen thoroughly in order to maximise the efficiency of your restaurant   I would say the game is worth buying if you have friends to play with  but I would stay away from it if you intend on soloing  as it gets tough   which you might enjoy  in which case it is worth it   and extremely frustrating 
플레이트업!,Posted  August   Send help  this game has kidnapped my girlfriend  Caitlin Muggles Seel  What started as an innocuous bit of fun has turned into an obsession  She was never a gamer  but now she doesn t want to do anything but play this game anymore and it s too much for me  There s so much more to life but she won t hear of it  She only leaves the house for work and appointments now  The other day I noticed she was staring out the window  motionless  not making a sound  I asked her what she was so enthralled about and she replied  I need the copying desk to make more conveyors  otherwise the combiner is useless   In the morning I asked how she slept and she said she dreamt of new strategies for her next solo run  like starting with a prepping station and upgraded sink  She came home from work and began telling me about all the PlateUp research she had done on her commute  First she took over my computer desk  now she s made her own Steam account so she can play endlessly on the brand new workstation I built for her  I went for a motorcycle ride with my friend and she didn t realize I was gone for   hours  When I came home  she told me she almost completed Day    on a solo run and would ve won if it weren t for the terrible blueprint drops  We are moving overseas soon but I fear on moving day  she s going to remain glued to this game while our entire home gets packed away  By the time she snaps out of this enchantment  it will be too late   There s an insidious kind of magic in this game and it has locked her soul in the overnight freezer   Send help 
플레이트업!,Posted  September          Overcooked was good  PlateUp  is amazing   They ve improved the cooking coop experience in every way  making it less hectic  yet more strategic and addicting than ever   Also I thought the graphics would be terrible from the screenshots  but in game  they are surprisingly very delightful and clean 
플레이트업!,Posted  December         Better than overcooked 
플레이트업!,Posted  January    Playing this game solo is like filming a POV porno  you re doing everything  the camera  the actor  the director 
플레이트업!,Posted  September    perfect game for couples to know what s going to happen when u move in together in the future 
플레이트업!,Posted  June    Product received for free  I love this game so much but i felt bored to play alone    I hope this game could play with online players as i don t have any friend   
플레이트업!,Posted  September         great game  just wish i had people to play it with 
플레이트업!,Posted  March    I prefer this game to Overcooked but both can co exist without any issue   Overcooked is fun but is solely focused on stress and adapting to a new kitchen layout can result in a lot of frustrations especially when you play with casual players   PlateUp  on the other hand is more focused on problem solving and optimisation  Having your own restaurant and switching the layout whenever you want creates a more manageable experience even for newcomers   I enjoy the rogue lite aspect as well  It s fun to see all the different upgrades you can acquire   I recommend it  i have as much fun with my more casual players and hardcore players 
플레이트업!,Posted  March    I like naming my restaurant vulgar things and swearing at customers 
플레이트업!,Posted  January   Product received for free  let him cook
플레이트업!,Posted  July    Almost lost us   stars by washing plates instead of serving dumplings        if you ever wanted to experience what its like having an anxiety attack 
플레이트업!,Posted  December          Phenomenal multiplayer game  What if Overcooked was a Roguelite 
플레이트업!,Posted  May   Do you like Overcooked  You will like this one 
플레이트업!,Posted  January    Get it if you want to experience being an underpaid employee handling a shift all on your own  Definitely more fun with friends on mic but if you ain t got any then it ll get boring after a while 
플레이트업!,Posted  October          Overcooked but Roguelite and more strategy management involved  As usual best played with friends 
플레이트업!,Posted  August         Really fun game  both alone and with friends  Dev is super active and is always adding new content  definitely recommend 
플레이트업!,Posted  October    Great game  my friends are loser and don t like the game so kinda lonely  but its fun
플레이트업!,Posted  August         You forgot the steak SAUCE  NOW WE GOTTA CLOSE DOWN THE WHOLE RESTAURANT   
플레이트업!,Posted  December          god help me they keep coming in faster and faster and expecting a    cut steak to be cooked well done in    seconds and pay me    dollars when i do it   
플레이트업!,Posted  August          Overcooked meets Restaurant City  great game  Super fun with friends and less tilting than overcooked  I really enjoy the progression component   I d add an option to save in the middle of a run to continue the next day  they can get long if you re shooting for day           buy it
플레이트업!,Posted  July   Don t buy this game  If you have it  I strongly recommend you uninstall it  I just did    I have almost      hours in this game  It has consumed most of             for me  It helped to kick start my streaming  and the plate up community helped get me to affiliate on Twitch within    days  I love this game  I love the streamers in the community  and I love the viewers in the community  Prior to recent events  I would have told anyone that the PlateUp community had almost no Toxic members   Unfortunately  I will never play it again as long as the current community manager remains employed by PlateUp and StarFluxGames remains an active play tester and modder of the game  The community manager is destroying the community for this game  and therefore the game itself  This individual has long been silencing those with criticisms through locking of threads and account bans across the official Reddit and the official Discord  They will attempt to push concerns into the Discord  bug report ticket system  so concerns can be hidden and ignored  They have enabled the modder StarFluxGames to have back door access to anyone s lobby who installed the Kitchen Library Mod  which is a base library mod required for     of the other mods    Although they claim that this has since been resolved  the individuals responsible for this  lapse in judgement  are still actively involved and central to the game s ongoing production   This backdoor was specifically there to allow StarFluxGames to  prank  streamers while they were live by messing with their game during play  Monica was fully aware of this behavior and allowed this backdoor and StarFluxGames to persist for several months  This backdoor allowed StarFluxGames to access my game on a community night with several members of my community and my  YO daughter playing  He changed our game mode  set random things on fire  changed our outfits  and more  While this may seem like a  harmless prank   it took control of our stream and community night away from us without our knowledge or prior consent  This happened to several streamers  and what tacetly approved by the plateup team  This even occured during a sanctioned plateup event  with no action taken  During this event the community manager even said  This modder has access to        computers      You can say   well don t play with mods then   And sure sure    but the vanilla game has not kept up with the quality of life updates that the mods provide and is essentially dead after     hours of play  The mods are what is keeping this game alive   I m saddened with the direction the community manager has taken the game and the behaviors that have been allowed to persist without consequence  You can tell me that the backdoor has been patched  Kitchen Library mod updates will be reviewed by the PlateUp Dev team  and you can tell me to not play with mods if I m concerned about my game and stream s security  None of that means anything as long as the modder is still a primary member of the team and the community manager who enabled and protected this behavior remains in charge  The community manager is also in charge of the play testing team  of which the offending modder is also a part of  This modder also responds to Discord bug issues and asks community members to provide their game log details often  There was no ban  the modder continues to upload and update his own mods  the modder continues to be active in the modding channel of the discord  and there has been no consequences for these actions   Here s the punchline of this entire situation  The primary developer and creator for this game has a PHD in Cyber Security from Oxford    so was this backdoor a mistake or intentional  Therefore  was the subsequent cover up and protection of this modder just as intentional   As long as the modder has not been banned from this community  and those who have enabled and protected his behavior continue to have any part of PlateUp  I will no longer play  stream  and support this game   I ll miss this game  and the community   Play at your own risk   For Reference  Community manager locks thread where initial complaint about StarFluxGames and the KitchenLib mod is made   Additional Reddit threads relating to this issue 
플레이트업!,Posted  April   Wholesome  whimsical and way too much fun   from its hummable soundtrack and bright colors  to its frantically entertaining gameplay and constantly climbing difficulty curve  I ve enjoyed everything about PlateUp  despite my initial misgivings   It was one of those games that I had on my wishlist for a while  with other games in the same genre also on my radar for a long time but I was always on the fence for one major reason  I intend to play fully solo  That will make for a lackluster experience  right   Thankfully not at all   Well  I can t say anything about other games like this one but what I am certain of  is that while PlateUp  is no doubt a different experience when alone  its still great as a single player game  Late stage higher level play becomes questions of how much of your processes can you streamline and how many tasks can you automate before it all comes crashing down on your head  Rather than a game about teamwork  its all about efficiency as you slowly turn your restaurant into a food factory  more and more parts in the system swapped out for appliances that do more of the work for you since you re going to need more than two hands to feed these crowds   For a moment  imagine one of those old time management sim flash browser games  Now greatly expand on and modernize the gameplay loop  add lots of recipes  a leveling system  upgrades  customization  roguelite elements  random drops  random events and the ability to be in control of your entire layout and restaurant design  Polish it to a mirror sheen   PlateUp  is also filled to the brim with charm and happiness  Don t let that fool you  though  Your guests have no patience  are constantly demanding something and they all hate you  But isn t that what running a restaurant is all about 
플레이트업!,Posted  August          It is a splendid game which truly shines as a couch online co op game  If you are able to wrangle some of your friends together the next several hours of your life will be filled with grunts and yelps as you all transcend to a state of higher  or lower  being  The rogue like experience of adding restrictions and complications as you level up keeps the gameplay interesting  forcing you to alter your restaurant layout overtime  making you truly feel like you are managing and developing something unique  The replay ability is endless as you strive to go further and further into the overtime days before franchising that original restaurant out to greater heights  Communication is encouraged  although it tends to degrade into nonsense in high pressure situations  which is fine as long as everyone has an established flow  Overall  it keeps the familiar feeling of Overcooked  but provides a welcome twist to the genre 
플레이트업!,Posted  August         Like a combo between Diner Dash and Overcooked  Lots of fun with friends  Pretty tricky to got through all of the stages but it s a good level of difficulty  SO and I played it for the first time today and ended up playing like   hours straight  We really got sucked into it   Edit to add  Now     hours of play time later  SO and I are still playing regularly  We ve especially enjoyed the Halloween update and the Thanksgiving update  The new cards  new soundtrack songs and new menu items have been so fun and I love a good theme  We ve played with up to four and it s just as fun with any number of players
플레이트업!,Posted  October          Friend lost his mind after playing this game      
플레이트업!,Posted  October          Bread
플레이트업!,Posted  October          A fun game if you have someone to play it with and can work well as a team  If this is what working in the restaurant industry is actually like  those people are massively underpaid
플레이트업!,Posted  August    Girlfriend made me buy this and play it with her and now I actually love it haha  Can t cook in real life though
플레이트업!,Posted  March    Forgot soy sauce once and my restaurant closed down       
플레이트업!,Posted  August          Fun game   just extremely difficult to do anything other than steak by yourself  Upgrades and items are rng so you can t even count on automation items to appear when you need em  Plus some maps feel like they are purposely designed for solo to lose  Like the ones that have you go through a separate room to get to the kitchen  Takes way too much time to get from the tables back to the kitchen  TLDR  Its fun as a solo but more designed for co op with friends
플레이트업!,Posted  August          As a restaurant owner  I never thought I would WISH that there were LESS CUSTOMERS   The game is designed to set your restaurant up failure  but at least they are nice enough to let you pick your poison   With that being said      DO YOU WANT A PIZZA ME    Honest feedback though   it s based too much on luck of the blueprint roll which means if you were planning to do some automation the stars literally have to align 
플레이트업!,Posted  February   The modding community turned this game into a free for all with MMO style player amounts where the only actual thing that makes sense is to turn your game into a Hell s Kitchen RP   I m not kidding   And this is a good thing  let me add  I haven t had this much fun in a long damn time 
플레이트업!,Posted  October          I have been loving this game  I love that you can play solo or with friends  I also love that when you are streaming it you can get your viewers involved and they get to play even if they don t have the game  They can make things harder or easier for you  I have been enjoying all the dishes and I can t wait for Halloween update and all the other updates coming  So much can be done with game and I hope it keeps adding new dishes to the game  This game never gets boring I have over    hours in it  I been playing solo a lot and still about to get through the game without getting angry over small things  It is such a relaxing game and super fun with friends  If you are reading this wondering if you should get this game if you want to just play solo do it because you can play this solo or with friends or even just with one another friend  I have played with a full squad and solo and even just two of us  No matter what I always seem to have a good time  So you should totally buy this game if you are reading it  No I am not sponsored to say anything of this  I just really enjoy the game and the devs are really cool listening to what the people want and fixing things wrong with the game 
플레이트업!,Posted  August          Come experience the time warp that is this game    hours feeling like   minutes
플레이트업!,Posted  February   I screamed like Gus Fring in s  e   when I was rushing to make dumplings for a customer with seconds of patience left  and accidentally chopped a second steak
플레이트업!,Posted  October   I was happily married for    years  I am now homeless  divorced  my children hate me  my friends left me  i am bankrupt and all because i put   breadsticks on a table  
플레이트업!,Posted  August          It reminds me of my   grueling years working in food       
플레이트업!,Posted  August   here i will leave the cat  friends who pass by can pet it and give it a thumbs up       |       l      x         |             | | |   |   | | | |                
플레이트업!,Posted  June    I have played this for so long I ve forgotten what life was like before Plate Up  The multiplayer is hilarious and addictive and I will be adding many more hours to my current      
플레이트업!,Posted  June    This game is actually really funny  I play this game with my rather calm and funky friend who might have never insulted anyone before  Well  I accidentally took a plate on which my all so calm and rational friend wanted to put something  The only thing I heard in that moment was  Are you dumb   I laughed  She panicked  Would recommend if you like screaming at each other         Will cotinue playing with her 
플레이트업!,Posted  August         Product received for free  PlateUp  is such a fun game  whether you re playing with friends or on your own  I love the twitch integration allowing chat to come in and cause absolute chaos   I ve been playing PlateUp  since quite an early build and honestly it just gets better and better  I love it now and excited to see what the future holds   Spaghetti pls 
플레이트업!,Posted  June    Another food preparation simulator trying to capture the sense of foreboding dread and darkness that accompanies the life of a restaurant owner in the wake of a pandemia  the abolishment of wage slavery and the renaissance of gruel as peak fine dining   The TLDR is Overcooked with more strategic planning and less chaos  If this sounds like your stick it is a great experience  however   Personally I feel like this game is on the cusp of greatness yet never reaches above and beyond its core gameplay loop  which is fine by the way   With just a few added features it could be truly marvelous    Plate Up  Brings you  and hopefully a few friends  on a journey to furbish  plan and organize a restaurant with various weird themes and on the way enhance that experience in a true roguelike progression system with more and more utensils  tables and robot servants  Now the great stuff is the potential of a swell time  the chaos can be managed and the joy of seeing your restaurant grow is really great  I really love the modularity of the game and if you should do one thing at the start is to get the kitchen editor to make your own restaurant layouts which adds another fun moment to the game since what you see is what you get   Once the game is on there is no way to physically make your diner larger   I really like the combination of overcooked mania  clockwork precision serving and a more strategic planning part  in theory    However the way difficulty works is that it just adds more starters sides mains to your increasingly shrinking workspace and makes automation the only real endgame goal of the game  But this is fine right  I LOVE factorio and automation so this should be a match made in heaven  Well not quite   In Factorio I have an agency over what I can craft and automate  in Plate Up  the system works on more or less extreme RNG    You want a conveyor  Well you better hope it comes up in the next planning phase  together with an extremely random selection of stuff to buy  or invest heavily in a blueprint cloning facility that takes up precious space in your already crammed workplace  On top of that ONE mistake tanks your run and you have to start over  and yes I know about  extra lives  and save scumming and all that  the mistake might be so minor that it is a pure non factor and back to square   you go   You also want to be able to serve stuff manually why constantly having to plunk down new pots  pans  bacon dispensers and napkins in every single square of the kitchen  A game about automating a really tight restaurant where the automation itself is locked behind RNG and a process of even progressing far enough for the automation to kick in feels a bit odd   But maybe that s just me  A way to expand your growing restaurant by adding more rooms  doors and maybe even a garden would have been awesome and play right into the restaurant simulation I had hoped for it to be   So it s part great  part flawed and part expandable  In the end I really like Plate Up  despite its few flaws  I went in and expected more of a Pizza Tycoon kind of experience mixed with Overcooked  and this is not that   What it is however is a great co op game about the futility of capitalist life where a single mistake will ruin your branding and put you on the streets begging for slops for the rest of your life   Unless you are extremely rich  then you just let machines do the work for you  
플레이트업!,Posted  September    INSTANT CLASSIC   why are you reading the reviews  download the demo so you can find out you should have already bought it 
플레이트업!,Posted  December          you have two options  insanity  or well oiled machine  but either way it is a blast 
플레이트업!,Posted  July   GOOD game sadly i got no friends to play with so it is very difficult by myself
플레이트업!,Posted  September          best time raging at friends xD
플레이트업!,Posted  November          Amazing with friends when sober  amazing with friends when drunk  highly recommend 
플레이트업!,Posted  August          I was yelled at to get orders out and then I yelled for my bro clean the dishes  We only had   plates and that pizza wasn t going to plate itself  Well  I mean  it was  but only if plates were available  We made it at the last minute  I am so glad I decided to take on this second job 
플레이트업!,Posted  May   AAAHHH    I LOVE THIS GAME   I have two kids  There isn t a lot that can get my attention  especially at night  when I need to sleep  BUT THIS GAME  Let me tell you about this friggin  game   It s multiplayer  But I ve only played it single  so that s all I know  My apologies  I end up killing my husband when we play games like this  so I haven t played with him  Yet   THINGS TO KNOW   You choose from a set of kitchens that are randomly generated   You can see the blueprints for them before choosing  so you know where closets  kitchen  doors are etc     PRACTICE MODE   practice food before you make it  You ll become a pro  And also you serve cats in practice mode  Absolutely worth it    Honestly  pizza  soups and sides  they can all be good  you can make more than one portion for the cooking time so it makes life a lot easier  especially in the beginning  Often it means you get less customers because they order more  and that s good  they have more patience in between meals  You dont need to rush as much as you would between more customers coming  eating  cleaning plates  going etc    Once you inevitably die  and you ll unlock new recipes  new goodies  locations etc  Dying is good    You can wear silly hats  There s loads  all free  in your room at the beginning    You can change your character s colour  Check the mirror   I am a purple chef  with silly cat ears     A bit like diner dash  once you finish a level  you ll earn money and you can upgrade or add more items to your kitchen  and rearrange it to your liking  You will be able to rearrange your kitchen and do whatever you want with it  Don t want a bin in the kitchen  Stick it next to the customer you hate     Mops instantly clean your floor and make you move faster  I absolutely recommend it    Breadsticks seemingly work best when you feed them to groups of   or more  especially when serving one plate to one  and going back to quickly cook another plate     For what it s worth  I have played   hours  And I haven t gotten ANY bugs  so far  so   honestly it s good  Far better than expected  I WOULD LOVE some DLC 
플레이트업!,Posted  August               Graphics        You forget what reality is   Beautiful   Good   Decent   Bad   Don t look too long at it   MS DOS       Gameplay        Very good   Good   It s just gameplay   Mehh   Watch paint dry instead   Just don t       Audio        Eargasm   Very good   Good   Not too bad   Bad   I m now deaf       Audience        Kids   Teens   Adults   Grandma       PC Requirements        Check if you can run paint   Potato   Decent   Fast   Rich boi   Ask NASA if they have a spare computer       Difficulty        Just press  W    Easy   Easy to learn   Hard to master   Significant brain usage   Difficult   Dark Souls       Grind        Nothing to grind   Only if u care about leaderboards ranks   Isn t necessary to progress   Average grind level   Too much grind   You ll need a second life for grinding       Story        No Story   Some lore   Average   Good   Lovely   It ll replace your life       Game Time        Long enough for a cup of coffee   Short   Average   Long   To infinity and beyond       Price        It s free    Worth the price   If it s on sale   If u have some spare money left   Not recommended   You could also just burn your money       Bugs        Never heard of   Minor bugs   Can get annoying   ARK  Survival Evolved   The game itself is a big terrarium for bugs                                                           
플레이트업!,Posted  September          It was amazing  I cooked some nasty ass burnt food and served it to the customers  They got sick and complained so I grabbed a knife and ran circles around them menacingly  After that  I went home and played this game       
플레이트업!,Posted  August         Overcooked with a little less manic puzzle solving  a SLIGHTLY more  relaxed  overcooked with more restaurant control  restaurant roles  cleaner  waiter  chef   and the roguelike format makes it much more customisable and digestible  Really great fun so far  can t wait to gather a team of friends together to play   Slight issues I faced was the odd keyboard mouse control scheme  O and P for pickup and use    and lag problems between two users with a strong network connection 
플레이트업!,Posted  April   made me and my friends ragequit    times  good game
플레이트업!,Posted  August   My wife left me because i didn t saw the onion on the pizza  Good Game 
플레이트업!,Posted  August          Franchised   seafood restaurants by using a microwave and storing them the freezer for who knows how long        game  Gordon Ramsey hasn t screamed at me 
플레이트업!,Posted  September          Started going to therapy after playing this game     
플레이트업!,Posted  May    my friends are bad waitresses
플레이트업!,Posted  August          Devs must have had some secret sauce to combine several genres so well 
플레이트업!,Posted  August          i hate potato salad
플레이트업!,Posted  August         Incredible game  I don t like Overcooked that much but this one is a lot more fun  Highly recommend to anyone who has even a slight interest in roguelikes or time management 
플레이트업!,Posted  October         Overall a great game  only issues I have seen are rare bug out moments  They are mostly fixable and you wont lose a run  but you just cant panic   Only Con I will say is there is no keybinding changeability  at least to my knowledge  the placement of the current keyboard keys is annoying for me  as well as a few friends who also play  Would love to be able to relocate keys 
플레이트업!,Posted  November          Very fun game to play with your significant other  There are different meals and different handicaps you get each run  which make it interesting for the cooks and the servers  You can keep the fun alive by switching roles too  Let s see if serving is that easy  Unlocking all the foods takes a little too long in my opinion though  There is also no permanent progress that some might be used to from other games  like buffs for the player 
플레이트업!,Posted  August          Cooking Rogulike  where you have only yourself to blame for your failures  Cannot recommend enough 
플레이트업!,Posted  August   Product received for free  good game with friends
플레이트업!,Posted  May   Im not addicted     ill just need   more run before bed   Best game purchase so far of       Says it all 
플레이트업!,Posted  August    I forgot to give one customer some soy sauce and my entire corporation shut down and I now have to restart from the beginning
플레이트업!,Posted  July    Awesome Game but get a couple of buddies to help you
플레이트업!,Posted  May    burger
플레이트업!,Posted  December         Better than Overcooked
플레이트업!,Posted  March    day    frying burgers and slipping on grease day     fully automatic burgers teleported directly to the customers  tables
플레이트업!,Posted  January    Great game  Very entertaining  especially with friends  but is surprisingly addictive in solo play as well 
플레이트업!,Posted  August         Super satisfying to optimize your workflow  especially playing co op  Figuring out ways to automate certain tasks gives the same dopamine hits as games like satisfactory   Didn t expect this game to execute the roguelite formula so well  great replayability
플레이트업!,Posted  November          As a former Domino s employee  this feels like New Years Day all over again 
플레이트업!,Posted  September          Came out just in time to get game of the year for      
플레이트업!,Posted  May    get stoned and try to play this with a group of friends  GOOD LUCK
플레이트업!,Posted  February   if you re into overcooked  this game is definitely for you  We love this game so much more  CANNOT wait for it to come out on more than just PC    would buy game on other platforms also 
플레이트업!,Posted  June   borgor
플레이트업!,Posted  October         Addicting chaos      
플레이트업!,Posted  August             Tips to get to the final stage      Play the Spider Man   Pizza Theme on loop     Play the Spider Man   Pizza Theme on loop     Play the Spider Man   Pizza Theme on loop     Play the Spider Man   Pizza Theme on loop     Play the Spider Man   Pizza Theme on loop     Play the Spider Man   Pizza Theme on loop     Play the Spider Man   Pizza Theme on loop     Play the Spider Man   Pizza Theme on loop     Play the Spider Man   Pizza Theme on loop      Play the Spider Man   Pizza Theme on loop 
플레이트업!,Posted  August         Good old chaotic fun co op  that also scratch your business management itch  The game also allows for automation  but building the automation is definitely a bit slow since the drops in the early stages is a lot more dependent on RNG and being a roguelite I wish we can carryover a bit more progress per run  Things I like    The roguelite elements that greatly increases the replayabilty  Between the floor plans  setting  city country alpines etc   and menu options every run is pretty different    option to automate your restaurant   good balance of planning phase fun and service phase fun  test kitchen with the kitten customers are cute and great way to practice   Things I liked to have  If we want automation  we are almost forced to not pick any cards that can add variety to the recipe if we want automation due to the low drop rates of conveyors and grabbers   I wish there are more cosmetic options in general    more outfits for the profiles   more colors patterns for the walls and floor tiles   options to change the color of the exterior bars  More upgrade trees for the appliances  Clearer instructions on how things appliances work  like order of drop off on a tray   Maybe I missed it in the UI  but the Ability to see my exp level and what I have unlocked so far 
플레이트업!,Posted  May    This game is a teamwork based game where you can work with people to create a successful franchise  This game is fun for online mates if you have someone who is good at time keeping and organising also knows what each item when you upgrade it can build into  There is also practice mode which helps you understand some for the items in the game what they do before you play each round  I enjoyed play with my mates  and once you get to to   stars you can go over time and keep up the good vibes  Best way to play this game is with people who are patient and also you have comprise on stuff at times and prioritise whats the best as a whole for your mates as well as you  also remember to work together and problem solve  to avoid fires  splats on the floor  helps to clean these up when you can  You need put in a few hours To level up and get better dishes to try out once you reach a certain level    you get all the recipes for the dishes  But remember if you tilt easily over small things   just don t LOL  remember its a game people cant always do what you tell them just relax breath and carry on 
플레이트업!,Posted  July   PlateUp  is a CLASSIC  The complexity and depth of this game is insane and there is just so much to learn  You get to cook from many recipes much like Overcooked  There are just so many appliances to choose from and you can customise your kitchen the way you want  Every   rounds there are different cards which changes the course of the game  so every run is more or less different  The frustration and happiness you will feel throughout the game is unmatched  Playing with friends and sharing these emotions is just so wonderful  There are just SO MANY things you can do in this game and this game feels so refined  especially with mods to help with layouts  UI  etc  This game really opened my eyes to cooking games  Side note  this game is definitely much more enjoyable with friends unless you are going for solo automation runs   HELLA RECOMMENDED   
플레이트업!,Posted  March   Follows in the footsteps of Overcooked  but restaurant customization adds a super fun new layer   the roguelite elements makes it much more replayable 
플레이트업!,Posted  May    really makes me feel like my name is tony and im berating my italian wife for leaving the sink on
플레이트업!,Posted  April    you will see conveyors in your dreams
플레이트업!,Posted  October          A customer ate my restaurant s table  o
플레이트업!,Posted  September          I can t wait to finish working food service all day to come home and work food service       
플레이트업!,Posted  March   Love this game  Great to play with friends or by yourself  The only thing I would add is a door stopper to be able to leave the doors open 
플레이트업!,Posted  October    Lots of chaotic fun especially with friends 
플레이트업!,Posted  November                                                                                                                                                                                                                                                                                                                                                                                                                                                                                          
플레이트업!,Posted  September          I was really on the fence about whether or not to recommend this or not  In it s current state  v       I m going to have to give this a soft  Not Recommended   As the gameplay feels very much inspired from Overcooked  I m going to be using that game as a comparison    Let s start with my complaints      My biggest one is the RNG system  The RNG system is actually awful to the point of game breaking at times and this is mostly targeted at blueprints  So much so that I actually modified the game to allow me to re roll blueprints infinitely just to test it in runs  It took    total rolls to get extra plates in one run  It took    rolls to get a Hob in another one  One run had a conveyor pop up once on Day   and never popped up again no matter how many times I re rolled  It was also common to get the exact same blueprint twice and even three times after re rolling  I tested this with upgrades too and upgrading a dining room table    times resulted in a bar table    of those times in one sample      This is inter connected to     above and deals with automation kitchen design  A lot of the fun from this game is designing your restaurant  It s a rush to get the correct drops to make even a small part of your workflow automated  Even something as simple as a smart grabber connected to a Hob feeding into a prep station is rewarding  Unfortunately  this is completely undermined by the RNG system  If you wanted to try something cool and were hoping for just one more conveyor belt to finish your design  you may literally never roll it even with all the chances in the world      If you screw up one order  the game is over  There is an extra life item  but they re fairly uncommon   In Solo mode  it s honestly not that bad  Playing online with friends is a different story  There s a specific timer where guests are waiting for the rest of their food and it s EXTREMELY SHORT  by default   This means if you re coordinating with a friend and they have a couple seconds of bad internet during this timer  your run is over and there was nothing you could do about it      There s a rare bug in multiplayer where a player placing down the correct plate in front of a customer  it won t register and you and the other players have to spam picking it up and putting it down and hope it registers before the timer runs out  Most of the time  to our relief  it fixed itself  We reviewed the game play video to make sure the order was right  most times it was   In a game where one mistake ends your run  this is pretty unacceptable    And onto the positives      They managed to take all the good parts of Overcooked and expand on them for a pretty unique experience  It s a lot less stressful than Overcooked too  I can definitely play this a lot longer than I can play Overcooked  I had a blast playing with friends      The customization and automation parts are awesome  Sometimes you build a quick fast food place and other times  you can build a sophisticated pizzaria      It s pretty well polished for a game that released just a month ago  I m hoping that the game continues to improve and get better      It s about     for the game  I feel it s fairly priced and I can t say that for a lot of games on Steam    And lastly  just some neutral remarks      It s hard to figure out the nuisances of some of the items  especially conveyors and how certain items work or interact with others  Sometimes you re severely punished for buying something just to realize it doesn t work how you thought it would  The reason this isn t a negative is because Plate Up s official Wiki is actually pretty decent and the game incorporates a  Practice Mode   I wish  practice mode  would allow you to try items before buying them or at least have a sandbox mode      I still don t think I fully agree with the  fail one order  fail the game  design decision  I would love a gameplay type that s more monetary based and along the lines of  if you fail this order  you lose money equal to the order value  If you drop below    you go out of business and it s game over   That way I can watch my business slowly crumble from my incompetence versus my run ending for some infuriating reason      Overtime days ramp up so fast it becomes impossible  It s more post game end game stuff so it s likely the point of it  but damn does it become insane 
플레이트업!,Posted  August         This game offers a fun experience and challenging experience for you and your friends  Its gameplay mix of Diner dash and Overcooked allows for engaging experience with strategic elements mixed in  Also  the games variety of recipes keeps the game play fresh   However  this game lacks a few key features for me  As a roguelike  it lacks any real permanent gameplay changes that affect your restaurant or character  While fun  only giving new maps and recipes are more akin to new levels than a roguelike experience  There is a franchising mode that works as a new game   but it seems to just make the gameplay more challenging for that specific restaurant  The dream of becoming a fully automated kitchen become challenging when you can t choose you starting items or have aids from previous playthroughs  Because of this lack of permanent progression  the leveling process can feel a bit slow 
플레이트업!,Posted  August          Burger
플레이트업!,Posted  September    idc what anyone says this is the best game ever made  fight me
플레이트업!,Posted     August       korean language please     
플레이트업!,Posted     March 손님   저희   는     인        레스토랑    이라서     조금 더    기   다려주시면   감사하겠습니   닦     
플레이트업!,Posted     February 한국어 지원 최고     인줄 알았으나 플레이 해보니까 요리법이 제대로 안나와있어요    
플레이트업!,Posted     August       너무 재밌는데 한글화가 시급합니다    
플레이트업!,Posted     March 깨끗하게좀 처먹어
플레이트업!,Posted    August       Overcooked  시리즈를 하면서 느꼈던 아쉬운점인  이렇게 캐주얼한 게임이 아닌 점점 가게를 업그레이드 해가며 할 수 있는 협동 요리게임이 없을까   라는 점을 완벽히 해결해준 취향 저격 게임
플레이트업!,Posted    October       욕심 그득그득 담아서 손님한테 전화를 하다가 한번쯤 외쳐보세요  난 돈이 좋아   이 게임은 싱글도 추천합니다 멀티야 물론 굉장히 재밌어요        가게 살림 늘리는 재미에 푸욱 빠집니다 핫도그에서 권태기가 오긴 했는데 저처럼 질렸던 여러분 완전자동화 도전해보세요       매운맛 게임이 됩니다 리트라이를 멈출 수가 없어    도전과제 호스트만 깨집니다
플레이트업!,Posted    June PlateUp  정보와 리뷰  선 요약 몇 개  뭐하는 게임임    로그라이트   협동 요리 게임  가구 배치 요리겜   할 수 있는 요리 많음    많음  사이드   전채 요리   후식 등등  게임 도중에 점점 추가됨 메인 요리의 개수는 총   개  게임 하다가 레벨이 오르는데 레벨에 따라 언락됨 자세한 요리 리스트는 이걸 참고    몇 명까지 가능       명인데 인원수가 많아지면 자동으로 난이도가 올라가는 시스템  어려움    적당하게 어려움  억지스러운 요소도 없고  꽤나 캐주얼한 게임임   이 게임 문서가 나무위키에 없어서 평가에 뭐라도 써봅니다  일단 이 게임은 창작마당을 지원하니까 편의성을 올려주는 모드를 설치해주면 좋습니다   제가 모음집을 따로 만들어놨는데 구성을 보시고 뺄 건 빼고 쓰세요        게임 방식  협동 요리 게임   인테리어 배치하는 게임인데  총   일까지 버티는 게 목표입니다 오버쿡드 시리즈나 Diner Bros랑 비슷하지만 맵 기믹 요소가 없어서 억지는 덜합니다 손님한테 요리를 대접하고   돈을 버는데 그 돈으로 인테리어를 구매합니다  오븐이라던가 접시라던가 편의성을 올려주는 것들을 구매할 수 있고요  그것들을 업그레이드도 할 수 있습니다        업그레이드 방법  이 게임에 업그레이드는 되게 큰 요소입니다  바닥 청소하는 대걸레가 로봇 청소기가 되니까요  업그레이드 하는 방법은 블루 프린트를 저장할 수 있는 캐비넷과  업그레이드 용 책상이 필요합니다 업그레이드 용 책상 옆에 캐비넷을 두고 안에 블루 프린트  게임이 시작되면 상호작용을 꾹 눌러주면 됩니다  근데 정보칸에 업그레이드 가능이라고 적혀 있어야하고  꼭 상위호환만 나온다는 보장은 없습니다  일부 제외   업그레이드 트리는 알고싶다면 이걸 참고         가게 컨셉들   일이 되면 가게 컨셉을 정하면서 이 가게를 어떤식으로 꾸미면서 밀고 갈지 정하는데 컨셉은 총  개고 뭐가 있는지는 직접 하면서 보세요  컨셉에 따라 가게가 가지는 능력이 바뀝니다 
플레이트업!,Posted     October       Product received for free  오버쿡드 이후로 요리 협동 겜이 나와서 너무 행복했는데요    그리고 지금 너무 즐겁게 게임하고 있는데요    선생님들 한 가지 건의사항이 있습니다    제발 한 번쯤은 재도전을 할 수 있게 해주시면 안될까요     아니면 난이도를 만들어서 하드 노말   이렇게    재도전 기회를 차등분배 하면 어떨까요  이것만 해주신다면 플레이트업은 정말정말 갓겜이 될 수 있습니다    한글 패치는 바라지도 않습니다    이거 하나만 기억해주십시오   
플레이트업!,Posted     August  손님   저희   는     인        레스토랑    이라서     조금 더    기   다려주시면   감사하겠습니   닦       이라는 평가를 구입전에 보았을땐  그저 웃겨서  재미있음 을 눌렀는데  시간정도 혼자서 굴러보고 나니  숙연해짐과 동시에  네 로 평가를 수정하게 되었다   오버쿡  동방야작식당  각종 요리 타이쿤등 여러 경험해 보았다만 단 한분의 고객이라도 불만이 터지면 가게가 망해버리는 결과를 경험을 하게 될 줄은 몰랐다  그리고   식기 세척기 는 신이였다   혼자해도 재밌고 같이하면 분업을 통해 더 재밌게 할 수 있다   매운맛을 좋아한다면 추천 
플레이트업!,Posted  September          사자마자 할인 씨발  
플레이트업!,Posted  July    손님       배설은        화장실에서      하셔야 합니다        
플레이트업!,Posted  December          게임저장방법       진짜 세이브기능없는거 너무하다 생각했는데 외국분이 방법알아내주심 YouTube  Video  PlateUp  How to save your game of Plate Up tutorial   Views        Have you ever wanted to go back and redo a plate up session where you messed up  Well this will teach you have to give yourself a check point for the game of plate up                               
플레이트업!,Posted  April    오버쿡은 친구가 있어야 재미있지만  플레이트 업은 친구가 없어도 재미있어요  물론 친구가 있다면 오버쿡 보다 더 재미있을 것 같아요  아마도요  그냥 그렇다구요  
플레이트업!,Posted  October         앉아있는 손님 몸으로 미는 낙으로 살아요
플레이트업!,Posted  August          오버쿡드보다 좀 더 캐쥬얼하고 로그라이크의 요소가 있음  스테이지를 진행하면서 점차 해금되는 아이템으로 자신의 레스토랑을 업그레이드하는 재미가 있다  싱글 멀티 둘다 재미있음    
플레이트업!,Posted  November          나는 식기세척기다 
플레이트업!,Posted  August          오버쿡계의 팩토리오 쉐프로 시작해서 공장장 혹은 기계부품 으로 끝나는 게임   겉보기에 캐주얼해 보이지만 뒤로 갈수록 보이는 그 깊이에 감탄사가 나오게 된다 한정된 구조에 자동화 설계로 머리 싸매다 보면 나오는 피로감이 엄청난편 한번 가게를 열면 중도 저장이 안되기에 더더욱 힘들다  이런류가 취향에 맞다면  친구라는 준비물을 챙길 수 있다면 무조건 추천
플레이트업!,Posted  August         졸잼  한국어가 지원되면 더욱 졸잼탱일듯
플레이트업!,Posted  August    필수 모드  문없애기 스타팅메뉴고르기 고스트모드 폐쇄된 주방 만들 수 있음  진짜 재밌음 오버쿡드가 정해진 틀 내에서 최대 효율을 찾는 게임이라면 이건 식당 구조부터 짜서 가챠 돌려가며 식당 키우는 맛이 있음 그렇다고 아예 랜덤인 것도 아니고 어느 정도 내가 첫 틀을 통제하고 진행할 수 있어서    식당 운영하면서 손놈새끼들 존나 욕함 쓰레기 존나 버리고 동선 존나 방해함 사회의 암덩어리들이 매일 꾸역꾸역 기어들어올 때 한숨나옴  명이서 하니까 손 많이 가는 메뉴는 오래 못 가는 거 같음    명 정도면 동선 예쁘다는 전제하에 화기애애하게 진행할 수 있을 듯  좀 숙련되면 자동화 공정 만드는 거 알아보면 좋음
플레이트업!,Posted  September             접시좀 여러개좀 집어
플레이트업!,Posted  August   대충 아무거나 먹으면 안될까 쓰레기는 바닥에 버리는거 아니야
플레이트업!,Posted  November          혼자도 재밌고 친구랑 하면 더 재밌어요 요리 경영게임 하고싶은데 딱히 못찾고있었는데 어쩌다가 인연이 닿아서 했는데 최고에요   친구들이 같이안해줘요 세네번 연달아 달리고싶은데 한번하면  시간 뚝딱
플레이트업!,Posted  December          님들아 할인할떄 사서 나랑같이하세요
플레이트업!,Posted  October          손님들이 맛있게 먹었다는 의미로 바닥에 껌을 뱉고 가요
플레이트업!,Posted  May    바닥에 토하는거임 
플레이트업!,Posted  March    한글화는 됐는데 이상하게 됨        레시피끼리 섞여서 제대로 된 레시피가 없음 그래도 개꿀잼  
플레이트업!,Posted  March    오버쿡재밌게 했으면 할만함 오버쿡이랑 이것저것 다른 부분들이랑 불친절한 부분들이 많아서 살짝 꼽게 느껴질수도 있음  엄마랑 같이 게임하는데 효자겜임 이거 재밌음 개추
플레이트업!,Posted  March    나는 파티게임인 줄 알았지   주문 하나 놓쳤다고 가게가 폐업하기 전까진 말이야  
플레이트업!,Posted  September         개인적으로 오버쿡 랑 비교했을때 더 높은 점수를 주고 싶은 요리게임  처음 딱 봤을때 타이쿤 느낌이 많이 들었지만 생각보다 능지와 컨트롤이 많이 필요하고  로그라이크라서 리플레이성이 있습니다   한글화가 안되있어서 처음하면 번역이 필요하겠지만  간단한 내용들이라 한번 해석하면 플레이에 지장이 없었습니다   손발이 맞는 사람들과 하면 정말 수월하게 할수있어요  단   자동화에 대한 공부는 필수입니다    
플레이트업!,Posted  December          사
플레이트업!,Posted  October    오버쿡 상위호환 게임 너무재밌음    근데 여기오는 손놈들은 하나같이 인내심이 조또없음 한국인인가봄
플레이트업!,Posted  August   오버쿡드 언레일드 난장판으로 요리하고 원하는 주방 홀 구조를 직접 만들며 손님 감당이 안될때까지 요리하고 서빙하는게임  많이 진행할수록 여러가지 음식이 열린다 창작마당도 나름 잘 활성화되어있음 컨베이어벨트도 있어 잘만 배치하면 식당이 아닌 음식공장으로 만들어버릴수도 있다  혼자서도 재밌고 멀티하면 더재밌음
플레이트업!,Posted  May    누구든지 그럴듯한 전략을 가지고있다     음식물접시와 손님이 쌓이기전까지는
플레이트업!,Posted  January    친구 없어도 재미있다 있으면 재미가 n배 할인 안하고 정가로 사도 아깝지 않다 한글화 제발 plz
플레이트업!,Posted  October         우리가게는 혼밥을 지지합니다
플레이트업!,Posted  November         내 주방영어 실력에 감탄하고 환불했다 
플레이트업!,Posted  September            너무 재밌엉   출시된지 얼마 안되어서 한글이 없다고 하더라구요 오버쿡드 비슷하긴한데 로그라이크라서 한판 끝나면 시설도 추가하고 점점 가게를 꾸려나가는  그런 게임인데 최대  인까지구요  어제   시간 했습니닼   
플레이트업!,Posted  March    여자친구랑 같이하려고 할인하길래 바로 구매  오버쿡   시간 정도 했고 처음에는 음식 그래픽에 실망    오버쿡이랑 비교 했을때 같이 리모트 코옵으로   분 정도하고 주말내내 잠자고 밥먹는시간 제외하고   시간을 달렸네윰 개인적으로 타이쿤류를 더 선호 해서 오버쿡 플레이트업 입니다  오버쿡이 최대한 어렵게 맵을 만들었으니 너네 한번 깨봐  이런거라면 플레이트업은 너네 할수있는거 다해봐 그게 꺠지나 기회는 한번뿐이야 아이템있을시 기회있음  이런 느낌 이였습니다  순정으로 클리어하고 창작마당 이용하려 아직 이용 안해봤으나 더욱더 재미 있게 플레이 타임이 늘어 나지 않을까 싶네요 아직 음식이나 맵을 다 못열었으나   시간 이상은 할거 같아요 로그라이트 요소도 있어서 너무 재미있었습니다   아쉬운부분은 역시나 한글화 레시피가 한글로 제대로 되어있지 않습니다  그래서 여자친구가 레시피 모르는 부분은 플레이트업 영문으로 들어가 번역을하요 플레이하였습니다  참고하세용   리모트시 한분은 키보드 한분은 패드로 하셔야 합니다  같이 할분이 계시다면 강추 드립니다  
플레이트업!,Posted  May   둘이하면 재밌어요  오버쿡처럼 컨텐츠가 많지는 않은데 더 어려워요   일까지하는게 목표인 느낌  홀하고 주방하고 나눠서 하면 음식에 따라 어려움이 달라요 홀이 대부분 더 바쁜데 마지막 볶음요리는 주방이 노답입니다  친구 없으면 안되는 게임이고 조이스틱이 있어야 두명 할 수 있어요 레벨 진행에 따라서 음식이 열리는데 게임이 불친절해서 약간 열리는 조건도 잘 모르겠고 레시피도 약간 안 맞습니다 
플레이트업!,Posted  June    별로 안 해봐서 게임을 아직 잘 모르겠어요  조금만 더 해보면 알거 같음 
플레이트업!,Posted  May    개꿀잼
플레이트업!,Posted  September    굿
플레이트업!,Posted  September         
플레이트업!,Posted  August   운빨   자동화 게임  준비 단계에서 벽뚫기 모드 정도는 깔아주시는게 좋습니다  친구랑 해도 좋고 꿀잼임 
플레이트업!,Posted  July    손님이 인내심이 너무 하네     
플레이트업!,Posted  April    재미는 있는데 리모트 플레이로 컨트롤러 지원이 전혀 안됨   호스트가 컨트롤러를 잡고  한명은 키보드를 잡는 방법 외에는 불가능함  어서 빨리 리모트 플레이를 고쳐야 할 것 같음  컨트롤러 설정이 전혀 되지 않음 
플레이트업!,Posted  January   고고 미친놈 어케한거냐
플레이트업!,Posted  September          진짜 너무 재밌음   파티겜인데    명이서 치고박고 하는게 너무 꿀잼임     드립력 좋은 사람이랑 하면 더욱 재밌을듯
플레이트업!,Posted  November          친구들과 같이하기위해 스스로를 고문시키는 오버쿡드를 해봤는데 정말 한판만에 광탈 해버렸다  그치만 플레이트업은 몇시간동안 생존가능   하면할수록 효율적인 동선을 짜기위해 물건을 배치하는 과정에서  처음엔 이딴템이 왜필요하지  라고 생각했던게  와 이렇게 사용하라고 만든 템이구나 하는 생각이 들게되었습니다     개인적 의견으로는 만약 친구들과 함께하고싶어서 어쩔수없이 정신고문을 받는거라면 오버쿡드보단 덜 고통스러운 플레이트업을  추천드립니다 훨씬 재미있고 꽤 진득하게 할수있어요
플레이트업!,Posted  September          오버쿡 상위호환
플레이트업!,Posted  August          혼자해도 같이해도 넘 재밌습니다     최고의 디지털요식업
플레이트업!,Posted  November          굿
플레이트업!,Posted  October         손님길막하고 바닥에 쓰레기버리고 음식을 가끔식 두번시키고 메뉴을 바꾸는     손님 존경스럽습니다  접시  개만 집지마 요리사 
플레이트업!,Posted  March    아기자기하니 재밌다
플레이트업!,Posted  July    라즈마랑 같이 할 수 있게 된다면     그때 다시   
플레이트업!,Posted  August         이걸 대체 혼자 어케 깨라고 만든지는 모르겠지만 친구들이랑 같이 하면 재밌음 깨려면  명 풀파티로 해야할듯      업그레이드 기능을 몰라서 게임을 혼자 하드코어로 하고있었네요 업그레이드랑 자동화를 잘사용하면  명이서도 꺨수있습니다 
플레이트업!,Posted  October          손님 맞을래요 
플레이트업!,Posted  September          오버쿡드와는 다른 맛을 볼 수 있습니다  요약하자면      혼자서도 잘해요    서순도 신경써주세요    불나는 참사는  원하는 경우가 아니면  나지 않습니다   Automachef류의      자동화보다는 진짜 부엌처럼 반자동화가 가능합니다  일단 멀티 필수인 오버쿡드와는 달리 혼자서도 충분히   일까지는 해낼 수 있습니다  메뉴만 잘 고르면요  그리고 오만가지 다 때려박지 않고    순서대로 조립해야만  합니다  그래서 메뉴가 쉽게 복잡해지죠  조리 도중 놔둔다고 해서 참사가 나진 않는데  기본 쓰레기통 용량이  회로 제한되어 있다는 사실을 유념해주세요   단점이라면   성의없는 튜토리얼   짬통 용량 제한처럼 중요한 부분을 알려주지 않습니다   로그라이크 특유의 지루함 피곤함    냥이쉑 레시피 보러 들어가기만 하면 스테이크 해달래  한 이 정도    제 기억으로  만원 안되었는데  이정도면 살만하다고 봅니다 
플레이트업!,Posted  July   이겜 짱 재밌는데 부정적인 리뷰 그만 보고 사세요  근데 이제 새로운 레시피는 구글에 검색해봐야 될 정도로 정확하지 않거나 불친절하게 설명되어있음 그것만 빼면 다 좋은게임임  실패는 성공의 어머니다  실패 하면 할수록 주어지는 시작아이템 하나둘 생기는게 왠지 모르게 할수있어  넘어져도 괜찮다고 위로해주는듯 하는게 뭔가 감동적인데    손님쉑들아 얌전하게 쳐먹고 썩꺼지라고 그리고 밀지말라고진짜                                     
플레이트업!,Posted  October         깨끗이 좀 처먹어 씹련들아
플레이트업!,Posted  March    친구한테 사줬는데   시간하고 먹튀함  결국 혼자 못함  정말 열심히 같이 해줄 친구 아니면 안사는걸 추천             보고있나 외톨  
플레이트업!,Posted  September    요리왕 수영과 함께하니까 터보  인 개쉽네 따잇            터보 못깬 사람 없지       
플레이트업!,Posted  August   이거 존나 재밌어요 체감상 오버쿡드 상위호환 느낌  개재밌음 님들이 친구 있으면 꼭 같이 하셈
플레이트업!,Posted  November         친구랑 같이 하면 꿀잼
플레이트업!,Posted  September    나영이와 함께라면  터보  ez   오버쿡의 모든 것을 맛봤다면     같이 즐기기 좋은 게임  간단하게 일반 모드 함 즐겨주고 터보로 가세요  이 게임의 진미는 터보다   p s  나영아  난 너를 믿고 있었어 
플레이트업!,Posted  November   Outside world  when people get high on meds  I get high on cooking and serving in my room
플레이트업!,Posted  November   평생 할로윈 업데이트만 해주세요
플레이트업!,Posted  October    정말 재밌어요 오버쿡 좋아하면 더 추천해요 
플레이트업!,Posted  October    Product received for free  시간차이 팀차이 혼자 뻑샘 선물 좋음
플레이트업!,Posted  October    옵쿡 이후로 발견한 나의 마약겜   과몰입하다가 친구랑 싸울수있음주의
플레이트업!,Posted  October    무조건 멀티게임   구매하자마자  시간 갈겨버리기      손놈들이라 마음껏 욕하며 할 수 있는 게임 제발 깨끗하게 좀 먹어       용변은    화장실에서      
플레이트업!,Posted  October    요리말고 똥치우는 게임
플레이트업!,Posted  October    협력보다 솔플 자동화 주방 만들기가 더 재미있는 요리게임  Plate up 위키의 자동화 페이지가 도움이 됩니다  레시피랑 카드가 더 업데이트 되면 좋겠음   시간까지는 재밌게 했는데 슬슬 질리기 시작함
플레이트업!,Posted  October   굉장히 재밌는데 솔직히 좀 자동화 시스템 만들기 쉬웠으면 좋겠다 
플레이트업!,Posted  September    알바구해요  
플레이트업!,Posted  September    갓겜이애오  오버쿡이랑은 다른 색다른 재미가 있어요  질릴 때 쯤 터보로 해보세요 
플레이트업!,Posted  September    한 명만 빡쳐도 처음부터 시작해서 보름 지날 때까지 긴장을 풀 수 없다       오버쿡 하다가 넘어온 건데 오버쿡은 혜자 게임이었음을 알게 됨 거긴 음식 바닥에 둬도 됐는데      
플레이트업!,Posted  September   오버쿡 보다 재밌음
플레이트업!,Posted  September   게임할수록 머리가 좋아지는 것 같습니다 
플레이트업!,Posted  September    명은 있어야겠는걸
플레이트업!,Posted  September   Product received for free  자동화의 꿈 잊지 못해 나는  등이 아니라 금메달리스트가 될거야 아무도 날 막지 모태
플레이트업!,Posted  September   오버쿡보다 자유롭고 쉽습니다  장비 강화도 할 수 있고 전 오버쿡보다 조작감도 좀 부드럽고 좋았습니다 
플레이트업!,Posted  August    너무 재미있어여    
플레이트업!,Posted  August    Product received for free  손 꼬이는 게임
플레이트업!,Posted  August    제발       식당에서 똥좀 싸지르지마세요                     손놈들                              
플레이트업!,Posted  August    혼자하는 것보단 멀티로 하면 정말 재밌음     근데 멀티로 겜하다 실수하면 친구한테 극딜당함      한 번 죽으면 끝나서 예민 그 자체      
플레이트업!,Posted  August    혼자서하는것도 재밌지만 여럿이서 협동하여 플레이하는것이 더더욱 재밌어요
플레이트업!,Posted  August    친구랑 창업을 하면 안대는 이유를 알수잇는게임
플레이트업!,Posted  August    님들아 진짜 완전 짱 재밌으니 많이 플레이 좀 해주십샤  개발자님들아 메뉴 계속 추가하고 꾸준히 업데이트 해주세요 감사합니다  같이 할 사람     
플레이트업!,Posted  August    게임은 재미있는데 같이할 친구가없음    
플레이트업!,Posted  August   멀티플레이 하고싶어요 근데  왜 나혼자 음식 만들고 있습니까 
플레이트업!,Posted  August   Product received for free  재밌어요
플레이트업!,Posted  August   여친이랑  명이서 하는데 엄청 힘들어서  명이 딱 적당하지 싶네요 더 커지면  명도 부족하려나  난 서빙 설거지 청소하느라 바쁘고 여친은 요리하느라 바쁘고 싸울 틈이 없어서 재미나요 공개방에서도 해보고 싶은데 공개방을 들어가는 방법도 모르겠고 뭔가 좀 불편
플레이트업!,Posted  August   예  쉐프 
플레이트업!,Posted  August   여러모로 킹받네요
플레이트업!,Posted  August   Product received for free  즐거운 가게 운영 게임  손놈들은 길막하고 더럽게 먹음
플레이트업!,Posted  August   주방에 있는 새끼가 문제임
플레이트업!,Posted  August   레스토랑 경영하는 게임 너무 재미있다 
플레이트업!,Posted  July    자영업이 이렇게 힘든거란다
플레이트업!,Posted  July    친구 필요하다 반드시
플레이트업!,Posted  July   
플레이트업!,Posted  July    죄송해요 죄송해요
플레이트업!,Posted  July   요식업 시뮬레이터
플레이트업!,Posted  July   재밌는데빡침
플레이트업!,Posted  July         오버쿡  그건 게임이 아니라 고문이다  이 게임은 억지스러움도 없고 지면서 배운다 
플레이트업!,Posted  June    장점  원래 이런 주방 게임 좋아하는 사람들은 환장하게 되어 있음   단점  좋아서 환장하고 미쳐서 환장하고 아무튼 환장하게 되어 있음
플레이트업!,Posted  June   예상대로 협동하면서 물품을 업그레이드 시키거나 사가지고 재배치 하는 이 즐거움은 말로 표현할 수 없어용 즐겜 중입니다 
플레이트업!,Posted  June         
플레이트업!,Posted  May    로그라이크 식당경영 친구 숫자만큼 난이도가 낮아짐 혼자하면서   일 이상을 경영하고 싶다면 특정 음식과 특정 카드를 거르게됨니다   구운 호박씨  개 만들고 남은 호박 버리려면 쓰래기통 비워야함  많은 트라이를 해서 주요 기물을 빠르게 뽑아야 롱런 가능  친구와 한다면 좀더 다양한 음식을 선택하고 카드를 골라볼 수 있어요   편의성을 위해서 식당맵 만들 수 있는 모드와 마우스를 이용해서 기물을 옴기는 모드를 추천합니다
플레이트업!,Posted  May    극한의 효율뽑아서 수익 올리는 맛으로 하는 협동게임 매번 할때마다 예약 손님 욕심이 과해져서 프랜차이즈를 못가네요      
플레이트업!,Posted  May   굳겜 갓겜
플레이트업!,Posted  April    혼밥하실분들만 들어오세요   
플레이트업!,Posted  April     인 운영 식당인데 좀 봐주세요
플레이트업!,Posted  April   친구랑 같이하기 좋은게임  꽤 어려운 난이도로 바빠서 점점 말을 잃어가는 게임  재밌어요bb
플레이트업!,Posted  April   뒤로갈수록 음식 안팔아요 하고 울고있기는 하지만 친구랑 같이하면 더 개꿀잼이에요      
플레이트업!,Posted  April   혼자면 좀 그렇고 꾸준히 같이 할 사람 있으면 재밌어요 쿠킹 타이쿤 로그라이크이자 난이도도 적당하고 오버쿡드는 그냥 어렵게 요리만 하는거라면 이건 뭐 나름 입맛대로 테이블도 옮기고 정하고 의미는 없지만 벽지 바닥재로 꾸밀수도 있고 와이프랑 둘이서 머리 싸매면서 재밌게 했네요
플레이트업!,Posted  April   넘무잼밌다
플레이트업!,Posted  May   https   open kakao com o gWG maif  같이 플레이트 업 하실 붆     갓겜입니다  이걸로 최초로 게임친구 만들 생각 하는 중입니다 
플레이트업!,Posted  March    와 스바 가면 갈수록 바뻐 뒤지겄네 오버쿡이랑 비슷한 게임임 최대  인 지원 게임의 맵을 고르고 주어진 환경에서 여러가지 오브젝트를 활용하여 가게를 운영해야 함 이것도 있는데로 하는게 아니고 동선을 잘 고려하여 배치를 해야됨 잘못 배치하고 시작 할 때 이미 배치한건 이번 게임이 끝날때 까지 수정을 못하니  아  맞다     하는 순간 두통이 심하게 오게됨 여럿이서 할 때 역할 잘 맡아서 하는게 좋음 게임 할 때 마다 다음 판에 적용되는  가지의 이벤트가 주어지는데 이것도 좋고  나쁨이 있으니 잘 판단해서 고르면 됨 그리고 매 판마다 구매 할 수 있는 새로운 오브젝트들이 나오는데 가지고 있는 자산을 보고 용도를 확인하여 구매 해볼것 청소랑 설거지도 수시로 해야하니 놓치지 말것  
플레이트업!,Posted  March    친구랑하기좋아요
플레이트업!,Posted  March    아너무재밌다
플레이트업!,Posted  February    존잼 창작마당 쇼핑 대유잼
플레이트업!,Posted  February   파파고번역기 돌리세요    
플레이트업!,Posted  February   동선 최적화에 미쳐버린 말로들은 일반인과 사고방식이 다릅니다 
플레이트업!,Posted  December          yeah
플레이트업!,Posted  December          i rly rly rly rly rly love yelling at my frienhds     
플레이트업!,Posted  December         갖출거 다 갖추고 나면 진짜 식당에서 일하는 기분임 썩을 PTSD 혼자하면 알바가 왜 필요한지 알게 될테니 친구랑 같이 우정파괴 하자
플레이트업!,Posted  December         재밌다
플레이트업!,Posted  November          내 앞 길좀 막지마                  
플레이트업!,Posted  November          요리게임 인 줄 알았는데 알고보니 산업화게임
플레이트업!,Posted  November          피자는 신이고 나는 X신이다 
플레이트업!,Posted  November          갓겜
플레이트업!,Posted  November          혹시 핫도그해제하신분들 핫도그해제하고나서 계속 게임시작할때 community카드 뜨고  이카드 선택하면  일마다  사람수 하나씩 더늘어나는데   해결방법없나요 이거 없애고싶어요  
플레이트업!,Posted  November          언제 공장이 됐지   https   blog naver com bom ki             
플레이트업!,Posted  November          접시 닦으러 오세요
플레이트업!,Posted  November          단점 한글없음  장점 존나재밌음
플레이트업!,Posted  November          압도적으로 긍정적이면 이유가 있습니다   와이프랑 오버쿡을 정말 재밌게 했었는데  이걸 더 재미있게 한거 같네요  오버쿡은 아케이드에 가깝다면  플레이트업은 시뮬레이션에 가깝다고 봅니다   같이 플레이할 사람이 있다면  무조건 하세요 두번 세번 하세요
플레이트업!,Posted  November          가끔 게임해주는 친구가 맨날 이거 하자고 하네요 최고의 게임입니다
플레이트업!,Posted  November         시간가는 줄 모름 친구들과 하는걸 추천
플레이트업!,Posted  October          자 이제 제가 어제 만들다 만 피자를 앞에 계신 손님과 나눠 드시고 돈은  배로 내주세요  접시는 기계가 알아서 치울거고 들어오셨던 곳으로 나가시면 됩니다 
플레이트업!,Posted  October          친구가 없어 요리사와 서빙종업원을 나눌수 없습니까  걱정하지마세요  이 게임의 궁극적인 목표는 식당을 만드는게 아닌 종업원이 필요없는 요리공장을 만드는거니까요  당신의 코딩능력을 보여주세요 
플레이트업!,Posted  September          한글줘한글줘한글줘한글줘한글줘한글줘한글줘한글줘한글줘한글줘한글줘한글줘한글줘한글줘한글줘한글줘한글줘한글줘한글줘한글줘한글줘한글줘한글줘
플레이트업!,Posted  September          마약같은 게임 제발 멈춰줘 게임을 그만 둘 수가 없어
플레이트업!,Posted  September          너무 재밌어요 오버쿡드  와 비슷하지만 다른게임입니다  할인할 때 빨리 사세요  
플레이트업!,Posted  September          very addictive good good
플레이트업!,Posted  September          너무 어려워요   실패할 때마다  레벨로 돌아가는 바람에 새로운 레시피나 기술을 배우는 것도 아님   그냥 매번 실패하는 곳까지만 가보고 끝 손목 나갈 거 같음    돈 아까워서  시간 정도 해봤는데 그래도 별로임
플레이트업!,Posted  September          넘모    재밌자너 근데 게임중간에 맵을 업그레이드해서 넓힐 수 있으면 좋겠음 그리고 개인적으로 자동화 시키는건 내가 원하는 게임방법이 아니긴함  
플레이트업!,Posted  September          추천합니다 이 게임이    말 최고의 게임
플레이트업!,Posted  September           인에서 할수만있다면 개띵작 킹겜
플레이트업!,Posted  September         이게    혼자서도 가능하다고 
플레이트업!,Posted  August          very exelant player     
