title,review
DOTAGE,Posted    October If I had a nickel for every fun indie city builder game I own developed by just   person  I would have   nickels  which isn t a lot in the grand scheme of things  but damn it s impressive 
DOTAGE,Posted     October This has the highest  one more turn  syndrome of anything I ve played in recent years  Never knew how badly I needed a worker placement board game in a single player digital setting 
DOTAGE,Posted     October Can t write a review right now  its  am  have work in   hours  Just need to take a few more turns    
DOTAGE,Posted    October Trust me when I say this is a work of love   Every detail placed here and there fits nicely in this cozy village with the uncertain future  even late in night I did find some comfort when I played this game  music is upbeat but calm the color are vibrant and warm  everything lives   then dies   The game provides pictures of the floating world  a fleeting reality that will have to face great calamities at that awaits  but there hope at the end of the road   Hope is not lost 
DOTAGE,Posted    October Game is actually awesome  If you like rimworld  you ll love this  What I didn t like about rimworld was how you just always had to react to events  But in dotAge  you get a bit of a heads up as to what type of event might happen  and can take precautions  Perhaps even turning a bad event into a good one   For instance  it s turning winter and theres a coming chance of a cold event happening  You can build fires  and keep your villagers toasty and bam  no negative effect  actually they all just sat around and gained some knowlege  Something like that   Anyway  I plan on playing this one quite a bit  Definitely recommend to any village builder survival enjoyers 
DOTAGE,Posted    October usually these kind of games are eighter unbalanced or lack strategic depth but since they provided a demo and it kinda worked okish i took a gamble and bought it  no regrets  played for    hours straight  very strategically in depth  big skill tree   tabs with     choices in each layer so a choice between       at any given time even earlygame  multiple things threaten your village and a lot of buildings require turns to build and train someone  which really tests your strategic skill to get the infrastructure online right when you need it to start producing as a lack of a certain resource could cost you many turns that you cannot afford to lose   starts easy and self explanatory and slowly scales into big brain gaming      
DOTAGE,Posted    October Jesus Christ I have played nothing but dotAge since it released and when I stop playing I m still thinking about it   I am blown away by how well designed this game it  It is the perfect combination of strategy and screw you   If it seems at all appealing to you  I STRONGLY recommend it 
DOTAGE,Posted    October Awesome colony sim game  Don t let the cute little pixel art fool you  it can get quite complex later on  and I think I m far from unlocking all the tools available  The fact it s turn based instead of real time makes Dot Age a unique experience  I really like that you can plan everything at your own pace before moving to the next day and see the outcome   Also  you get to be an old man and yell at stuff 
DOTAGE,Posted     October As far as Roguelit like City builders go  a woefully underrepresented genre   I prefer Against the Storm  AtS is tighter  respects my time more  and its  tension certainly adds to the experience  They re both work placement city builders  AtS is real time with pause but I actually prefer turn based models  I ll lead with that    TL DR below   That being said  here  full runs take quite a bit of time  I d wager that if you re shooting for effective turns you re probably looking at     hours on normal as you re learning the game  Those hours are spent idyllically  I believe the youngsters would say something like  hard chillin   The tension comes from wanting to do more but not being able to  I suppose the Domains are also elements that ratchet up tension but  even on my first play  with no preexisting knowledge  I found them all trivial until the very end of the game   Then the end game has a word  and that word elaborates on it s intentions  the word is not PG     It s carnal  No  Not like clowns  I lost my first run  badly   Or maybe I didn t  I got an achievement for surviving the apocalypse even thou I finished with   pips  if intended  that s a confusing interaction because   yes  I  the elder made it  I was skipping to my loo for hours upon hours  recalling the warning during difficulty selection  Then I was shown   Speaking of domains  they re everything  They re really all that a player should focus on  Period  The results are nonsensical sometimes  Win every domain check  you win the game   I m an extremely avid board game fan  This game is certainly influenced by worker placement mechanics  That s being said  it doesn t evoke it as well as most modern cardboard games do  This is worker placement if I have however many workers I want  I believe the dev intends to limit this in a future patch   So  now my only real calculus about workers is  do I have enough   Food doesn t seem like it s ever going to be a struggle  to include during winter  unless you re talking the final page   Okay  so  I typed quite a bit about this games flaws  Now lets talk about what I enjoyed about it   It s peaceful  It s truly chill in that way that only  vs AI  turn based can be  Time too cook  I go cook  I come back and DotAge is right there waiting for me  The various tech trees are  for my initial impressions  quite deep while simultaneously  samey   I ve yet to attempt a second run yet so I d be interested in seeing how their availability changes  yet another AtS strength               TL DR           I prefer Against the Storm but am happy to own this  The former is more stressful but takes   m    hrs a run  this takes     hrs and probably overstays its  welcome each run  This game is peaceful   until the end when it absolutely murders you  your family  and your cat  Awesome achievement developed by a single person  final product being a tiny list of collaborators  
DOTAGE,Posted    October Always Obey Your Elders   Some days I m willing to struggle against the RNG  punished for every small mistake  and other days  I just want a chill experience  I appreciate that Dotage allows you to experience either thanks to its difficulty settings  transforming from a claw your way up tale of survival into a cutesy village simulator with some hilarious and bizarre random events  Either way you decide to play  it s a great time  I m playing on Steam Deck and  though there s no controller support  Dotage works just fine right out of the box  the text is completely legible and I m not having to fiddle with anything to make it less awkward to control  Woot   Dotage is adorable and the writing is hilarious  but beneath its silly and charming exterior lurks a challenging survival game  Your small tribe consists of the Elder  who has lived through many crisis before and is trying his hand at surviving this one  and the Pips he commands  The premise of the game is that this Elder has visions of the apocalypse and with his guidance and careful attention to your growing population s resources  you can prevail  Your Pips can build  gather resources  and operate increasingly complex buildings  The longer you survive in game  the more your Elder remembers and therefore more tech and random events you unlock  You can also research new technology  which is fairly standard to the genre  I liked that this is turn based  meaning you can assign your Pips to tasks at your leisure rather than feeling like you re racing against the clock to preemptively deal with a series of small fires   The needs of your village grow as your technology advances  meaning your Pips will no longer be satisfied with simple huts and will begin to crave leisure activities  Plus you ll need to specialize their jobs in order to create more complex items like cooked food and tools  The steady flow of upgrading from a ragtag group of buildings and foraging for food to a bustling  self sufficient metropolis is very satisfying   Food and building materials are your main resources to worry about though  depending on the Domain threat which corresponds with the apocalyptic events that play our during the course of your run  you ll also have to contend with creating heat  hope  and nature  You get plenty of warning ahead of Doom events and can even change the outcome of some of them by having your Pips produce resources to combat them  For example  if a cold event is going to savage your town  you would create heat  This removes some of the RNG reliance  but that isn t to say you re guaranteed a good outcome  Sometimes the game will throw a wrench in your plans by escalating the threat level  meaning the negative resources will build up much more quickly  If your buildings aren t up to snuff in terms of production  you can easily be overrun and get a negative outcome   Things can and will go wrong  Buildings will catch fire  Pips will get sick  and the seasons will be unkind  particularly winter where you can no longer farm and hunted animals no longer replenish   but it never feels unfair or like you don t have a way to at least bounce back from a tragedy  This is the sort of game where you ll say  I ll just finish up research for this tech and then I ll head to bed  and then look up and realize it s  AM and I mean that in the best of ways  If you re looking for a simulation strategy game with roguelike elements  Dotage is well worth the asking price  Support this solo dev 
DOTAGE,Posted  October   Like stacklands but more tactical and challenging 
DOTAGE,Posted  October    I cant believe that there s a city builder   resource management game that came out in      that isn t either completely broken or in early access or both       And its actually fun 
DOTAGE,Posted  October    DotAGE is an instant clasic    It s fun when you win  It s fun when you lose   Favourite features    Dyslexia font   Silly events   Inheritence of characteristics from parents to the child  this includes gender     Drawbacks of some more advanced buildings  eg  speed vs  resource efficiency    Many layers of randomization  Would love to see    A way to see the parents of a Pip
DOTAGE,Posted  October    Here s the rub  it s a neat game  solid premise  and pretty easy to understand  It s got good art direction  it MOSTLY makes sense  and hell it s got a demo   But  It s also pretty slow  mostly on account of having little animations to go through between turns   even when sped up  It s also extremely easy  to the point of it getting boring   and completing a run is like      hours  mostly because of the animations  Early on it s rough  the challenge being to produce enough Numbers to satisfy a challenge quota  but you can beat every single bit of difficulty in this just by having more people  The penalty for having people is needing house space and food  but the maps are huge so housing is kind of irrelevant and it turns out having more people also solves food  too  Bizarrely  the end game techs all resolve around using fancy people to use less people  with their own requirements  but you can just put down two of whatever lesser building instead and be just fine  It s not entirely an issue of the chosen difficulty  either  as I was besting challenges by margins of hundreds of points and the difficulty doesn t scale that far  That s ignoring that winning the challenge quotas also gets you boons and lets you snowball   In my first game I haven t been under any threat about forty minutes into a seven hour run  It isn t a particularly compelling game for something that paints itself as a challenging builder  Still cute tho
DOTAGE,Posted  October    It is really very good  simple to understand yet with a good amount of depth   DotAGE is a worker placement game where you build your village from the ground up  collecting resources to expand and fend off various terrible events  There are a good number of production chains for you to explore and a variety of difficulty levels making the game accessible to everyone  The game comes with an in game encyclopedia  with an amusing name  to help you get by  as well as hints  basically mini tutorial screens  to remind you how things work   A lot of thought needs to go into building your village  buildings need other building types nearby and can gain production bonuses from placement as well  both from buildings and even the type of terrain nearby built on  Maps are randomised so no   villages will look the same  The graphics are really well done as well  your pips are full of character and the change of seasons are very well done  Pips speak in a sort of  simlish  style which I love  Music is similarly strong and fits the games theme well   Of course growing your village isnt your only goal  You have terrible events to fight  For those who do not like RNG do not fear   all major events are clearly marked out in advance so you can prepare for them  You fight events by resource collection  On harder difficulties you will need to make tough decisions about what your pips produce if you do not have enough workers to meet demand   The game has a lot of content  a sizeable tech tree and plenty of unlocks to get more content  You will get your worth out of dotAGE   There is not a lot wrong with dotAGE and the single dev has been hard at work from launch to fix any major bugs  although I will confess I have not run into any issues  What I will say is that although the game describes itself as a  rougelike  it leans heavily on the  like  part  That isnt a criticism at all   but do not expect  quick  runs  runs will last a long time if want to complete them  I am   hours deep into a run and only halfway through  Fortunately new stuff you unlock is immediately available within your current run so you wont miss out on stuff   A quick word advice on difficulty   the game currently warns you that  normal  difficulty is pretty tough  If you have played worker placement style games before I would recommend trying the next difficulty up  Its less time consuming to fail and scale down rather breeze through and realise you have another   hours to go before you win   All in all dotAGE is well worth your time and a credit to the solo dev who made this happen  I truly hope that you sold more than you expected from this wonderful game 
DOTAGE,Posted  October   I would describe dotAGE as a tactical turn based city builder with deck builder and board game elements  It s extremely well crafted  exudes charm  and provides all the information you need to plan our decisions  This is a must have if you enjoy city builders or deck builders   Note on current playtime  I played and loved the demo during the Steam event it was featured in and you can expect to see my playtime grow significantly   
DOTAGE,Posted  October   As a fan of city builders and rougelikes  this is addicting  I prefer it over Civ  it s less confusing  I recommend starting on the easier mode to get used to the mechanics  it s not hard to grasp if you take time to plan your turns  I m glad there aren t any guides up so i could make discoveries on my own   Second play through  I ve spent   hours and made into summer  nd year  I think I ll make it to the end without trouble as the resources just keep piling in  spent too much time planning   Fingers crossed I didn t just jinx myself   Love watching the village grow and the cranky Elder run around   Edit after completing first game  I overdid myself  mid game ish it became very easy  Hoarded way too many resources that when the apocalypse hit  i had nothing to do so i went for making babies and unlocking achievements  Guess it s time for normal or hard mode   Overall  I definitely recommend it  main issue I had was some of the status effects weren t explained properly  but didn t affect overall game play   Tips    The animal in pens regenerate   When you unlock a new animal  it may not appear on your map  events will spawn them  though the animal pen might not unlock until next round so you can t capture them    Bread s nice
DOTAGE,Posted  October    Dotage is outstanding  It s a roguelite city builder  not something I ve seen before   well  more accurately  a village builder  the playfield isn t huge    The central conceit is that your character is elderly  with minor powers of prophecy  and you have led some of your people to a new homestead  There are two main problems  your dotard s memory is poor  so he s forgotten most of how to make a village  and the Apocalypse is coming  No pressure   The economy is intricately balanced  you re constantly pulling against one or more limitations  It s a very impressive example of good game design  you can tell the author worked on it for ages  You can never do everything you want  something is always limiting you  so you re balancing between fixing bottlenecks  generating food and construction resources  generating new labor by creating children  and creating resources to fight off bad events   As you progress  your Elder will warn you about incoming events  he never knows what they are  but he knows their type   at least heat  cold  fear  and disease  there may be more   Your village needs to create resources of the opposite type to try to turn the event from bad to good  the more your total of good resources exceeds the game generated total of bad resources  the better your chance of success  Good events give you minor advantages  bad events give you problems   Once a season or so  a Doom comes upon you  which is much stronger  fight that off  and you ll get a village Boon  which is a powerful permanent buff   at least to the current village  I don t think it applies to later ones   So far  I haven t failed at a Doom  so I don t know what kind of debuff you get if you blow it   And finally  after maybe twenty ish seasons  you come to the Apocalypse  I have no idea how that works  I haven t gotten that far yet  I may update this review later with more info if I think it s important  but I doubt it ll change my opinion   At     hours  I am  thoroughly  hooked  Dotage is a prime example of the One More Turn genre  It is  hard  to put this thing down  even though it s turn based  and you can quit and save at any time   I haven t been this gamelocked in quite a long time  This thing is well worth full price 
DOTAGE,Posted  October   Very addicting   When I m not playing it  I m thinking about how I want to play it   THE GIST OF IT  It s a random colony building game with rogue esque elements  though mostly city building  If you know Cid Meyers CIV  its a bit similar in the way its generated  each random map generation with different animals  mountains  waters   wetlands  and more  These impact your gameplay as you expand outward   Putting your barebones water source on a wetlands for example  gives you let s say    water  Each day  you will collect    water on top of the regular water  if you have it on that tile   Putting crop fields next to your water source will give you    crops extra  etc  because of the extra resources   I cant remember the exact amounts  but you get it    This theme continues through the story  But thats not all   And I dont mean that lightly  This game has a fate system  thats the rogue like part of it  Events are randomly generated and based on your actions  very very easy to sway  in my opinion  the events that happen can be good or bad    A village full of anxiety and fear  Citizens that don t trust each other might lead to m urder    A village that is full of hope  They might find extra food  money  etc and give to the village pot   There is a lot more than this  A few play throughs and I ve already found a system I like  The story tellers also change the game play in the way of tech trees changing  sometimes per new game  One time I started with the technology for a crude well  another time  I began with a mountain spring   I hope this gives you an example   P S  You can change the font if it bothers you like it did me  I have it on currently on dyslexic 
DOTAGE,Posted  October   A fun little game with a lot of depth  It s a bit slow right now in terms of waiting on rounds but I am hoping in the future there will be a skip several day function  Don t let that deter you from playing though  It s a very fun game  It feels really complete and I can t wait to be able to really sit down and bite into it some more  The most impressive thing about it so far is that the systems seem pretty well thought out including the domain events adding a little spice to the strategy 
DOTAGE,Posted  October   where did this game come from  what happened  it came out of nowhere and suddenly my whole Sunday has passed  jeebers this game is most excellent 
DOTAGE,Posted  October   I love city builders and this is the most brilliant and original take I ve seen in a looong while  plus the dedication and love put into it are dipping from every pixel  Absolutely addictive but in a good way 
DOTAGE,Posted  October   Great idea  but I don t think it s fun  The memory unlock process makes the game really tedious for no reason  locking you out of tech and resources until you lose enough times 
DOTAGE,Posted  October    Took about    minutes of playing to really get into it   then I was hooked 
DOTAGE,Posted  October   An original and delightfully presented take on turn based city builders  As long as you love turn based games  you really can t go wrong with this game 
DOTAGE,Posted  October    Really good  challenging game  with a lot of replayability  I still haven t beaten it  after several runs  and it keeps opening up more content and changing how the play through goes with each new attempt  I originally pirated it  but have since bought in on Steam  as it deserves the money for being such a cool little game 
DOTAGE,Posted  October    Playing this game is like being scratched in that perfect itchy spot  I have only played it for   hours at this point  but I can already tell that this will be one of my all time favourites     Deep city building mechanics with a huge research tree    Light and funny humour    Beautiful pixel graphics  with a lot of details    Clear and powerfull UI  easy on the eyes    Very cute tutorial progression system    Thorough encyclopedia  which is very well written  short and to the point  and highly accessible    Novel turn based rogue like simulation mechanic   Completely mind blowing that this was made by a single developer  You deserve all the success  Looking forward to playing this game for many more hours 
DOTAGE,Posted  October   I don t review many games  but I had to for this one  As a fan of city builders  management sim games  and board games  I couldn t be more happy with this  The actual building part of the game is similar to lots of others  where this game shines is in its random events system  This system alone adds so much replay ability and character to the game  You d think  as I did  that the turn based system would be a bit of a pace killer  but it really isn t  It makes it more of a puzzle solver  which I really enjoy  There s a few bugs typos  and optimisation issues to iron out  but this really stands out as a labour of love from the developers 
DOTAGE,Posted  October   I died to  death of the universe   Game is a bit drawn out  well done though  plenty of bugs  but they were mostly audio visual stuff   Would like to have a little more direct control with micro  though game does a reasonable job of choosing for you   Definitely needs better summary tabs and access to info that is going on in a list format for creatures  pips  buildings  threats threat contributors However  game does a surprisingly well job without allowing you to see it easily intuitively  Would like to resources threats running at a loss more clearly as the list becomes unmanageable late game once you get hit with a negative omen  etc 
DOTAGE,Posted  October    For the price  its definitely a recommendation  That being said  it would be at least twice as good of a game if it took half as long to complete a playthrough  Having the months be over    days each was an odd choice  but in the end it works for what it is  and with such a fair price its hard to complain  It also has clear vision throughout and good design choices in many parts  Kudos to the dev 
DOTAGE,Posted  October   Overview  Dotage is a colony and resource management game about planning for unforeseen consequences  that you kind of know about   You re fighting the typical colony tropes  starvation  winter  etc  But you re also fighting against random events that you are given advance notice of  If you played Frostpunk  remember how Frostpunk would warn you when a temperature drop was a couple days away  Dotage uses a very similar mechanic  but there s different categories of events  and each category relies on building separate types of buildings  and producing separate types of resources  to stave off that disaster  The degree to which you commit your resources to these categories influences the severity of the resulting event  It s a simple idea  but with a lot of depth and strategy to it   You ll like it if  you enjoy elements of planning ahead in resource management games  maximizing tile bonuses  and ESPECIALLY population management and worker allocation  Knowing how many villagers you need ten turns from now to run your economy  and working towards it well in advance of when it s going to be a problem  is your saving grace here  There s some randomness in the buildings that you re offered every run  and the resources available on your map  so it s difficult to reduce the game down to a prescribed optimal build order  You have to think on your feet and work with what you are given for a particular run   You will not like it if  you feel that RNG spoils your carefully laid plans  The game wants you to fail  The game is trying to get you to fail  It will tell you what you need to do to try and stave off disaster  but that s about it  If you spent your first season constructing a village designed to survive the worst Fear and Heat disasters of the spring  and you get mad that your first Summer omen is in the Sickness domain  which you didn t plan for AT ALL  you may experience some frustration with this game  If you look at Dwarf Fortress or Rimworld and you say to yourself  actually  losing is NOT fun  This is probably not the one for you 
DOTAGE,Posted  October    Doesn t look like much  but it has a nice crunchy worker placement puzzle 
DOTAGE,Posted  October    Perfect minimalist take on the civ genre  A humongous game lurks beneath an addictingly simple facade  Love it 
DOTAGE,Posted  October   Fun and cute city builder  I think its one of the few ones to do a really interesting spin on player vs environment where most the ones I would enjoy like rimworld have a heavy focus on military and combat this is one of those  banished  type games that has so much variety of threat  ways to deal with it and the prophecy system makes it enjoyable to tackle each  doom  even   You have a prophetic scroll that lays out the next set of events  changes in the season and warns you of upcoming DOOM which are the big events that mark the end of a scrolls page  beating the doom event gives you a powerful boon but you can survive the consequences of it and hope to do better next event  provided the event didnt annihilate your entire settlement  Eventually you ll foresee the apocalypse which is a scroll page that presumably marks a cascade of doom  its the greatest challenge to your village and I ve yet to actually make it to the apocalypse because this game even on normal difficulty will challenge you  not so much that you ll find yourself doing villager micro every single turn  so it finds a good balance between a casual yet challenging playstyle  and there are harder difficulties for the daring   Every success and to a lesser extent failure in a run will reward you with little puzzle pieces that let you unlock more stuff for future runs  broadening your options when growing your city and dealing with DOOM  So there is a rogue lite element where a loss isn t a waste of time  Say for example you do really well  beat every doom event but then get an incredibly impossible sequence of events that just grind you into the ground  you will still get a large progression reward for beating every other event as you are also rewarded puzzle pieces based on your score   Overall a really fun city builder  I ve played it for    hours and still havent unlocked close to half the available content and every run feels different 
DOTAGE,Posted  October    DotAGE is a surprisingly deep and replayable experience  The  solo  developer is active and monitors discord discussions daily  If you are interested at all you should definitely pick it up 
DOTAGE,Posted  October    This game is too good     Like seriously   Add this to the list of masterpieces I have to write a review for    
DOTAGE,Posted  October    Having an amazing time  I ve been looking for a game like that for a long time  It is very obvious that the dev care for the player experience  There s a lot of details that makes the experience so much more pleasant  The game s color palette is exquisite  I love all the seasons  it s just so pretty  Also  turn based  I can take all my time  making it very accessible for me  The game is very fun 
DOTAGE,Posted  October   Unique and mechanically robust  Gives that  one more turn  feeling as you chase the perfect layout  balance your resources  and plan for impending disasters   I like how everything is concretely presented  even the exact odds of negative events   so you can make more informed strategic decisions  At first  this makes the game appear simple  but as you progress  you find there s a lot more to balance  Not only resources  but finding the best arrangement of buildings for adjacency bonuses with limited space  and deciding when to ramp up population versus food versus disaster prevention 
DOTAGE,Posted  October    I dunno  Pips may as well be actual pips for all the humanity they have to them  Amorphous  genderless  occasionally reproduce by parthenogenesis  Guy can live in a hut in one corner of the map and work in the opposite corner and he  it   won t care  Don t feel like colony management  and definitely doesn t feel like  Rimworld  as some commenters claim for some inexplicable reason   Feels more like a logistics puzzle game  but the logistics themselves are really boring on account of having no physicality to them  stuff just teleports around  Actually  what it feels the most like is balancing a spreadsheet 
DOTAGE,Posted  October    Very awesome city builder  Turn based idea is neat  it seems to have hooked me   I have an issue though with the roguelite aspect  One succesful playthrough took me   h  m  This game does not respect your time  It s a coin flip if this is worth your time   It left me with a sense of succes and enjoyment  but the second half of my   h story just didn t have much memorable moments   I look back on it fondly  albeit I feel I spend too much time 
DOTAGE,Posted  October    This game is the definition of  one more turn   There s a lot more demo suggests 
DOTAGE,Posted  October    This is an absurdly fun game  Tough as nails  but always rewarding  The fact that it s played in turns makes it the perfect second monitor game  I ll be playing this for years 
DOTAGE,Posted  October    Easily a top contender for GOTY in the genre  The mechanics and level of planning makes this a joy to play  especially when everything comes together  I cannot wait to see future improvements to the game and what else the developer has in store 
DOTAGE,Posted  October   Been a while since i saw such a Masterpiece of a videogame  and who doesnt love an Elder screaming   MAAAH TOASTER   and jokes aside  that game gets you hooked  just the next turn  and than you still play it the next   hours 
DOTAGE,Posted  November   While initially fun  the game  or a single run  lasts     times as long as it should  After    hours I usually have a very solid foundation  and am unlikely to encounter real problems unless they re completely unpredictable  While unpredictable problems are good in some game genres  they are a sign of poor design in management games  so even that wouldn t really help  Winter is a bit troubling because it s not easy to predict which food sources are disabled during it  but once you ve survived it  your food chain is bulletproof and you should have so much surplus productive pips that there s no real challenge left   Sure  you can finish expanding up the tech tree  although you ll run out of things to research before the end of the game if you re running     tech buildings consistently   But there s no real benefit to doing that  All of the  nd tier professions  the ones that require special pips to train into them are  balanced  to be only marginally better than the base buildings  Which would be fine if they didn t require     hours of game play to unlock and didn t require more thought from the player to even break even  In management games  one of the elements that needs to be balanced is the complexity or cognitive load on a player  If one building is standalone and the other building requires a three deep production chain and multiple adjacencies  then the other building needs to much better than the standalone building  or else there s no payoff for all the extra work the player is doing  not to mention all the extra work the pips are doing to maintain the production chain   Ultimately  the early game is much more fun and engaging than the mid   late game in the current state of the game 
DOTAGE,Posted  October   A really charming and addictive boardgame like basebuilder  You re slowly expanding your village by allocating workforce towards specific resources while trying to fend off various seasonal or RNG requirements like for example providing enough cooling during summer or health to fend off sickness  The resources feel meaningful and scarce  you re always working towards  something  and it just keeps you pushing towards the next goal to improve the village which makes for a very compelling gameplay loop   I don t know how well will it scale in the late game or if it s going to stay as fun since I don t have that many hours in it yet  but today I wanted to just give it a quick try and ended up playing for multiple hours due to the good old  one more turn  lie with which the game tempts you all the time  The game is easy to play and feels very polished  I haven t run into any issues or bugs so far and pretty much everything has been intuitive enough to figure out without struggling   What I can say for sure is that it definitely feels like a big labor of love  The game itself oozes charm and soul  from the little pips hopping around your village to the UI and sounds and I can see myself spending a lot of time on it if it stays interesting with some new mechanics or challenges  like maybe more complicated production chains  in the later stages of the game  It s definitely a recommendation from me but if you re still on the fence   just try out the demo  It is well made and a good representation of the game 
DOTAGE,Posted  October   I witnessed a mass killing  Shortly after a mass starvation leaving me only with   pips  One pip killed the other pip  leaving me with only   pip  My last surviving pip got sick and wandered off into the wilderness  never to be seen again         wanting to get doomed again 
DOTAGE,Posted  October    Incredibly fun yet frustrating game as you build your village to counter the ongoing threats from the Domains  Each attempt teaches you something you need to be aware of for the next time  but the randomness of which techs you have access to makes it interesting  Kudos to those able to play on normal or higher difficulties  I m happy struggling with my wee village on Relax and even if it is Easy Mode  the game can screw you over   shakes fist at Pip that just stole     food in the dead of Winter 
DOTAGE,Posted  October    There is a fantastic game here that I can t wait to recommend once they resolve numerous placement and action bugs that range from being mildly annoying fixable with saving and loading to being complete run enders  I cannot recommend this game with the current state of bugs 
DOTAGE,Posted  October   This is a tremendous effort by a solo dev  A truly unique colony sim in a sea of copycats  Feels almost like a turn based rimworld  Think the structure of a Civalization game   carefully chose what you want to happen on a turn  via lots of micro decisions  then lock them in and see how they turn out  There s also a very clever  prophecy  system that allows you to prepare for upcoming hardships  I m really enjoying what I ve played so far  bravo 
DOTAGE,Posted  October    A bit of a puzzle a bit of a city builder  Really great title   a true gem 
DOTAGE,Posted  October    Love city builders  love rogue likes  love turn based   this hits all of them  Developer is killing it as well with updates and communication  But it now 
DOTAGE,Posted  October   Fun little turn based city builder  It really gets that  just one more turn  feeling 
DOTAGE,Posted  October    A highly engagingly blend of FTL  Civ  and Agricola
DOTAGE,Posted  October   Insanely addicting  it really puts you into a JUST ONE MORE TURN spiral and then its   a m   Great game 
DOTAGE,Posted  October    An entertaining city builder with interesting rogue like mechanics to keep you addicted 
DOTAGE,Posted  October    It s exactly what I was looking for   a tight  well balanced rogue like city builder  I discovered this genre with Against the Storm  I love it and there are so few games in this genre   The only negative for me is that one play trough is quite long  I would say   hours maybe  I would prefer something around     hours   Only discovered this game  long before it was released  thanks to demigiant 
DOTAGE,Posted  October    While I do enjoy a ton of the mechanics and the level of difficulty on the second easiest  if you do one or two turns wrong  the game will PUNISH YOU for it  I really want to like this game and its quirks  but when you have spent    hours building a village just to watch it get decimated at the drop of a hat  it makes it really hard for me to  If you want to play a Min Max cute  city builder   this is for you  If you want a relaxing game that doesn t get bogged down at end game  avoid the heartache that is this game    
DOTAGE,Posted  October    The great thing about roguelikes lites is that you play the same challenging game over and over again in quick successions with each being slightly different than the last until you finally FINALLY beat the game with a great sense of accomplishment  This game is receiving a ton of love  and for good reason  but my personal experience was a fairly boring grind that was over in two loooong attempts  It is very clear that this game has a good hook and a great addictive foundation    the problem is that it just isn t very hard or that much fun  The game warns you from the onset that it has a brutal difficulty so I played on the vanilla setting thinking I was playing something along the lines of Frostpunk  Sure enough  I did die in fairly short order but then on my second attempt  I breezed through the game without much difficulty other than nearly killing myself a couple of times  accidentally creating heat or cold  when I thought it was the Domains doing it   shame there isn t a warning   Once you understand the mechanics  its fairly easy to be hundreds of points ahead of any dangerous outcomes  Also  the game warns you not to populate your town with too many Pips at around     but I felt this was perhaps for poor game balancing purposes or maybe graphical performance more than anything  I grew my village to     and the more I had  the more I was able to accomplish   it just took longer to complete every turn  I think I was at    hours total gameplay when I finished   I might consider playing this game again in a years time after some finessing but for now  I can t say that I recommend it  Having said that  I actually still think you should buy it and play at a harder difficulty setting  It is my hope this negative review will have an impact with the developer to hopefully make some changes  and don t worry  its a blip on the radar against your Overwhelmingly Positive review score   Congrats on the successful release   I look forward to trying it again someday 
DOTAGE,Posted  October    A   year passion project   and it shows  Since being introduced to the roguelite genre a while back I ve always wanted a colony sim  city builder and or resource managment roguelite game  And DotAGE definitely hits the nail on the head  I m happy to say this seem to be an emerging subgenre right now  and hopefully this little gem inspires other developers to make their own Roguelite City Builders   If you get easily put off by unforgiving mechanics  I d start the first couple of runs on the  nd or  st difficulty setting  But if you re ok with messing up because you ve not grasped the game mechanics yet  and starting over  Normal is a very nice learning experience  It can seem a bit overwhelming at first  with the feeling of getting bombarded with prophecies and events  But be patient and you ll get the hang of it     First run ended up with my whole village of   pips running for the woods  leaving only the Elder  GAME OVER    Second run ended with   of my   pips freezing solid while still eating food lol   and   others getting sick  GAME OVER    Third    still going strong in the  th prophecy age or what it s called   with    pips  and all current threats in the green   Take your time and study the tapestry like your life depend on it 
DOTAGE,Posted  October    Very good game   lovely design and visuals  It has some small flaws  but overall it s a wonderful game  Solid        
DOTAGE,Posted  October    very good  i love it  very cute and a LOT more content than i expected   D
DOTAGE,Posted  October    The game starts simple  but the premise is endearing and the complexity ramps up remarkably quickly  You soon come to realise that this is not the game you first thought it was  it is something much  much better 
DOTAGE,Posted  October    Great game  super addicting  Has that Darkest Dungeon panic that I love so much 
DOTAGE,Posted  October    The Gameplay and mechanics is quite unique and i am having fun with it  i love its turnbased and before the event come you will have a vague notice about what it is  so i can plan ahead in a limited turns  This really makes me feel the game is fair and balanced  The description is not really clear in some places but if you spend some time reading  you can somewhat find what you want in the wiki in game  Can really feel the dev love the game they are making  thank you
DOTAGE,Posted  October    As someone that makes small games as a hobby  I really appreciate the level of polish that went into this game  There are so many systems working together and still it feels like a cohesive experience and a fun and challenging one at that  That also goes for the graphics and sounds  Well played 
DOTAGE,Posted  October    Really fantastic  I don t review games often  but the amount of care and thought that went into this is obvious from the first playthrough  Perhaps there are other games like it  but this scratched an itch for me that I didn t know I had  The game already feels more than complete  but there s also so much room to take it further if the dev desires   It s challenging and significantly more complex than it looks at first glance  but the way the mechanics expand for the player is really a great lesson in core game design principles   Highly recommend if you re on the fence at all 
DOTAGE,Posted  October    DotAge is a very addictive turn based city builder rougelike akin to something along the lines of Civ or Against the Storm  It s incredibly fun and there s tons of variety in each game you play  Not only that  but the creator of the game is accessible for any game breaking bugs  suggestions  or anything else you need  I managed to get myself softlocked in a way that wouldn t let me end my turn  so I reached out on discord and the creator fixed it within    hours  You can tell their heart and soul went into making this game  and I will be enjoying it for many hours to come 
DOTAGE,Posted  October    So I am inconveniently impressed and frustrated  Dotage is all I ve been think about for the last     days    Coming from a guy who s spent over       hours playing city builders  I have to say this is one of the most interesting and innovative approach I ve seen in awhile   It really shows all the blood sweat and tears that went into making the game  Ironically the top three builders on my list have all been passion projects of one lonely engineer   Dotage really shines in it s simplicity and outrageous complexity later in the game  The roguelike progression on the memory tech tree doesn t just reward you it also introduces new elements that actually make the game harder and more complex  It keeps up with your experience playing and keeps the game interesting   Punishment for failure to meet objectives is harsh and swift ie I literally got wiped out missing an event in the winter  Another situation for example was simple oversight of building placement which left pips abandoned in the winter  Boom    Wiped out   Long story short  I hate you and I thank you  It s been a really really long time since I came across a game that consumed me like Dotage   Note  the mechanics for being rewarded for meeting objectives should also be tied to reducing future difficulty  I know it happens occasionally  but I ve been wiped out by simply missing one Omen  It just kept getting harder and I couldn t keep up  It was frustrating not fun 
DOTAGE,Posted  October    TLDR  This is city builder with randomly generated maps vs environmental random events with a hint of rogue lite packaged in a turn based mode  The hell does that even mean   It s fun af   The mechanics keep growing with gradually more wrenches thrown at the player coupled with tools to unwrench those monkeys  It s a really fun juggle of building a strategy only to have to quickly pivot because of a new threat  The best part is the omen system  The player can see the threats coming and plan accordingly  up to a point  Once the threats are tackled  a new round of threats is generated requiring revaulation of strategies   If you like strategy city builders with the chaos of RNG where every failure feels like a learning experience and an understanding that  oh  yeah  I dun did screw that up  without the  that was bs  feeling  this is a great at your pace game  It is at once relaxing as all hell and stressful  in the best way   everything just went to poop   There s a demo  it s pretty sauce of the awesome kind    Holy mother of apple bananas there s a lot going on in this game and my god does it do a damn decent job of being  mostly  intuitive   First up  the cons   Some core basic stuff is not explained clear enough like how to expand the area of influence  The forced tutorial system is annoying with  do exactly this  explainations and leave a lot to be desired when it comes to important things like how to remove a profession from a pip  The tooltips are a bit lacking especially when it comes to hoverover and when it comes to the more complex production chains  For example when hovering over  Happiness  trait  it gives a flavor text description rather than say what actual effect it has  The production chains are unclear until you have a whole bunch of research unlocked and tediously move around the tech tree trying to connect the chain mentally  The player should be able to hover over bread and have relevant links show up and be able to navigate easily following that chain without having to manually go back and forth   Fixed  in between me writing this damn thing and going back to the game  Example of how frickin quickly dev fixes things   There s some balancing issues with buildings and certain building chains but hey  work in progress  What s there is already pretty damn fantastic   Now the pros   Learning the game is a hell of a lot of fun  Figuring out   space does not include diagonals  buildings that have synergy that require a different research and optimizing the research  placement  and readjustment all the while everyone s starving and on fire and it s my fault is great  Going into the next run full of confidence with new found understanding only to be thrown a different set of problems to repeat the process is great because eventually  it just clicks  cake is had  and progress is made  The constant juggle of food  heat cold  population  expansion  tech progression  city planning and optimizations is so stimulating  Because it s turn based  all of this chaos feels manageable and screw ups many turns ago can lead to catastrophic failure  Tools to handle and fix those failures and introduced and a pretty decent pace  so far anyways  and the dev seems to be very responsive and active in player feedback   The ability to see ahead to what disasters the player has to deal with  there s enough time to either fight against it or prepare for the consequences  Failing is punishing  but not game ending unless repeated  There s a snowball effect that rewards success and punishes failure  but most of it is temporary outside of the big ol  apocolyptic events  This balance gives good incentive to succeed while still giving room to recover from failures and falling from grace from overconfidence   The buildings can get pretty complex with proximity bonuses and even further with certain run permanent boon effects  Many of which changes the way a player may want to layout their toys  It s like a really fun reshuffling of a backpack  Optimization feels very rewarding as it goes from barely surviving to going  what totally unnecessary production chain do I want to add to this mess    I can t frickin stress enough how good the game loop feels of getting bashed in the face with a hammer  learning to dodge said hammer  wallow in sheer  frickin  hubris   only to get smacked by a dumptruck full of kittens 
DOTAGE,Posted  October    excellent
DOTAGE,Posted  October    Pretty fun  it was quite a curve   heavy tutorial  but its fun when you learn all the mechnisms gameplay     the end is pretty laggy lol
DOTAGE,Posted  October   Delightful cross between Rimworld and The Settlers    Clearly made with a lot of passion and care  Highly recommended for fans of either types of game 
DOTAGE,Posted  October   Fun city builder with unique concept
DOTAGE,Posted  October    At first glance  DotAGE may seem easy and casual  but don t be fooled      of the game is hidden behind the MASSIVE progression tree  Memories  that unlocks hundreds of mechanics  events  new buildings  upgrades  tools and visitors  Generally  I m not a fan of roguelite  but DotAGE got it right  Every time your village succumbs to Doom  you unlock new things that will help you on your next run  and it s exciting 
DOTAGE,Posted  October   What an awesome city building roguelite game   The goal is to create a successful village from scratch which involves a lot of understanding of the existing mechanics   careful planning based on the resources you have and the known troubles coming your way   Ultimately the game revolves around randomness  specifically in the events you face and the terrain you start with  Including what resources are available   This might make the game a lot more predictable the more you play  similiar to what you might get with deckbuilding roguelike games   Do note that there are approx   variation of difficulties which are                      and unknown  Ascension levels maybe    The reason im saying this is because part of what discouraged me from playing it earlier was the sheer difficulty of the system  That and so much to learn    I strongly reccomend playing at     difficulty for your first run to familiarize yourself with the mechanics and unlock as much content early as possible  A majority of which provides aids boons too    Overall  the game is a blast to play and learning the mechanics and improving little by little makes the game continuously interesting  On top of that  while you may come to a point of being fully aware of whats what  i d reckon this is s till going to be a great replay value game irregardless much like how in Slay the Spire for example  you already know what enemies  moveset  decks are available but you can still replay the game and play through new scenarios 
DOTAGE,Posted  October   Disregard the third paragraph  I m changing my review from Negative to Positive  The developer of this game is clearly very dedicated to their passion project and helping its players have fun and enjoy it  They personally walked me through the trouble I was having in getting Dotage to work and they used the feedback to improve the game   The visuals are charming and remind me of a few titles I used to play on my Gameboy Advance when I was a child  though I think they are more inspired by old PC titles  Moreso it s the colors it uses that give me a sense of nostalgia rather than the style  I also appreciate that the musical score is comprised of techno renditions of classic Medieval tunes  I recognized one of my all time favorite songs in this game s soundtrack  Stella Splendens  which I used to listen to as part of the album Vox Vulgaris all the time when I was in college  so it s an absolute joy to get to play this game now that the issue I had with it has been resolved 
DOTAGE,Posted  October   This game took me    mins to write a review  It is that good  At first glance you might think  oh yet another    nope  Not this one  The humor is surprisingly mature  thank you   and intelligent  Most games of this genre are realtime but not dotAGE  Making it turn based to me is one of the best design decisions  Also if you played the demo version you can play on seemlessly with the full version  Get the demo  The magic of dotAGE is in every little detail which has to be experienced by playing it   This game puts a smile on my face with almost every click  Well done 
DOTAGE,Posted  October   very cozy and stressful  I love the music  as well as the animations of all the villagers  Very cute  and you can tell how much care and attention was poured into this game  I really suck  and it s a little difficult    but i m having fun figuring it out   
DOTAGE,Posted  October   I ve had to restart my village twice already while playing on easy mode  and it s the best thing that s ever happened to me  Dotage is so addictive and enjoyable  that of I couldn t play anything else ever again  I d be stoked  Let s go round village round   
DOTAGE,Posted  October   This game slid by my timeline on totally not Twitter  I was like  ooo pixel town sim   and then I saw that my village could be lit on fire and I was sold  It looks simple at first but there is sooooo much under the hood of this game  with a tech tree AND memories that unlock new things  Will you win the random luck on a         roll  Or will you lose the     chance to spawn a disaster   Going into winter I had a choice between suddenly obtaining    berries or all my Pips being able to  eat  water  Not sure how you  eat  water  but I ll take it   Really happy this game showed up on my timeline  I enjoy watching my village light itself on fire   
DOTAGE,Posted  October   This is a great game in a small niche  which I can wholeheartedly recommend  I came to love roguelike city builders with Against the Storm   this game plays very differently  but for me hits the same vein of  as far as I can say right now  making sure you have difficulties to face the whole time you play a single save village  but also giving an actual reason to start a new one  I really appreciate the accessibility options  different fonts  the ability to disable flashes and shakes  and there are several difficulty options to choose from  with the medium offering a decent challenge  There seems to be some metaprogression as  elder memories  but these could also be only for a single game  They seem to unlock whole new mechanics  which I appreciate  It makes starting the game easier on the one hand  because its less overwhelming  but because they unlock during gameplay and not only after finishing a game I m hopeful I can actually beat a game without grinding out    failure runs   More when I have more playtime  So far  Support the dev  buy it now or full price  its really good 
DOTAGE,Posted  October    Another great example of mixing city builder and rogue like mechanics  It is absolutely wonderful 
DOTAGE,Posted  October    Very fun and Challenging 
DOTAGE,Posted  October   Far more complex than I originally thought  I can already feel the hours slipping away 
DOTAGE,Posted  October   A masterpiece 
DOTAGE,Posted  October   Great game  excellent polish  worth the purchase 
DOTAGE,Posted  October    It s pretty good  I have absolutely no idea why people are comparing this to Rimworld  it s nothing like Rimworld at all  It s a little base management sim 
DOTAGE,Posted  October    Civ meets Dwarf Fortress meets Stardew Valley  If that sounds like something that would interest you  you will almost certainly enjoy this game 
DOTAGE,Posted  October    It s a tile placement  worker placement board game  mixed with The Settlers    wrapped up in a roguelike progression system  I could not stand the sound design but that just cements it as a good game to play while listening to podcasts  Has a demo so you can try before you buy 
DOTAGE,Posted  October    Very addictive gameplay  Closest comparison would be Rimworld  but turn based  Special thanks to Splattercatgaming for recommending this 
DOTAGE,Posted  October    Played it with my partner as a copilot and we both had much fun  Great indie game  Good job  Michele      Love from France
DOTAGE,Posted  October   Beautifully written  mechanically satisfying  and endlessly addictive  dotAGE feels like playing a game of chess against yourself while your house is on fire  But like  more fun 
DOTAGE,Posted  October    Passion project indeed  Bought this after the demo was recommended on Reddit  Everyone else has lots to say  so I will add that it reminds me of Agricola  Every decision is hard  Every resource is strained  This is going in the legendary indy shelf  alongside FTL  ITB  etc  My plan is to play another few turns and get back to you 
DOTAGE,Posted  October    Very neat turn based resource management game  Also  despite looking somewhat simplistic it actually contains quite a lot of content and variations which  heavily  affect your playthroughs and create a lot of replayability   It s not exactly problem free   there are still some bugs and pacing might be a bit on a slow side  but the dev  it s created by one person  is already working on improving that 
DOTAGE,Posted  October    Very nice game  well made  nice art  nice music  funny and difficult enough to have fun while still being challenging   I had to say though  the game starts to have HEAVY performance problems once you reach      villagers  which is a shame because the whole point is to scale the highest possible and once you reach         villager the game freeze all the time and drops to very low FPS  I have a      k CPU and      GPU   Other than that the game is great 
DOTAGE,Posted  October   A cute turn based resource management game that makes me think without needing      hours for a complete playthrough  I enjoy having a roguelite twist on this genre of strategy game  The sprite art is adorable and a lot of the writing is cheeky  I have had a blast playing it so far 
DOTAGE,Posted  October   This game is brutal  cute and funny  Random map at start   events kill your pips and repeat  But what keeps this fresh is the memories system   each run gives you memory pieces which can help or hinder your next run   The art style is pixelly and kinda cute  but beneath its exterior is a brutally hard survival colony builder   Negatives I have are tad unclear   and it becomes a trial by fire sometimes  figuring how to get seeds was not fun   It also has a destinct lack of Fedora s  P       from me
DOTAGE,Posted  October   Highly recommended  Pulled me in from the first few minutes  and kept me taking turns to build my village just that bit more   Interesting and fun balance of mechanics that doesn t get too tedious  providing enough management that the time based does not feel slow  Events are super varied and come often enough that you re engaged  but not so often you re overwhelmed  I saw roguelite and was nervous I would be doing the same exact gameplay loop over and over  but the villages in this game can last a long time  Good if you don t want to give up your beauty   The demo is just the first    minutes or so of the game AND your progress from the demo carries over   There is no reason not to try the demo and see if you like the concept  You can buy and immediately load into your same village with the next things available   Try the demo  it s worth the buy      ty dev
DOTAGE,Posted  October   The way this game opens up further and further with each new in game day and season is just so cool  You expect to build some woodcutters  build some houses  forage   all the usual stuff of city survival sims and suddenly you see that there can be mini events in which villagers insult each other  another guy gets superstitious because he saw a crow that looked at him funny once   And if you don t counter act these outcomes with some one on one we time at a table with some food  the fear might just roll over your whole town and everyone disappears into the woods   It s good  So good  that if the fear domain was real  I d just have to sit down and play this for a day to rescue the village 
DOTAGE,Posted  October    Phenomenal city builder  Great mechanics  Every turn feels important and thoughtful  This game was made with a ton of love and it shows 
DOTAGE,Posted  October    Fun hard witty
DOTAGE,Posted  October    I love it  Its like rim world meets stardew valley  Its challenging  has delpth  and is quite pretty  I love the real world clock and with it being turn based  it s great for if you have kids or other commitments 
DOTAGE,Posted  October    a me piace
DOTAGE,Posted  October   As a dev  I know this is important  I love it so far  it s cute and fun  I ll play more and update 
DOTAGE,Posted  October   This game is super fun and addictive  Both cozy and brutal at the same time  But never annoyingly frustrating   I love all the cute little Pips and their sounds  the humor and how the game can feel both relaxing and really challenging at the same time 
DOTAGE,Posted  October    This delightful turn based roguelike city builder has had a full hold on my attention for the past week since I first tried it  The great aesthetic and sound design will draw you in  but the engaging strategic gameplay and challenge will keep you hooked  The roguelike part of it is very well done   the starting map generation  randomized tech trees for each run  occurrence of random events and obstacles  and the diversity in the starting  factions  you can play as all push you towards an experience where you have to work through novel problems each run based on the procedural generation and starting conditions  The game has metaprogression in the form of unlocks  but outside of the higher difficulty and Elder unlocks  which personally I wouldn t mind seeing sooner   you unlock new content at a pace where you feel like you are getting a good amount of variety each run and I haven t felt that I was being held back by not having something unlocked  The runs can be quite long  I d love to see a condensed mode that takes around half the time to complete  to really get at that  one more run  roguelike feel 
DOTAGE,Posted  October    I have yet to beat the game or unlock a majority of the memories  However  I have really enjoyed the way this game plays  It has a good blend of colony city management like going medieval Rimworld Anno       I only discovered this game through the demo featured with Nextfest  I was pretty hesitant about spending     on this type of game  but after digging in there is a level of quality and polish that makes the game more worth the price given the evident replay ability offered via random maps tech situations  and events  It is clear the Dev put several years in to reach this stage  On my first run  the game started off with two pips fighting  but after many days those two became good friends and survived a nasty winter  that I didn t have the tech to deal with  but that added to the fun as I did make it through   On a second run  I started with a drastically different environment allowing me to change strategies on how to go about food  I will say that the demo is a great way to see what is going on with this one  Many demos cut you off pretty fast  but this one gives the player a bit of time to see some of the play through options  I also want to emphasize that the tech tree changes depending on the map  On the demo full unlock run  I had tomatoes  chicken  and a specific well for example  However  on another run  I was presented with carrots  fish  and a different well   Those are just a few differences  I would suggest this game to someone looking for a chill strategy game that is turn based and has an active Dev who puts out updates at a steady rate for one person  This game isn t in early access  which is also important to note 
DOTAGE,Posted  October   In an age where the gaming industry is saturated with sequels  remakes  and formulaic entries  dotAGE emerges like a breath of fresh air  reminding us all of the boundless possibilities that creativity and innovation can offer   From the outset  the game s unique art style captures one s attention  Its pixelated charm pays homage to the classics while seamlessly integrating modern aesthetics and technologies  This serves as a testament to the game s commitment to bridging the old with the new  which is a recurrent theme throughout   The gameplay is both intuitive and challenging  a fine balance that many games aspire to but few achieve  Its intricate mechanics and systems are introduced progressively  ensuring that players of all skill levels can find both enjoyment and challenge  The world is brimming with detail  each corner teeming with hidden secrets waiting to be uncovered  This depth keeps players engaged  encouraging exploration and rewarding curiosity   The narrative of dotAGE is  without a doubt  its crowning jewel  It s a tapestry of emotions  carefully woven with threads of humor  sorrow  mystery  and hope  The characters are endearingly flawed  making them both relatable and memorable  As you journey alongside them  you can t help but become invested in their individual quests  hoping for their successes and mourning their setbacks   What truly sets dotAGE apart  however  is its dedication to tackling deeper  often overlooked themes in the gaming world  Issues of aging  the passage of time  and the importance of memories are explored with both sensitivity and depth  The game invites players to introspect  to ponder  and ultimately  to grow   In conclusion  dotAGE is more than just a game  it s an experience  It s a reminder of why many of us fell in love with gaming in the first place  It challenges  entertains  and enlightens  earning its place not just in our game libraries  but in our hearts  In a world that often moves too quickly  dotAGE prompts us to pause  reflect  and appreciate the beauty of the journey 
DOTAGE,Posted  October   If Civilization games are a full   course meal  dotAGE is a charcuterie board    simpler  but satisfying  with just enough complexity and intrigue   Delectable  delightful just one more turn gameplay  Yes i am gay why do you a 
DOTAGE,Posted  October   Awesome game  if you are not conviced yet try the demo   
DOTAGE,Posted  October    when I am not playing dota  I am playing dotAGE and I have just as much fun playing this quirky survival city builder as dota   Reminds if it was frostpunk but you can see the future  so much fun 
DOTAGE,Posted  October    One pip burped and was stunned for   days      
DOTAGE,Posted  October    i really wanted to like this game but it is pretty shallow and the roguelike rng elements don t really add much  if you ve ever played a free browser civilization style clicker game  this is basically just that  there is so little to actually do once you are set up and the game kind of plays itself  the game loop seems pretty dry and at times even non existent as you just pass hundreds of turns doing the same thing for hours on end  waiting for something to happen  each turn takes an incredibly long time even if you decide to skip it completely because of tiresome animations and because certain things need to play out one by one  i e if    villagers get a status effect  you need to click through and watch    animations   dialogue  or if you have more resources than you can hold you need to watch each individual resource slowly drain one at a time  the  challenges  in the game basically just require you to spend resources for a few turns and are checks to make sure you have the proper research  if you are just starting out you might get screwed by these mechanics because it is literally luck based unless you are well over your quota  granted  I am playing on normal and I haven t completed an entire run yet  but I don t know how much you are expected to invest in order to start enjoying a game 
DOTAGE,Posted  October    Me like it
DOTAGE,Posted  October    its basically turn based RimWorld  brilliant 
DOTAGE,Posted  October   What a brilliant game  So much depth to it and I can see already that I will play this again and again and again  If you enjoy Rimworld  Loop Hero  Clan Folk then you re going to love this game  Highly recommend 
DOTAGE,Posted  October    Update  I decided to abandon the normal difficulty run  I beat the game on harder        difficulty  Barring a few silly mistakes  I was again able to      every event  But at least this time it s a fun challenge and not boring  so I m changing the review to positive  I ll try out the hardest difficulty and see what I think   Original negative review   I know that this is made by one developer  and I fully respect that  I m not saying that this is a bad game  it s just that my experience so far isn t positive   When I saw the game is  rougelike  and  be ready to lose  I expected that I would play for at most an hour in a single game  But I started a game on normal        difficulty  and   hours in I m still on it  Not only that  I beat   prophecy pages with      on every random event   in other words  it hasn t even been a challenge for me  Maybe I m just good at this  resource management  thing   So now I m kind of stuck  Should I abandon this run and try a higher difficulty  But I also want to see what the game has to offer without having to go through those   hours again  But if I don t turn up the difficulty  would it just be a boring grind till the finish line  I don t want that either  I m just not motivated to play the game anymore   Compounding the problem is that there isn t an interface to easily manage jobs  or maybe it exists but I didn t find it   I have to go around the map to change job assignments  In the game lore  the village elder has to go around telling everyone what to do every day   yeah  it s painful   On top of that is the pixel graphics  I know some people like it  and clearly the dev put a lot of love into it  but for me it s really an extra hurdle when I need to find things on my screen  Props to the dev to at least put in alternative fonts  including a dyslexic accessible one   otherwise I wouldn t even considered playing this game   So yeah I think I ll take some time to play the game a bit more  and see if I ll change my mind 
DOTAGE,Posted  October    Dotage is not your everyday city builder game  Set against a backdrop of a looming apocalypse  it offers a unique blend of strategic planning  complex colony management  and a narrative that keeps you on the edge of your seat  As the Elder of a quaint village  you re tasked with leading your villagers  endearingly referred to as Pips  to a safe haven  forging a new destiny amidst despair   The game s art style is captivating with a charm that belies the harsh survival conditions you are thrown into  Despite its  merciless  tag  Dotage is surprisingly accessible  Its turn based gameplay allows for thoughtful decision making  making every choice feel significant as you work against the ticking doomsday clock  The colony management mechanics are deep yet intuitive  reminiscent of classic strategy games  but with a modern roguelike twist   What sets Dotage apart is its strategic depth  borrowing elements from worker placement board games  which adds layers to the city building core mechanics  Each game session feels like a new story being unfolded  thanks to the roguelite elements that keep the experience fresh and engaging   Dotage has already garnered a  Very Positive  rating on Steam  and it s easy to see why  Its charming aesthetics  coupled with a compelling storyline and challenging yet rewarding gameplay  make Dotage a standout title in the city building genre  This game is a testament to the magic that can happen when indie developers think outside the conventional box  offering a fresh perspective in a well trodden genre 
DOTAGE,Posted  October    Do you love Rimworld but want a more fast paced version based on turns rather than ticks  Boy  is this the game for you   Like Rimworld the hates you  HATES YOU AND WANTS YOU TO DIE   But like Rimworld its annoyingly addictive and I must beat the Apocalypse 
DOTAGE,Posted  October    Cute little roguelike city builder  Easy to lose hours to   
DOTAGE,Posted  October    GOTY candidate
DOTAGE,Posted  October   Feels like an  it s been    hours and I haven t even scratched the surface  kind of game
DOTAGE,Posted  October    Great graphics  gameplay and unbelievably fun  Can t wait to keep growing and exploring this game 
DOTAGE,Posted  October   Great game and I like the concept of the randomness  It reminds me of a tablet game Agricola I used to play years ago but with much more depth 
DOTAGE,Posted  October    pip
DOTAGE,Posted  October    The game is so fun  Funny little town building game with chaos 
DOTAGE,Posted  October    this is a surprisingly extensive game  Very fun 
DOTAGE,Posted  October    It is cute but it is not worth full price  maybe half 
DOTAGE,Posted  October   Really good Game  a bit like Rimworld 
DOTAGE,Posted  October    Better than RimWorld  Well done 
DOTAGE,Posted  October   It costs about     too much  Sure there is a lot in progression  but it all feels confined as a game  Cool concept  could be better executed for that cost 
DOTAGE,Posted  October                                                                                                                                                                                                                                                                                                                                                                                                                                                                                                                                                                                                                                                                                                                                                                                          
DOTAGE,Posted  October   Greetings  I will go over the pros and cons  Pros   Nice pixel art  Advancement overtime is balanced  Needs you to plan ahead  Feels fully Completed  Offers a different kind of strategy with turn based play  Cons   Dooms are wierd   my people decided to disappear and it was considered a doom  what  I was expecting a meteor  or something choice related etc   they just disappeared with no reason  I had plenty of food  wood all of the recources  they had all they needed   Research feels dull  you learn something which opens up something new basically  Feels so much linear  Events really dont make any sense and it is as if game decided that you are doing so well and out of the blue takes something from you to make you weaker without even a challange  and the challange becomes   you trying to build it again instead of trying to keep what you had   one time game decided to burn my berry bushes  while one was burning the one next to it stayed and another bush on the edge of the map also burned with no explanation wuut     Over priced   There are games not exactly the same  but with simmilar approach for much lower price offering better content  
DOTAGE,Posted  October    Uninstalled  I just haven t felt that miserable trying to slog through a game in a long time  it s so long and samey and the unlocks feel like they make the game worse  not better  Has a lot of cool and well implemented ideas  but the game just isn t fun as a whole 
DOTAGE,Posted  October    Doesn t work well on steam deck  Game enters single digit FPS around     hours  Framefrate improves if it crashes or if you restart  making me think there s a memory leak   Aside from late game performance  this is a blast  Wish such a simple seeming game didn t bog down 
DOTAGE,Posted  October   First of all I absolutely love this game but there are quite a few bugs that makes the game break it for me  Especially being stuck at the loading screen every time I start my saved game  I will revisit this when the dev fix this issue 
DOTAGE,Posted  October    Has amazing potential   could easily be a       indie pixie city builder   but wants to be brutal and too random  you ll spend half of the time generating a map  if you know the game  you will just restart   game is too   the more you progress   the worse it gets actually   DON T UPGRADE lol      this game
DOTAGE,Posted  October    In game pandering to the corrupt influencer drama  Game was cool until I saw the jokes being made at another persons expense  Not to mention the difference and randomness of the different buildings  sucks  I would constantly restart just so I could get the study building and well instead of the spring and tree   Dev can t handle negative reviews and goes after anyone who posts one 
DOTAGE,Posted  November   Too slow paced and repetitive  Doesn t help that it s incredibly easy so nothing bad ever happens and optimisation is pointless  I had a try at starting again on      difficulty but it s just too slow  They should really up the default difficulty by a lot   I like the graphics and the minimal story though  and the overall idea behind the mechanics is sound 
DOTAGE,Posted  November   It s turn based Against the Storm  but if it were more akin to a tile placement game  The spritework is charming  the amount of depth and possibilities make it well replayable  and it s still constantly in development and balancing   The audio is buggy as all hell  and admittedly as nice as the soundtracks are  it d be nicer if they weren t intermittently cutting out or switching to a random one completely out of mood of the situation  I had my second run ended prematurely due to an error skipping the final Doom day and missing resolving it entirely  locking me into an infinite Doom cycle   Despite the bugs  all I can say actually of issues is that it doesn t really respect your time   a full winning run can take days if you re only doing an hour or two at a time  Sometimes it s a lot of  hurry up and wait  between     turns because you re waiting for an event to hit  especially at the beginning   Really enjoy it  well done by just a single dev and a couple supports 
DOTAGE,Posted  November   This game is addicting 
DOTAGE,Posted  November   Fun game
DOTAGE,Posted  November   A fun take on the settlement city builder genre  I enjoy the art style and the unique take for how the need system works 
DOTAGE,Posted  November   Challenging but fun 
DOTAGE,Posted  November   Great strategy game  Highly recommended 
DOTAGE,Posted  November   Incredibly fun city builder  Lots of content 
DOTAGE,Posted  November   What a gem  It manages to capture that  one more turn  feeling  that very few turn based games can  And it s also a survival city builder  Survival here is in bold  because you need to really think ahead and plan your moves  or else your village will be doomed  very quickly   This game is hard  fun and amazing  Can t recommend this enough 
DOTAGE,Posted  November   Amazing game  Everything I ve been looking for in a game  You can really feel the love put into it         is an AMAZING deal for the content provided  ESPECIALLY with the amount of patches  The developer made a truly amazing game in their spare time and still continues to pour love and passion into it 
DOTAGE,Posted  November   Its everything you wished your favorite board game was and way more  The amount of content in this game is pretty absurd but the core game play loop is surprisingly deep and fun  Don t buy this game if you value your time because its got that real  just one more turn  problem 
DOTAGE,Posted  November   Great little one more turn syndrome with lots and lots of different options 
DOTAGE,Posted  October    GET  THIS  GAME    
DOTAGE,Posted     October give us korean my lord
DOTAGE,Posted    October 제발 저 시끄러운 할배부터 데려가라고  
DOTAGE,Posted     October 시간도둑
DOTAGE,Posted     October 연구트리를 미리 볼수 있으면 좋겠어요  건설할때 뭐가 필요한지도   매번 플레이할때마다 조금씩 바뀌는데 연구트리 꼬이면 조금 짜증남
DOTAGE,Posted     October    중에    로가 긍정적인데 압도적으로 긍정적으로 왜안뜨냐 
DOTAGE,Posted     October 유저 한글패치가 있어서 플레이를 잘 하고 있습니다  유저 한글패치 받는 방법은   https   gall dcinside com mgallery board view  id koreanpatch no    page     이 주소에 가면 상세히 설명이 되어 있습니다                             게임 캐릭터들이 뚝뚝 끊긴다면 설정에서 V sync를 끄시면 해결됩니다          좌절과 절망이 가득한 곳에 오신걸 환영합니다    
DOTAGE,Posted     October 걍 카이로그라이크 소프트임 그런데 이제 개억까가 추가된  너무 고평가 된 게임임  패널티는    억까고 혜택은 쥐똥만큼 주며 발전해도 딱히 뭐 없음    엔딩 후기   혹시 내가 아직 못 본 재미가 있나 싶어서 진행함 특성은 포인트 보너스 빼고 엔딩까지    아무런 상호작용이 없음 정착민은 그냥 생산 AI임  재앙 수치에 맞춰 자원 생산을 늘려 재앙을 방어하는 구조임 레시피 올리면 재앙을 좀 더 쉽게 막을 수 있음 그리고 그게 끝임  그냥 이 구조 자체가 끝이라 이 이상의 어떤 컨텐츠도 없고 이 이상의 재미도 없음     세일할 때나 사셈
