title,review
슈퍼로봇대전 X,Posted     January       Next Super robot war T pls
슈퍼로봇대전 X,Posted     January       What  A second Super Robot Wars game released on steam  Enough said  Here s my credit card 
슈퍼로봇대전 X,Posted     January       GIGA DRILL BREAK                                                 
슈퍼로봇대전 X,Posted     January       YOU  DIG  GIANT ROBOTS  I  DIG  GIANT ROBOTS  CHICKS  DIG  GIANT ROBOTS 
슈퍼로봇대전 X,Posted    February       Please give me OG series and T 
슈퍼로봇대전 X,Posted     February       NOW WE NEED SRW OG   OG    
슈퍼로봇대전 X,Posted    May       Please also bring the SRW OG series to Steam 
슈퍼로봇대전 X,Posted     January       Has the same strengths and weaknesses as SRW V in general  but this game does have better translation going for it   I hope SRW T will get a port too   
슈퍼로봇대전 X,Posted    December       Waiting for SRW OG series
슈퍼로봇대전 X,Posted    February       TL DR Not recommended as a start of SRW series in Steam  Check SRW V first  if you like it  grab SRW X     After completing V and X  I can say that V is much better than X  although technically both are same game with different roster but X has slightly improved mechanics 
슈퍼로봇대전 X,Posted  November          Basically Crisis on Infinite Earths but with mechas instead of Superheroes   If you re a fan of Crisis Crossovers of any form than you gonna LOVE this   D
슈퍼로봇대전 X,Posted  July         Man play with robot  not a doll
슈퍼로봇대전 X,Posted  January           st time to play in english yehey  
슈퍼로봇대전 X,Posted  July         WHAT TO SAY    AWESOME       been playing from game boy and in Japan language     cant wait for more SRW english games on steam  KEEP IT COMING           sugoiii
슈퍼로봇대전 X,Posted  June          reccomended because it has TTGL on the list in the lineup   if you didnt buy it aniki will sad
슈퍼로봇대전 X,Posted  May          SRW on PC  Highly recommend  Wish they would port SRW T too
슈퍼로봇대전 X,Posted  January          Love the game but I noticed the dialogue being changed by the localization team   i e Koji  Great Mazinger Localization  Wow what a great name   Actual Name  Hopes Localization  Spero  You can argue all you want  that theres no direct translation but obvious      like this can t be translated properly   If they were taking liberties with this  who knows what else they were tinkering with   
슈퍼로봇대전 X,Posted  August          Waiting to get all of the achievement before writing this   I m a fan of SRW series since it was released on PS  when I had to struggle to understand the Japanese sub to execute any simple order  Now with English translation it made things way easier   The pros   Animation is way smoother than I expected   Secret pilot mech that can be achieved with your decision throughout the game  Plenty of bonus scenario to know more about certain character relationship   The Cons   Some translation is tad bit questionable however it s not really that critical  Some episode could be packed into   episode instead of dragging it into   episode   SRW X is recommended for Mecha fans and it could keep you entertain for hours    Hoping SRW T is coming to Steam soon   Cheers
슈퍼로봇대전 X,Posted  February         Took the time to fully complete the game and get all trophies before writing a review  Second SRW game coming to steam is MUCH appreciated but there s a few minor issues that made me enjoy V a bit more   The storyline centers around a series that is geared towards children hence the storytelling feels a bit more geared towards children as well  Whilst SRW has never been particularly serious  it s a bit difficult to imagine the mix of seriousness  Several series focus on the aftereffects of war  Dunbine Wing CG  and silliness  Not a major deal breaker but after the congruity of series that made up SRW V  it s definitely a different feel   The translation of war cries at least  is a bit flaky at times  Hissatsu being translated as a wary cry as opposed to  technique  for example  or Otose being translated as something other than  fall down get shot down   It makes me feel doubt over the accuracy of the translation in the main storyline   There s some updated gameplay aspects  mainly not needing to repurchase TAC upgrades on replays   but it s similar enough to V that I doubt players will notice a change   All in all  it s still SRW  it still deserves to be supported  especially since they even included BGM replacement in both X and V after the public outcry  and I still heavily endorse this product 
슈퍼로봇대전 X,Posted  January          Solid Turn based Strategy games with some minor frame dips when start attacks with animation ON   kinda bit disappointed when some robot animation got downgraded  the story itself is New   Original instead direct sequel to SRW V  so people who want buy this game not to have worried if they didn t play SRW V before  This game also had replay value and secret endings if you fulfill the requirement altough it s kinda hard on first playtrough but it s still doable 
슈퍼로봇대전 X,Posted  January          Please bring more SRW titles
슈퍼로봇대전 X,Posted  January          Love it  Great game for fans of super robot  new options  hopefully more of this series converted to PC and English 
슈퍼로봇대전 X,Posted  April   Finally  finished the first  play through   It was fun in the beginning  the story s climax at the middle was also dope  but when I reached the end  it felt rather exhausting  The ending is just a barrage of endless bosses  cheaply overpowered with inflated stats and annoying skills to fight against  But hey  the story is blood boiling   The game is supposed to be enjoyed with new game plus  carrying over all the resources you earned with you to each new run  Thing is  I felt like I didn t want to replay the NG   even though I loved every aspect of the story  I guess I ll have to return sometime later   Good thing is this game s difficulty feels less  unfair   I m comparing this to SRW OG and SRW OG   on the GBA  I played and finished both games like a decade and a half ago  Game was tough back then  preparations must be made from the start just to beat a specific boss  The player has to focus on feeding all the resources to specific units such as damage dealers  EN drainers  Armor Downers  the such  Very specific skills must be learned  support attack and SP regen  in for specific pilots too  But what if you screw up  Well  you most probably just soft locked yourself when you came up against a big boss with inflated HP  a shield barrier and HP regen L   But hey  just as I said  the good thing is that SRW X is more forgiving in these terms  I played on normal mode  and I didn t experience this much hassle  I was more free to choose which characters to prioritize in training  The ACE mechanism for pilots was also dope  they give me more intention to train pilots that are otherwise less appealing compared to my main arsenal  Check this out  Could you imagine seeing Barara piloting a huge pyramid that uses an eye in the middle as a weapon  LOL  what s more fun is that with the right amount of upgrades and a Hyper regenerator slapped onto it  Barara can take on all the enemies by herself  Just not on the last couple of chapters though  You will need more firepower   Still  specific damage dealers still need to be trained and focused so as not to jinx your own run  The EXC system is there to help if you don t like using EN drainers  Just remember to exploit the EXC system   The     customization for the mechs are a good addition too  It encourages me as a player to upgrade a mech in a more rounded way  instead of focusing only on the mech s strengths   Overall I d say the game is dope  The mechs are there  the blood boiling music and animations are there  the hyper interesting campaign is also there  Definitely a good game to add to one s collection for SRW fans  My only gripe with the game is the price  It s a bit too pricy  but I guess I don t have a choice   That s pretty much it  I would very much like to hear how your pilots have been doing at the last couple of stages  I felt that the skill full counter is extremely useful for pilots with low evasion and a lack of MAP weapons  The enemies just fall to their own demise by engaging my units  while my units take no hits at all 
슈퍼로봇대전 X,Posted  May         love gundam
슈퍼로봇대전 X,Posted  January          OG come steam
슈퍼로봇대전 X,Posted  March          Another good SRW installment  As before  the story is a little shallow but fun  I am not really familiar with all the robots here but after playing   it s time to find their animes to know them better    
슈퍼로봇대전 X,Posted  January          Super Robot Wars X on PC  Just get it ok 
슈퍼로봇대전 X,Posted  May         This game upgrade battle system which let players have fun in playing more than the previous series of SRW  The game let players custom pilot in as much as possible  If u want to start playing SRW series  I suggest you to get this one   
슈퍼로봇대전 X,Posted  July                    Kids   Everyone   Casual players   Pro players  Notes   by Pro players i mean speed runners etc              Potato   Really bad   Bad  but playable   OK   Good   Beautiful   Masterpiece             Full price   Wait for sale   Average   Refund it if you can   Don t do it                 PC   Minimum   Medium   Fast   High end   NASA computer             Depends on your skill   You just need   arms   Ez   Easy to learn   Hard to master   Hard  first few hours    Dark Souls              Really short         hours    Short         hours    Few hours          hours    Long       hours    Endless               It doesn t have   There is a story but gameplay isn t focused on it   Still better than Twilight   Average   Good   Fantastic             Game itself is one big BUG   Bugs destroying the game   Lot of bugs   Few Bugs   You can use them for speedrun   Nothing   My personal comments  There are lot of SRW game series out there  you can play them all or you can be more selective like robot series that you really want to play with   TLDR  Personally when I hear  White Reflection  I buy 
슈퍼로봇대전 X,Posted  June          Firstly  pc version has a key setting problem  which means the most frequently used key  left mb and enter  cannot be reset  This forced player has to lay both hands on board very long time or frequently change one hand position  Not good for srpg game long time playing   Secondly   D moddeling employed low resolution ratio  D mapping which cannot fit well enough with  K screen  which is definitely worse than their Gundem game full  D moddeling   Lastly  X has very solid story line  in which many nice robots can only be used very few times  which is worse  Not even in the replay games  the line and the robots are all solid for ever 
슈퍼로봇대전 X,Posted  September    V T X If    is included  V T    X  My biased opinion  V T    X  Bandai pls bring the T and SD Gundam G Generation Genesis to steam  I don t care if you only sell it for Asia countries 
슈퍼로봇대전 X,Posted  June                    
슈퍼로봇대전 X,Posted  April          As long as there is Endless Waltz Series  it is all worth it 
슈퍼로봇대전 X,Posted  January   reject waifu embrace mecha
슈퍼로봇대전 X,Posted  January          Other than a few poor translation  the game is great 
슈퍼로봇대전 X,Posted  December          as super robot taisen fans  i play what i can afford to buy and play with the limited media i have  from alpha  rd   my first time playing super robot taisen series   to the new one  from very challenging system to bit player friendly system  love the series  fun to see the storie and interaction between character from different title series being shown at that time   old and new   since im learning japanese language  i dont mind being on steam      never try the translation mode so yeah       anyway  love the series  may they add more super robot taisen series on steam pc much more    i want the Advance remake on pc      i miss my lamia loveless with vysaga  
슈퍼로봇대전 X,Posted  April             
슈퍼로봇대전 X,Posted  June          boring
슈퍼로봇대전 X,Posted  September    WONDERFUL
슈퍼로봇대전 X,Posted  May                But I will not buy any STEAM games until STEAM takes off Coronavirus Attack  All platforms are off the shelf  not only invisible to the mainland                                                   Don t be unpredictable  At the same time  it has been reported to the State Administration of Radio  Film and Television of the Ministry of Culture 
슈퍼로봇대전 X,Posted  September    very addicting 
슈퍼로봇대전 X,Posted  August    Release SRW T to Steam when BamCo 
슈퍼로봇대전 X,Posted  May    Thumbs up  Thank you for the great game 
슈퍼로봇대전 X,Posted  May    sad that they don t sell srw T
슈퍼로봇대전 X,Posted  May   Magic themed and funnier than     Must have if you are into robot animes or tactical rpgs 
슈퍼로봇대전 X,Posted  April    love this game  but then the awful part is  as soon as you complete the game  new game  doesn t have further meaning cause  the upgrades spoil the fun 
슈퍼로봇대전 X,Posted  February   great
슈퍼로봇대전 X,Posted  January               
슈퍼로봇대전 X,Posted  December          One of my Fav game playing since       Some paths  example Aura path  are using back from the previous Robot Wars V  will find them lazy using back the same stuff 
슈퍼로봇대전 X,Posted  December          IF you want a strategy game  and you are a big robot fan  but you don t want the headache of over complicated strategies  This is definitely the game that allows you to take your mind off things and consider the whole experience relaxing and fun  with just a little bit more mental effort required than a beat them up no brainier button smashing action game 
슈퍼로봇대전 X,Posted  December         pls add five star stories in future installment of srw
슈퍼로봇대전 X,Posted  November                            
슈퍼로봇대전 X,Posted  November          As a     robot fan  totally enjoy this game  Bought together with V during this offer period 
슈퍼로봇대전 X,Posted  November          Gurren Lagann got new story change 
슈퍼로봇대전 X,Posted  November         is good game
슈퍼로봇대전 X,Posted  October          Great game  I love to play Super Robot 
슈퍼로봇대전 X,Posted  October          Still love with this kind of gameplay  the sfx and the animation  
슈퍼로봇대전 X,Posted  September          MUSTTTTT PLAYYYYYYY    I M SUFFER IN HARDCORE MODE RIGHT NOW WOOOOOHHHH   
슈퍼로봇대전 X,Posted  August              
슈퍼로봇대전 X,Posted  August         Great game
슈퍼로봇대전 X,Posted  July          Good game for SRW fan 
슈퍼로봇대전 X,Posted  July          this version i like robot and song  i m waiting for SRW T join steam too 
슈퍼로봇대전 X,Posted  July          A must for Japanese Mecha fans
슈퍼로봇대전 X,Posted  July          Highly recommend to Mecha fans 
슈퍼로봇대전 X,Posted  July                               cross ange                
슈퍼로봇대전 X,Posted  July         Nice entry for english SRW
슈퍼로봇대전 X,Posted  June          You ll probably get bored of this game after    chapters in if you re not a Super Robot Wars Series fan 
슈퍼로봇대전 X,Posted  June         This isn t a bad game
슈퍼로봇대전 X,Posted  May          GIGA DRILL BREAK  
슈퍼로봇대전 X,Posted  July         With this game s release  and eventual purchase  on STEAM  I ve completely rendered my PSVita a redundant console for my JRPGs and and is now an expensive paperweight    But              retaining the use of Custom BGMs  a staple of SRW Z   and the HD graphics  bar the battle animations locking to    FPS  is worth the purchase     obviously on a Steam Sale  
슈퍼로봇대전 X,Posted  May          Is slightly better than SRW  
슈퍼로봇대전 X,Posted  May         good  now port the T series Banp 
슈퍼로봇대전 X,Posted  May         Any SRW Fans will appreciate this globalization   
슈퍼로봇대전 X,Posted  April          once a SRW fans  always SRW fans
슈퍼로봇대전 X,Posted  April         no matter what my age is  still i love gundam
슈퍼로봇대전 X,Posted  March          GIVE ME SRW T RIGHT NOW BANDAI      Giga Drill Break    
슈퍼로봇대전 X,Posted  March         same old same old but with new units  
슈퍼로봇대전 X,Posted  February           st timer and like it 
슈퍼로봇대전 X,Posted  February         thanks for having this game on steam and I don t have to pay overprice for this game on switch
슈퍼로봇대전 X,Posted  April          I still don t buy the isekai theme but it s still a good SRW game  Maybe not as good as SRW V but it s still an SRW game nonetheless  Since there are very few entries which are officially translated into English  I ll just take them all 
슈퍼로봇대전 X,Posted  January          Great Animation  Gurren Lagann the best
슈퍼로봇대전 X,Posted  December          Just finished the game and it is superb  Doing the other route  Will probably buy the next SRW franchise
슈퍼로봇대전 X,Posted  December           So fun to play  rating       
슈퍼로봇대전 X,Posted  November          For Autumn Sale
슈퍼로봇대전 X,Posted  October          hope Bandai can port the SRW T to steam
슈퍼로봇대전 X,Posted  October         I would like to thank the Super Robot Wars Series for introducing me to good mecha anime and designs
슈퍼로봇대전 X,Posted  August            
슈퍼로봇대전 X,Posted  August          Best uc gundam group 
슈퍼로봇대전 X,Posted  August          love it
슈퍼로봇대전 X,Posted  August          As fun as SRW V if you are a fan of SRW  you should not miss this game  play it and keep it in a really fun collection 
슈퍼로봇대전 X,Posted  August          great game
슈퍼로봇대전 X,Posted  August          good game
슈퍼로봇대전 X,Posted  August          Good game     V maybe slightly better  but still i had fun all the same  Gameplay more polished and expert mode was tougher  Good to see Wataru in SRW 
슈퍼로봇대전 X,Posted  July          not as bad as many says still enjoy it
슈퍼로봇대전 X,Posted  July          super fun game
슈퍼로봇대전 X,Posted  July          The protagonist demonstrates the effects of a magic railgun 
슈퍼로봇대전 X,Posted  July         GOOD GAME
슈퍼로봇대전 X,Posted  July         Thank you bandai for bringing this Super robot war series to Steam   Now can you also bring super robot war Z  Z     Z    and Z  to steam also
슈퍼로봇대전 X,Posted  June          good game
슈퍼로봇대전 X,Posted  June          I like the game  remind me of childhood times when I used to play Super Robot Wars    The animation is good  with many robots to choose from     chapters of story line and a lot of sub stories as well  A pretty simple turn based strategy game   What I do not like is that the gameplay did not change much from their older versions  still the same old gameplay  and I would say it is not challenging  the mission is pretty simple and straightforward with little obstacle   In conclusion  I would still recommend this game if you have not play Super Robot Wars for quite some time  and enjoy the fun in managing and upgrading your robots for battle plus the animation 
슈퍼로봇대전 X,Posted  June         Can you give me Super Robot Wars UX and BX  
슈퍼로봇대전 X,Posted  June         Y E S
슈퍼로봇대전 X,Posted  June         Excellent
슈퍼로봇대전 X,Posted  May                 
슈퍼로봇대전 X,Posted  May          mecha
슈퍼로봇대전 X,Posted  May         good game
슈퍼로봇대전 X,Posted  May         satisfied contains many stories animations are good many functions to do enjoy
슈퍼로봇대전 X,Posted  March         Great for super robot or Gundam lover
슈퍼로봇대전 X,Posted  June          the story was amazing as always for the super robot wars series if you have the choice between sd g geneation cross rays and this game go get this one instead if you want a somewhat original story that has crossovers from many different mecha animes
슈퍼로봇대전 X,Posted  May         As a fan of Eastern Mecha tactics genre  this game is for you wherein you ll revolve in a repetitive narrative which is saving the world  but with twists and turns  The combat style didn t change for the last   decades  For that reason  you are familiarized with the specifics  Mechs are  of course  seasonal  meaning  you might be disappointed not to have Voltes V this time around and limited Gundam suits as well   However  this game is skippable  Unless nostalgia kicks in 
슈퍼로봇대전 X,Posted  February         good graphics and story line
슈퍼로봇대전 X,Posted  January                                                             
슈퍼로봇대전 X,Posted  January          We can play a Wizard Robots  Yes Yes Yes 
슈퍼로봇대전 X,Posted  January          Please bring SRW T and Gundam Extreme on PC
슈퍼로봇대전 X,Posted  January          Got robots and waifus 
슈퍼로봇대전 X,Posted  November          nice game
슈퍼로봇대전 X,Posted  November          Just pay for it if you grew up with japanese robot animation 
슈퍼로봇대전 X,Posted  November          Well   Good game  good graphic  but story    meeehh    not so good   SRW V much better story
슈퍼로봇대전 X,Posted  February         The game is a step up with the introduction of a few new mechanics that make the game enjoyable  on top of fleshing out the rest of the story of different arcs which i thought was very cool  The game is far more compelling than V which seemed like a drag on  and they finally put better animations  The only option i wish they did have is an accelerated battle animation watching repeated action scenes becomes a borefest 
슈퍼로봇대전 X,Posted  December          For months I cannot play this game  When I tried lunching this game  nothing happens and don t says whats wrong  Finally today I downloaded a  Unofficial  Super Robot War game and found out that I need to solve the d dcompiler    dll issue  Once I solve that I can play the  Unofficial  game   Now coming back to this  I find that I can play this also  It sucks how  Unofficial  sources have better support than Official sources   For the game itself is good as what you expected from a Super Robot War game  There are issue with mouse sensitivity if you are using a mouse  but still playable 
슈퍼로봇대전 X,Posted  November          Why not  
슈퍼로봇대전 X,Posted  November          been waiting for this game to come on PC version since years ago  just realized it now and its a instant buy   Thumbs up with the english translation  I was struggling with its japanese word during Playstation era
슈퍼로봇대전 X,Posted  November          AYAYA Robot Wars great game
슈퍼로봇대전 X,Posted  November         I hope the early purchase bonus will be add as a DLC like Tsubasa and Jump Force 
슈퍼로봇대전 X,Posted  August          childhood s memory
슈퍼로봇대전 X,Posted  July          Very good game        
슈퍼로봇대전 X,Posted  July          SRW is da best
슈퍼로봇대전 X,Posted  June          Decent game to play if you want to play Mecha games casually  Getting to see Mechas that aren t Gundams in action  especially Gurren Lagann  is just awesome 
슈퍼로봇대전 X,Posted  May          Live to the name and hope there will be more SRW series on steam   
슈퍼로봇대전 X,Posted  September          deeply immersed in the story of all those cartoon robots which certainly are loved by many adults like me Game play is fun too but difficulty could be increased further  I wont consider playing super robots wars V becoz it is being reported too easy 
슈퍼로봇대전 X,Posted  May         Super Robot Wars is my fave since i was a little boy     good graphic and gameplay as always
슈퍼로봇대전 X,Posted  May         YES  WHY NOT  SUPER ROBOT WARS IN ENGLISH ON THE PC   AGAIN   AFTER SRW V   YES    Now we re waiting for SRW T 
슈퍼로봇대전 X,Posted  April          High recommend for those who interest into Gundam their animation does quite lot of improvement
슈퍼로봇대전 X,Posted  April          nice
슈퍼로봇대전 X,Posted  April         Challenging game  Need to defeat every stage with strategy  Robot fans would love this game 
슈퍼로봇대전 X,Posted  April          Finish the game with    hours on first playthrough  I d say I m SOOOO wait for the next installment to be released on steam particularly SRW T and SRWOG Moon Dwellers   Some say the story was weak and the game was easy  well yes if you do Normal difficulty  On Hard mode you have to pull a lot of things in the fewest turn possible to get SR points and to actually not get hit my MAP attack TWICE as some boss love their double action  and triple action for a few boss  that only exist on Hard  mode   Lore wise  can t say much  It s kind of mixed bag somehow and focusing too much on Wataru somehow made it bland to my taste  Gundam route have better story telling behind them so all is well   oh yeah  TTGL is TOO OP  Plz do NERF IT  It can beat most boss solo  do sortie it on every map when you have it  Full price for next installment  c mon BAMCO  
슈퍼로봇대전 X,Posted  March          This has a lighter story line compared to V    it felt like playing an RPG game  CodeGeass is considered super robot not real robots     
슈퍼로봇대전 X,Posted  March          Please bring moon dwellers to PC 
슈퍼로봇대전 X,Posted  March          IKEEEEEEEE    
슈퍼로봇대전 X,Posted  March         Love it 
슈퍼로봇대전 X,Posted  February          excellent
슈퍼로봇대전 X,Posted  February          Screaming the Attack moves and or singing along with the background songs makes it better  ALSO it has custom music
슈퍼로봇대전 X,Posted  February         Classic game in memories   i think my last play about    years ago   Everything is great   Graphic  Sound  Story  etc 
슈퍼로봇대전 X,Posted  February         yessssssssssssssssss
슈퍼로봇대전 X,Posted  February         Even the expert mode is too eazy when you fully customized your robots or have your characters enhanced  and there is no special difficulty for new game plus  But the game is so much fun  can we get SRW T for steam too 
슈퍼로봇대전 X,Posted  January          Played OG before and expected Excellen Browning shows here    Nevertheless  the game is great even though I can t like all the robots 
슈퍼로봇대전 X,Posted  January          All of the SRW V greatness with all these points     Does not have vessel class unit as epic as Yamato     OP song not as good as THE EXCEEDER     Have Gundam Wing robots and Gurenn Lagann 
슈퍼로봇대전 X,Posted  January          I love this series  Look forward to see another series soon like   Moon Dweller  OG     
슈퍼로봇대전 X,Posted  February          It s more fantasy than sci fi and less polish than SRW V  The meta is EXACTLY the same as SRW V  ie max out one pilot and mech  usually the protagonist  asap then wipe the map after getting   ex points with multi attack by yourself   The story also is not as good as the previous game  But if you re into the franchise  there isn t much options on steam  Skip it if you re weren t a fan already  if you are a fan you ve already bought it without reading any reviews 
슈퍼로봇대전 X,Posted  February         I already own and finished a copy of this back when it was released on the ps   but i purchased it again for pc version anyway just to support super robot wars pc versions in the future  the game is a turn based rpg  you have a wide cast of units from different series coming together to fight  all have voiced lines  and music from their respective series too  and you can also add your own custom bgm if you feel like changing things up for each of them 
슈퍼로봇대전 X,Posted  January           
슈퍼로봇대전 X,Posted  January          just as great as X
슈퍼로봇대전 X,Posted     February       T 스팀판좀
슈퍼로봇대전 X,Posted     January       슈퍼싱싱캅대전   슈퍼와타루대전이긴 한데 그냥 그냥 할만함  할인할떄 사세요   
슈퍼로봇대전 X,Posted     January       커스텀 브금 장착   슈로대 이식   이건 좋습니다  그러나 V에서부터 이어온 눌려진 폰트  전투씬 공격 개시 부분의 어두운 화면 공격 피격 화면 전환시 밝아지는 화면 버그   당신들은 도대체 수정 패치를 할 줄 모르는 사람들이군요
슈퍼로봇대전 X,Posted    December       판권으로 인질잡아 인디겜을 풀프라이스로 파는 양심없는겜
슈퍼로봇대전 X,Posted     January       흔히 돌아다니는 악평들치고는 생각보다 재밌고  앞으로 슈로대가 스팀판으로 계속 나와주길 바라며 추천을 누르긴 하지만  한국유저들의 스팀판 슈로대V 평가들 조금만 들여다봤어도 이 놈의 폰트를 X에 똑같이 적용시킬 생각 안했을텐데 스팀쪽 의견들 아예 안 보나 봄  중국 쪽도 폰트 불만 엄청 심하다던데 폰트 좀 해결해줬으면  무슨 번역을 새롭게 해달라는 것도 아니고 폰트만       원이면 어지간한 GOTY급 게임가격인데 무슨 폰트같은 작은 거 가지고 스팀 유저들 무시하는 거 같은 기분들게 하는게 안타까움 
슈퍼로봇대전 X,Posted     July 좋은 의미로든 나쁜 의미로든 V와 대동소이한 작품이라서 입문작으로 괜찮은 것 같다  참전작을 최우선 기준으로 두되 스토리를 중시한다면 V  시스템을 중시한다면 X가 나을 거라 생각한다   해본 슈로대가 V밖에 없어서 V와 비교하게 될 텐데 스토리 면에서는 확실히 V가 낫다  캐릭터 또한 마찬가지  많이들 지적하듯 X의 스토리 주축 중 하나인 마신영웅전 와타루가 성인 입맛의 작품이 아니기 때문  사실 스토리 자체만 놓고 보면 저연령층 대상 왕도 영웅물이라 그렇게 나쁘진 않은데  캐릭터 디자인이 영 동떨어져 있는지라   그나마 다행인 부분이라면 나도는 이야기와는 달리 주인공 와타루가 굉장한 개념캐라는 점이다  이세계로 날아온 고등학생이 이 친구의 반만 따라갔어도 갓세계물 소리 듣진 않았을 거임  초등학생인데도 단단하고 올곧은 멘탈  아군에게는 깍듯한 면모  이 새끼 인생  회차인가 의심스럽다 싶을 때쯤 출몰하는 순수한 모습 등등 썩 괜찮다  저 바닥에서 흔히 보이는 열혈계 개초딩 잼민이었으면 퍽 난감했을 듯   오리지날 캐릭터를 보면 전작에 확연히 밀린다  일단 그림체부터가 좀 호불호 탈 그림체고 남주는 그 기묘한 컷신이 영 눈에 거슬린다  그래도 여주 디자인은 괜찮게 뽑힌 편  캐릭터성 면에서는 주인공으로 플레이했을 때 기준  좋게 말하면 무난하고 나쁘게 말하면 별 특색이 없다   나름대로 사연은 있지만  올곧게 자기 노선대로 밀고 나가는 타입이며 남주로 하든 여주로 하든 성별에서 연상되는 소소한 차이만 있을 뿐 스토리 주인공으로서의 면모는 대동소이하다  전작 주인공이 그래도 기본적인 성격 차이가 커서 같은 스토리 노선을 타도 차이가 눈에 보였던 것에 비하면 아쉬운 부분이다   오히려 주인공보다는 들러리로 붙어 있는 호프스의 캐릭터성이 남주 루트와 여주 루트로 했을 때의 차이가 크다  이 부분만큼은 호평할 수 있는 요소  그  러  나  전작에서는 나인이라는 갓드로이드가 옆에 붙어 있었는데 이번 작은 좆무새  어림도 없지  TAC 커스터마이즈 화면만 봐도 X는 V에 범접할 수 없다  반박 안 받음   서브 오리지날 캐릭터로는 V는 벨터브와 샤를로테 남녀 한 쌍  X는 근본력 넘친다는 마사키 안도  나는 아예 뉴비 입장이라 V가 더 재밌긴 했는데 시리즈에 빠삭하거나 초반부터 사용할 목적이라면 X가 더 좋을 것 같다  이건 둘 다 나쁘다고 할 부분이 없어서 그냥 취향 차이인 듯  어느 쪽도 괜찮으니 이 부분을 크게 고려할 필요는 없을 것 같다   연출은 V에 비해서 퀄리티가 소폭 상승했다  난 V 입문이라 V도 충분히 괜찮다고 생각했었는데 그런데도 X를 보니까 V가 조금 떨어져 보이긴 하더라  특히 주인공 기체가 생긴 것도 마법사라기보단 거적때기 걸쳐놓은 것처럼 후줄근하고 중간에 기체 교체나 업그레이드 이벤트도 없어서 실망스러웠는데 연출이 전작보다 확연히 발전한 게 눈에 보여서 그 아쉬움을 달래주었다   시스템은 전작에서 많이 지적받았던 난이도 부분을 좀 신경 쓴 느낌이다   회차부터 숙련자 난이도가 가능하고 노말 난이도 기준으로도 전작보다 어려워지긴 했다  각종 물자 수급도 전작에 비해 조금 빡빡해졌고 비용 자체도 상당히 오른 편  다만  신규 정신기 결의가 매우 좋아서 후반부터는 V보다도 쉬운 느낌이다  SRPG 매니아라면  회차 숙련자 난이도로 플레이하면 나름대로 쫄깃한 플레이가 가능할 듯  전작은 그런 선택지 자체가 없었다는 점에서 좋아진 부분이라 할 만하다   연출 외의 시각적인 요소는 그다지 달라진 게 없고 달라질 것도 없는 것 같다  BGM은 전작 소지 테마가 워낙 명곡이라 그렇지  이번 오리지날 BGM도 충분히 좋다  참전작 중에서는 버디 컴플렉스의 BGM이 기억에 남는다   입문작으로는 V를 더 추천하긴 하지만  이것도 입문작으로 나쁘지 않고 코드기아스도 있고 그냥 다른 시리즈 해봤어도 잡기에 무리가 없을 무난한 수준의 게임이다 
슈퍼로봇대전 X,Posted    February       V도 샀고 X도 샀으니 제발  제발 T까지만 나와줘 V  X  T 중에 가장 잘 나온 게 T인데 T는 내줘야지   약 스포 주의   개인적으로 X는 너무 판타지 분위기고 와타루 스토리 따라가느라 다른 참전작들 스토리 다 끝나고 참전해서 스토리 진행 하나도 안되고 전함 수도 전작만 해도 전함을 선택해서 출격 시켜야 할 정도로 많은데 여기는  대 뿐이고     그래도 재밌게 플레이했음 호프스라는 캐릭터도 처음에 흑막같이 보이다가 좋게 보이는 것도 좋았고 나디아가 출현한 것도 놀라웠는데 그렌라간까지  게다가 코드 기아스   거기에 또 HI V 건담에 샤아 아군화까지  크    주모  셔터 올려  근데 참전작 분량 배분만 좀 더 잘해 주시지   이 아래는 세상 불만이 많은 방구석 게이머의 TMT입니다  과격한 표현과 스토리  특히 마신 영웅전 와타루의 비중에 대한 비판이 담겨 있으며 전문성이라고는  도 없는 이야기입니다  시간이 넘쳐나는 사람들만 심심 풀이로 보시기 바랍니다    아휴  그 놈의 와타루  이번 작에서 와타루가 제일 짜증남  듣보잡인데 건담이나 그렌라간  다이탄    코드 기아스 보다 비중이 높음 본작 스토리가 끝나지 않은 채로 출현하는게 버디 컴플렉스랑 와타루 밖에 없는데  하    와타루      얘네 빌런들이나 스토리가 전작 V에서 유치하다 생각되었던 마이토보다 더 유치함    초반부터 나와가지고 끝까지 가는데 개인적으로 메카 디자인도 별로인데 비중이 비중인지라 쌔기는 쌤 근데 절대 키우기가 싫음     야마토도 와타루 보다 쌔고 비중 엄청 높고 하지만  야마토는 유닛 하나로 출현해서 나중에 하나 더 추가되긴 함 관리도 쉬고 쓰기도 편함 근데 와타루는 때거지로 나와서 관리도 귀찮은데 별로 키울 맘도 안드는데 강제 출현도 많고 얘 피해서만 루트타도 계속 보여서 정말 짜증남     아니  얘가 이 정도로 수혜를 받을 만한 작품인가  나디아만 해도 첫 참전이고 입지가 끝내주는 명작인데  명작인지는 글쌔요 하지만 그래도 첫 참전작인 건담 G 레콘기스타도 있는데  판타지 때문에 그러면 차라리 인지도도 있고 인기도 있던 성전사 반다인으로 하지 왜  왜   하필 마신영웅전 와투루를 들고 와서   차라리 중전기 엘가임이라도 다시 출현시키지  그래 이해할 수도 있어 내가 일본인이 아니고  판타지 로봇을 부흥 시켰다는 평가를 받은 작품답게 판타지가 메인인 X에서 큰 비중을 차지할 수 있어      년 X 출시 기준 첫 방영으로 부터   주년 되는 작품이니까 제작자들이 팬심이 깊어서 그렇다고 할 수 있어  근데  근데    아니 이놈에게 그렇게 밀어주고 다른 참전작들은 왜 스토리 비중에서 쩌리처럼 되는 건데       판타지 세계 스토리 진행하느라 다른 참전작들도 매끄러운 연계 대신  그냥 우리 작품 끝내니 여기였어요     근데 왜 쟤가 살아있죠      이렇게 진행되고  아니  SEED과 더블오  UC 빠지고 무난히 연결할 만한 참전작들로만 가져와 놓고 왜 정말 연결만 시켜놓은데  정말 웃긴 건 판타지 세계관 게임을 만들고 판타지 작품은 성전사 반다인과 와타루밖에 없는 건데    다음작에 나오지만 마법기사 레이어스도 요구가 많아서 라디오로도 언급도 했는데 안나오고  천공의 에스카플로네도 안나오고  마동왕 그랑조트 심지어 얜 그림체도 비슷함 도 있는데  왜 좋은 것들 다 남겨두고 저 두개만 출현시킨겨  메카물에 판타지는 별로 안 좋아하지만 갈려면 좀 확실히 가든가  하란 반죠는 점보트  빠지고 그냥 얼굴마담으로 나와서 문제해결하는 치트키로 써먹고 코드 기아스의 루루슈는 그 특유의 지휘 능력도 안 보여주고 건담 F  과 크로스 본이 같이 나와서 재밌는 장면 많이 있을 수 있는데 그냥 토비아가 말하지 말자   하고 끝내고 HI v건담 나온 건 좋은데    샤아가 오랜만에 동료로 나오는데   콜로니 하나 쯤은 떨어져야하는 거 아닌가  건담 W가 나왔으면 윙 건담으로 G 건담 백팩 충전기로 쓰지말고 대기권 샷을 좀더 멋지게 쓸 수 없었나  불만 참 많다라고 할 수 있고 나도 느끼는데 너무 안타까움    진짜     
슈퍼로봇대전 X,Posted     June       슈퍼와타루대전     두번째로 스팀에 나온 슈로대입니다  전작 V와 시스템이 거의 같고 참전작만 다른 느낌  전투 시작시의 잔로딩  납작한 한글폰트도 그대로    스토리 비중이 너무  마신영웅전 와타루 에 치우쳐 있어서  저연령 대상인 이 작품에 얼마나 관심과 애정이 있냐가 중요할 듯  그리고 툭하면 차원이동 남발하는 편의주의 전개도 별로네요   전투신은 재탕도 많고 작품간 퀄차이도 나지만 나름 괜찮은 편  특히 신규참전작들의 파일럿컷 애니메이션이 엄청 자연스럽습니다  커스텀 BGM 기능으로 원작 보컬곡을 넣어주면 더욱 좋지요   난이도도 숙련자 모드 추가했고  전작보다는 약간 높아졌습니다  하지만 여전히 본격 SRPG에 비하면 쉬운 편입니다   원작을 많이 알수록 재미있는 캐릭터 게임으로서는 충실합니다  그래서 또 도전과제 올클을 했네요  T는 언제 나오려나   
슈퍼로봇대전 X,Posted     March        회차 재밌다   회차부터 잠온다     그래도  k 안티  배 걸고 돌려보고 싶어서 플스로 깨고 또 샀다  근데 폰트를 꼭 스위치 버전 그대로 가져와야만 속이 후련했냐  일본 제작사는 항상 PC포팅에 성의가 없다   그리고 아이디어가 없으면 무리하게 신작 재탕으로 내지 말고 차라리 판권을 해결한 후 과거의 명작들을 꼭 리마스터 해주길 바란다  V X 수준의 그래픽에서 과거  차 F F완결 알파 알파외전 임팩트 MX  차알파  차알파 z z후속작까지 다시 한글로 즐겨보고 싶다  많이 팔릴테니까 무조건 만들어 줘   그리고 OG에 쏟아 부울 연출 노력으로 판권작에도 좀 쏟아 부어라  조연 캐릭들 무기  개 실화냐  제발 노력좀 하라고 비추 주려다가 혹시 T 안 내 줄까봐 추천은 준다 
슈퍼로봇대전 X,Posted     January       뭐 일본에서 엄청 인기 끌었기에 그쪽은 와타루를 환영하겠지만  본인으로썬 원작을 다 봤음에도 그랑죠트가 아쉬울따름          결과적으로 와타루대전이 되버린 스토리라인 빼면 개인적으론  흡족한 연출에 다루기 쉬운 시스템이기도 해서 만족한다   덤으로 X 발매와 함께 V까지 커스텀 BGM을 하게 해줘서  기쁘기도 하고 일단 X까지는 무난하게 추천을 하겠지만  어디까지나 피씨유저의 입장일뿐 슈로대 매니아로썬 이쪽에도  OG계 발매와 차후 작품들의 질적 상승이 중요하다고 생각한다   T까지 쭉 이 기세로 좀     
슈퍼로봇대전 X,Posted  February          폰트    
슈퍼로봇대전 X,Posted  February   슈로대를 어릴 때 겜보이로 입문해서 에뮬을 거쳐 증기판으로는 X가 처음인데 역시 나는 x벤져스 따위보단 슈로대가 갬성에 맞는 거 같다  그리고 와타루니 뭐니 하며 안 좋은 평가들이 많은데 그런 걸 넘어서 여주인공이 나의 가학심을 자극해 아주 좋았기에 따봉을 박는다 
슈퍼로봇대전 X,Posted  September          원래 쉬웠던 V보다 쉬워진것 같다  그런데 플레이하다 보면 쉬운게 또 나쁘지만은 않은 것 같다  스토리는 재밌는지를 잘 모르겠다  기억에 잘 남지는 않는다  로봇들 연출 보는재미는 있다  PC로도 할수 있는점이 가장 좋은점인것 같다  다른작품도 스팀판으로 나오면 좋겠다 
슈퍼로봇대전 X,Posted  January          넓대대한 폰트 고칠수는 없었나 
슈퍼로봇대전 X,Posted  February         v도 하고 x도 했으니까 T도 좀 빨리 출시해주세요   
슈퍼로봇대전 X,Posted  December          와타루 하나로 게임이 전체적으로 정신연령이 심각하게 낮아지는 느낌이다  당장 전쟁으로 수많은 비극을 겪어온 여러 작품의 주인공들이 와타루 앞에만 서면 마치 그런일 없었다는듯이 희망이 용기가 어쩌고 타령 하는거 보면 머가리가 기가드릴브레이크 했나 의심될 수준  슈로대 찐팬 나오는거 무조건 올클 이나 선호 작품이 많이 나오는게 아닌 한 이거 보다는 V가 훨씬 낫다고 말하고 싶다   굳이 이 작품만의 매력을 꼽으라면           현시점에서 아직 X에만 나오는 작품들   와타루  G의 레콘키스타  버디 컴플렉스  이 작품들이 선호작일 경우    f  의 리미터 해제 연출    게임 시작할 때에는 더 있었던 것 같은데   나오면서 그냥 나가리 
슈퍼로봇대전 X,Posted  April          쁘리기  쁘리기 이     스팀으로 처음 산 슈로대      년  월 현재 최적화 이슈는 딱히 없다  패치했겠지  슈퍼 와타루 RPG 대전이라고 이름붙여도 되겠다  RPG 용어가 많이 나오고 설정도 그러하다  첫 화면과 메뉴 화면의 세계수 비스무레한 나무만 보고  성검전설 인줄 알았다는     폰트 가독성이 매우 떨어진다  플스판 폰트는 괜찮은데    그래도 한글인 것을 감사하며 플레이한다   차 OG하고  차 시옥편 천옥편  PS   까지는 일본어였으니까   엑박패드 필수  키마조작은 기대하지 말 것   Update        이번 E      에서  슈로대      써티  가 발표되었으며  플포   스위치   스팀 동발 예고  고로 T는 스팀 버전 안 나올 것 같다 
슈퍼로봇대전 X,Posted  September           단계 강화 보너스 및 에이스 파일럿 기준   티어   그렌라간 시몬   마징가제로 코우지   사이버스타 마사키    티어   뉴건담 하이뉴건담 아무로   류오마루 와타루   마징카이저 코우지   마징엠페러 테츠야      티어   빌바인 서바인 쇼   윙제로커스텀 히이로   Z건담 카미유   빌키스 앙쥬   마이트가인 마이토   노틸러스호 네모선장   사자비 나이팅게일 샤아    티어   하이뉴건담 시북or세실리   다이탄  반죠   ZZ건담 쥬도   G셀프 밸리   빌바인or서바인 마벨or토드    티어  크로스본건담 토비아   란슬롯 스자쿠   홍련 카렌   신기루 를르슈   룩시온 브라디온 카루라 동시출격 아오바 디오 히나    티어   나머지 단일 기체 및 조연 기체
슈퍼로봇대전 X,Posted  January          환불하러 가기 전에 평가 남깁니다  절대 구매 비추천 합니다  pc로 이식을 실패한 게임입니다   일단 전투 시작할 때  화면 검어지는게 문제가 아니라 프레임이 끊깁니다  전투 배경에 별이 떠있는데  이게 뚝뚝 끊기는게 엄청나게 체감됩니다  그래픽 옵션 및 해상되를 최저로 맞춰도 끊깁니다  그리고 패드 아날로그 스틱으로 조작할 때 제대로 조작이 안됩니다   이 두가지가 겹치니까 속이 울렁거리면서 멀미가 옵니다    턴제 게임에서 멀미가 올 줄은 상상도 못했네요   플스로 x빼고 전 시리즈를 다 구매해서 가지고 있고  x를 플스로 구매할까 하다가 pc에 추가 시나리오 다 준다는 말에 혹해서 기다리고 있었는데  그냥 이전 할인 기간에 플스로 샀어야 되나 봅니다   추후에 패치가 되서 프레임과 안날로그 스틱 움직임이 개선된다면 할만할 것 같긴 한데  이전 이식작인 v 평에서 패치 안한다는 걸 보니 기대가 안됩니다 
슈퍼로봇대전 X,Posted  November          사실상 VXT가 게임엔진과 시스템이 동일하고  스팀에 있는 V  X만 보자면 개인적으로는 V를 추천합니다  스토리와 참전작  연출 정도로 고르면 되는데  야마토 중심의 V가 와타루 씽씽캅 중심의 X보다 더 스토리의 무게감이 좋습니다  연출이야 고만고만하지만  개인적으로 전 시리즈 최고의 연출이라 꼽는 야마토가 V에 나옵니다  X가 나중에 나와서 기존 참전작들 연출이 업그레이드가 됐을거라 생각하지만  실은 그냥 재탕이고요  X도 나디아  그렌라간  코드기어스  단바인 등등 괜찮은 참전작들이 있으니 적당히 자기가 좋아하는 작품 보고 고르셔도 됩니다 
슈퍼로봇대전 X,Posted  January          슈로대 팬이니까 플레이 중입니다만    여러가지로 V에서 불편했던점이 고스란히 X에서 유지중  거기다 패드의 선택 취소 버튼은 갑자기 왜 위치변환한건지 의문   그냥 얼른 T나 발매해줬으면 좋겠다 
슈퍼로봇대전 X,Posted  January          반남 이사람들아 V에서 아무것도 못배우셨나여 화면 가끔씩 깜빡거리는거랑 폰트랑 최적화는  그래도 V때처럼 실행 안되는거는 없는게 다행이지만 이딴식으로 하면 T 이식은 꿈도꾸지 마쇼
슈퍼로봇대전 X,Posted  May   슈로대 시리즈 스팀으로 내주세요
슈퍼로봇대전 X,Posted  January    계속 스팀에 출시하실 바라는 마음에 V   X      전부 다 샀다 내가 왜 이딴게임에 빠져서 똥맛을 계속찾는지  
슈퍼로봇대전 X,Posted  August         와타루 안좋아함 주인공 일러   기체 맘에 안듬 하기 힘드네     이거
슈퍼로봇대전 X,Posted  June          장점  슈퍼로봇대전 시리즈는 재밌죠  단점  옛 추억으로 최신판을 받아서하는데 모르는 로봇이 많이나오네요   
슈퍼로봇대전 X,Posted  December           차 때부터 즐기던 슈로대   이걸 마지막으로 이젠 더이상 안해야겠음   너무 똑같은 패턴   단순한게임   마크로스를 좋아해서 그 참전물을 즐기고 싶었으나 그건 절대 이루어지기 어려운게 되어버렸고   지금은 어거지로 돈주고 샀으니   끝내야겠다는 생각뿐   
슈퍼로봇대전 X,Posted  March         크으으    롸벗이라니  이건 참는 쪽이 잘못됐다  머리털이 빠져가고  상사에게 치이기 시작한  X세대들에게 바치는 하라다의 기념비  초딩 잼민이 시절에   씽씽캅 이라는 이름을 기억하고 있는 게이머라면 왕왕 신나는 꿈과 희망이 가득했던 개초딩 시절로 타임리프 하게 해주는 훌륭한 게임  자체적인 완성도 역시 나쁘지 않으며  난이도도 무난하다   But 추억보정이 없는 게이머들에겐 유치찬란함에 시공이 오그라드는 고통을 줄것이다    비현실적인 꿈과 대책없는 열정을 품기엔 이제 늙어버렸지만  한때 가슴에 품었던 짱센 로봇 조종사와 정의의 영웅에 대한 꿈을 다시금 느껴보고 싶은 게이머라면  강력추천  아무리 비판을 받아도 슈로대는 슈로대니까 
슈퍼로봇대전 X,Posted  April          V랑 비교하자면 초심자라면 V쪽이 조금 더 나을수도 있습니다  대신 숙련자 모드가 SR포인트를 획득하기 좋게 되어있는점은 좋네요  슈퍼 와타루 대전이라는 이야기도 있지만 우주루트만 주구장창타면 생각외로 와타루쪽 얼굴 보기 힘듭니다  물론 와타루는 어느정도 키워야 스토리 진행은 됩니다만  좀 아쉬운게 있다면 주인공 기체가 하나뿐이라 V와는 다르게 회차플레이가 굉장히 지루할 가능성이 커 보입니다  V에 비해서 번역가의 질이 후퇴한건지 아니면 그냥 번역기로 냅다 꼿은건지 기체명 번역이 퇴보한것은 마음에 안드네요 
슈퍼로봇대전 X,Posted  April         우선 로봇대전을 좋아하는  인으로서 스팀판으로 나온 슈퍼로봇대전을 안할이유가 없었다  V에 이어 X도 하는중 X는 V에 비해 난이도가 조금 있는편  대놓고 숙련자모드가 있다   초반에는 조금 난이도가 있는편이나 로봇대전 특성상 중반 넘어가면 그런거없고 무쌍가능하다  와타루가 메인으로 진행되는것이다 보니 지형이 여러시리즈와 다르게 우주보다 지상위주다  그래서 리얼계로 불리는 건담계열쪽 애들이 많이 불리한편   지형 모드가 하늘이 더 좋다 우주보다     그리고 기본모드가 아닌 숙련자 모드를 하게 되면 상대애들이 개조가 많이 되어 나오는데 그로인해 리셋과 정신기를 많이 쓰게 되는데 대신 SR포인트가 없어지므로 오히려 몇턴안에 잡아라가 같은 시간제한이 많이 없어지는 편이라 좀 느긋하게 할려면 숙련자 모드도 괜찮다   그리고 노가다부분은 사실 플레이 시간이 내가 꽤 많이 긴건 마음먹고 노가다를 해서 그런데 이번편은 TacP이 진짜 짜다  애들 무쌍가능하게 만들려다보니 너무 짠 TacP 덕분에 그냥 무쌍 찍게 만들려다 보니 그렇다  노가다 좀 해주는게 재미부분에서 더욱 괜찮은듯 물런 메인 파일럿 몇몇위주로 진행하면 굳이 노가다는 필여없을뜻   출동가능인원 모두 무쌍 가능하게 만들어버리다 보니 그런거지 굳이 노가다는 자원주는 판 전멸 노가다만 해도 충분하다   이러니 저러니 해도 꽤 재미있게 한 편이라 추천하는편 대신 가격이 좀 비싼데 세일할때 사기를 추천함   T도 얼른 나오기를 기다리는중 
슈퍼로봇대전 X,Posted  December         슈로대 팬이면 강추
슈퍼로봇대전 X,Posted  July         추억을 되살려주는   뻔한 클리셰에 재탕일색이지만 그래도 이 시리즈를 좋아한다  편하게 즐기기 좋은 게임이다  내가 좋아하는 기체도 많이 나오고   
슈퍼로봇대전 X,Posted  November          씽씽캅을 안봐서 전체적인 내용의 흐름을 파악하기는 힘들었지만    할만 한 게임이었습니다 
슈퍼로봇대전 X,Posted  January          V보다 노잼임 스토리가
슈퍼로봇대전 X,Posted  October   재밌당
슈퍼로봇대전 X,Posted  October         대깨슈는 그냥 사서 합니다  그렌라간 쵝오    벨트치카 칠드런 쵝오   코드기어스 쵝오  
슈퍼로봇대전 X,Posted  April          옛날 로봇 좋아한다    구매 SRPG를 좋아한다    구매  스피드한 액션 좋아한다    비추 일본문화를 싫어한다    비추
슈퍼로봇대전 X,Posted  July          한글화가 되어 있는건 좋은데  개인적으론 정말 재미없게 플레이한 슈로대 중 하나로 꼽고 싶네요   전작인 V보단 쬐끔 난이도가 오르긴했는데  도찐개찐 수준이고   시스템도 V의 인게임 시스템에 스킨씌우기 정도로 차이도 거의 없는데다   뭣보다 텍스트 읽는 재미도 없어요       스토리의 중심이 와타루랑  오리지널쪽 세력인 마종교단인데   이 둘이 나오기만 하면 놀라울정도로 텍스트 읽는 재미가 사라집니다       하다못해 전작인 V는 게임난이도는 쉬워도 텍스트 읽는 재미라도 그럭저럭 있었는데 X는         더군다나 전작에서도 문제였던 진동기능은 여전히 미지원이고 
슈퍼로봇대전 X,Posted  July          분명 평가를 썼는데 왜  없어진 것일까  삭제 당한 것일가  딱히 그럴만한 주제는 없었을텐데    아무튼 다시 평가를 쓰자면  사람들의 평가는 V에 비해 좋다는 평이 많이 보였지만   개인적으론 참전작이나 스토리로 볼때 V가 더 재미있었다고 본다  X나 V나 어차피 리소스 돌려먹기가 가능할 정도로 Ui나 연출에 기술적인 차이가 없다면 역시 스토리나 참전작이 중요하니까    둘중에 하나를 고르라면 역이 V에 손을 들어주지 않을까  X는 왜인지 하다 보면 질리는 감이 있  
슈퍼로봇대전 X,Posted  October          로봇 또는 병기가 나오는 애니메이션 혹은 소설들의 스토리나 세계관을 엮어서 만든  일본식 시뮬레이션 RPG 게임입니다   V  X  T가 한 시리즈 묶음이라고 하더니 V와 전반적으로 대동소이 합니다   V가 난이도가 쉽다는 지적이 가장 많았는지 난이도에 있어서의 변경점이 있습니다만  기본적인 난이도는 V에 비해 초반 정도만 조금 올라갔다는 정도고 후반에는 여전히 쉽고  숙련자 모드는 초회차가 아닌 바에야 딱히 큰 의미가 없어보이고 난이도를 올린 방식자체도  전통적으로 슈로대에서 안좋게 평가받던 스테이터스 수치만 올려놓은 수준인지라  이게 차라리 그냥 이 정도였으면 개인적으로는 큰 문제점이라고 생각하지 않았는데   난이도를 올리는 차원에서 플레이 캐릭들의 너프도 같이 행해졌는데 전작부터 성의 없어 보이던  무장    개 짜리 조연들의 너프가 꽤 심하여 전작은 애정이 있어서 무기개조에 돈이라도 부으면  주연급의 활약이 가능했던 것에 비하면 돈을 많이 부었는데 강화파츠 하나만도 못한 수준이 되어  능력치 올리는 비용 인상과 더불어 조연급을 제대로 키울려면 전작보다 더 노가다를 해라가 되었습니다   개인적으로는 전작의 전투 연출 자체가 나쁘지는 않았습니다만 대체적으로 전작의 연출 재활용이 많았습니다   전작의 불만 요소였던 갈아태우기나 환장요소는 전작보다 미세하게 나아지긴 했지만  나아진 부분이 딱히 개선을 하려고 했다기 보다는 특정 작품으로 인해 얼떨결에 따라온 정도인터라  만족스러운 수준이라 보기는 어렵습니다   개인적으로는 전혀 쓰잘데기 없는 종료메시지 녹음에 성우 비용을 쓸거면  그걸로 어차피 조연급 기체들 무장    개인데 갈아태우기 범위나 확장해라라고 하고 싶습니다   사람들이 V에 대해 평가하는 부분에서 가장 두드러졌던 것이 쉬움이라고 했다면  개인적으로 이 X에 대해 평가를 한 단어로 요약하면 성의없음 이라고 하고 싶을 정도 입니다   위에 말했던 불만요소들을 포함하여 주인공 캐릭터는 똑같은 연출의 무장을  남자는 격투고 여자는 사격 속성인 어처구니 없음을 보여주고 시나리오 구성이나 맵의 구성도  전작의 요소를 차용한게 적지 않아서 다른 게임의 확장팩 정도 느낌밖에 들지 않았습니다   거의 단점만을 기술했는데 만약에 V를 하지 않고 이 게임을 먼저 접하게 된다면 위의 단점들의 대부분은  없다시피 할 수는 있겠지만 그렇기 때문에 개인적으로는 만약에 스팀에서 슈퍼로봇대전을 해보고 싶으시다면  V 와 X 중에서 출전작이 맘에 드는 한 게임만 구매해서 플레이 해보라고 귄하고 싶습니다   V X T 가 한 시리즈인데 T는 왜 안 내놓는 거지라고 생각했는데 이 게임을 해보고 T에 대한 기대감이 없어졌네요   구입해서 플레이 해
슈퍼로봇대전 X,Posted  June          OG 문드웰러즈 제발 좀 내줘 제발 제발 제발 제발 제발 제발 제빌제발 제발 제발 제발 제발 제발 제빌제발 제발 제발 제발 제발 제발 제빌제발 제발 제발 제발 제발 제발 제빌제발 제발 제발 제발 제발 제발 제빌제발 제발 제발 제발 제발 제발 제빌제발 제발 제발 제발 제발 제발 제빌제발 제발 제발 제발 제발 제발 제빌제발 제발 제발 제발 제발 제발 제빌제발 제발 제발 제발 제발 제발 제빌
슈퍼로봇대전 X,Posted  April          할만합니다  V연츨 재탕한건 조금 아쉬운 부분이지만요
슈퍼로봇대전 X,Posted  January          커스텀 bgm 덕분에 본편 시작 전부터 두근두근합니다  역시 슈로대는 커브금     gtx      이면 사양은 차고 넘치네요  드라이버는          유형은 standard 인데 실행 잘 됩니다       폰트 좀 슈로대   하고 같은 폰트로 수정 좀 해줘    
슈퍼로봇대전 X,Posted  May          재미는 그냥 평범한 srpg급  건담  나디아  코드 기아스  천원돌파 그렌라간 등 내가 아는 기체들이 나올 때 마다 전율이 흘렀다  근데 그거뿐  그래픽  시스템 모두 발전없어 보임  이 게임은 자기가 좋아하는 메카물 참전작 많은거 하는게 최고인듯  포켓몬 급 적폐  슈퍼씽씽캅대전 
슈퍼로봇대전 X,Posted  November          환불 했어야는데   초반에 켜놓고 잠들어버리는 바람에 환불도 못하고  꾸역꾸역 해보려 했지만 역시 좋아하는 기체가 초반에 나오질 않으니 할맛이 점점 없어지네요  v로 갑니다
슈퍼로봇대전 X,Posted  December          시나리오에 몰입하니깐 할만합니다 
슈퍼로봇대전 X,Posted  January            화 정도 플레이 했습니다  일단 저는 추천입니다  왜냐면 거의  년만에 다시 입문했는데 재미있습니다 V를 담아두고 살까말까 고민하다 X까지 기다렸는데 나쁘진 않아요  화면은 조금 애매하긴 하고 전환시 살짝 끊기는 감은 있습니다  그간 로봇대전 수준을 생각하면 사실 게임최적화랄까 그런부분은 한결같습니다  여러분 로보트 입니다 
슈퍼로봇대전 X,Posted  May          아이다때문에 개추드림  
슈퍼로봇대전 X,Posted  May          초회특전 사이바스터가    회 에 나오느냐 안나오느냐에 따라 평점  점과    점을 좌우할듯요  닌텐도 스위치 초회특전에서 사이바스터 몰면서 스토리가 유치해도 나름 천킬하면서 재밌었는데  그거 생각나서 스팀버전 샀더니   화넘어서 얻으려니까 확실히 재미가 확 떨어지네요     사이바스터 초회특전판좀 풀어주세요    
슈퍼로봇대전 X,Posted  August            슈퍼 씽씽캅   마신영웅전 와타루   모르거나 좋아하지 않는다면 하지마  게임 전개가 철저히 씽씽캅 와타루 중심으로 진행   에에이   그냥 주인공 보고 할래  는 분들도 플레이 권장하지 않음 주인공 작화 및 기체 자체가 개인적으로 너무 비호감   씽씽캅 스토리에 버디컴플렉스 g레콘키스타 겉핡기 스토리가 큰 줄기인데 한시간 정도 플레이하면 수면제 한사발 들이킨 기분   슈퍼로봇대전Z 부터 이어지는 재탕연출 역시 건재하며 많은 유저들의 지적을 받은 가독성 쓰레기 폰트를 개선하지 않고 똑같이 내놓음  슈로대 고전 시리즈부터 쭉 즐긴 사람이지만 X는 이상하리만큼 졸림  본인처럼 의리로 구매한다면야 말리지는 않겠음  이번에 나오는   도 예구하긴 했다만 T는 왜 안나와  
슈퍼로봇대전 X,Posted  August          슈로대V 는 안그랬는데 X 는 왜 이렇지  키 설정이 플스셋팅에 맞춰져 있는데다 키 변경도 안돼 엑박패드에 익숙해서 겁나 헷갈리네 진짜   
슈퍼로봇대전 X,Posted  January          안심과 신뢰의 슈로대  너무 쉬웠던 V보다는 그나마 할만한 난이도  다만 개선되지 않은 한국어 폰트는 아쉽다 
슈퍼로봇대전 X,Posted  January          만족스럽고 즐겁게 플레이하고 있습니다  
슈퍼로봇대전 X,Posted  December           회차 클리어
슈퍼로봇대전 X,Posted  January          v보다 재밌어요
슈퍼로봇대전 X,Posted  May          이밴트퀘 눌렀더니 튕기는건 하란겨 말란겨   거기다가 챕터도 전단계로 돌아갔다구  이딴 버그가 아직도 있음  퀘 눌렀더니 튕겨서 다시 한번 더 컷신을 봐야 하는게 말이냐   플레시 겜도 아니고 갑자기 튕겨서 다시 해야하는게 넘모 슬프다  이래서 본겜은 언제하나   
슈퍼로봇대전 X,Posted  March         건담 위주로 간다면 스토리도 그냥 괜찮은듯 하네요
슈퍼로봇대전 X,Posted  January          와타루 노잼인 거만 참으면  대강 봐줄만한 듯     어지간하면 스토리따라서 기체들 출격 시키는데  가능하면 와타루는 안 집어넣고 강제 출격해도 안 씀   히든 스토리가 있을 수 있다는 생각이 문득 들다가도  어차피 와타루 관련 히든이면 궁금하지도 않기에 스킵   관심도 없던 마징가와 그렌라간은 인게임에서만 봐도 이게 왜 사람들이 열광하게 되었는지 알 것 같다   마징가    아아  내게도 그 싼티나는 디자인 로봇 왜 좋아하냐고 할 때가 있었지   
슈퍼로봇대전 X,Posted  April          v 보다는 조금 연출이 나아진거 같다 그거 빼고는 큰변화는 없음   다른게 있다면 마징OOO이 나온다정도 bgm도 v에선 안나옴 참전작이 다른 정도라고 봐도 무방할정도   할인 할때까지 기다리실꺼라면 참전작 보고 v  x 둘중 하나 골라서 하는걸 추천 v x  둘다 할인 할때 샀지만 돈에 비에 퀄리티가 떨어지는 거 같아서 정가 주고는 못 살듯 x 깨고 유투브에 og 연출신 모음있길래 보니깐 너무 비교 됨 og 연출 좋은데 이런식으론 이제 안만드나   도 x랑 비슷하던데 사이버스타똑같은 거 같음 og는 화려한데 비해 v x 거르고    사는걸 추천 콘솔 있으신분은 t 할만해 보임 전 없어서 해본적은 없음 트로피 다 얻고 나서 드는 생각이 애니 랑 이전부터 이게임에 애착이 있지 않으면 힘들듯하다 추억 소환게임 되어버린 인데 추억이 없으면 의미가 없지 않을까
슈퍼로봇대전 X,Posted  May          Product refunded  적이 나타났다   싸운다   밀린다   새 아군 기체 등장   승리   적이 나타났다   싸운다   밀린다   새 아군 기체 등장   승리   적이 나타났다   싸운다   밀린다   새 아군 기체 등장   승리   적이 나타났다   싸운다   밀린다   새 아군 기체 등장   승리   적이 나타났다   싸운다   밀린다   새 아군 기체 등장   승리   적이 나타났다   싸운다   밀린다   새 아군 기체 등장   승리        
슈퍼로봇대전 X,Posted  February         슈로대v 너무 재밌게 해서 x 구입해서 플레이 하는데  이거 슈로대v와 거의 똑같음  무슨 사기당한 느낌임  나처럼 슈로대v를 구입하고서 x도 구입하려는 사람이라면 그냥 v 한번더 플레이 하는걸 추천함     무슨 사기당한 느낌임  만약 슈로대 v를 안하고 x를 한다면 x하지말고 v하라고 추천하고 싶음 
슈퍼로봇대전 X,Posted  July          VXT중에 최악으로 꼽고싶은 슈로대 슈로대는 결국 내가좋아하는 작품으로 팬질하는게임아닌가 그래서 스토리 연출인데 주인공스토리가 지루함 너무너무지루함   
슈퍼로봇대전 X,Posted  February          와타루가 맘에 안든다
슈퍼로봇대전 X,Posted  December         전작 V에 비하면 확실히 난이도가 있습니다   그래도 샤아 아즈나블이 플레이어블 캐릭터라는게 맘에 들어요 
슈퍼로봇대전 X,Posted  September          조작성 왜이렇죠   pc에 전혀 최적화 되어있지 않습니다  불편해서 몰입도 힘들고   바로 환불   
슈퍼로봇대전 X,Posted  March          왜 적들이 내 평균렙에 안맞춰져서 나오는거냐    강화패츠로 보급 돌리기 해서 모든 캐릭 렙을   로 올렸음에도 적들 렙은 바닥을 기어댕기면   
슈퍼로봇대전 X,Posted  January          pc판 이식은 굉장히 실망적이고 전투 중 프레임은 SD GUNDAM G GENERATION CROSS RAYS에 비해 정말 형편없는 전투 장면을 보여주었다  거의 같은 장르에 게임이 이정도 까지 차이가 있는지 의문이고 제작진이 과연 슈퍼로봇대전 x를 플레이 해보고 출시 한 건지 정말 실망이다 
슈퍼로봇대전 X,Posted  January          재밌다  역시 슈로대는 팬들을 실망시키지 않는다  연출도 성공적이다  한가지 단점은 와타루 별로 좋아하지도 않는데  스토리  할은 차지하는 것 같아서 좀 그랬다
슈퍼로봇대전 X,Posted  January          this is super robot wars  there is nothing to say about this game but cool 
슈퍼로봇대전 X,Posted  January          잼있다  한글 무적권 감사 갓건담좀 주세요 
슈퍼로봇대전 X,Posted  April          박아라 이 메카노필리아들아
슈퍼로봇대전 X,Posted  July   갓겜
슈퍼로봇대전 X,Posted  May            자동저장이 없어서 게임중 튕기면 눈물납니다     저장공간이  칸 밖에 없습니다     권장사양이 gtx   인데 gtx    에서 끊깁니다     게임 도중 불러오기 기능 없습니다     게임 도중 초기화면으로 가는 기능 없습니다  강제종료 해야합니다      시간 해서 발견한 불편사항입니다  개선해주세요 
슈퍼로봇대전 X,Posted  May          역시 이전에 PSP로 나왔던 작품이라 그런지 PC 최적화는 그리 좋지 않네요 화면 비율이나 크고 옆으로 눌린 폰트들 거기에 컨트롤러가 없으면 키보드  마우스로 하는 플레이도 썩 그리 좋지 않습니다  할인가에 구매한다면 모르겠지만 원가를 주고 사기에는 너무 돈이 아깝다는 생각이 많이 듭니다 
슈퍼로봇대전 X,Posted  December         그렇게 좋아하지 않지만 다른 슈로대가 스팀에 나오길 바라면서 또 사긴 함   
슈퍼로봇대전 X,Posted  December          생각보다 너무 어려워서 추천하고 싶지가 않네요  가장 쉬운 모드를 해도 어렵네요
슈퍼로봇대전 X,Posted  November          로봇을 모으고 키우고 전투 감상하는 모바일겜같지만 조정은 직접하기에 겜성이 많이 올드함 자동으로 다 해주엇으면 누어서 감상만 햇을텐데      에서 자동전투 해줌
슈퍼로봇대전 X,Posted  October    그냥 슈퍼로봇대전이라서 했습니다  다 고만고만해서 뭐
슈퍼로봇대전 X,Posted  June         정말 오래된 친구를 만나는 느낌이였는데  그사이 내가 변한건지   슈로대의 모든 시리즈를 해봤다고는 말 못하지만  D  OG  AP  W  K  L  Z  UX  BX해서 지금까지 컷씬을 off로 플레이 해본적이 없는데 이번작에서는 확실히 컷씬이 있고 없고에 따른 전투템포에 변화로 몰입감에 영향이 있네요  그만큼 스토리와 벨런스는 나쁘지 않았다는 거겠지만     제가 변한거겠죠    
슈퍼로봇대전 X,Posted  January          지금 내 컴퓨터에 깔려있는 게임들 중 가장 재미없는게임이다  싸우는건 캐릭터들이 하고 유저가 할수 있는것은 숫자놀음 뿐  업그레이드하거나 성곡률를 조금이라도 올리기 위해 뭔가 고민하거나 하는것 뿐  머리는 아플거고 재미는 없을거다   그런데 전작을  번이나 엔딩보고 이번작이 나오자마자 바로 구입하고   조금씩이지만 계속 플레이 해나가고 있다  이 게임  뭔가 있다                                                            플레이하고 정상적으로 종료했음  그런데 세이브파일이 날아가버렸어        게임을 종료하려고 하는데 종료도중 간헐적으로 게임이 멈춤    강제종료해야함  전작과 같은 버그 
슈퍼로봇대전 X,Posted  October   게임은 재밌습니다  단지 내가 이걸 하기에 나이가 너무 많이 들었단 사실이 슬픕니다 
슈퍼로봇대전 X,Posted  October   조작감만 버티면 갓겜   
슈퍼로봇대전 X,Posted  August    샤아의 나이팅게일을 플레이 할수있다  그러나 류진마루 중심의 초딩틱한 스토리 라인은 별로 맘에 들지 않는다  스토리 라인은 전작V가 더 좋다는 평가가 많다  전작과 다른점으로는 f  과 뉴건담  하이뉴건담의 미친 연출을 볼 수 있다 
슈퍼로봇대전 X,Posted  August    저 병신같은 새대가리 누구 아이디어로 나온거냐 짜증난다
슈퍼로봇대전 X,Posted  July    한글 번역이 마음에 듭니다 워낙 발번역 작품들을 보다보니 이 정도면 훌륭하다는 생각드네요 난이도는 기본으로 해도 쉬운 편이라 잘하시는 분은 숙련자로 시작하는 걸 추천합니다
슈퍼로봇대전 X,Posted  July   한글판이니깐 한다 근데 왜   판 넘어가면 하기싫어질까  
슈퍼로봇대전 X,Posted  June    나디아 하나 보고 달리고 있습니다     나디아 팬이라서    물론 제타도 좋아해요  
슈퍼로봇대전 X,Posted  May    전체적인 난이도가 낮고 복잡하지 않아 즐겁고 편안한 마음으로 즐길 수 있는 게임  후반에 나오는 사이바스타의 밸런스란 정말     그래도 재밌고 추천할만한 작품 
슈퍼로봇대전 X,Posted  May    tt
슈퍼로봇대전 X,Posted  May    일부 번역이 미흡 ex 신베 용 한 것을 제외하면 재미있게 즐기고 있습니다  참고로 첫 슈로대
슈퍼로봇대전 X,Posted  May    여주 눈매만 아니였으면  화쯤에 접었을지도   하악하악 
슈퍼로봇대전 X,Posted  May   종료 시 캐릭터 대사있음 컨티뉴 로드 필수
슈퍼로봇대전 X,Posted  April    다 필요없고 그렌라간 정주행하러 갑니다 
슈퍼로봇대전 X,Posted  April    마징가z 아직도 보면 멋진 디자인이다
슈퍼로봇대전 X,Posted  April   good
슈퍼로봇대전 X,Posted  March      화까지 꾸역꾸역 했는데 유치한거 좋아하는 나도 너무 유아틱해서 못하겠다
슈퍼로봇대전 X,Posted  February    가장 판타지스러운 슈로대  난 판타지가 좋더라 
슈퍼로봇대전 X,Posted  January    잘 만든 게임
슈퍼로봇대전 X,Posted  January    할인할때 사면 나쁘지는 않습니다만  저처럼 이 게임에 출연하는 출연작들을 거의 대부분 모르는 상태나 혹은 한 두개정도만 알고서 구매하실 경우에는 추천드리지 않습니다 
슈퍼로봇대전 X,Posted  December          할인 할때 사면 나름 즐길수 있음  와타루 나올때마다 초딩스러움과 구세주 구세주 지껄이는게 좀 역겹고 항마력이 딸리긴 하지만  그 와타루 얼굴 내비칠 때마다 대사 스킵하고 넘어가면 타격은 적다  다행히 후반부에는 그렌라간이 스토리의 중심이 되기에 굉장한 뽕맛을 느낄수 있었다  분기점 마다 우주루트를 고르면 와타루에 대한 타격은 더더욱 줄어 든다  와타루가 구세주 거리면서 잘난척만 안했어도 그래도 스토리 적으론 봐줄만 했는데 구세주라는 말은 남발하는 바람에 항마력이 버티질 못했다 
슈퍼로봇대전 X,Posted  December         너무 쉬워서    다회차는 도저히 못하겠다  애정으로 하는 게임
슈퍼로봇대전 X,Posted  November          최고 최고  
슈퍼로봇대전 X,Posted  October          지루하다  하다가 수도없이 잠듬
슈퍼로봇대전 X,Posted  October         이게 쎆 쓰지 이게  
슈퍼로봇대전 X,Posted  October         플스 의 추억을 되살려 X와V를 동시에 질렀다  요즘시대에 걸맞지 않은 고전을 그대로 가지고왔다  재미있다면 고전이라도 재미있다만 시간에 쫗기는 직딩에게는 흥미가 확떨어진다   이유는 말이 너무 많다 로봇에 대한 흥미가 확떨어진것  장점도 단점도 나열하기 딱히  
슈퍼로봇대전 X,Posted  September          개인적으론 V가 더 좋았는데 주인공 기체는 X가 나은듯
슈퍼로봇대전 X,Posted  August          컴퓨터로 로봇대전을 즐길 수 있어서 즐겁습니다 
슈퍼로봇대전 X,Posted  August          처음부터 끝까지 루즈하거나 부조리하거나
슈퍼로봇대전 X,Posted  July            하고 다시하니 선녀같네
슈퍼로봇대전 X,Posted  December         평점      난이도 보통  이 게임은 당연하게도 좋아하는 로봇이나 알고 있는 스토리가 어느정도 있어야 재미 있다  그런게 없다면 비추천한다   전체 시리즈가 대부분 독립적이라 상관없이 즐길수 있다  추가 숨겨진 요소등은 인터넷검색으로 알아봐야 되며 게임 종료메세지 같은걸로 조금 알려주긴 한다   팁  당연하지만 어느 로봇 전함 파일럿 이든 풀개조 적절한 장비를 넣어주면 대부분 썰고 다닌다  난이도를 내리는효과  대화 이벤트 전투 등 스킵 버튼이 존재한다 
슈퍼로봇대전 X,Posted  July          V보다 나은 점은 여주인공 밖에 없음  그래도 슈로대 좋아하면  회차는 할만함 
슈퍼로봇대전 X,Posted  May          슈로대 x 잠안올때 하면 수면보장
슈퍼로봇대전 X,Posted  May          스위치판 T 해보고 피씨판 폰트는 정말 무성의하단 느낌이 다시 드네요     그외에는 무난한 슈로대    
슈퍼로봇대전 X,Posted  May         재밌음
슈퍼로봇대전 X,Posted  April          로봇의 로망을 가진분들이라면 강력히 추천드립니다    어릴적 추억이 깃든 게임   
슈퍼로봇대전 X,Posted  April          슈로대  을 해보고 X가 혜자인걸 알았다  깔끔한 스토리 연결에 이은 회자 계승도 깔끔   X 사랑한다   
슈퍼로봇대전 X,Posted  March          한글화 이렇게 죽죽 나와주면 좋겠다   
슈퍼로봇대전 X,Posted  March          재밋긴한데   애니메이션을 다 못봐서 누가누군지 잘모름    그래도 재미남    주인공들 알고 시작하면 더 재밋을듯  
슈퍼로봇대전 X,Posted  November          내 추억을 망쳤어  환불되면   이나 사야지
슈퍼로봇대전 X,Posted  October          슈로대 뻔하지만 다 아는 그 재미   
슈퍼로봇대전 X,Posted  October          초반에 나오는 캐릭터들 죄다 비호감    로봇은 몰라도 OG도 해봤고 턴제 게임 자주 즐기는데도     년대에 이 구수함은 못 버티겠다
슈퍼로봇대전 X,Posted  October         추천
슈퍼로봇대전 X,Posted  September          다른건 다 괜찬은데 주인공의 기체랑 앵무새가 꼴도 보기시러서 좀 맘에안드네요
슈퍼로봇대전 X,Posted  September          재밌네용 
슈퍼로봇대전 X,Posted  September          마징카이저 짱짱맨
슈퍼로봇대전 X,Posted  August          초반부 와타루 밀고 가는 게임이라서 그런지 다른 작품들은 원작 재현하는거 같아도 샐러드 같은 느낌임  v는 그래도 다른 애들 이야기라도 잘 나오는데 여기는 나와도 뭔가 와타루 도와주는 포지션이다보니 영   
슈퍼로봇대전 X,Posted  August         재밋음
슈퍼로봇대전 X,Posted  August         정말 재밌어요 빤니 v도 하고   주년판도 하고 싶어용
슈퍼로봇대전 X,Posted  August         예구가 아쉽다
슈퍼로봇대전 X,Posted  July          T 도 내놓으라고 이 새끼들아
슈퍼로봇대전 X,Posted  July          왜로딩이안되  판 깻더니 내돈
슈퍼로봇대전 X,Posted  June          전작하고 바뀐게 거의 없음  스토리도 겜 진행하다보면 전작하고 비슷하다는 느낌이 듬  뭐 그래도 슈로대 시리즈 좋아하시면 할만은 함 
슈퍼로봇대전 X,Posted  June          폰트로 인한 가독성은 딱히 불편할정돈 아니라 신경안쓰이고 조작감도 한두판 하다보면 나름 익숙해집니다  전 불편한거 잘 모르겠던데  
슈퍼로봇대전 X,Posted  June         굳
슈퍼로봇대전 X,Posted  June         로봇대전이라 쓰고 노가다라 읽는다
슈퍼로봇대전 X,Posted  May          good
슈퍼로봇대전 X,Posted  May          웅장한 가슴이다   
슈퍼로봇대전 X,Posted  July          정식 한글판이라 예전에 해봤던 슈로대 작품과는 달리 몰입도가 올라가는 느낌이네요  슈로대 할려고 ps 을 사고 번역해가면서 해봤던 옛날과는 달리 게임 진행이라든가 몰입도가 올라가서 좋네요  음성 지원이 안되는게 좀 아쉽지만 그만큼 애니메이션으로 들어오던 익숙한 목소리들이라 조금은 아쉬움이 적습니다  예전에 나오던 기체들이 안나오는게 좀 아쉬운 부분이 개인적으로는 조금 있습니다  게타나 기타 레전드급 기체들이 없는게 좀 아쉽네요 
슈퍼로봇대전 X,Posted  May          난이도가 쉬운편 초심자가 하기 편할듯
슈퍼로봇대전 X,Posted  May          너무 재밌습니다 
슈퍼로봇대전 X,Posted  May          가볍게 즐기기좋아요
슈퍼로봇대전 X,Posted  May          V 보단 X가 연출이 좋음 물론 재탕이지만
슈퍼로봇대전 X,Posted  May          v안하고 해서그런지몰라도 잼게하는중
슈퍼로봇대전 X,Posted  May         재밌어요 피규어모으는 느낌 이랄까
슈퍼로봇대전 X,Posted  April          어릴 때 하던 슈퍼로봇대전을 다시 할 수 있어서 좋았습니다 
슈퍼로봇대전 X,Posted  April          제발 T도 스팀판으로 좀    
슈퍼로봇대전 X,Posted  February          V 클리어 하고 넘어왔는데  씽씽캅 보던 추억도 생각나고 재밌네요
슈퍼로봇대전 X,Posted  February          한글화 라고 해서 진짜 기대하고 구매 했는데 이건 뭐 PC로 이식하면서 플랫폼이 바뀌면 최소한의 이식의 도리는 있어야 할거 아니냐  남들이 다 뭐라고 하는 폰트는 이건 어디까지나 게임을 플레이하는데 있어 그 자체로 중요한것은 아니지만 콘솔패드에서 마우스와 키보드로 커멘드가 바꼈으면 그에 맞게 최적화를 해줘야지 정말 별로임   워낙 오래되고 네임벨류가 있는 시리즈이다 보니 기존 골수마니아들이나 적응하고 플레이 하는거지 만약 이 게임으로 처음 슈퍼로봇대전 시리즈를 접한다면  시간도 안되서 환불할게 뻔하다
슈퍼로봇대전 X,Posted  February          알워스 에서의 대장정이 오늘 끝났다  나름 재밌는 경험이었고 좋은 시간이었다 
슈퍼로봇대전 X,Posted  February          플레이방식이나 뭐 이런건 어디까지나 예전 작품들과 크게 다를바없는거 같아요  연출이 너무 아쉽고  좋아하는 기체가 빠져있는건 슈로대 시리즈마다 있을수밖에 없는듯  휴대용기기로써 플레이한다면 역시 쵝오  허나 콘솔로 하기에는 조금       그래도 팬심으로 이겨내주마 
슈퍼로봇대전 X,Posted  February          스토리  게임성 모두 훌륭합니다  스토리가 정말 마음에 들어서 일반엔딩보고 바로 히든엔딩까지  번클리어했습니다 한가지 아쉬운점으로 뽑히는게 높지 않은 난이도인데  저같은 슈로대 입문자들은 차라리 이게 낫지 싶습니다 난이도가 너무 올라가버리면 마음에 드는 유닛 키우기보단 성능을 보고 키울수 밖에 없게되니까요
슈퍼로봇대전 X,Posted  February          슈퍼 와타루 대전이긴 한데 여주가 맘에 드는 작품 앵무새만 뺴면 그러저럭 괜춘함 와타루를 좋와하고 여주가 맘에 든다 하면 추천함
