title,review
디펜던 DEFENDUN,Posted     June EARLY ACCESS REVIEW Overpriced phone game port 
디펜던 DEFENDUN,Posted    June EARLY ACCESS REVIEW 퇴보만 반복하는 게임  할 줄 아는건 도트 찍기밖에 없고  게임 자체에 대한 이해가 굉장히 떨어져 유저들의 피드백에만 의존하는 와중 정작 가장 중요한 개선 사항들을 외면하는 편       아쉬운 부분이 많지만  좋은 평작입니다   엔딩은 생각보다 금방 보는 편입니다  시스템의 완성도는 전체적으로 높은데  큰 파트를 넘어 세부적인 부분으로 들어가면 아쉬운 부분이 상당히 많습니다  본편을 끝까지 플레이했지만  이번 작을 계속 플레이하고 싶다기 보다는 단점을 고친 다음 작이 기대됩니다   장점    도트    기믹이 다양하게 괜찮은 편    쉬운 입문 장벽  단점 내지는 문제점    스타트 성급 최대 강화시  시작하면서 최종 유닛 일리단 or 잭더리퍼 을 하나 가져갈 수 있는데 지나치게 강력해서 게임이 루즈해짐     합리적이지 않은 재화 파밍      면역 몬스터 나오기 전에 초반   웨이브 정도만 빠르게 밀고 나가는 것이 가장 효율적인 파밍 방법  고난이도 도전 욕구 감소     영구 강화 시스템이 미약해서 다회차 플레이 의욕이 떨어짐     스테이지 클리어 이후  바로  스테이지 보스가 나올 필요가 있는가 의문이 듦  패턴이 단순하여 딜미터기 역할밖에 못하는 보스라는 점에서 더더욱 그러함     중간 저장도 없는데  한 판에 지나치게 긴 시간을 소요   이건 호불호가 갈릴 수 있는 요소  z세대는 친숙하게 여길만한 이전 방식     한정된 빌드     성급에 걸맞지 않는 성능을 지닌 유닛들이 종종 보임   유난히 말도 안 되는 수치의 쿨감    장판을 주는 유닛  단일딜로 다 쓸어버리는  성짜리 사무라이 등등      이 문제는 특히 저티어 유닛에서 도드라지는 문제인데   성 닌자와 다른 유닛간의 차이  사무라이와 천사를 제외하고 유독 성능이 약한  성 유닛들이 대표적    게임 오버를 제외한  게임 종료 나  메인화면으로 가기 는 재화가 정산되지 않음     가장 심각하다고 생각하는 단점  당장 쿨감    짜리 장판을 주는 버프 유닛이 있는 판인데  카드는 쿨감      공  증가  공속   퍼 증가 등등 대체적으로 이런 수치만 제공하는 와중 가끔씩 나오는 전체에 적용되는 카드를 제외하면  특정 한 유닛한테만 적용이 되서 굉장히 끔찍한 유효성과 랜덤성이 돋보임    아쉬운 점이 많지만  게임은 재밌는 편입니다  동가격대에서 경쟁력이 강한 다른 인디 게임들이 많지만  본 게임 또한 추천드립니다 
디펜던 DEFENDUN,Posted    June EARLY ACCESS REVIEW 한방에 골로가 쓰레기야
디펜던 DEFENDUN,Posted     September EARLY ACCESS REVIEW  스테이지는 그냥 한 두 판 하기 괜찮은 게임  스테이지 업뎃하고 나서 그냥 좆같이 귀찮아서 안 켜게 되는겜으로 바뀜 그리고 조합법 보는건 대체 왜 바뀐거임
디펜던 DEFENDUN,Posted     August EARLY ACCESS REVIEW 무한모드는 어떻게 하라고 해놓은거임 
디펜던 DEFENDUN,Posted     September EARLY ACCESS REVIEW  스테이지 업데이트 이후 기존 하루 한두판정도 라이트하게 즐길수있는 디펜스게임에서 귀찮고 질리며 신경쓸것많고 스트레스를 동반하는 쓰레기같은 게임으로 바뀜 심해컨셉으로 인한 산소관리까지는 괜찮지만  스테이지    층보스에서 추가되는 산소존을 고정할수도 없고 시야는 가려버리는 암전패턴과 밀치기패턴에서 모든유닛이 흩어지고 그후 다시 재배치 하기까지의 과정이 게임을 어렵게만든다 가 아닌 좆같게 만들어버림
디펜던 DEFENDUN,Posted    June EARLY ACCESS REVIEW 재밌음  엔딩 보고 계속 하고있음 돈 값 충분히 함 다만 캐릭이 좀 적음  많아 보일 수 있는데  생각보다 엄청 적음  아직 정발이 아니니까 이해 할 수 있는 부분인데 빠르게 업뎃 해주면 고마울듯  캐릭간 밸런스도 너무 심각한데 이것도 해결해 줬으면 함  예로 공속이 너무 느린애들은 걍 거의 안씀 스킬이 한번에 다 쓸어주는 애들은 좀 쓰는데 스킬도 구리고 데미지도 구리고 공속도 느린 애들이 있음  대표적으로 더스틴 이놈은 뭔지 모르겠음 히어로 보다 고티어 캐릭인데 그냥 개구림 이런 애들이 많음 그래서 특정 캐릭만 쓰게 되는 것이고   스테이지도 적음 딱  개 있는데 생각보다 한번 잘되면 걍 쭉 밀어버려서 금방 깨버림   위에 쓴 건 말 그대로 아쉬운 것이고 겜 가격이      원 인거 생각하면 지금도 혜자겜임 타워디펜스 던전크롤러 겜 좋아하면 꼭 사셈                                           무한 모드는 왜 있는거야    진짜 무슨 짓을 하던 상점에서 기물 사서 들어가면 손해임  몹이 너무 무작정 강해지고 중간에 상자 나와도 일반과 똑같은 랜덤 보상  애들을 아무리 많이 때려잡아도 다이아를 쥐똥만큼 줘서 일반 모드로 돌리는게 효율이 더 좋음
디펜던 DEFENDUN,Posted    June EARLY ACCESS REVIEW 조합 디펜스  웨이브마다 몬스터들이 몰려오며 이들을 막는 게임입니다  화면 하단에 기본 영웅인 기사  아처  마법사가 존재하며 골드를 소모해 이들을 소환합니다  소환된 영웅들을 경로를 인근에 배치하면 공격 범위내로 들어선 몬스터들을 자동으로 처치하죠  몬스터를 처치하면 골드를 얻고 이 골드를 소모하여 다시 영웅을 뽑고 다시 배치하여 싸우고 반복합니다   소환된 영웅들은 그냥 배치하여 전투를 진행할 수도 있고  서로 조합을 할 수도 있습니다  조합에 따라서 상위 등급의 영웅들이 등장하며 종류에 따라서 공격력  범위  속도 등이 다르고 스킬을 보유한 이들도 존재하죠  마구잡이식으로 진행을 할 수도 있고 어느정도 경험을 쌓아 게임 진행에 좋은 조합법을 익히면 좋죠  참고로  영웅마다 최대 보유가 제한 존재   몬스터들은 네모난 맵을 따라서 이동을 하며 샌드백처럼 맞기만 합니다  일부 보스의 경우에는 영웅들을 기절시키거나 석화 시키는 등의 스킬을 가지고 있죠  적들은 모두 소환되고 다음 웨이브가 시작되어도 사망하지 않으면 계속 돌아다닙니다  이때  최대 유지가능한 몬스터의 개체수가 존재하고 이 개체수에 도달하면 게임 오버가 되어버리죠   진행 중간에 앞서 언급한 미니 보스가 등장합니다  이들을 처치하면 많은 골드를 얻을 수 있으며 상자를 얻을 수도 있죠  상자는 보스 처치 외에 진행 중 누적 획득한 골드에 따라 획득할 수 있으며 이를 오픈하여 능력을 고를 수 있습니다  보스 대미지증가나 전체 공격 속도 증가 등의 통합 버프도 존재하고  특정 영웅에게 효과가 주어지는 버프도 존재합니다  그런대 직업군이 아닌 특정 영웅에게 버프를 주다보니     미보유한 영웅일 경우에는 별다른 도움이 안되어서 딱히 이득이라는 느낌이 들지 않죠  뭔가 잘 나오면 좋고 안나오면 싫은   현재 스테이지의 모든 웨이브를 클리어하면 스테이지 보스가 등장합니다  스테이지 보스를 제한된 시간내에 처치하면 다음 스테이지로 이동을 할 수 있죠  스테이지를 이동하지 않거나 게임 오버가 되면 플레이 기록에 따라서 다이아를 획득하게 됩니다  획득한 다이아는 상점에서 소모하여 능력을 구매하거나 시작 영웅을 구매할 수 있죠   능력은 초기 영웅인 기사  아처  마법사의 비용 감소나 초기 골드 증가  상점 영웅 등급 증가  몬스터 최대 개체 수 증가 등이 있습니다  영웅을 구매하면 다음 전투에 한하여 시작 시 지급되어 이용 가능하죠  능력과 영웅은 각각 랜덤하게  개가 등장하며 리셋을 통하여 새로운 상품들로 변경 가능합니다   아쉬운 점  별도의 튜토리얼 없음 튜토리얼도 없고 게임 기능들에 대한 설명도 없고   락 기능  무한모드 등   나중에 쓰임새가 있는건지 모르겠지만 좌우에 빈 공간이 있어서 미완성 느낌이 듦  조합법이나 몬스터 도감이라도 열어두게 하지 왜      나중에 별도의 기능을 추가하려는 의도인가    게임 정지 기능 없음 설정열어서 정지는 있지만 플레이 화면에서 정지 없음  속도 조절만 존재   조합법 확인이 너무 불편함 영웅을 선택하고 화면 끝으로 드래그하여 체크를 해야하며 그 상위는 무엇이 있는지 알 수 없음   영웅 선택 시 전투가 슬로우는 되어도 진행은 되기에 적게나마 대미지 로스가 발생함   조합 가능한 영웅 찾기가 불편함 영웅을 가져가면 뜨긴 하지만  선택한 영웅과 조합이 가능할 경우  테두리 강조 등이 있으면 좋을듯   웨이브 보상 없음 적들을 모두 처치해도  웨이브를 빨리 시작해도  보유한 골드가 많아도 별다른 보상이나 그런게 없음   몬스터 도감 없음 이 몬스터는 어떤 능력을 가지는지  면역은 뭔지 등 파악 어려움   업적없음 업적 달성에 따른 추가 버프 등이라도 있으면 달성하는 재미가 있을듯 
디펜던 DEFENDUN,Posted     May EARLY ACCESS REVIEW  유즈맵 감성 도트그래픽 디펜스 게임  장점    유즈맵에서 하던 디펜스류 게임을 도트감성으로 즐길수있다    캐릭이 다양한 편이다    컨트롤 하는 맛이있다   단점    아직 베타 단계라 잡버그가 좀 있다    캐릭간의 벨런스가 맞지 않으며 좋은 기물이 정해져있는 느낌이다    보물상자가 너무 운빨이다  특정 기물이 아니라 그냥 도움이 됬으면 좋겠다   총평 아직 베타단계인점을 감안해  충분한 업데이트를통해 벨런스문제와 게임성 부분을 보완한다면 좋은 게임이 될것같다   추신   탄   단계 몹 돈안줌  의도된 건가   대기사 아처 를 조합하면 미스틱이 아니라 마검사가 나오는 버그있음
디펜던 DEFENDUN,Posted    June Product received for free  EARLY ACCESS REVIEW 딱 모바일 게임을 광고없이 하는 기분 초반에 여러번 조합하면서 새로운 캐릭터를 보는 재미가 있었습니다  저는 개인적으로 창술사쪽 라인이 제일 좋았어요
디펜던 DEFENDUN,Posted     October EARLY ACCESS REVIEW 개선점이 제법 많다  그러나 개선되지 않아도 재밌다      기물 조합 방식 개선 실수로 조합될 때 개빡침     밸런스 문제 후원자 기물의 성능이 너무 좋고  일반 기물의 성능이 떨어짐      게임성 문제 벨라와 막보가 탄막 슈팅류처럼 피하는 패턴이 나오는데   게임 특성상 마우스로 일일히 옮겨야 되어서 빡치기만 한다  밸런스를 잡으려면 탄막류 요소가 아닌 다른 방식을 고려하면 좋을듯     게임 내 재화의 사용처 문제    조합의 UI를 확인하는 방식이 너무 불친절함  추가로  친구랑 같이 멀티모드를 할 수 있으면 너무 좋을 것 같다  그러나 이게 시스템적인 문제라 개선되지 않아도 충분히 재밌다  다운 받고 찍먹이나 해볼까 했다가 켜자마자  시간이나 쭉 달렸다   크게 기대하지 않고 설치한다면  정말 시간 순삭이다 
디펜던 DEFENDUN,Posted  August    EARLY ACCESS REVIEW 재밌긴한데 진짜 킬링타임용 장점은 진입장벽 낮고 플레이에 어려움이 없음 단점은    한정된 조합식  캐릭터별 밸런스가 안맞음  성 도적  성 사무라이가 압도적 거기에 비해 다른 티어유닛은 그 값을 못함 그리고 나만그런가 모르겠는데 무한모드 그래픽 깨짐      
디펜던 DEFENDUN,Posted  July    Product received for free  EARLY ACCESS REVIEW 가볍게 하기 좋음 근데 생각보다 파고들어야할 요소들이 많고 디펜스겜 답게 재밌음
디펜던 DEFENDUN,Posted  June    EARLY ACCESS REVIEW 다채로운 조합 시간 잘가는게임
디펜던 DEFENDUN,Posted  October    EARLY ACCESS REVIEW 처음에는 재미 있다가 생각하다보면 단점 생각이 자꾸나는 그런게임
디펜던 DEFENDUN,Posted  October    EARLY ACCESS REVIEW  
디펜던 DEFENDUN,Posted  October    EARLY ACCESS REVIEW 스팀에서의 디펜스 게임 중 나의 취향에 제일 잘 맞는 게임 개인적으로 최고의 게임
디펜던 DEFENDUN,Posted  October    EARLY ACCESS REVIEW 화면 우측 빈 공간에 레시피를 고정해두거나 아예 도감을 열어볼 수 있게 해주면 되게 편할 것 같아요  거기다 유닛 조합법 보는 것도 아래서 위로 타고타고 가며 볼 수 있게 된다면 좋을 것 같습니다  게임 자체는 킬링타임용으로 되게 재밌게 하고 있어요 
디펜던 DEFENDUN,Posted  July    EARLY ACCESS REVIEW 할만하긴 한데 오랫동안 붙잡고 하기에는 금방 질림 캐릭터는 많은데 너무 난잡하고 조합도 헷갈림 상자 뽑아서 카드 선택하는건 그냥 돈만 선택함                   의견    조합 대분류를 둬서 시너지 옵션 같은 요소도 있었으면 좋겠음 ex  총기류 시너지   악마 시너지   천사 시너지   인간 시너지 등등    조합을 하위 다 뽑아서 합치는게 아니라 클릭해서 가능한 조합이 옆이나 아래에 창이 나와서 조합 가능한 트리를 보여주고 클릭해서 업그레이드 되는 형식이 좋을것 같음    배치시 어느정도 보정이 되서 일정 구간에 딱딱딱 들어맞게 가면 좋을것 같음  전사 도적류는 사정거리도 짧아서 현재는 밖으로 일부로 쭉 빼지 않으면 칼질도 안함
디펜던 DEFENDUN,Posted  June   EARLY ACCESS REVIEW 패치후로 게임이 점점 벨런스가 이상하고 보스 처치시 나오는 상자 확률이 본인이 가는 조합에 필요없는게    이상 챕터  부터  까지 코인 싹다 돌리고 가는 조합 나오는가 테스트 해봤는데 안나옴  그러면 상자에서 나오는걸로 가면 되지않냐  결론만 말하면 쓰레기다 줘도 안쓴다   후원 캐릭터도 쓸만한게 소수   그래도 잭터리퍼는 신이다  왜냐 물어보면 내가 후원해서 생긴거라
디펜던 DEFENDUN,Posted  July    EARLY ACCESS REVIEW 이거 개재밌네 메운디 같은 느낌에 디펜스류이고 이걸 진작 알아서 후원했다면 나도 캐릭으로 나왔으면 할 정도로 재밌다  아쉬운 점은 아직 업적이 없다는 것이다  업적이 있었다면 더 재밌게 플레이 했을터인데 아쉽다  그리고 컨텐츠가 적다  앞서해보기여서 추후에 컨텐츠가 많이 나오길 기대한다 
디펜던 DEFENDUN,Posted  October   EARLY ACCESS REVIEW 랜덤 디펜스 게임에서  랜덤 요소를 없앤 게임이다   너무나 익숙한 맛이여서 할 말이 없다 
디펜던 DEFENDUN,Posted  October   EARLY ACCESS REVIEW 가성비 좋은 게임
디펜던 DEFENDUN,Posted  September    EARLY ACCESS REVIEW 흠    
디펜던 DEFENDUN,Posted  September    EARLY ACCESS REVIEW 하다보면 정신없이 시간이 가고 있는    하루에 한 두판 즐기기 딱 좋은 게임
디펜던 DEFENDUN,Posted  September    Product received for free  EARLY ACCESS REVIEW 이건 좀 아닌거 같아여   
디펜던 DEFENDUN,Posted  September    EARLY ACCESS REVIEW 재밌긴한데 불편한점이 많고 빨리질림 그래도 추천
디펜던 DEFENDUN,Posted  September    EARLY ACCESS REVIEW good
디펜던 DEFENDUN,Posted  September   EARLY ACCESS REVIEW 재밌습니다 업데이트 기대하겠습니다
디펜던 DEFENDUN,Posted  October    EARLY ACCESS REVIEW 가볍게 즐길만한 디펜스 게임  조합을 외우거나 속도를 크게 요하지 않아 편하다   스테이지와 무한 스테이지는 큰 기믹이 없어 불편함은 커녕 오히려 쉬웠다고 생각했다  하지만  스테이지는 그런 생각을 타파하기 위한 컨텐츠다  신경 쓸 기믹은 각 단계별로 하나씩 존재하며 마지막 단계를 중첩해서 괴롭힌다  전 스테이지들이 쉬웠기에 이는 새로운 도전의식을 불러일으켜 아직도 게임을 킨다 
디펜던 DEFENDUN,Posted  September    Product received for free  EARLY ACCESS REVIEW 맛있습니다  건강한데 맛까지 있는 느낌  해상도나 UI가 약간 모바일스러운 부분 때문에 처음엔 거부감 들었지만 한판 해보기 그냥 쭉 하게 되네요 
디펜던 DEFENDUN,Posted  September   EARLY ACCESS REVIEW 재밋는데 너무어려워요   
디펜던 DEFENDUN,Posted  September   EARLY ACCESS REVIEW 게임은 재미있습니다 하지만 한가지 매우 중대한 결함이 있죠 바로 클라우드 지원을 하지않습니다 그걸 어떻게 아냐고요  저도 알고싶지 않았습니다  내 풀업글에  만다이아 가량이 날아가는 순간이었죠
디펜던 DEFENDUN,Posted  September   EARLY ACCESS REVIEW 무한모드 최적화를 찾은 것 같습니다                 에 시작                        스테이지  아직 게임이 안 끝났네요        스테이지 유지중입니다  정신차려보니     에서 끝났네요  획득다이아       개
디펜던 DEFENDUN,Posted  September   EARLY ACCESS REVIEW 비싼똥 많음 다들 조심해
디펜던 DEFENDUN,Posted  August    EARLY ACCESS REVIEW 킬링타임으로 좋음 상당히 재밌음 
디펜던 DEFENDUN,Posted  August    EARLY ACCESS REVIEW 킬링타임
디펜던 DEFENDUN,Posted  September   EARLY ACCESS REVIEW 잼있습니다 재미가 없을수없어요 다만 엔딩이 너무빠르고 무한모드 초반만 넘기면 안죽어요 오후  시 시작해서 무한모드 한판하고 자야지 했다가 무한모드 초반넘기고 중반 후반가면서 유닛   마리 채운순간 안죽게되었습니다   시가되어도 나오는 입구컷다하길래 켜두고 그냥잤는대 다음날  시 여전히 입구컷하고있더군요 다팔아서 죽어버렸습니다    이후 안키는중   
디펜던 DEFENDUN,Posted  August    EARLY ACCESS REVIEW 아직  스테이지 엔딩 는 곰방 깨버리네요 디펜스류 좋아하는 사람에게 추천 드립니다  시간 곰방가고 조합에 따라 많은 루트를 생성 할 수 있으며 아직 불편한점은 여러 있습니다  각 캐릭별 잠금이라던지 왼쪽 공간을 활용했으면 좋겠다는점 유닛 조합 정보가 보였으면 편할 것 같음  등등의 개선점을 고친다면 정말 좋을것 같습니다 
디펜던 DEFENDUN,Posted  August    EARLY ACCESS REVIEW           첫클하고 쓰는 후기  장점    킬링타임    여러 유닛 뽑는 재미    뇌비우고 하기좋음    브금이 흥겨움    쉬운 조합식으로 심플하게 재미붙일 수 있음  단점    유닛 간 밸런스    게임내 변수부족으로 다회차시 단조로운 게임 플레이    조작 인터페이스와 맞지않아 쓸데없이 스트레스만 주는 보스 기믹    상자보상 영웅 강화 요소의 다양성부족에서 오는 뽕맛의 부재    깊이감 부족    다이아 강화 요소가 너무 별게없음    쓸데없이 후원자 영웅이 너무 많음    컨텐츠 부족    조합하면 더 약해짐     처음부터 끝까지 몬스터잡으면  원이라는게 너무 노잼요소  아직    밖에 완성 안된 게임이라 생각됨 차후에 업데이트되면 갓겜 될수도
디펜던 DEFENDUN,Posted  August    EARLY ACCESS REVIEW 당장 하기엔 볼륨도 너무 작고 밸런스도 엉망인듯합니다  조합자체는 꽤 많은 편이지만 실제 안터지고 클리어 가려면 결국은  평타딜 기반 케릭터들만 모아 갈수밖에없네요 버퍼 디버퍼는 사실상 보스 외엔 의미가 없는 캐릭터인데 정작 보스에선 딜러 둘정도 보스 뒤꽁무니 따라다니기도 힘듭니다  어찌해봐도 광역딜러 버퍼 디버퍼 다 버리다보니 전사 마법사는 싹다 버리고 천사 다버리고    변신계열 근접딜러만 가져가게됩니다  클리어까지는 대략  시간 전후면 충분한듯하네요
디펜던 DEFENDUN,Posted  August    EARLY ACCESS REVIEW 업데이트를 내놓아라  
디펜던 DEFENDUN,Posted  August    EARLY ACCESS REVIEW      화면비가 부족한 좋은 게임
디펜던 DEFENDUN,Posted  August    EARLY ACCESS REVIEW 재미는 있음 근데 특정유닛없이는 깨기가 힘들어서 강제되는 면이 좀 아쉬움
디펜던 DEFENDUN,Posted  August    EARLY ACCESS REVIEW 가볍게 하긴 좋으나  클리어 이후 손에 가지 않는 게임입니다   게임 자체가 단순하다보니 추가적인 컨텐츠 없데이트가 필요합니다 
디펜던 DEFENDUN,Posted  August    EARLY ACCESS REVIEW 재밌긴한데요 무한모드는 보석수급률이 박살나서 무한모드 한번 잼게할라면 스토리모드 밀어서 다이아얻어야 하더라고요 이건 좀 불편   제가 무한모드 못하는걸지도
디펜던 DEFENDUN,Posted  August    EARLY ACCESS REVIEW 아무리 못해도  시간이면 다 깨는듯    시간으로 다꺴음 재밌음 킬링타임용 최강
디펜던 DEFENDUN,Posted  August    EARLY ACCESS REVIEW 무한 모드는 주는 재화가 너무 적고 상자 까는것 역시 보상 획득량이 구려서 난이도가 구림   또한  배 고정은 에바
디펜던 DEFENDUN,Posted  August    EARLY ACCESS REVIEW 디펜스 게임중에서도 재밌는 게임
디펜던 DEFENDUN,Posted  August    EARLY ACCESS REVIEW 킬링타임용으로 아주 좋음  빨리 더 나왔으면 좋겠어요  특수의영혼 전사의영혼 등등 영혼류 진화시 비비면 복사되는 버그 고쳐주세요
디펜던 DEFENDUN,Posted  August    EARLY ACCESS REVIEW 총평   미완성이지만 재밌었다 평점          엔딩까지 봤는데   세 가지 유닛으로 무궁무진한 조합을 만들었다는 점이 감명깊고   그 조합을 맞춰가며 생각하고 깨는 재미가 있었으며   로그라이크처럼 다회차를 위해 준비된 시스템이 마음에 들었으나    조합법을 확인하는 게 불편하고 번거로웠으며   특정 유닛이 어떤 성능이 있는지는 뽑아봐야 알지만  게임의 난이도가 약간 있는 편이라 안전한 맛을 추구하게 되며   유닛의 가격이 있는 편이라 다채로운 최종 유닛들로 구성하긴 어려워 보이며    그로 인해 마지막 최종보스에서 최종 유닛    개 정도밖에 볼 수 없고 그마저도 중복이 불가능하며    스테이지의 수가 적고  다회차의 메리트 또한 적었습니다   그것으로 전체적인 플레이타임이 짧아지게 되며    저로서는 안해본 조합을 굳이 다시 해보면서 깨고 싶은 재미는 없네요
디펜던 DEFENDUN,Posted  August    EARLY ACCESS REVIEW 상점 유닛 없이 무한모드를 해보는데 내가 조합을 못찾는건지 모르겠다만 난이도가 이게 맞나   
디펜던 DEFENDUN,Posted  August    EARLY ACCESS REVIEW 재밌는데 치명적인 버그가 많네요 패치노트 보면서 고쳐지면 구매하시는거 추천합니다 
디펜던 DEFENDUN,Posted  August    EARLY ACCESS REVIEW 버그는 많지만 재미는 있는 겜
디펜던 DEFENDUN,Posted  August   EARLY ACCESS REVIEW a
디펜던 DEFENDUN,Posted  July    EARLY ACCESS REVIEW     점
디펜던 DEFENDUN,Posted  July    EARLY ACCESS REVIEW 재밌음 도전과제 업데이트좀
디펜던 DEFENDUN,Posted  July    EARLY ACCESS REVIEW 나 이런거 좋아하나봐
디펜던 DEFENDUN,Posted  August    EARLY ACCESS REVIEW     원은 조금 아가운 가격이지만     원 이하로 할인한다면 닥치고 살 정도 게임은 우리가 알던 빙빙도는 디펜스로 일정 수가 넘으면 게임오버 방식  전사  아처  마법사를 다르게 합성해서 저격수  창기사 등 다양한 조합이 가능해서 여러 루트를 가보고 다양한 메타로 도전해보는 재미가 있음  개인적인 단점은 조합법 족보가 게임 옆이나 메뉴에서 볼수가 있어서 고민해서 찾아내는 재미가 사라져 조금 아쉬움 한번 찾은 조합법은 볼 수 있게 해금하는 방식이 더 좋지 않았을까 생각함 아니면 조합방식만 직접 해금하게 하는것도 좋을듯
디펜던 DEFENDUN,Posted  August   EARLY ACCESS REVIEW PC로 했을때 게임 플레이 해상도를 커지게하면 더 잘 될거 같습니다   모바일 게임을 PC로 하는거 같음  게임은 솔직히 단점도 생각나는게 없고 그냥 재밌습니다  캐릭터나 이펙트도 잘 만들었고 조합도 꾸준한 업데이트로 계속 추가되는거 같아서 좋습니다  다만 게임할때 필요없는 빈공간이 너무 많고 게임 화면이 너무 작아서 좋은 유닛을 만들었을때 다가오는 뽕맛이 적습니다   화면이 크면 보는맛도 더 생기고 자연스레 카타르시스도 올라갈듯  모바일 위주로 만든 게임 같지만 개인적인 욕심으로는 풀화면이 된다면 더 많은 사람들이 미디어 매체로 다룰거 같습니다 
디펜던 DEFENDUN,Posted  July    Product received for free  EARLY ACCESS REVIEW 현재 베타 버전에는 프레임 제한 기능이 없어  그래픽 카드에 고주파음이 발생할 수 있습니다  Nvidia 제어판에서  D 설정 관리에 Defendun exe을 추가하고 최대 프레임 속도를 모니터에 맞게 하시거나   으로 설정하시면 되겠습니다 
디펜던 DEFENDUN,Posted  July    EARLY ACCESS REVIEW 분명   분만 했는데
디펜던 DEFENDUN,Posted  July    EARLY ACCESS REVIEW asdf
디펜던 DEFENDUN,Posted  July    EARLY ACCESS REVIEW 조합법 보는것좀 개선해야할듯 너무 불편하게 되어있음  
디펜던 DEFENDUN,Posted  July   EARLY ACCESS REVIEW 상당히 재밌네요  밸런싱이 된건지 잭더리퍼 외에도 상급들이 다 좋아진 느낌이네요  특히  제논으로 느리게 만들어서 줘패는게 재밌어요   번째 얼음보스는 유닛들 계속 움직여서 잡아야 합니다  막보스도 마찬가지구요
디펜던 DEFENDUN,Posted  June   EARLY ACCESS REVIEW 생각없이 해봤는데 왜 재미있냐      근데 벨런스가 좀 안맞는것같음  다른건 몰라도 이 두마리는 뽑고해라 비쥬 쿨감  퍼  푸주주 공속  퍼  씹사기 버퍼임  딜러 라인은 잭더리퍼 위리놈 에키드나 대천사 흠냐 괜찮았음
디펜던 DEFENDUN,Posted  June   EARLY ACCESS REVIEW 다양한 조합으로 육성으로 플레이하는 방식이 좋았어요
디펜던 DEFENDUN,Posted  June   Product received for free  EARLY ACCESS REVIEW 아직  시간밖에 안했지만 겜흡입력이 높아서 재미있네요
디펜던 DEFENDUN,Posted  June    Product received for free  EARLY ACCESS REVIEW 처음에 튜토리얼이 없어 조금 당황하긴 했지만 생각보다 쉬운 플레이에 쉽게 적응하고 플레이 할 수 있었어요  캐릭터들을 진화 시킬 때 상위 개체의 성능같은 게 보였으면 더 좋을 거 같습니다    또한 플레이 해보니 조합법과 다른 조합으로 캐릭터가 만들어지는 것이 몇 있으니 한번만 확인해주시면 감사할 거 같습니다   ex   하얀마법사   정식  엘프   마법사   플레이  엘프   전사  전체적으로 조합이 섞인 듯 해보입니다  
디펜던 DEFENDUN,Posted  June    EARLY ACCESS REVIEW   지극히 주관적인 리뷰입니다     줄 요약    좋은 퀄리티의 도트    조합  위치 이동 등  머리를 굴리도록 설계되어 더 재미있음    편의성 부분이 부족함   줄 평가 돈값은 한다  더 잘 다듬어서 정식 출시하면 좋은 게임이 될 것 같다    장점   좋은 퀄리티의 도트  배경이나 몬스터  캐릭터  보스 등장 연출 등  꽤 좋은 퀀리티의 도트를 사용하여 도트를 좋아하는 유저라면 중분히 즐길 수 있다고 생각합니다    재미요소  단순히 유닛을 뽑아 배치시키고 구경하는것이 아닌 유닛을 조합해 다양한 빌드를 구상해볼 수 있고 이미 배치한 유닛도 자유롭게 재배치가 가능하여 상황에 맞는 전략을 짤 수 있습니다  보스 전투에서 재배치가 상당히 중요해지는데 유닛에게 체력이 있는건 아니라서 보스의 공격이 유닛들을 기절시키는데 이러면 공격을 못하니 패턴을 피하고 적절한 위치에 재배치해 공격할 수 있도록 조작하는 맛이 있습니다  그만큼 손이 바쁜 상황이 오기 때문에 단순한 타워디펜스는 아니니 참고 바랍니다     단점   튜토리얼이 없음  물론  입문 장벽은 매우 낮기 때문에 쉽게 배울 수 있지만 준비 단계에서 상점 주인으로 보이는 상단의 캐릭터를 통하여 간단한 게임 방식과 기능 정보를 설명해줬으면 하네요    인게임 정보가 매우 부족함  개인적으로 제일 큰 단점이라 보는데 인게임 정보가 정말 부족합니다  캐릭터는 간단한 정보 물리인지 마법인지  어떤 스킬을 쓰는지 는 표기되어 있지만 너무 간단한 정보 변신한다라는 스킬 설명이 있는데 변신하면 뭐가 달라지는지는 표기하지 않음  또한 존재합니다   캐릭터 조합법은 배치한 캐릭터를 오른쪽 상단에 드래그해서 간단하게 확인하는 방법이 있는데 그것보단 배치된 캐릭터를 클릭하면 오른쪽 상단에 간단한 조합법이 표시되는 정도로 하면 좋을 것 같습니다  캐릭터를 선택해 드래그할 때 게임 속도가 느려지긴 하지만 멈추진 않거든요   몬스터의 정보는 알려주지 않습니다  최초  회 마주한 적은 도감으로 등록하여 그 몬스터가 어디에 면역인지  체력이 어느정도인지 어떤 특성을 가지고 있는지 확인할 수 있다면 좋을 것 같습니다     개선한다고 말씀하신 부분   캐릭터 벨런스  벨런스 잡는게 제일 어렵긴 하지만 성급에 비해 약하거나 지나치게 강한 유닛이 존재합니다  이런 부분을 잘 조절하면 좋을 것 같습니다  보물상자도 랜덤성이 너무 강해 필요없는 카드만 나오는 경우가 많습니다  이 부분은 개선중이라고 하니 기다려보면 되겠습니다     버그나 개선했으면 하는 부분   시간동안  번밖에 보지 못했지만 몬스터가 가끔가다 정해진 경로가 아닌 대각선으로 이동하는 경우가 있었습니다   스테이지   라운드 슬라임이 골드를 안 줍니다 의도된 것일 수도   룬나이트 스킬 설명이 없습니다 게임을 끄는 버튼이 없습니다  제가 못 찾는 거일수도 있는데 누가 알려주세요
디펜던 DEFENDUN,Posted  June   Product received for free  EARLY ACCESS REVIEW 조합이 많아서 게임을 하는 제미가 있지만 계속 하다 보니 조금 지루한 부분이 있었고 마법사가 초반에 너무 안좋아서 조치가 필요한거 같다고 생각합니다
디펜던 DEFENDUN,Posted  June   EARLY ACCESS REVIEW 재밌습니다  도트 좋아하고 조합 잘 짜면 게임 진도가 잘 나가요  조합법 전체를 볼 수 있는 지도가 하나 있으면 더 좋을 것 같습니다 
디펜던 DEFENDUN,Posted  June   EARLY ACCESS REVIEW 조합책 하위에서 상위 조합법 볼수있었으면 좋겠는데
디펜던 DEFENDUN,Posted  June   EARLY ACCESS REVIEW 저렴한 값에 비해 확실한 컨셉과 방향성을 가지고 있어 이런 감성을 좋아하는 사람이라면 한 번 정도는 먹어 볼만한 게임  아직 얼엑임을 감안하면 완성이 됐을 때가 기대됨
디펜던 DEFENDUN,Posted  June   Product received for free  EARLY ACCESS REVIEW 참신한 플레이 방식의 레트로풍 디펜스 게임입니다  뭔가 디펜스하면 머리는 전략이랑 빌드 오더를 짜느라 바쁜데 손은 가만히 노는 그런 게임들이 많았는데  이렇게 머리도 손도 바빴던 디펜스 게임은 처음이네요    특히 보스전이 정말 바빴습니다  참신한 디펜스 장르를 원하시는 분들께 강력 추천드립니다
디펜던 DEFENDUN,Posted  May    EARLY ACCESS REVIEW 정말 재밌게 플레이했습니다  아직 남아 있는 오타와 약간의 밸런스를 제외하면 정말 재밌게 게임했습니다  오히려  단계보스를 잡으니 아쉬움이 남을 정도로 재밌게 플레이 했습니다  그래도 보스를 조금 더 늘리고 몇몇 유닛의 밸런스 패치  그리고 유닛들을 업그레이드 하는것의 밸런스 패치가 필요할 것 같습니다  특히 패시브 강화와 특정 유닛 강화의 밸류 차이가 좀 심한 느낌이 듭니다
디펜던 DEFENDUN,Posted  May    EARLY ACCESS REVIEW 나름 할만한데 초반에 센캐릭이 몇가지로 고정되어있어서 루트가 제한됩니다  아래등급  개가 윗등급  개보다 쎈경우가 많음  잠금걸고 안합치는게 더 좋은경우가 생김  보물상자에서 고급몹 뽑는케이스 아니면 다른빌드로 클하기 어렵네요   종류별로 합쳐보는중인데 밸런스는 조금더 해보고 판단해야겠습니다   게임자체는 할만해요 나름  단지 디펜스장르인데 창모드가 없어서 매우불편합니다  제가 못찾은걸지도  일단 안보여요 
디펜던 DEFENDUN,Posted  May    EARLY ACCESS REVIEW 개선할건 많지만 할만한 작품  보스전이 컨트롤로 잡는다는 것보다는 그냥 딜로 눌러버리는게 아직도 있어서 아쉽고 왼쪽 여백을 활용해서 조합레시피를 고정해서 띄운다던가 누적딜량그래프던가 추가할만한 요소는 많은데 없는 것이 아쉬움 클라우드 저장이 없어서 Appdata에 파일을 저장해야하는 것도 약간 아쉬운 포인트  가끔씩 들어와서 한 시간 할만한 게임이지만 뭔가 오래하기에는 부족함
