title,review
THE BATTLE OF POLYTOPIA,Posted    August       Polytopia fills a niche I m not sure any other game does  it s a  X game like Civ  but it s minimalist   its rules are very simple  but still leave lots of room for strategy and tactics  It runs on super low spec machines  too   Polytopia on PC is much better than Polytopia on mobile  The interface is much snappier and smoother  and you can zoom ALL THE WAY OUT to see the entire map at once  regardless of how large the map is  That is super helpful   If you just started your first singleplayer game and you re wondering where the Domination and Custom gamemode options are  the game makes you play a Perfection game first as a tutorial of sorts  The other gamemodes are unlocked once you finish that first game  Just FYI 
THE BATTLE OF POLYTOPIA,Posted     June Kinda like Civilization but matches last for   min instead of    generations 
THE BATTLE OF POLYTOPIA,Posted     December       A Civilization game condensed in    minutes instead hundred hours 
THE BATTLE OF POLYTOPIA,Posted     September       A Custom Tribe Maker and Steam Workshop Support are the only thing that the game still needs to add  Otherwise      
THE BATTLE OF POLYTOPIA,Posted     March       Product received for free  civ but you dont have to think as much
THE BATTLE OF POLYTOPIA,Posted     January A great distillation of the  X genre  Great for folks that want to play a game of Civ but don t want it to take     hours 
THE BATTLE OF POLYTOPIA,Posted     October       The little men commit racial genocide because I told them too
THE BATTLE OF POLYTOPIA,Posted    August       Civilisation but you can learn how to play in   minutes instead of    hours
THE BATTLE OF POLYTOPIA,Posted    August       I have maybe over     hours on the mobile version  and I was super excited to buy this version  This is a fantastic port  literally nothing wrong with it  Very good UI improvements  If you like strategy games  you must buy Battle of Polytopia 
THE BATTLE OF POLYTOPIA,Posted    January Chess is too simple to be useful in real life  a mere   by   grid  no fog of war  no technology tree  no random map or spawn position  only two players  both sides exact same pieces  ect   Polytopia addresses these limitations
THE BATTLE OF POLYTOPIA,Posted  October         Somewhat surprisingly  this highly polished game is in many ways an excellent example of a civ like in the narrowest sense  a game in the spirit of Sid Meier s classical      hit Civilization  Civilization and its rough contemporary Master of Orion        are the prototypical games following the then emerging  X formula and making it popular  eXplore  eXpand  eXploit  eXterminate  Despite being thematically very close to the original Civilization  Battle of Polytopia is highly innovative in order to achieve perfection in its original setting  the free to play mobile game market  As a side effect  the PC port is the most important  and most enjoyable  civ like I have ever seen   The game was first released on iOS in      as  Super Tribes   but the name was changed for legal reasons even before the Android release in the same year  In the phone version  the game is free to play with   of the    tribes  Players who want more variety can buy more tribes individually for a small price each  In the present PC version this is reversed  as    tribes are included and only   tribes are packaged in DLCs that costs extra   The Deluxe version is the game with all    tribes   The PC version supports all major operating systems and seems to be performant and without major bugs  At least this has been my initial experience playing the native Linux version as a single player only  and I have seen no reports to the contrary  The developers are also still working on the game  taking into account player feedback on balancing   Gameplay  You can choose between   game modes  single player against AIs  pass and play multiplayer  alternating on the same computer   and online multiplayer  The number and difficulty of computer players is configurable  Each player chooses a  tribe  with a specific design  a typical landscape and a typical pre researched technology  A normal world map for Polytopia consists of       square tiles  shown in an isometric view from above  The maximum size is        which is small even compared to map sizes in the      game  Initially only the     square of the world map centered on the player s capital city is visible  everything else is hidden under cloud cover  More squares can be revealed by moving the initial unit close to them   Each city occupies exactly one square  but the surrounding squares are associated with it  The level of a city is written next to its name  Below the name there is a bar with a certain number of segments which start gray but turn blue from left to right when the player builds improvements on nearby tiles  at most one per tile  to add population   The improvement stays in the landscape   When the entire bar is blue  the city levels up  and the bar is reset to all gray and gets an extra segment  When a city levels up  there is a choice between two gifts  often between a high scoring but otherwise useless one and a very practical one   The player starts with a single unit in the capital  Every map tile can hold only one unit  A new unit can be  trained   purchased for stars  in any empty city whose bar still has space for another black dot  The basic stats of a unit are Health  how much damage they can take before dying   Attack  how much damage they can dish out   Defense  how much damage they can parry   Movement  how far they can move  and Range  how far away they can attack    The game has a three level research tree consisting of    technologies that can be  researched   purchased for stars   The price goes up with the number of cities the player holds  Many technologies enable new building and unit types  but there are also other effects   There are numerous ways for the player to add victory points to their score  This is most relevant for the standard game mode  in which the game is over after precisely    turns  and highest score wins    On the PC there is a LOT of competition in this game category  Battle of Polytopia has found its place by being uncomprimisingly optimized for tablets and mobile phones  Where civ likes generally try to distinguish themselves by adding rule complexity  Polytopia by necessity does the opposite  However  as the comparison between Chess and Go shows  a simpler rule set can cause the same or even higher emerging complexity  Here is a list of previous major civ likes that stay very close to the original game  each with a major innovation that it introduced  First the main line of official franchise games with the main innovations they introduced     Sid Meier s Civilization        multiplayer         Sid Meier s Civilization II          isometric view  tiles rotated by       Sid Meier s Civilization III          culture   Sid Meier s Civilization IV          religion  easy modding  zoomed in view   Sid Meier s Civilization V          hexagonal tiles  explosion of rule complexity   Sid Meier s Civilization VI          only one unit per tile  further explosion of rule complexity  And here the important most civ like civ likes  with some of their own independent innovations     FreeCiv  open source  on going since         extremely configurable rule set  e g  top down  isometric square or hexagonal tiles   Civilization  Call to Power  Call to Power II                numerous rule changes such as restriction to    units per tile and a simpler system instead of workers   C evo  freeware  on going since         deterministic rules  non cheating AI players  emphasis on strategy game aspects   Battle of Polytopia          mobile interface  simple rule set  relatively short matches   Theocracy          simple rule set  not even roads  unifying Civilization IV religion  culture and war mechanics  Although very strongly inspired by the official Civilization games  Battle of Polytopia is very much its own interpretation  with a rule set highly optimized  in not quite obvious ways  for emergent complexity from simple rules  This makes it singularly suitable for Civilization addicts when they can t spend several days playing  for players who like Civilization in principle but just don t have the patience required or who find the normal rulesets too confusing  and also very much for a first experience with a civ like  Personally  I am looking forward to many more hours of playing this game   I have been playing FreeCiv  Civilization  Call to Power  C evo and Civilization IV VI for years  C evo  which I also recommend highly  was the game that taught me how to actually win  Presumably the next generation of players will learn this from Polytopia    PS  Meanwhile a new civ like has come up that needs to be mentioned  Theocracy        is a one man project also available here on Steam  The two games share their radical simplification of Civilization s rule set  but they differ in what they simplify and where they part from the original formula  Theocracy feels to me like a Civilization III or IV clone that runs away with the religion mechanic and turns it from an afterthought into the main idea  Some commonalities suggest Theocracy might be inspired by Polytopia  cities  called  regions  in Theocracy  are only found  never founded  units are restricted to one per square  in standard game mode the winner is determined by victory points  But the two games feel very different  With its conservative looks and with game sessions lasting for hours  although still significantly shorter than Civilization s   Theocracy feels much more like the original Civilization I IV than like Polytopia  and shares the former s  one more turn  addictive character  Where Polytopia transfers the Civilization formula to the multi player and mobile markets  Theocracy rejuvenates it in its original space  I have added it to the list above 
THE BATTLE OF POLYTOPIA,Posted  August    Its like a scaled down  quick  fun version of Civilizaion 
THE BATTLE OF POLYTOPIA,Posted  March          Civilization for impatient ones  or people with lives in general 
THE BATTLE OF POLYTOPIA,Posted  December          No time to talk  need more knights
THE BATTLE OF POLYTOPIA,Posted  August          fun game  if not slightly overpriced
THE BATTLE OF POLYTOPIA,Posted  August    add nuclear weapons
THE BATTLE OF POLYTOPIA,Posted  August         So I ve played this game on mobile for at least   years and spent     buying DLC for the mobile app  and I really enjoyed it  I was following the Steam release and ended up buying it on release day  At the current juncture  I ve played the desktop single player and the online multiplayer modes for about   hours  and considering this is basically a port of the game I ve spent at least     hours playing on mobile  I feel confident enough to give my current thoughts on the game   Polytopia is a very simple video game  I really like this about it  it s more fun to me than Civilization because you can focus on combat more  It s like advanced chess  However  it has all the simplicity of a a mobile game  When Polytopia came to Steam  I was hoping for significant expansions on the base game  What we got that was different from the base game is larger maps  mirror matches  and options for how much water is on the map  I was expecting more  to be honest   The single player experience is not what you buy this game for  Honestly  it s okay but I would rather play Civilization against bots  The multiplayer is where it shines  Since you have to wait for each player to take their turn in a multiplayer game  a game with more than   people will easily last days or weeks  For this  I feel like a mobile app is better  You can receive a notification for when it s your turn  open the app  and play it  The only way multiplayer really works on this is if you play against   other person with   minute turn limits  or play against a group of friends that you are in voice chat with  That being said  I think that would be a fine way to play the game  and I enjoyed a  v  match using random matchmaking   Creative mode is a nice addition to the desktop game  I like that you can change the number of tribes and size of the map independently  you cannot on mobile   Also  the water settings for the map are pretty cool  especially for ocean battles on giant maps and such  However  I don t know why I can t add bots to a multiplayer game like I can on mobile  This was one of my favorite features that didn t make it to desktop   Let s talk about pricing      for a mobile game port and there are   DLC tribes that you have to pay extra for  Honestly  it is not worth it  I bought the base game for     during the opening week sale  At this price point ALL tribes should be included  I knew what I was getting and bought it anyways  because I do enjoy the game  It just isn t worth that much to the average player   I would recommend this game if they added some more features that differentiated it from the mobile version  We need custom maps  with the ability to place the tiles in the world and the tribe spawns  That is the biggest thing that I expected the Steam version of Polytopia to have that it didn t  Also  adding bots to games with random multiplayer  and the option to disable picking certain tribes like you can on mobile  Unless all DLC are included or the game receives major updates  I would not buy it at      On sale  certainly  but make sure you have friends who will also buy it so you can play with them  I am leaving a  recommended  review because I have hope that the devs will release more updates soon  I may update this review later if that happens 
THE BATTLE OF POLYTOPIA,Posted  December          I never got much attention from my parents  so I love roleplaying being a dictator coloniser here
THE BATTLE OF POLYTOPIA,Posted  March         The best strategy game I have ever played  This is also on mobile for free so if you want to see what the game is like before buying it on steam and getting all the other tribes  I would do that first  Enjoy 
THE BATTLE OF POLYTOPIA,Posted  June    Polytopia is the game for those who love civ  but hate the fact that a single match takes longer than med school   Its the perfect strategy game for those who want to finish their games even if they are playing with friends  Sure  it will still take a few hours to half a day to complete  but its way faster than any civ game  While I do wish there was a different way to win than just domination or get        points  its still a fun time  The only downside is the  usually  OP DLC characters that got added  But I can only recommend this game  So go and get it
THE BATTLE OF POLYTOPIA,Posted  April   Civ but braindead  positive connotation 
THE BATTLE OF POLYTOPIA,Posted  August         WE ON PC BOIS
THE BATTLE OF POLYTOPIA,Posted  February    little people commit racist war crimes and genocide because i told them to
THE BATTLE OF POLYTOPIA,Posted  May          A severe case of simple but good 
THE BATTLE OF POLYTOPIA,Posted  March          One of the games ever made
THE BATTLE OF POLYTOPIA,Posted  December             Graphics       You forget what reality is   Beautiful   Good   Decent   Bad   Don t look too long at it   Paint exe      Gameplay      Very good   Good   It s just gameplay   Mehh   Starring at walls is better   Just don t      Audio       Eargasm  Very good   Good   Not too bad   Bad   Earrape      PC Requirements       Check if you can run minesweeper   Potato   Decent   Fast   Rich boiiiiii   Ask NASA if they have a spare computer      Difficulity       Just press  A    Easy   Significant brain usage  Easy to learn   Hard to master   Difficult   Dark Souls      Grind     Nothing to grind   Only if u care about leaderboards ranks   Isnt necessary to progress   Average grind level   Too much grind   You ll need a second live for grinding      Story      Story    Text or Audio floating around   Average   Good   Lovely   It ll replace your life      Game Time       Long enough for a cup of coffee   Short   Average   Long  To infinity and beyond      Price       It s free   Worth the price   If u have some spare money left   Not recommended   You could also just burn your money      Bugs       Never heard of   Minor bugs   Can get annoying   ARK  Survival Evolved   The game itself is a big terrarium for bugs
THE BATTLE OF POLYTOPIA,Posted  September          This game is Civ when I don t really want to play Civ 
THE BATTLE OF POLYTOPIA,Posted  October          I have this on my phone and now I have it on my computer    I have achieved true enlightenment 
THE BATTLE OF POLYTOPIA,Posted  November         Summary This is a fantastic turn based strategy game  It s simple and easy to learn  Though like most strategy games it can consume a bit of time for a match  but that s not a fault for me  Now time to get on with the review part of things   This game as I said in the summary is simple and easy to learn  The game is a basic entry level Civilization CIV  game  The game has a very surprising amount of developer insight in the game as it is very intuitive and no bugs in sight  The one flaw I can see is there is no way to save game  not a problem for me as matches don t usually take to long    Tribes are your empire or country in this game  Each empire has its own special starting research done  Also the most unique thing is each tribe spawns in its own native biome  The biomes don t seem to offer much difference besides looks  Though in some tribes in DLC s do have special things inside there biomes   Not going to spoil anything besides there being almost nothing to really spoil  It plays out very similarly to Civilization CIV  Games  The gameplay is pretty smooth and everything seems balanced in the base game  Once you get into the downloadable content for the game it gets to be a bit more challenging for base game tribes to defeat them but not impossible  The game uses stars as the global currency for the game which makes it very simple and a lot less stressful than most turned based strategy games this is my opinion    You should definitely give this game a try  Especially for you people who are new to turned based strategy games  Even experienced turned based strategy gamer s will find fun in this game  Then that concluded this review  have a great day everyone and please comment your opinions on the game below in this review  I would love to hear your thoughts on the game 
THE BATTLE OF POLYTOPIA,Posted  January          It s like Civilization  but bite sized  Everything is scaled down   No real save load system to speak of  but you can usually finish a game in one sitting  so doesn t matter   Very well put together   Edit  They added a save load  Now do crossplay and cross save 
THE BATTLE OF POLYTOPIA,Posted  June          If you like the idea of a Civilization game but faster paced and more streamlined and designed to sit down and play an entire game start to finish in about an hour  this game is for you 
THE BATTLE OF POLYTOPIA,Posted  November          Most addictive game I have ever played  play nearly daily for around  yrs
THE BATTLE OF POLYTOPIA,Posted  August         I m addicted to the mobile version  Now I m addicted to the pc version  Please Send Help 
THE BATTLE OF POLYTOPIA,Posted  December          Product received for free  im scared of bugs now
THE BATTLE OF POLYTOPIA,Posted  August         i haven t got into playing it in depth yet but moonrise is very different than mobile in alot of amazing ways  highly recommend 
THE BATTLE OF POLYTOPIA,Posted  December          Falsely advertised as a cross platform multiplayer  Loved playing it on mobile  Now I got it on PC since my new huawei phone doesnt support it and cant play with mobile friends anymore  Sad  since thats what baited me into getting the PC version in the first place        Pls change the advertisement to just multiplayer  not cross platform multi  Or actually release cross play 
THE BATTLE OF POLYTOPIA,Posted  August           OVERALL RATING         SUMMARY   I ve been looking for an updated version of Master of Magic for literally decades    and this is it  It s a super fun and simple empire building sim  with cute graphics and a compelling game loop     DIFFICULTY      My    year old grandma could play it   Easy   Normal   Hard   Dark Souls    GRAPHICS      MS Paint   Bad   Meh   Graphics don t matter in this game   Good   Beautiful   Masterpiece    MUSIC      Bad   Not special   Good   Beautiful    STORY      This game has no story   Like playing Angry Birds for the story   It s there for the people who want it   Well written   Epic story   A Tolkienesque masterpiece    PRICE      Free   Underpriced   Perfect Price   Could be cheaper   Overpriced   Complete waste of money    REQUIREMENTS      You can run it on a microwave   Average   High end   Supercomputer    LENGTH      Very Short        hours    Short         hours    Average        hours    Long        hours    Extremely long         hours    No ending    FUN      I d rather watch paint dry   Hard to enjoy   Repetitive   Actually pretty amusing   The kind of fun you ll remember   Ride of your life    REPLAYABILITY     It s a one time experience   Only for achievements   If you wait a few months years   Definitely   Infinitely replayable    WORTH BUYING      No   Wait for sale   Yes
THE BATTLE OF POLYTOPIA,Posted  August         Product received for free  Follow our curator page  IndieGems if you like and want to see more reviews like this one   The Battle of Polytopia is a very addictive  casual  turn based  X game on a smaller scale overall  Choose from   different singleplayer modes or play split screen or online multiplayer  There s a good amount of complexity overall because there are    different tribes to choose from  each with its own perk   In singleplayer mode  you can expect a run to take about an hour  I am unsure about multiplayer though  As with  X games  you will take turns in order to gather resources  building buying an army  and try your best to get rid of the competition  Without a tutorial  it felt a bit overwhelming at first  but everything settled and made good sense after a couple of playthroughs   Very colourful and cartoonish  I really enjoy the looks     The game has a very good price because it has essentially unlimited gameplay  Even though it may be a more lighter and casual  X game masked by the cute graphics  it has enough complexity to make you really think about your choices  There are also   new DLCs available at the time of writing that contain new tribes as well   is a very addictive game  It s one where you keep saying to yourself  just one more turn  even if you are running on a tight schedule  The short playthroughs but still having enough complexity makes it a good balance as well  A lot of people don t like that some  X games will take many hours or days   It s missing achievements right now  but according to the developers  they will be added in the future   Fun factor      
THE BATTLE OF POLYTOPIA,Posted  October          This is the most racist game I ve played   Road are busted   Infinite money houses are cool  The turks have a banger song  Hoodrick is a clown  I hate the terrorist bug people  And you have to kill absolutely anything that doesn t look like you  In other words  this is a great game 
THE BATTLE OF POLYTOPIA,Posted  September          Like Civ but condensed down and sped up  The different difficulties change the game a lot  Plenty of different Civs to pick but they re all too similar  It is a mobile port and it does feel like it some  but it s still very fun even by PC game standards  Pick it up if you like Civ games 
THE BATTLE OF POLYTOPIA,Posted  September         I have played this game since it was on mobile  and went by the name  SuperTribes   and there were only four playable tribes   Boy  has it come a long way as a game  If you are new to this game  it generally works like this  You first pick a tribe  and you find yourself with a single city  and a warrior as soon as the game starts  Thankfully for new players  the game does give you hint bubbles to guide you  Your goal is simple  Be the last tribe standing by any means possible   Unless points are taken into effect  but let s focus base game play   Personally  my favorite tribe is Imperious  because they have a very fast start  and can access shields very early on  As you play the game  you will find that each tribe caters to a different ans unique play style based on what they start with  Some tribes are even really unique   These tribes you need to pay extra for   DLC  The payed content of this game is fairly cheap  and will give you hours worth of playtime each  It may look like a turn off to have to purchase something in an already    dollar game  but trust me when I say this  If you have the money  it is certainly worth it  My reasoning for that is this  If you end up in a late game with the AI using normal tribes  you all have the same technology and abilities    the special tribes have unique abilities  and tech trees that allow for an extremely unique game style    The Aquarion  The Aquarion are an aquatic tribe  Duh   and they have the unique ability to train turtle cavalry    these allow horsemen  and knights to go over water    the knights are also completely changed to be trident throwing ranged units  All special tribes have unique Giants  the Aquarion get a giant crab  that is the same as a normal giant  with the exception that it can go on water    The Elyrion  Think of wood elves  this tribe focuses greatly on the use of magic and special abilities to flourish their civilization  From the start of the game  it will become apparent that you cannot harvest animals to increase city population    because it will instead turn them into a minotaur variant of whatever animal it was  Elyrion also have special structures that allow them to increase city pop or add bonuses  Their version of the giant unit is an egg    that can not do anything    until it hatches into a baby dragon  Give it a few turns  and it will become fully grown and much more capable than it was as a baby  Dragons are mighty creatures capable of dealing heavy damage to any unfortunate tribe to get in it s way   At last  is the Polaris tribe  The Polaris are a tribe that lives in a  Frigid Paradise   and are capable of expanding the land around them into the frozen tundra they live in  The Polaris begin the game with a  Moonie  instead of a warrior  this has    HP  and can freeze tiles around it   however it cannot attack or defend itself well   Units capable of freezing will turn water into ice  this can be walked on as if it were land  The Polaris flourish when you unlock the  Fishing  tech  that will allow you to access many special units after  My favorite Polaris unit is easily the Snow Fortress  it s a powerful ranged weapon similar in like to the battleship on water  and it is used on land  The Polaris have the  Gaami  instead of a giant unit  The Gaami is a unit capable if auto freezing tiles around it as it moves  and even freezes enemy units around it for one turn   If you have not played Polytopia  I certainly suggest it  Polytopia is easy to learn  and can be played casually  or hardcore  The game includes    tribes  each with their own unique playstyle and design  so the game never goes old  There are also three gamemode types   Edit  I primary on mobile  so my hour count will be low 
THE BATTLE OF POLYTOPIA,Posted  August          This game was the only reason I was using my phone   Now I don t have any 
THE BATTLE OF POLYTOPIA,Posted  August          I found games like CIV too slow  boring and overly complex but this game is great  Very addicting  I played   hours straight the first time I opened it 
THE BATTLE OF POLYTOPIA,Posted  April          Product received for free  I would like to begin with the disclaimer that I received Polytopia for free as I had the privilege of beta testing it before its Steam release  However  I do not believe that this influences my view of the game in any major way that would impact my review  I also had prior experience with the game in its mobile form prior to its release on Steam   Polytopia is simply a brilliant game  Midjiwan created a masterpiece that is continually refreshing and new  yet challenging to master  The AI is just punishing enough on higher difficulties to encourage thoughtful and deliberate gameplay  yet lenient enough to reward clever strategic moves  At no point have I felt like the game was too arbitrarily challenging or easy  instead it has consistently maintained a delicate balance in terms of difficulty  unless you happen to be stranded on a  x  island with no resources in sight  which although rare  is quite tragic   The game is also super approachable for beginners without much experience in this type of strategy resource management genre  I think that honestly anyone from any skill level can thoroughly enjoy Polytopia   One of the reasons Polytopia appealed to me was its charming aesthetic  The unit designs are adorable and suitably varied for each tribe  giving them all their own personality  The tiny combat animations are a delight  it is simply a joy to watch my stalwart shield unit valiantly defend his city against elephant or llama mounted foes  The art design also enhances accessibility  as there are no overwhelming animations or over complicated map design  It is simple  yet elegant   The multiplayer definitely had its flaws in the early stages of Polytopia s Steam release  however it has been greatly improved as of the time of this review  One of my favorite new features is the real time playback where you get to see your opponent make each of their moves during their turn  This game is a great way to pass time with your friends  although singleplayer is certainly enjoyable as well   I will say that I haven t had too much luck finding random online matches  however I am sure that if one so desires they could find groups online who participate in matchmaking seeking   On a final note  the community behind Polytopia and the developer himself were refreshingly open and collaborative about this game during its beta testing  and all additional content that has been released over time has been largely tied into community feedback  I have thoroughly enjoyed the new DLC tribes  and the developer is even planning on reworking some of the older tribes  Aquarion  to make them even more distinct and fun  You will find no shortage of support and updates from this developer   I highly recommend Polytopia to anyone who enjoys strategy games  or who is simply looking for a fun  easy yet complex game to pass time with their friends 
THE BATTLE OF POLYTOPIA,Posted  April          Chess But better 
THE BATTLE OF POLYTOPIA,Posted  November          Expensive but worth the money  Unfortunately  you cannot play with friends who are playing on the phone   And you should have friends who have the game too 
THE BATTLE OF POLYTOPIA,Posted  May          it s my favourite trategy game  Polytopia is a simple turnbased game with many tribes to chooce from with each their own unike buff and nerf  to all who are considering purchase i d recommend getting the free version on mobile first  if you enjoy it and want to get a better playing expirience then go buy polytopia on steam  including all tribes   the game has NO ADS wich is amazingly great  but the pay off is that in order to play ONLINE against distant opponents you must first buy atleast one tribe   if you want to buy one tribe i d recommend to getting them all immediatly   So    if you are looking for a resonably complex game but that doesn t take like a THOUSAND hours to master completely  i say GET POLYTOPIA  it has brought me much JOY in beating my classmates at school and playing with strangers online   as a side note for who are seriously considering purchase or free download  BUYING TRIBES DOESN T GIVE YOU AN ADVANTAGE  while some are better in sertain map types sizes the best tribe as of now  Bardur  is one of the four free tribes you get after download so don t worry about pay to win situations  the game is carefully designed and updates are beta tested to be as balanced and fair for everyone   ok bye thanks for reading
THE BATTLE OF POLYTOPIA,Posted  March    This game plays like Civ but it s streamlined to a point that you don t need to pour a whole day into it  Highly  highly recommended 
THE BATTLE OF POLYTOPIA,Posted  September         This is probably my favorite strategy game ever  Every civilization strategy game goes for intense specialization and complexity  Polytopia is the only simple strategy game even worth your time  It s games like Polytopia that make the genre succeed  Not every game needs to go down the complex path  and that makes Polytopia able to highlight not only the good sides of other civilization games  but emphasize how simplicity can mean superiority 
THE BATTLE OF POLYTOPIA,Posted  February    its a wonderful  simple  game that at first seems intuitive until you realize that its simplicity is a deceptive mask and in reality the game has far more minor factors that complicate it enough to make it a beautifully challenging game for those who consider themselves fast learners and those who are slow to catch on  in my humble opinion of course 
THE BATTLE OF POLYTOPIA,Posted  October    it s like Minecraft except it s nothing like Minecraft at all
THE BATTLE OF POLYTOPIA,Posted  September          Its Civilization   but better 
THE BATTLE OF POLYTOPIA,Posted  October   Good game  although it suffers from lack of sex
THE BATTLE OF POLYTOPIA,Posted  December          love it  actually you can get it for free on the Play Store 
THE BATTLE OF POLYTOPIA,Posted  June          perfect  would add map editor 
THE BATTLE OF POLYTOPIA,Posted  October          I love how simple the game is  yet is how so much depth  Love the game  I hope one day there will be an     x     map    I know that game will be forever but I d be willing to explore it 
THE BATTLE OF POLYTOPIA,Posted  May          I played this a bunch on mobile  and thought I d get in on steam as I was looking for something to kill time with   And wow  does this game kill time  It s almost impossible to put a game on pause when your next turn is only a few more clicks  and maybe this time you can make a push to the enemy capital  and it s one more turn until your catapults are in range  and if I just get this last technology upgrade then I can build the farm and level up my city and spawn in a giant     Really simple and addictive gameplay that adds up to something more than the sum of its parts 
THE BATTLE OF POLYTOPIA,Posted  October         its a good game but on the store page  it says that the game is cross platform but I can t play with my friend on android  Please remove the tag that says cross platform because it is misinforming  If you are looking to play with friends that have the version of the game on mobile then don t get the stem version  Hopefully the developers come up with cross platform soon 
THE BATTLE OF POLYTOPIA,Posted  May          Pros  Easy to pickup and play  for those with limited time and energy  No needless heavy graphics and shader  Easy to oversee the whole map without having to zoom and drag around much  GUI is crisp and responsive  but borders and unit outlines aren t stand out enough  Unit limits are manageable as they re proportional to city sizes  Number of deployable units directly dependent on its city quota  so no spam units from one city   Cons  No custom map or map editor  No custom game settings  team settings  start position  No waypoint setting  No observe AI game   It s a boardgame that can keep you occupied  Could use a map editor though 
THE BATTLE OF POLYTOPIA,Posted  May          The Battle of Polytopia is a strategy game with a minimalist style  particularly with an incredibly overwhelmingly positive amount of reviews  I can t understand why and I will explain my opinion   Pros  The game has a charming style  The developer created a great design that helps this game stand out  It s not common to find a strategic game with a minimalist style as this one has   I like the interface of this game  It s strange to give credit to that  but I do because many games don t care about the menu or options   The overall music is nothing extraordinary  but it s not bad either  I like how every tribe has its theme  That shows the effort of doing this game  something that I appreciate  You also can hear that every music has its style to match the respective tribe  something outstanding   I love so much that on the language options  you can choose    ri   language  It s interesting when people develop this type of secret language and put it in their games    The game has three main game modes  That alone is cool because this type of game usually doesn t have these options  My problem is that I think that the Creative mode is redundant  When starting one game on Perfection or Domination  you should have the possibility to shape the world how you want on these modes  The way that the game is now is not wrong  but this is my opinion   This game could have a Sandbox mode or a God mode  Not only do players have the possibility to play it for fun  but also it could be helpful to try new strategies    I think that the idea of bringing this cellphone game to a computer was not well executed  I want to believe that some cellphone players did not buy this game when they saw that this version is almost the same  Promoting this version with the new option to make maps a lot bigger was not accurate when the central goal of this game was to have short playthroughs  I got the feeling that on a larger map  the game was going to be massively repetitive and  I was not wrong  I played two times on that size  and pretty shortly  I got all the technology tree and started spamming troops  In both games  I only did get     of the map  and then  it was just tedious   This game is challenging on the maximum difficulty  but all working strategies are the same  All the tribes are pretty much the same  so it doesn t matter what tribe you choose  The technology tree doesn t help either because  in the end  you get all the tree  I know that if you want to have a tribe with new mechanics that bring new strategies  you have to pay  Now  the technology tree could be vaster  Having an option to research for technology that allows you to build a tower or a wall that would protect the unit on that tile would be game changing  It would become impossible to get all the technology in a Perfection mode  Now that you have to choose what technology you want  the game would have new strategies  Playing would be more challenging because you will have to think about the best technology for that moment  for the rest of the game  and your score  In the same way  bigger domination games would be more fun since you have more things to research   This game has no achievements  For me  this is a huge downside  In games like this  achievements give new challenges to the player that can create a more compelling experience  Not only that  but achievements are like trophies that you can show on your steam account if you want   You can t make steam medals on this game  This whole system of steam cards is enough to convince some players to buy a game  Not only that  but with that  the game would have emoticons and wallpapers  Somewhat that helps to create a slightly bigger active community    So  the developer announced that they are working on diplomacy options for the next update  Diplomacy will open new possibilities for the Domination mode  I m not sure that making this the last technology after  Shields  is good  I have a feeling that it is going to be impractical for the Perfection mode  Spending a high amount of stars researching something that will help you make peace when you solely have some turns to conquest all the tribes is just ineffective  Maybe I m wrong  If they add alliance options  it could be helpful  In my opinion  it would be better to have diplomacy at the beginning of the game    Now  I will explain why I cannot understand the number of positive reviews on this game  The price is unjustifiable  in my opinion  and there are no good discounts either  When I saw the price the first time  I was shocked  I decided that I needed to buy this game because I wanted to see how overpriced it was   I m aware that making a game is not easy  There is a lot of effort  and people that need money for their time and work  But at the same time  the consumer has to get the content equivalent to the paid value   When we get this price and compare it to other games  I m just shocked how much you are paying for what you get  And  I get that a lot of these cheap games are from big companies  However  that s not a justification  Some small developers with simple roots have impressive games that are more complex or bigger for this price or less  It s not the consumer s fault that the product is expensive because the game needs more people working on it  I don t care if there were one hundred people or only three people making this game  I care about the relation quality content price    is a solid strategic game with quality and original ideas that are well executed  The only reason that I m not recommending this game is because of its price 
THE BATTLE OF POLYTOPIA,Posted  May          Let me start off by saying I ve played this game on mobile for about   years on and off now and when the Devs decided to release it on pc for around    dollars with promises of massive maps and new tribes I was pretty excited  But  about   weeks after it was released the exact same update came to mobile for free and all the tribes I had previously bought on mobile needed to be purchased again on pc  With pretty lackluster updates and less than ideal business models the game can be a bit of a pain in the ass  With that all being said it s still a fun game to play in the background and if you re new to the civ style genre this is a great place to start  just dont expect anything insane like I have  Because after   years its basically the same game 
THE BATTLE OF POLYTOPIA,Posted  August         I ve played the mobile game for years  and am very happy with the Steam Version  It s port is honestly done very well  and my only real issue is cramping from clicking so much  Maybe add in a few more hot keys  Like to harvest or build buildings on tiles  or too select a specific item in the wheel and then use space bar to build it  I don t believe this is already implemented  as I haven t been able to do it  but it would be nice if it were added   I m very excited for the things that will eventually be added  and am in love with the Dev team  On discussion pages they have responded to almost each one  and have listened to their community so much in this ports short release time  I wish them nothing but success  and am happy to be here along to see this game grow 
THE BATTLE OF POLYTOPIA,Posted  August         Possibly the best  x game  A game is about an hour start to finish  very simple yet compelling mechanic  great for a ton of replayability  I ve had the iPhone version for years  and this is pretty much a straight copy of it  at least the standard mode  there s another mode on the iPhone which isn t in the steam version    yet     Multiplayer leaves some to be desired  I feel like it could still be playtested a bit more  Really needs a way to notify people that it s their turn  if they don t have the game open  and even a louder alarm if they DO have it open   For a huge  up to    player  turn based game  it really should default to    hour max turns and have prompt  your turn  notification by some mechanism  SMS  system notification  email  etc    Otherwise  this is a fantastically solid game  which completely sidesteps the  endless endgame  problem that plagues pretty much every other  x game out there 
THE BATTLE OF POLYTOPIA,Posted  July          An excellent game both for mobile PC and the recent diplomacy update makes this game so much better  I currently hold close to     hours of game play and I would certainly recommend this to others 
THE BATTLE OF POLYTOPIA,Posted  April         So this is a great game    but I am actually VERY disappointed in my purchase because my brother plays from his phone     in all seriousness    how is this NOT cross platform  
THE BATTLE OF POLYTOPIA,Posted  August         Amazing 
THE BATTLE OF POLYTOPIA,Posted  July          Its fun a lil over priced but fun
THE BATTLE OF POLYTOPIA,Posted  November         Great fun 
THE BATTLE OF POLYTOPIA,Posted  February          Product received for free  Played this game for ages now in mobile  Phone broke so yeah lul  Then a PC version came and a friend gave it to me  so love reunited ig   Oh right  this game is good  I rarely play strategy games but this one appealed to me a lot 
THE BATTLE OF POLYTOPIA,Posted  May   An impressively accessible and quick playing  x game that managed to keep the vast majority of the interesting strategic decision making from more complicated games like Endless Legend and the Civilization series  Also doubles as one of the best pass  n  play games on mobile with no internet required  which is amazing on planes 
THE BATTLE OF POLYTOPIA,Posted  September   I barraged a village of innocent natives barely making a living in this game       would recommend
THE BATTLE OF POLYTOPIA,Posted  January          Polytopia is simple  yet brilliant in design   Easy to pick up  but difficult to master is the way I would describe this game 
THE BATTLE OF POLYTOPIA,Posted  October         great game but could use some new content
THE BATTLE OF POLYTOPIA,Posted  February          If you love civilization style games but only have    minutes to play 
THE BATTLE OF POLYTOPIA,Posted  February         good game but overpriced
THE BATTLE OF POLYTOPIA,Posted  June          I ve been playing this game since it was released on mobile years ago  and I am so happy to find out it s on steam  I literally play this in the middle of class or work  and it s faster and easier to understand than Civ    for those new to turn based strategy games   The animation and sound effects are very satisfying too 
THE BATTLE OF POLYTOPIA,Posted  October    I ve played like over     games on moblie just wish i could link my account cause i already have all the skins i want and DLC tribes there    BUT other than that small gripe It s literally the best mobile game IMO right next to Pokemon GO  If you liked turn based strategy games that don t take up too much of your time this game has you covered 
THE BATTLE OF POLYTOPIA,Posted  December         Polytopia is a really good  quick  civ game  I ve had this on mobile for ages and is really best to have as just a mobile game  It s something you can pick up and put down easily with quick matches  Honestly one of the only good mobile games i ve ever played
THE BATTLE OF POLYTOPIA,Posted  August         Very simplistic and fun game  Played many  many hours on mobile  and was very excited to finally get a PC version  Love the game  Solid        Things that would be nice to have added   adjusted     adjust  Friend system is a bit confusing to use    add  An in game chat would be nice  Just something to add an extra layer of communicating with your opponent     add  An intro tutorial would be good for new players  I ve played the mobile version a ton  so I know how to navigate the menu  but it s kinda complex without a tutorial for new players to setup matches and such  imo  
THE BATTLE OF POLYTOPIA,Posted  November          YouTube  Video  The Battle of Polytopia  Views     The Battle of Polytopia This is a great turn based strategy game  well worth the price of admission  If you enjoy Civ you ll prob like this  The best thing is the games are shorter and more fun  Civilization light is the best way to describe this game  The game has a very simple concept with a few units  a little research and a lot of fun  Each tribe has its units and benefits which makes each game slightly different  There have been several expansions with more and more tribes  Multiplayer is also been added to this game which gives It even more replay ability  Though I think Multiplayer does work easier on your phone then on the cpu  I have attached a little gameplay above  you can also find this game on your phone  Pros  The game is good  and even though the AI is a little easy  a large map with an many players as possible is fun   Very simple to learn If you like Civilizations you ll like this game Cons  Online play work better on mobile
THE BATTLE OF POLYTOPIA,Posted  October    yoooooooo new chess update just dropped
THE BATTLE OF POLYTOPIA,Posted  April          The most streamlined version of Civ you can play on modern platforms  It s fun to have on the phone too 
THE BATTLE OF POLYTOPIA,Posted  May         big funny block man hit other funny block man with the funny club       also how the hell do you zoom in and out 
THE BATTLE OF POLYTOPIA,Posted  September          cute block men duke it out
THE BATTLE OF POLYTOPIA,Posted  January          Incredibly simple  x  but so very much addicting  It s one of those  just one more turn  kind of games  Worth the asking price 
THE BATTLE OF POLYTOPIA,Posted  July    Amazing game  but some games are just plain unfair in terms of resource distribution and easy access to cities
THE BATTLE OF POLYTOPIA,Posted  August         Just like on the phone  I love this game so much that I purchased it again on the PC  I would highly recommend this game to anyone that likes simple turn based combat 
THE BATTLE OF POLYTOPIA,Posted  July    There is almost never any content being added to the game  just useless skins and other pointless stuff 
THE BATTLE OF POLYTOPIA,Posted  June          I love this game  It is fun for the whole family  My kids  ages   and     love playing the pass and play mode  My wife loves playing with me as well  It has strategy and the graphics are beautiful  It is simple enough for a kid to learn  but complex enough for two pros to still find new techniques each game  I absolutely  highly recommend this game 
THE BATTLE OF POLYTOPIA,Posted  September          had this game on mobile for the longest time and I used to play with a group of my friends in school  Absolutely worth the     price on steam  dlc is meh but the dlc isn t expensive so buy it if you d like  Other than the dlc being iffy the game itself is amazing  I wish there was more things you could place as strategic points  I wish there was walls or you could place water somehow  it d be a game changer honestly  Other than that can t wait for updates in the future on this game 
THE BATTLE OF POLYTOPIA,Posted  June         Lidl Civ  kinda a mobile game  it s ok 
THE BATTLE OF POLYTOPIA,Posted  December         Very good  X miniature  It has all the  X depth  but typical game lasts only hours  if not minutes   It is not as complex as other games of this type  obviously  Nevertheless  all important aspects are there 
THE BATTLE OF POLYTOPIA,Posted  October         Good game but should be like       at most
THE BATTLE OF POLYTOPIA,Posted  December          ABSOLUTE CHAD OF A GAME
THE BATTLE OF POLYTOPIA,Posted  April    A port of a mobile game that really holds up  It s gameplay can either be simple or  oh my god why did I let him do that  levels of frustration  The non dlc tribes offer a lot of replay value  especially with online play   with friends 
THE BATTLE OF POLYTOPIA,Posted  September          A fast Civ like game that isn t as deep as it pretends to be  but is cheap enough and cute enough to scratch a  x itch while boiling it down to its simplest components  I wish it had more depth  but that s not the point  and I respect that design decision  After about ten playthroughs got bored  but felt like I got my money s worth  It s pretty  too  and would make a nice game to play with with friends or for just a    minute break in the day 
THE BATTLE OF POLYTOPIA,Posted  October         Masterpiece   It s civ but actually playable  The game does have limits for  v   but in multiplayer i could see myself playing this game forever  It has just enough strategy to keep me interested while stripping away all the tedium offered by bigger titles  This game is a must play for everyone 
THE BATTLE OF POLYTOPIA,Posted  December          A nice game even it has mobile origin   Glory mode     turns   A Screenshot of The Battle of Polytopia By  Rurik   I like strategy games  i do not like voxel graphics  There were good reviews  so I gave a try  And it was good experience  I played for   evening and had a lot of fun  I learnt mechanics fast  played several modes  Won game against crazy opponents in both mdoes  It was great   This game is pocket version of Civilization series  It has limited options for everything  but you still should expand  explore and fight   Do not wait for a great game  but Polytopia can make your evening better   Pros   Simple rules  You get used to mecahnics in first   minutes of the game   It has simple tech tree and limited options to upgrade your cities  but it is still fun      nations with gamepla difference between them  THey all look differntly     game modes  Small and big maps  Games with    opponents are really fun    There is multiplayer  You can play antoher game while your opponents are making their turn  Cons   No campaign or scenario  It is pure sandbox  Once you tried all tech and all units  it loses     of fun    Stars are getting usuless later stages of a game  Basically  end game is less fun    Combat issues  Massing knights is the only winning strategy    The game is extremely fun in first hours  It has decent replayability  so it is possible to get fun from playing it even after    hours in it  Anyway it is worth for a try with     discount for all casual and strategy fans 
THE BATTLE OF POLYTOPIA,Posted  August         This game is remarkably beautiful  with easy to understand strategy  However the strategy is super deep thanks to how random the maps generate  so no two games will be alike  and you can count on the strategy being a lot deeper than you initially expect         without hesitation or doubt  EDIT  Alright  so  I ve played more  and I just want to add  THE DLC PACKS ARE WORTH IT  Each Special Tribe has a very unique style  While I have yet to mess around with Aquarion  I have played Polaris and Elyrion   Polaris  Focus is on freezing enemies and the landscape  You can freeze enemies with Moonies or their unique giant variant  making them unable to move  attack  or counterattack  Useful for minimizing your own casualties in conflicts  which in turn allows for quick and clean capturing   Elyrion  They can t use hunting tech  but instead have their own special tech  which you automatically start with   They can turn creatures in the wild into units that can be utilized against your foes  This makes it easy to  overtime  overwhelm your foes with massive mobs  The only way I can think of describing it is basically   Cooler  easier  and more powerful than the Mind Bender unit   although you can only do this in your own territory  which balances this out 
THE BATTLE OF POLYTOPIA,Posted  April   Got a cat here  Friends passing by can touch her and click Like to pet her once           |       l      x         |             | | |   |   | | | |               
THE BATTLE OF POLYTOPIA,Posted  October    fu n startgy geam
THE BATTLE OF POLYTOPIA,Posted  May   tribe music as FIRE
THE BATTLE OF POLYTOPIA,Posted  October   
THE BATTLE OF POLYTOPIA,Posted  October          It requires focus so calms my stress 
THE BATTLE OF POLYTOPIA,Posted  August    When I play this game with my chums I purposefully dont tell them the strategies so that I win everytim
THE BATTLE OF POLYTOPIA,Posted  August    polytopera goog
THE BATTLE OF POLYTOPIA,Posted  December         good as a time waster on your phone  but honestly much too basic for a pc release  also I think calling the civilizations  distinct  is borderline lying 
THE BATTLE OF POLYTOPIA,Posted  April    Nice strategy game 
THE BATTLE OF POLYTOPIA,Posted  August         I love this game  Played tons of it on Mobile  glad to see it ported to PC  Some things I would add to the PC version though    Allow you to zoom into the map a bit more  On the bigger screen it would look alot nicer and easier on the eyes  Add a button beside  end turn  to see where units   moves you may have missed are on the map  With the giant map  its sometimes hard to see your units   Add desktop notifications so you know when it is your turn  Keep up the good work  Hop
THE BATTLE OF POLYTOPIA,Posted  August         I loved the game on my mobile phone and I was so looking forward to get it on steam  Playing it now on a big screen is even more fun and it s great that there were more features added  such as custom maps and gameplay  It s great that the developers released a native Linux version and from day   it runs great  I am going to have many hours of fun with it 
THE BATTLE OF POLYTOPIA,Posted  June          I used to adore this game and have recommended it to many friends and likely inspired lots of purchases  but since the Diplomacy update  I find the game to be     not fun  If I could turn off Diplomacy  I would change this review in a heartbeat  but presently it breaks the experience for me  The reason for this is that originally the game had a very reasonable personal merit and success requirement  The higher difficulties were challenging and engaging  etc  Now  the enemy factions will work together against you  but won t work with no matter how many times you offer or how advantageous it may be for them  I m a skilled player that wins about        of my games  I m often in first for the majority of the game and have the most developed society  largest army  etc  but the enemy AI seems to be prohibitively balanced against assisting the player in most all cases  Additionally the game has no additional win condition even after the update  If you re playing domination and you ve made alliances  you re required to attack your allies to complete the game  This seems to erode the whole point of the alliance in the first place  Unless of course the devs consider alliance to only exist for the purpose of exploiting the other factions and to drop them when it suits the player  That speaks to greater personal issues and ideological weaknesses that I frankly have no interest in   Devs if you re reading this  the update is a huge disappointment for me and I m sorry to have to issue a bad review as I ve enjoyed the game tremendously up to this point  I have previously been an active member of the discord and participated in many of the community events  but the game is simply not fun anymore for the reasons listed above  I wish you all the best and hope to see the problems rectified so I can go back to enjoying what used to be my favorite TBS game 
THE BATTLE OF POLYTOPIA,Posted  August          I made a unicorn fight with a clubbed person against a fish person  Good game
THE BATTLE OF POLYTOPIA,Posted  October    this game is about ethnic cleansing and bird watching
THE BATTLE OF POLYTOPIA,Posted  March            star  the game is at the bar  playing it in my car  while playing the guitar  i really like the game so im gonna rap about it  less go   st up is the xin xi  the got the climbing and you wont see them hiding  then imperius  the best of the best  starting with organisation they will leave you in a mess next bardur  the og  the only hunting they will do is you  golly  th of the pack  oumaji packs a snack  with riding they are sure to break yo mamas back  polytopia is a strategy game  the four x s explore  exterminate  exploit and expand when the ai goes first  fighting hand to hand will you survive in this deserted land    th is the kickoo  no fish  boo hoo next hoodrick  too be honest who even plays this then luxidoor  level   capital at your door finally vengir  swordsmen grrrrrrrrrrrrrrrrrrrrrrrr  polytopia is a strategy game  the four x s explore  exterminate  exploit and expand when the ai goes first  fighting hand to hand will you survive in this deserted land   zebasi  farming skills so good you say e then ai mo  meditation you have to be kidding bro quetzali  their shields will make you get your mommy almost last  yadakk  roads that help attack  im beginning to feel like a rap god  aquarion is so cool we have crabs and stuff  we can walk on water but not on land elyrion but far has the best city names  but their economy is so bad they are left in flames polaris  so much ice youll piss and cymanti  i hate you  polytopia is a strategy game  the four x s explore  exterminate  exploit and expand when the ai goes first  fighting hand to hand will you survive in this deserted land 
THE BATTLE OF POLYTOPIA,Posted  September          Very simple but streamlined  X game  Honestly  its the best introduction to the genre I ve found 
THE BATTLE OF POLYTOPIA,Posted  January    Niche but worth it  A seemingly simple game that s actually pretty replayable 
THE BATTLE OF POLYTOPIA,Posted  February    This might be the very best turn based action game to ever exist 
THE BATTLE OF POLYTOPIA,Posted  August          It s a free mobile game ported to PC and costs        full price  every new feature is an add on that can only be played in custom games and the auto online match making should have been a feature from the start  a good game  just no reason to get this version over the free mobile 
THE BATTLE OF POLYTOPIA,Posted  December          Really awesome game I started playing a couple years ago on Google Play  So cool to find this for the Steam Deck   The controls can be edited  actually downloaded  by the community which I found very helpful rather than using the touch screen   Overall  a cool turn based strategy game that can be quite addicting 
THE BATTLE OF POLYTOPIA,Posted  August         Polytopia is a wonderful game for anybody who wants a short  fun experience either alone or with a group of friends  I cannot recommend this game enough  I loved it on mobile and I love it even more on PC   Synopsis  Polytopia is a turn based strategy game where you manage a small tribe trying to conquer the world  You can grow your tribe through managing your resources and interacting with the environment around you  Be careful  though  as the other tribes of the land have the same goal as you  Conquer cities and grow your kingdom through battle strategy and strategic management of your skill tree       Very fun character designs  each tribe having their own design  some based on real cultures  adds a feel of diversity to the different tribes that  for the most part  aren t super different    Likewise  the land that your tribe claims will change as well  giving a good visual display of progression    Resources are condensed into one type  Stars  that are used for everything  If resource management isn t your thing  this game is for you    Extremely re playable  Given the nature of the game  it s different every time you play and the AI will always have tricks up its sleeve to beat you down  even if you think you re doing well     Easy to pick up and drop  If you want to play for five minutes  there s nothing stopping you  Open up the game and make a move in between work calls or just play throughout the day  The game will always be waiting for you     Great with friends  The multiplayer is even better than the single player  The AI is good but it isn t perfect  You can play with a maximum of    player controlled tribes per game and that many people all using human logic is bound to be a fun time  Especially seeing how the more cities you conquer  the more powerful you get  it makes the game great as friendly competition between pals  My friends and I used to have Polytopia matches on mobile almost every day and the tension was great  I highly recommend this game if you have a group you can play it with  Maybe you can use it for some kind of bracket or decision making       The learning curve can be slightly complicated your first few games  There s definitely a meta and strategies that work more than others and learning how everything works together but it comes to you after practice    The core tribes are essentially the exact same and have access to all of the same abilities at some point because they all share an identical tech tree  The only difference is what ability is unlocked at the start  This might be a negative if that weren t a solid mechanic for the type of game this is  Having different starting abilities can drastically change your chances of winning and some pose more and less of a challenge than others  It s not a drawback but don t expect each one to be vastly different     The screen can feel a bit cluttered at times     There are three tribes that actually DO have their own unique skills  abilities and quirks however they are behind a DLC paywall  This isn t a problem to me because I think the developers deserve the money  The amount of fun that I ve been getting out of this game for years makes me want to give them the extra money        I ll return to this review to talk about online multiplayer when the playerbase expands  I tried joining a game and it took about   minutes to fill up  only to have one player afk at the tribe choosing screen        Going back to my point about DLC tribes  they are a TINY bit pricey but again  it s worth it for optional content  Even though the can be a bit overpowered in multiplayer games  a good strategy with any of the core tribes will still be able to push them back     Can get repetitive when playing alone but harder difficulty offsets it   I cannot stress the enough  PLEASE buy this game  It s great and it deserves to get bigger and more known  The developers have been doing an amazing job keeping it going for years and I imagine it ll only get better from here  They deserve your money and they deserve more recognition  I hope to see you guys on the battlefield someday 
THE BATTLE OF POLYTOPIA,Posted  January          i love me some minimalist civilization
THE BATTLE OF POLYTOPIA,Posted  October          Based game  can t think of a better game to forget the overwhelming darkness 
THE BATTLE OF POLYTOPIA,Posted  January         the feeling you get when you get     kills with a knight on turn    after getting lucky with a ruin and getting stars as oumaji is worth the money  totally recommend
THE BATTLE OF POLYTOPIA,Posted  August        
THE BATTLE OF POLYTOPIA,Posted  August          I ve already played a bunch on my mobile  Addictive  quick CIV like gameplay  This game is essentially CIV as a rogue like  and I m all for it 
THE BATTLE OF POLYTOPIA,Posted  October          good game  started on mobile and got it on pc  PC version is way better and the LFG Discord is https   discord gg polytopia
THE BATTLE OF POLYTOPIA,Posted  March          Very interesting and intricate combat  loads of variety in playstyle  Game is actively updated and the charm of the visuals and audio is incredible  I ve accidentally dropped hours just playing against the bots  and the community is very active  Solid     
THE BATTLE OF POLYTOPIA,Posted  September   Chess style civilization strategy game  turn based strategy  a Settlers of Catan game with chess style combat  It is fairly simple  but so is chess  Each match is on a procedural generated chess board and can be completed in about an hour  Very good for what it is and not overly time consuming  Excellent on the Steam Deck  desktop  mobile  etc 
THE BATTLE OF POLYTOPIA,Posted  October    It s like Civilization for people who think Civilization is too complicated Now I can teach my most brain dead friends to play a civ building game  thanks Polytopa  AND this game gets updates AND the special tribes are super fun to play  and a little busted   If you like this game  get the special tribes when they go on sale  This was my first review for a game and I only wrote this because Polytopia is just that good  So thanks for reading   KloneClasher  PS  When will Karlson or Silksong come out please I need them D 
THE BATTLE OF POLYTOPIA,Posted  July         This is a fantastic and fantastical mini  X  can knock a game out in under an hour  And doesn t demand the months long devotion of conventional  x titles   As for the games quality  Super polished  no bugs  no glitches  no hiccups or issues  Runs very smooth on my potato laptop   I picked this up on special  but even the full price is reasonable   Definitely play this as your next  X and even current  X title 
THE BATTLE OF POLYTOPIA,Posted  February         fun to oppress friends in good game
THE BATTLE OF POLYTOPIA,Posted  March          very fun with friends  EXCEPT IF YOUR FRIEND KEEPS BEATING YOU  AAAAAARGH
THE BATTLE OF POLYTOPIA,Posted  October    Great strategy game to kill time  or to play competitively  Its only defect is that it s also Elon Musk s favorite game 
THE BATTLE OF POLYTOPIA,Posted  October         This game is really good  It s like they pitched some mindless mobile clicker game to some investors  got a bunch of money  then sneaked in some actual strategy and made a real game instead 
THE BATTLE OF POLYTOPIA,Posted  March          This game is crazy expensive for what you get  If you want to get all the tribes  especially considering that the base game is free on the phone  Would definitely not recommend buying it on PC
THE BATTLE OF POLYTOPIA,Posted  August         fun  but not worth    dollars
THE BATTLE OF POLYTOPIA,Posted  November          Mini Civilization III  Pro  doesn t need dozens of hours to finish one game Con  Tribes differ just for the starting tech  Gotta buy DLCs for tribes with different mechanics 
THE BATTLE OF POLYTOPIA,Posted  December          its fun  but too simplistic
THE BATTLE OF POLYTOPIA,Posted  September          Not made for a PC  Made for mobile  So you get zero keyboard shortcuts  This is a huge negative for me  I don t know how everyone puts up with it  The amount of clicking required for upgrading units and ships  is crazy   The game is cute and somewhat enjoyable  Trying to get   stars is more annoying than fun  Why would I get    for getting an early unit killed to free up unit slots  Makes you play weirdly just for stars  If an enemy civ kills another civ for you  you get     and might as well start over  because you can no longer get   stars 
THE BATTLE OF POLYTOPIA,Posted  November         I remember playing this on my phone  still holds up   It is very basic and easy to learn  After around your first few games you will understand what works and what doesn t  There is really only   types of tribes  when it says        are normal tribes that only change what you start out with  While DLC tribes change up the game majorly and are more intensive   Personally I love Domination and going against    tribes and taking over all of them in one fell swoop  it requires some luck in how you are started off but honestly it really is some good fun  Decently challenging but fun overall  I really want to try the multiplayer for this game  I feel like that would be a fun experience 
THE BATTLE OF POLYTOPIA,Posted  October         This game is a super fun but casual civilization battle game  Just the right amount of depth to involve some high level plays and thinking but good enough for the simple gamer  Would def recommend 
THE BATTLE OF POLYTOPIA,Posted  November         got like    h hours on phone  yes  EDIT  but the enemy AI is waaaaay to easy to fight against
THE BATTLE OF POLYTOPIA,Posted  April          Fun game  similar to civilization but way faster
THE BATTLE OF POLYTOPIA,Posted  January         Yea this is a great game
THE BATTLE OF POLYTOPIA,Posted  September   Simple to learn but lots of variations and strategy
THE BATTLE OF POLYTOPIA,Posted  June          This is probably the most fun turn based strategy that I know  I originally played it on mobile and loved it  and when i found out that the game was on steam I flipped out  By far one of the most worth it purchased that I know  The game is so diverse but not diverse enough to the point that it gets confusing and the cube like structure of the game just adds that extra bit of charm  to anyone who likes playing games with friends and to anyone looking for a simple yet engaging strategy game  then by all means  Please  Buy this game right now 
THE BATTLE OF POLYTOPIA,Posted  December          I really like this game  I ve been playing it for about   years but recently moved over to pc  The gameplay is almost perfect although I would like some kind of money Troup trading with allies but that s just a me problem  I DO have problems with the wack pricing  on the phone version it is cheaper to unlock everything in the game even being    to get the dlc tribes only   dollars more than the base pc game  plus there s no way to transfer your stuff from the pc version to mobile  the only advantage with the pc verson is its more stable  less fps drops etc  and it has the better ui  Over all the game is amazing but if you don t care about small things just get the mobile version
THE BATTLE OF POLYTOPIA,Posted  May    battle for polytopia is a fun game to fill the time  nice variety of different clans and empires to play as with cool background stories    the game is perfect for beginners or hardcore strategist or even people just trying to have fun the game also has a perfect balance between fun and challenging 
THE BATTLE OF POLYTOPIA,Posted  June         I ve had this game on my phone for years  and I ve probably dumped more time into it than any other mobile game  It was my companion for countless hours of subway commuting  It s only better on the PC  It boils down all of the fun parts of Civ with very little of the tedium and complexity  If you want a  Civ lite  that gives you a quick fix without all the resource management and Sean Bean narration  def give this a shot 
THE BATTLE OF POLYTOPIA,Posted  January         The current version is broken on my M  macbook air  The ui elements react when i out my cursor on them but the clicks only register if i click twice  and then it counts as   clicks instead of one  when im in a match  i can t click on any tiles  But when i click twice  it registers twice so it selects and deselects the tile  It is very annoying  Imma lay off polytpia untill it is fixed  if anyone has had this problem and know how to fix it  help would be greatly appreciated  a good game isnt a good game when you cant play it it was pretty good before the update
THE BATTLE OF POLYTOPIA,Posted  November          Product received for free  I ve played primarily on the mobile version of this game and prefer it  but overall this game is pretty good and I d highly recommend it  For me the benefits of mobile are that you can take a turn or two while waiting for a minute or two throughout the day  but if sitting down for a gaming session is what you do then Steam may be better  Furthermore  the mobile version allows for cheaper play as you can buy individual tribes   however all together I believe Steam is slightly cheaper   Version differences aside  this game has pleasantly simple mechanics  but a surprising level of depth afforded to it from situation rng that makes no   games alike  This can make the game easy to learn  and hard to master  If you enjoy this game and want to see it taken to a high level of play  I cannot recommend enough joining a competitive group such as the Facebook  v  League or Discord PolyChampions for teamplay  You can find a lot of very skilled players in either group who can show you a new aspect of the game you may enjoy a lot  PolyChampions in particular is extremely accommodating to new people  and many come to find they like team games far better than the base game for the additional strategy and community it brings   The developers are not the most experienced  but this is a soulfully crafted indie game that has slowly grown into a small studio  They take a while sometimes to implement the changes they like  or to do so smoothly  and often stumble in the development process  but the design philosophy has always been Midjiwan wants to make a game that he himself would play  On the mobile version I ve definitely played well over a      horus  primarily through online competitive groups  and overall enjoyed my time well enough to highly recommend this game  either on Steam or Mobile  However I do not think the game would be as enjoyable without being in an online community to facilitate better multiplayer 
THE BATTLE OF POLYTOPIA,Posted  August         Lots of fun  I have played the mobile version for years  Well worth the money  It would be fun to see larger maps and a harder gamemode 
THE BATTLE OF POLYTOPIA,Posted     September       폴리토피아 앱 처음 출시됐을 때부터 재미있게 플레이하던 사람입니다  PC 버전 나왔다길래 플레이하고 후기 남겨요  이 게임은 기본적으로 문명의 전투 부분만 따로 떼와서 아기자기한 그래픽으로 꾸민 게임입니다     앱 버전과 다른 점     앱 버전은 기본 부족이  개이고 추가로 구매해야 하는 부족이   개   개 스페셜 부족  개 입니다  PC 버전은 유료여서 그런지 모든 부족 기본으로 제공됩니다  계산해봤는데 앱 버전으로 모든 부족 해금하려면      원보다 훨씬 더 들어요      맵 크기와 종류를 선택할 수 있습니다  제일 큰 맵은    타일   부족까지 지원하는데 한 판하는데 Crazy mode로 맞춰놓으면 한  시간 반정도 걸려요  모바일은 제일큰 맵이   분 정도 걸림  맵 지형도 사막 호수 대륙 군도 기억안나는 하나 이렇게  종류 지원합니다  모바일은 지형 선택이 불가능해서 Oumaji 부족인데 군도 지형이라던지  Kickoo 부족인데 대륙 한복판에 떨어지는 불상사가 발생할 수 있는데 PC버전은 플레이하는 부족에 유리하게 선택 가능합니다      온라인 멀티플레이를 지원합니다  문명 멀티플레이 생각하시면 될 것 같아요  턴제게임이기 때문에 참가 인원의 수에 따라 기하급수적으로 시간이 소요됩니다  물론 문명보다는 짧게 걸려요      게임의 단점  AI가 그렇게 영리하지가 않아서 몇 판 플레이하다보면 Crazy mode도 금방 깨요  즉 잘 질린다는 겁니다  이걸 방지하려고 개발사에서 PC버전에 온라인 멀티플레이를 추가했는데  매칭 시간이 짧지는 않다는걸 염두하셔야 합니다     플레이해본 후기  아예 처음해보시면 앱버전 부터 해보시고 앱버전에서 부족을 구매하던지 아님 PC버전을 구매할 지 결정하시면 됩니다  캐주얼한 맛  자투리 시간에도 중간중간에 하고 싶다 이런 분들은 모바일에서 부족 맘에드는거 하나씩 구매하는걸 추천드려요  그냥 처음부터 모든 부족 가지고 화끈하게 넓은 대륙에서 하고 싶다  멀티플레이 아니면 재미없다 이런 분들은 그냥 PC버전 사세요  안그럼 저처럼 모바일로 모든 부족 사고도 또 PC버전 구매하는 불상사가 생길수 있습니다 
THE BATTLE OF POLYTOPIA,Posted    October       저어엉말 쉬운 문명
THE BATTLE OF POLYTOPIA,Posted     August       게시 일시      년  월   일 오후  시   분 휴대폰으로 하던 게임 드디어 나왔네  업데이트됨      년  월   일 오후  시   분 시발 만원넘게 샀는데 바로할인떄리네
THE BATTLE OF POLYTOPIA,Posted    January 캐주얼한 문명  캐주얼하지만 어쨌든  X의 요소는 다 들어가있다   기본이 폰겜이니만큼 너무 많은것을 기대하면 실망할 수도 있다  하지만 그냥 이 자체로 재미있다 
THE BATTLE OF POLYTOPIA,Posted     August       드뎌 나왔네
THE BATTLE OF POLYTOPIA,Posted    October       시작부터 뭘 해야 되는 건지 몰라서 지웠다 
THE BATTLE OF POLYTOPIA,Posted    August       good but if  there are some options like  sandbox  not creative   i ll more like it  creat my own map 
THE BATTLE OF POLYTOPIA,Posted    August        
THE BATTLE OF POLYTOPIA,Posted    July 잘 만들어진 게임이고 나쁜 게임은 아님 문명과 다른 부분도 있지만 전체적으로 보자면 다운그레이드 문명이라 생각이 됨 플레이는 재미 있지만 문명을 가지고 있는 사람이라면 구지   구입해야 하나 싶음  비슷한 가격이라면 문명을 추천 하겠음  문명을 하실 때 머리가 아프다  혹은 조금 단순했으면 좋겠다는 분들에게는 추천함      다시 한번 말하지만 나름의 재미는 있음     못 만든 게임은 절대 아님      문명 가 할인을 해서 비슷한 가격이라 비교가 되어서 이러는 거지   문명과 비슷한 가격이 아니였다면 추천이였다    총점       
THE BATTLE OF POLYTOPIA,Posted     December       심플하고 캐쥬얼한 재미잇는 문명류게임 내 마을을 강화시키고 도로를연결하여 교역을하고 자원을 개발하고 병력을뽑아서 주변마을을 복속시키고 할인도 자주하는편이고 무지무지 재미있습니다 제발 턴좀넘기라고 욕할수도잇긴하지만 멀티플레이도 지원하고 문명의 국가느낌처럼 pc버전기준 앱버전이따로잇음    개의 각자 개성잇는 부족이 제공되며 DLC로 추가적으로  개의 부족을 구매할수있습니다 가벼운마음으로 시작해서 홀딱반해버림
THE BATTLE OF POLYTOPIA,Posted  October    노잼
THE BATTLE OF POLYTOPIA,Posted  September    시간 때우기로 무난하게 할만해요  무료 모바일 버전으로도 있어서 그거 해보고 재밌으면 구매하시면 될 듯 합니다
THE BATTLE OF POLYTOPIA,Posted  September    쉬운것 같기도하고 어려운것 같기도하고 단순하게 재밌다가 갑자기 흥미가 떨어지기도하고
THE BATTLE OF POLYTOPIA,Posted  August   갓겜
THE BATTLE OF POLYTOPIA,Posted  April    게임은 이렇게 만들어야 합니다  
THE BATTLE OF POLYTOPIA,Posted  March   어려울거 없고 복잡한거 없고 쉽긴한데  운이 조금은 따라주긴 해야하는거 같음    스타팅부터 꼬이기 시작하면 빡셈  
THE BATTLE OF POLYTOPIA,Posted  October          좀 더 복잡해져도 재밋을듯 여튼 엄청 재밋음
THE BATTLE OF POLYTOPIA,Posted  January    모바일 시절부터 해온 유저    확실히 컴퓨터로 넘어오며 많은 부분에서 발전이 있었다   전체적으로 눈에 띄는 건 외교 업데이트  맨날 영원한 전쟁을 하는 판에 아군 한 명 있으면 든든 하다  멀티플레이 개선도 좋다  친구랑밖에 안했지만    예전의 패스 앤 플레이가 주류였던 것보다 인터넷 연결로 편하게 게임하는게 편하다   하지만 이 모든 장점들을 있게 해준건 제작자의 열정이 아닐까  미드지완  이 회사는 폴리토피아에 애정이 넘치다못해 쓰나미로 있는 것이 분명하다  지금까지 진행된 큼지막한 업데이트만 봐도 특수 부족 추가 다 개성넘침  PC 버전 발매 테크트리 수정 유닛 가격 조정 외교 추가 인공지능 개선  이건 잘 모르겠다  등등    인디게임 치고 계속 발전해나가고픈 제작사의 여정이 느껴진다  게다가 스킨 발매까지     게임플레이는 심플 문명이라고는 하지만 플레이방식이 단순해서 RTS의 간편함 턴제의 느긋함을 합친 느낌이라고 해야되나   하여간 문명 생각이 크게 나진 않는다  특수부족을 제외한 문명의 최종테크 유닛이 다 똑같아서 초반 경제강자가 쉽게 게임을 주도할 수 있다 바X두르 등   그건 좀 아쉬운 부분   비슷한 부족 구성 등이 아쉽지만 심플하면서도 심오하게 즐길 수 있는 턴제 게임이고  제작자의 열정 덕분에 지금까지 발전해왔고  더 발전할 수 있는 게임이다  바르두르 개사기 
THE BATTLE OF POLYTOPIA,Posted  August          해도해도 안질려   모바일도 정말 오래했는데   정말 스트레스 해소에 참 좋음  그점에 게임이란 역활에 가장 근접하고  충실한게 아닐지 
THE BATTLE OF POLYTOPIA,Posted  June         새로운 부족좀 추가좀 해주세요 
THE BATTLE OF POLYTOPIA,Posted  November         가볍고 단순하게 접근해서 좋다 생각없이 할수 있는 게임
