title,review
UNO,Posted     November       why is uno ten dollars
UNO,Posted     March       You hop into a game with   friends  but you come out of the game with   friends        would lose friends again 
UNO,Posted     June       YOU HAVE UNOOOOOOOOOOOOOOOOOOOOOOOOOOOOOOOOOOOOOOOOOOOOOOOOOOOOOOOOOOOOOO
UNO,Posted     November       it s uno
UNO,Posted    July       WARNING  ubisoft
UNO,Posted     June       i cry a lot when i play
UNO,Posted     December       I no longer have friends
UNO,Posted     June       why is this game    dollars 
UNO,Posted    January       Literally paid    euro to have a server to play on and the server is constantly down  It would be cheaper to buy    decks of Uno and burn them for energy for my own server  Thank you for your        servers  Have a nice day aswell 
UNO,Posted     December       I was in the shower washing suds off my girthy chest when suddenly  I heard someone shouting  I immediately drew back the shower curtains and I leaped out  like a frog escaping a pit of boiling  frothing water  Who could be shouting so late  against the indomitable silence of the night  It sounded like it came from my bedroom  where I thought nobody else had entered for years  Something was wrong  Galvanised to action  I broke down the door and infiltrated my room  I heard the shout again  Only this time  it was clearer  and I understood everything  Cries of  UNO   ruptured my computer speakers  And I was happy   Ladies and gentlemen  UNO is not a game  UNO is an experience  UNO is life  yet it is also death  It is the light at the end of the tunnel  yet it is also the darkness  It is the applause at the end of the play  but also the cold rejection of a beautiful woman  Comrades  those of you reading these reviews to determine whether your hard earned money should be spent on UNO  you have two simple choices  to buy or not to buy  This is the ultimate test of a man s values   do you believe that the money you have worked hard to earn is equivalent to the potential experience of UNO for Windows  Some may be hesitant  But to quote poet Robert Frost   In three words  I can sum up everything I ve learned about life  it goes on   Whether you buy UNO or not  the worst case scenario is not life destroying  Life will go on if you spend money on UNO and it is not for you  Yet there is so much that awaits you if you buy UNO and  like millions of others  you find yourself utterly absorbed in the magic of UNO   I would go further and argue that everyone reading this should buy UNO for Windows  At the time of writing      of reviews are negative  Yet do not be deterred  by finding yourself here  you have demonstrated an interest in this game  and the only way to truly know whether you like a game or not is to play it yourself  Reviews are useful to a point  but in the words of Frank Sinatra  do not be  one who kneels  to popular opinion  Do not pretend for an instant that any review here will define your experience of UNO  There will be some who despise it  and others who are utterly enraptured by it  You must find where on this colourful spectrum you fall  and only you can decide that   I hope that every potential player reading this searches deep into the labyrinths of their heart and soul and finds the answer 
UNO,Posted  December          it s uno
UNO,Posted  April          uno makes me wanna kill myself and friends       
UNO,Posted  May    came free with my pc
UNO,Posted  July    Product received for free  it came free with your xbox
UNO,Posted  December          Its literally just UNO 
UNO,Posted  February          Product received for free  This game ruined friendships        would ruin again 
UNO,Posted  December          There is nothing but pain and suffering when I play this game 
UNO,Posted  March          You want a damn review  here s one from two in the damn morning  You got friends right  you let them create the lobby right  Decided to say yes to having them turning on all rules right  It s   PM  and what s the worse that can happen  That s where your        up kiddo  NEXT THING you know  it s   am  you got work at    it s during the quarantine so sleep deprivation is not in your best interest  One friend decides  I wanna see how big I can make my hand  and they keep doing this       and making your hand once it get to sub    to now being      Like      me  there is no winners here  it s just an endless circlejerk of passing cards  and who the      plays the     rules          bastards who want you to stay up late  that s         who  I swear to god  I wanted to end it all  Then the saving grace came in  the friend who started this      s game crashed cause their PC had been running UNO for           hours straight on one match  So you and your other friend frantically try to end the game now it s just you two and two dumbass bots  BUT GOD LOVES HIS COMEDIES  SO THEN YOUR GAME CRASHES  YOU REEEEE INTO OBLIVION SPEWING      EVERYWHERE AS THE LAST REMAINING FRIEND JUST SAYS      IT  AND QUITS  A   hour game MACKENZIE  A   HOUR GAME CAUSE OF YOU  ALL FOR NOTHING   The UI is decent  plenty of variety in rules and customizations  and both local and online modes work really well         Would recommend 
UNO,Posted  March          Always Rush B  it works everytime 
UNO,Posted  April          it s uno
UNO,Posted  March         Good game  bad servers   needs chat
UNO,Posted  February          Product received for free  a groomer i was dating gifted it to me it s pretty good
UNO,Posted  March          Ubisoft launcher intergration is infuriating and adds unneccessary complication for such a simple game  Game crashed and froze multiple times while playing online  Extremely disappointed with the implementation 
UNO,Posted  June   ubisoft launcher
UNO,Posted  February         my wife left me
UNO,Posted  December          Chicken Casserole Cheesy chicken casserole with potato bake is one of the best casserole recipes ever  Ingredients are chicken  potatoes  cheddar cheese  bacon and cream   PREP TIME    minutes COOK TIME   hour    minutes TOTAL TIME   hour    minutes  Ingredients     teaspoon salt or to taste     teaspoon sugar   dashes ground black pepper   tablespoon Ranch dressing     cup heavy whipping cream   medium sized potatoes  peeled and cut into pieces   oz       g  boneless  skinless chicken breast  cut into cubes   slices Canadian bacon or bacon strips  cut into pieces   tablespoons unsalted butter  cut into small pieces   cup shredded cheddar cheese   stalk scallion  green part only  cut into small rounds  Instructions   Heat oven to     F      C   Lightly grease a    x    baking pan with some oil or butter    Add the salt  sugar  pepper and Ranch dressing to the heavy whipping cream  Lightly stir to combine well    Spread the potatoes  follow by the chicken  in one single layer    Sprinkle the bacon  butter  and then top with half of the cheddar cheese and the scallions    Pour the heavy cream over top of casserole  Cover with aluminum foil and bake for   hour    Uncover the pan and bake for another    minutes  In the last    minutes  sprinkle with the remaining cheddar cheese and bake until the cheese is slightly crusty    Remove from the oven and serve immediately 
UNO,Posted  April          I ve got the oldest Xbox known to man
UNO,Posted  January          I no longer have friends      
UNO,Posted  February          since ive played uno  my wife lets me touch her   Edit  if your wife wants to touch you  say no  stay safe from Covid   
UNO,Posted  November          If I had a dollar everytime this game crashes I would be able to buy Ubisoft and fix the damn game myself
UNO,Posted  December          this game actually can ruin your friendship 
UNO,Posted  August          Product received for free  This game made me divorce my wife and now my kids hate me  highly recommend 
UNO,Posted  November          UNO means  one  in Spanish
UNO,Posted  March         You have UNO  we all have UNO  It comes for free when you buy an Xbox       I have the oldest Xbox known to man 
UNO,Posted  June          UNO is a horror game
UNO,Posted  June          good  but i have no friends
UNO,Posted  May    The game destroy the friendships
UNO,Posted  January         its not dead by daylight
UNO,Posted  May         ended up getting hungry while playing this game  so I was like hey  others might get hungry as well  so here is a recipe for waffles  In a bowl  combine flour  sugar and baking powder  In another bowl  lightly beat egg yolks  Add milk  butter and vanilla  mix well  Stir into dry ingredients just until combined  Beat egg whites until stiff peaks form  fold into batter  Bake in a preheated waffle iron according to manufacturer s directions until golden brown  Serve with strawberries or syrup 
UNO,Posted  June         Product received for free  this game made me cry and destroyed me entire life my wife divorced me after i played to much uno and my kids don t talk to me anymore  good game though
UNO,Posted  November          this game makes me horny
UNO,Posted  January    My friends are racist
UNO,Posted  December         a really fat nut
UNO,Posted  March         Great way to ruin friendships
UNO,Posted  January          monke
UNO,Posted  June          it s uno
UNO,Posted  June          When playing Uno you have no friends  The weak will be trampled by the strong 
UNO,Posted  February          I m color blind and can t speak Spanish       
UNO,Posted  August          what do you mean you don t have uno  it came free with your xbox
UNO,Posted  April          I don t know who got high and thought it would be a good idea to make it so you have to pay a weekly subscription to play this game more then    times a week even though I can just play the game in real life  Please for the love of god do not pay for this subscription  if we bought the game we own the game  we should be able to play it when ever we want       for Ubisofts greedy company
UNO,Posted  September   i got    cards one round
UNO,Posted  November          uno
UNO,Posted  August         IT CAME WITH YOUR         XBOX        
UNO,Posted  November          Realy good game  but keep in mind this game can ruin friendships    
UNO,Posted  June          If I had a dollar everytime this game crashes I would be able to buy Ubisoft and shut this crap down
UNO,Posted  December         My wife left me
UNO,Posted  November          If you wanna see people as they truly are   dont play this game it can destroy friendships and more haha        
UNO,Posted  October                                                                                                                                                                                                                                                                                                                                                                                                                 
UNO,Posted  July   Only got UNO for one reason  to play with my boyfriend  What I got    Downloaded Ubisoft Connect   Had to make a Ubisoft Account   UNO asked for admin   times  why       UNO with controller has NO vibration strength setting   Tried to make a lobby and spent ten minutes navigating the hell called Ubisoft to friend each other    I  had to make the lobby   Finally got it working        game crashes when I enter a match    Had to turn off my anti virus  uninstall AND redownload   Enter lobby  Game crashes  Again  Again  And again    Finally  leaving this review because this game is  unplayable   Nice in the tutorial  Otherwise awful         because      is not good enough
UNO,Posted  September          Uno   Fun Ubisoft   download my launcher update the launcher every time you play our game  I don t care if you bought it on Steam you still have a download our launcher  Sign our tos  allow Ubisoft to make changes to this computer x    Listen  playing Uno with my friends is fun but Ubisoft ruins it for me  There s multiple times that says I used my Max trial on Uno flip  resets weekly  when I haven t played in months  it s ridiculous  I give Uno        but bundled with Ubisoft Spyware I give it       
UNO,Posted  November          I lost my girlfriend over this game
UNO,Posted  December          cool would be better with boobs tho
UNO,Posted  August         uno is pretty good ngl  wish it were free though  or like  a little less money maybe like       tops 
UNO,Posted  June         Kills all relationships         
UNO,Posted  December          me and   friends played this    we are not friends anymore
UNO,Posted  January          this game got me goth girl ass i like
UNO,Posted  December           Everyone has UNO          it came free with your         xbox 
UNO,Posted  February   I just wanted to play Uno with my friend        I had to sit through and download Ubisoft connect     Then I had to Create a Ubisoft account  didn t have one     Then I had to wait through the games    second loading screens for the menu    Then when I try to join a game it just joins a random match online with strangers    When I try to Host a game it tell me I can t because my network settings are set to NAT strict   At this point I said screw it and decided it wasn t worth it   Good job Ubisoft  you managed to F up one of the simplest card games 
UNO,Posted  February    Got a cat here  Friends passing by can touch her and click Like to touch her once           |       l      x         |             | | |   |   | | | |               
UNO,Posted  February          The game itself is good  but forcing people to use the ubisoft launcher is terrible  Ubisoft servers are so bad that they re down pretty much all of the time  I ve spent over   hour troubleshooting with my friend  We just wanted to play UNO 
UNO,Posted  May          uno deez nuts
UNO,Posted  July          I lost all my friends because of that game  truly recommended
UNO,Posted  May   Ubisoft
UNO,Posted  June          it s uno
UNO,Posted  November          Like the physical card game  but with less arm movement and friends required 
UNO,Posted  June          I rly love collecting additional cards on purpose til ive got like    of em and then just spam all  special cards  like  draw      and  skip turn  til my friends rage quit and never play UNO with me again 
UNO,Posted  November          Ever just go from   cards to    in one turn 
UNO,Posted  July         I have strong negative feelings about UPlay
UNO,Posted  July          It s Uno    What do you expect 
UNO,Posted  July         Full Game Review Graphics   Looks more real than real life   Fantastic   Beautiful   Good   Decent   Bad   Terrible   Made with Paint exe     Challenging   Very good   Good   It s alright   Sleepy   Boring   Frustrating   Shouldn t even be played by anyone     Eargasm   Very good   Good   Not too bad   Bad   Earrape     Beginner   Casual Gamer   Normal Gamer   Expert     Can be played on a toaster   Potato   Decent   Fast   Rich boi   Ask NASA if they have a spare computer     Just press  W  A  S   D    Easy   Easy to learn   Hard to master   Can get difficult times to times   Significant brain usage   Difficult   Unfair     Nothing to grind   Only if u care about leaderboards ranks   Isnt necessary to progress   Average grind level   Too much grind   You ll need a second live for grinding   Pay to win     Story    Bad   Average   Good   Lovely   It ll replace your life     Long enough for a cup of coffee   Short         hours    Average          hours    Long        hours    Very Long         hours    To infinity and beyond     It s free    Worth the price   If u have some spare money left   Wait for sale   Not recommended   You could also just burn your money     Never heard of   Minor bugs   Can get annoying   Too many bugs   Unplayable     No Problems   A few problems   Can get annoying   Generally disconnected   Too many hackers   Not playable   No Multiplayer mode      A lot   A few   There is no DLC s  Yet       A whole another game   A lot   A few     Must get   Some of them are a bit expensive compared to the content   Not recommended for the average gamer   Stars given       Out of    Comment  Multiplayer mode is a little broken  lol  Ubisoft  what do you expect    But the game is pretty fun when it really works tho    
UNO,Posted  January          nietzsche once said   if you gaze long enough into an abyss  the abyss will gaze back into you    close friends or complete strangers  the line begins to blur in UNO  where every face begins to look like an enemy s  the temptation of the    wild card lures you  the large red SKIP calls out like a siren  and even an inconspicuous green   can be the one weapon you need for an indisputable victory  in UNO  any pawn can become a king  and any king can be overthrown   by luck  deceit  or miracle   where do you draw the line  do you accept defeat gracefully  patiently  do you continue the chain of   s  hurting those you play co op with  knowing they have no defenses  do you save your own skin by letting them bleed    whoever fights monsters should see to it that in the process he does not become a monster    maybe  UNO shows us  the monster is already inherent  maybe we are the monster as much as we are our ability to control it   but when victory is so close  what s one more WILD card  what s one more body left in your wake   a profound psychological horror especially intensified by the  rabbids  dlc  highly recommended   would be enjoyed by girlbosses who would tear down the world to win  and men who related a little too much to joker               
UNO,Posted  June          I would rather play UNO in person and get COVID    than deal with UPlay   Edit  Since people are actually reading this  I ll expand on why I dislike this version of UNO  Ubisoft has made it infuriating to play this game with friends  Your steam friends list is useless  All of your friends must install and create new UPlay accounts  A few of my friends aren t huge gamers  and guiding them through the install process was not a good experience  Sending and receiving friend requests and game invites is not at all intuitive for someone new to UPlay  There is no easy menu or in game way to create parties  Instead it works through the UPlay overlay which is confusing and hidden behind a weird keyboard shortcut  For many people who want to have a family or friends game night this is just too complicated  I really want to enjoy this version of UNO because the core gameplay is still great  but the amount of work required to get your friends into a game is just too much for anyone not accustomed to PC gaming 
UNO,Posted  May          You hop into a game with   friends  but you come out of the game with   friends        would lose friends again 
UNO,Posted  November          Those whom you teamed up with yesterday might rise against you today  However  those who opposed you yesterday could be on your side today   v  is the very true worth of this game 
UNO,Posted  August          Ruins friendships      
UNO,Posted  April    why the hell does uno need ubisoft connect
UNO,Posted  August          Ruined my life  Linda took the kids and the dog  I am in shambles 
UNO,Posted  December         Super Idol                                C                                 
UNO,Posted  February   you HAVE UNOOOOOO
UNO,Posted  June          My literal     hrs on record summed up    Friend   makes lobby  Friend   and I join  Friend   only sees me in lobby  I see both friends and friend   only sees friend    Starts match  Friend   gets left behind in lobby and I get into the match with friend    We leave and try again  Happens   times in     hrs  tfw didn t even get to play UNO  HOW THE HELL DO YOU SCREW UP UNO             IT S UNO      
UNO,Posted  February         good game should be cheaper
UNO,Posted  September                made me lose all my friends
UNO,Posted  December          So this game is tons of fun  I gotta say  it s fantastic to play with a group of friends because  as always  Uno is great fun  The card packs and new rulesets are also fantastic and really change up the pace of the game and make it even more fun  beyond what normal Uno can provide   That s about all it s got going for it though  The coding of the game itself and the networking are absolutely atrocious  For absolutely no reason  people will drop from games  be incapable of fully loading into games  crash on startup  etc  etc   Many core features  like calling out Uno  are broken to a degree that makes a potential win into a complete loss  Needless to say  the entire game is pretty much broken somewhere somehow despite the fact that it s literally just Uno  I have no idea how you screw up Uno this badly  but these developers apparently made that a reality  If it was just one or two of these bugs in isolation  I could put up with it  but the quality of this game makes me feel like unpaid interns created it and that it s literally just a project for Ubisoft interns to work on that generates them some cash on the side  There s no care at all for quality put into it  which I mean sure  it can t be that popular of a game and isn t a flagship  but it still flagrantly displays it s made by Ubisoft and is grossly broken  Not that I expect anything else out of Ubisoft  but for god s sake  it s just a damn card game  how do you make it so that just to play an online card game it can take    minutes of restarting games just to get it to work  only to then have people just disconnect at the start or mid game for no reason despite them having no connection issues at all on their end   The game s a hot pile of trash code cobbled together into something that got tested literally once by the devs before initial release and never fixed since  I know teenagers that could make Uno better than this  Maybe not as good looking  but at least the damn thing would be stable  especially   years after release   I m still gonna play it  cuz man I love me some Uno with friends  and I can t return it now  but I will for the rest of my life state that Ubisoft doesn t give a damn about their product quality if they can t even make Uno stable 
UNO,Posted  February         i like men
UNO,Posted  May          its uno
UNO,Posted  November          it like skyrim but with uno cards
UNO,Posted  December          Having to install Ubisoft Connect in order to be able to play is tedious and just plain stupid  I should be able to just purchase this on Steam and play it from Steam 
UNO,Posted  May    Uno with friends can be very frustrating  you know whats even more frustrating than the game itself  Trying to even MAKE a lobby with your friends to play the game you just bought  Never able to get all   of us in a lobby to play  Would stay far away from this game if you plan to play online at all 
UNO,Posted  August          Goobiesoft forgot to add an exit button to their main menu and so now my soul is forever trapped in this game to die  At least the winter theme is free  Maybe the hypothermia will get to me before the rabbids consume my mortal husk 
UNO,Posted  December          This game has caused nothing but pain and misery for me and my friends  Games last for almost an hour sometimes  and its filled with pure hatred and regret  Every waking moment I see myself drawing    cards before finally getting the color I need  as they all laugh  Some think it is a game  They could not be more wrong  Each time I achieve  UNO   I quake in my boots  knowing that I will get    d straight to hell  It is a never ending cycle of pure pain and misery that only the sweet release of getting destroyed by a Rabbid can break  A simple lighthearted card game turns into the next World War  Does winning matter  Does losing matter for that fact  At this point the only real thing that matters is keeping my sanity as the cards keep piling up  But yeah  overall this is a good game and its pretty fun 
UNO,Posted  June          Ubisoft seems not to care about server crashing  connection issues and avoiding detection by anti virus   And why does this cost       
UNO,Posted  October          Add Sex
UNO,Posted  June   the plus     incident
UNO,Posted  March          Dont buy this game if you have no friends   not fun 
UNO,Posted  February          my dumbass friend says he doesnt wanna buy uno fix the bug please
UNO,Posted  December          Do you hate your friends  I do 
UNO,Posted  December          Do not play this game  Once you enter a match  you sign a contract for a game that will never end  Uno does not end  Uno does not conclude  Uno won t let you die  Uno is infinite 
UNO,Posted  July         made me violently racist
UNO,Posted  November          Product received for free  Requires the Ubisoft launcher 
UNO,Posted  December          Uno itself is a fun game  but Ubisoft is so incompetent its UNREAL  IF YOU ARE HAVING THE BLACKSCREEN ISSUE AFTER UBISOFT LOGO THEN GO INTO NVIDIA CONTROL PANEL    MANAGE   D SETTINGS     VERTICAL SYNC      CHANGE IT TO ANY OPTION OTHER OPTION THAN  FAST  YOURE WELCOME 
UNO,Posted  March   This game taught me that my sex life is like a game of Uno  sometimes I just need a good hand 
UNO,Posted  December          It s UNO but on a screen 
UNO,Posted  June          this game ruins friendships
UNO,Posted  October          the  UNO  callout voice guy sounds like he s whisky drunk and about to beat a stray dog
UNO,Posted  October          Good Game it Just needs some  Sex  then it might be the best game
UNO,Posted  June          Really fun to play after having sex with ducks
UNO,Posted  October         uno
UNO,Posted  August   ubisoft launcher sucks very very very very bad
UNO,Posted  August                                                                                                   Are you winning son                                                                                                                                                                                                                                                                                                                                                                                                                          
UNO,Posted  January         I m stuck in the UNO verse for the rest of my existence  time does not pass  The laws of physics do not apply  mathematics does not yet exist  All I can see is UNO  all I can feel is UNO  I live and breath UNO  I can hear UNO and I can taste UNO  There is nothing left  but UNO  UNO as far as the eye can see  just UNO  I will never die  for I am always alive in UNO  For UNO is all I will ever be  To UNO  or not to UNO 
UNO,Posted  October          played for   hours  have no friends now
UNO,Posted  August         I want to kill myself
UNO,Posted  July          Product received for free  Everyone has UNO          it came free with your         Xbox 
UNO,Posted  September          i love hearing my friends scream like japanese schoolgirls over a stack of cardboard
UNO,Posted  June          All of the reviews for this game are memes  It s Uno  it s slightly overpriced so get it whilst it s on sale 
UNO,Posted  June    Endless s  t talking  high blood pressure  and makes me violent        would recommend 
UNO,Posted  December          i
UNO,Posted  September          draw    draw    how about shoot me in the skull and don t miss
UNO,Posted  July    Requires Ubisoft account   launcher Constant server issues Somehow makes trying to play complicated    GB     dollars  
UNO,Posted  February          Life changing  Before this game was graciously gifted to me  I had no purpose in life  I wandered this desolate rock with no meaning about me  But the moment I was given chance to download this game  my perspective on life was forever altered  I now sit hours at a time  playing this and this game alone  All previous relics I thought to be important became meaningless  Loved ones  potential partners  all useless before the might of UNO rabbids   Thank you  UNO  for forever changing my life for the better
UNO,Posted  May          i mean its uno i guess whatever
UNO,Posted  December         Product received for free  This game is the Dark Souls of monopoly games
UNO,Posted  August          you have uno
UNO,Posted  October   Won an Uno tournament three years ago instead of losing my virginity  worth it       
UNO,Posted  February          Ruined a friendship that ended in a triple homicide       cops wont let you play in jail 
UNO,Posted  August          The sex scenes are a bit gruesome
UNO,Posted  January         Product received for free   
UNO,Posted  December         this is the most spookie dookie game i have ever played with the grams  she told me if i lost  ill be put up for adoption
UNO,Posted  March          Pro    It s Uno  Cons    It s from Ubisoft   You have to install Uplay to play it   You have to make a uplay account to play it   You may expect unique problems Steam PeerToPeer Functions never have  NAT  you have to change some settings in your router if you wana play on LAN with other players    No Updates   No intresst from devs to solve bugs or use ideas of community   It s expensive
UNO,Posted  January          It s the best game in the universe  Think of Raid Shadow Legends but remove all of the Legends and Raid  Yeah shadow  you can literally throw a duelist into the shadow realm  When you lose you actually die  I haven t lost yet 
UNO,Posted  September    This game is terrible  not because I don t like uno  but because using Ubisoft connect is the equivalent of taking    nails  putting one underneath each nail  and walking around like a dog for   hours   Does it want admin privileges   times  Yes Does it have a weird glitch with G Hub that turns your mic gain down to   every time you close the game  Yes Can you play with your friends  Yes  well  sometimes  if it lets you Am I beyond fed up with this software  Yes Is everyone I have ever played with having a terrible experience trying to play the game  Yes  This game is fun with friends  but again   
UNO,Posted  December                                                                                                                                                                                                                                                                                                                                                                                                                                                                                                                                                                                                                                                                                                               
UNO,Posted  February          Why does Ubisoft have their own launcher     
UNO,Posted  December          This game helps you to turn your friends into enemies 
UNO,Posted  June          Right out of the bat lemme tell you this   the game is GREAT  gameplay is fluid  rules can chosen before matches  i had zero problems with running the game  and it is UNO as we remember it  fun to play with friends   that s however  where the problems began   I got this game as a gift from a friend  we were looking forward for this since we don t hang out that much anymore  and these casual fun games are just perfect to make conversation up and a good laugh  So the idea here is simple   play with friends right  No problem  Steam and Uplay are integrated into the game  so all you do is create a lobby  edit the rules  invite your friends from Uplay and done  Only not   You see the game has this archaic mechanic where if your NAT is strict  where your ports aren t forwarded  you re not in a DMZ  yatta yatta yatta   you can t create a lobby  You can get invited to your friends lobbies  if their NAT aren t classified as STRICT   but most likely during your matches  you or one of your friends will just get disconnected and a bot will take it s place  The game s netcode is at best  a joke  fragile  unpolished  unfinished  That s it s only major problem  really  i had it crash ONE time  and that was about it  but connection problems were always present  either i couldn t host  or i couldn t stay connected  or one of our friends couldn t  For a game that it s basis is online play between friends  that is a dealbreaker   Unless Ubisoft has the capacity to solve it  and let s face it  it ll be barely possible  this game will never feel like it is finished  Play at your own risk  don t get too frustrated when you get disconnected from your friends   cause you will 
UNO,Posted  March   Loved playing with friends  Sadly  that hasn t worked in over two months now   Patch in January killed it for half my friends  their fix in February finished off the rest   Thanks Ubisoft you POS
UNO,Posted  July          i love the part when i get to shoot the kids
UNO,Posted  November          My favorite part was when UNO said  its unoing time  and then unod all over the place 
UNO,Posted  March   Jesus  My child will pay     for      game that s not working  Satan  https   www crazygames com game uno online
UNO,Posted  August    Product received for free       UBISOFT AND EVERYTHING THAT THEY STAND FOR I JUST WANT TO PLAY SOME          UNO THAT I GOT ON STEAM BUT NO  I NEED TO INSTALL UBISOFT S VEILED      ATTEMPT AT MAKING A          GAME LAUNCHER  THEN I GOTTA LOG IN WITH THEIR         ACCOUNT THAT WILL IP LOCK YOU OUT FOR AN HOUR IF YOU GET YOUR PASSWORD WRONG THREE TIMES  THEN ONCE YOU FINALLY GET INTO THE GAME AFTER    MINUTES OF          THE WHOLE         THING CRASHES AS SOON AT THE GAME STARTS BEFORE YOU EVEN GET A SCENT OF A               UNO CARD 
UNO,Posted  November          Have to download a Ubisoft app to even launch  then the online doesn t even work       was not cash 
UNO,Posted  April          i kisss boys
UNO,Posted    October       같이 하면 재밌는 우노 게임입니다  개인적으로 좋았기에 긍정 평가를 하지만 아쉬운 점이 있다면 다음과 같습니다      강제  인 고정 왜  인만 플레이 해야 하나요   인부터  인까지 바리에이션을 넓힐 생각은 없나요  업데이트해서 그렇게 해봐요  좀        판매 방식을 바꾸어야 됩니다  기본 가격이 한화로       인데 이거 주고 사기에는 메리트가 아쉽습니다   인이 해야 된다고 하면  만원인데  실제 오프라인의 오리지날 카드 가격은 기본가격과 같습니다  카드 하나면 여러명이 플레이가 되는데  굳이 카드 하나 가격을 주고 이 게임을 사야 될 이유가 있을까요  차라리 호갱님들을 노리는 전략은 어떻습니까  본 게임의 기본 가격은     원대로 낮추고  DLC를 파는거죠  말이 DLC지 오프라인에서 오리지날 우노 카드 산다고 타사 IP 우노 카드 가격 줄여주는거 아닌걸 보면 DLC 가격에 새 카드 사는거랑 마찬가지니 서로에게 좋을 수도 있습니다  실제로 우노로 나온 타사의 IP란 IP는 다 끌어다 DLC로 발매 시도 해보시는것도 좋을겁니다  겨울왕국 같은 디즈니사의 우노  스폰지밥  포켓몬  그 외에 다수    될수 있는 우노류는 죄다 끌어서 DLC로 내세요  아니 그전에 마텔사의 IP로 만든 우노는 협의 과정이 그렇게 깁니까  톰 클랜시 시리즈 우노나 어새신 크리드 우노  Anno 우노나 파크라이 우노도 고려해 보세요    저작권 때문에 가격이 개당     원보다 넘어도  본편 가격보다 비싸지 않으면 좋다고 사줄겁니다  호스트가 해당 DLC를 가지고 있으면 그 테마로 플레이 가능하다는 점은 유지시킨다면 평가는 수직상승할겁니다    근데 그럼 규모가 커지니 그러진 않으시겠죠        현지화 텍스트가 중요한게 아니고 텍스트량이 많진 않지만  안 많으면 한국어로 로컬라이즈 해주시지   
UNO,Posted    October       시발 운영자새끼가 봇으로 장난치냐 어케하면  시간  분동안 게임이 안끝나냐 그리고 그걸 또 봇끼리 짜고쳐서 봇이 이긴다 시발 좆같은새끼야
UNO,Posted     January Product refunded    경고     유비소프트  유비라서 욕한 게 아니라  욕하고 보니 유비였더라  
UNO,Posted     July       보드게임카페 같이 갈 친구 없어서 샀는데 여기서도 같이 할 친구 없는건 피차일반인듯
UNO,Posted     January       우 노
UNO,Posted    August         퍼 이상 할인할때 사셈
UNO,Posted    October       씨 발 좆망겜   시간   분동안 처햇는데 봇이 이겻음
UNO,Posted     December       야 재밌다   
UNO,Posted    July       일단 추천은 한다만 금방 질리게 될 게임이다  가끔씩 혼자있고 싶을때 할만한 게임이라고 본다 
UNO,Posted     March       뭔 시팔놈의 게임이 이따위냐 What the         game it is  당장  v  매칭 잘 잡히게좀 해라 Make this game easy to get access  v  matching NOW   그리고 AND  게임에서 빈 방 있으면 친구 초대할 수 있게 해라 While I m playing this game  If there s empty space for player make it possible to invite my friend   알았냐 OKAY   시발      YOU
UNO,Posted  April         온라인에서 한번도 이긴적이 없다    내가 못하는 건가  항상 못이랑만 해서 이긴다 온라인에선 가끔 하지만 재미있긴 하다
UNO,Posted  February         우노는 테탑에서 하세요    제발
UNO,Posted  December          실행 좆같이 안되고 존나 크래시만 나네 개 쓰레기게임
UNO,Posted  May          우노는 언제 우노 깔깔깔
UNO,Posted  May          Product received for free  친구 없으면 못하는 원카드게임
UNO,Posted  December           뭔 우노야 이거나 쳐먹어라
UNO,Posted  February         재밌음
UNO,Posted  June          온라인 안됨 된다고 적혀있지만 안됨
UNO,Posted  May          먼데 온라인 안되냐  바럼들아
UNO,Posted  December          자신의 카드 패를 이용해 게임을 거머쥐어 보세요   우노 UNO 는 특히 외국에서 인기가 많은 카드 게임입니다  가운데 버려진 패와 같은 숫자 또는 색깔의 패를 내면서 자신의 패를 모두 내면 승리합니다  색깔을 바꾸거나 상대방에게 카드를 먹이는 특수 카드들이 있으며  판도가 자주 바뀌기도 합니다   몇 가지 게임 모드에 따라 색다른 규칙을 적용하여 즐겨볼 수 있으니 입맛대로 골라해보세요 
UNO,Posted  September          원카드 상위호환
UNO,Posted  September          몇명한테 사줬는데 손절당해서 못하고 있는 게임
UNO,Posted  February          uno 자체는 좋은데 매칭이 너무 구리고 옵션도 몇개 없고 결정적으로 게임이 자꾸 중간에 멈춰서 도저히 못해먹겠다  엥간하면 환불 안할라했는데 너무 대충만들었어   
UNO,Posted  March          fun with friends
UNO,Posted  January         hmm MAYBE
UNO,Posted  November          같이하면 꿀잼  근데 나만 운없어서 당한다
UNO,Posted  June          온라인 플레이 안됨 사지마세요  싱글도 안됨 비응신 게임임
UNO,Posted  October          아니    발 왜 온라인이 안되냐거 서버 고쳐 개새기들아
UNO,Posted  July          주작겜
UNO,Posted  December          친구 들 이랑 심심할때 킬링타임 용으로 매우 좋은 게임      카드 일부로 많이먹어서 바꾸는것도 개꿀잼
UNO,Posted  January          우노 게임을 사서 해보니까 진짜 재밌네요 그리고 처음에 봇으로 하는거 재미없음 그냥끄고 온라인으로 하시면 됩니다
UNO,Posted  June         YOU HAVE UNO   세계적인 명작 카드게임인 우노입니다  유일한 단점은 세일 안할때   달러나 처먹고 유비소프트에서 서비스한다는 겁니다  옛날겜이라 당연히 FHD 이후 해상도 지원 안하구요  유비 친한 게임사라고 오지게 언플하던 그분들의 의견 제대로 묵살하듯 한글화도 안되어있습니다  감사합니다 
UNO,Posted  January          네가 원한다면    카드 과 건너 뛰기 과    카드 세시간 동안 다음이 게임을 구입
UNO,Posted  September         
UNO,Posted  July   한번할때 플탐   분 이상이 나오는 갓겜
UNO,Posted  December          우노 
UNO,Posted  December          할인  천원도 아까운 게임  인공지능 애들 상태만 봐도 얼마나 대충 만들었는지 보인다 너무 성의없이 만들었다   평가 보고 사지말았어야 되는데 호기심 때문에     모바일 우노 무료겜도 이것보단 잘 만들어놨다
UNO,Posted  August         장점    해즈브로에 모노폴리가잇다면 마텔에는 우노가 잇다고 할만큼 유명한 카드게임    그 트럼프카드로 손쉽게하는 원카드랑 비슷한게임이라 쉽게즐길수잇음  단점    우노는 기본적으로     명플레이 게임이고 추천으로는    명인데 이 게임프로그램은  명고정이라서 무조건  명을 만들어야하는게 문제   우노 원판이     달러에 BTS버전 원피스버전 포켓몬버전 온갖 버전들도   달러 내외로 팔리고잇음 근데 이거 게임하나가 만원이네  친구끼리 플레이하려면 x 네  심지어 테마는 별도네     AI플레이는 난이도조절이없음  총평 우노자체는 정말 재밋고 좋은 보드게임인데 이게임프로그램은 별로임 차라리 테탑시뮬레이션을 사는게 나을정도 원본처럼     에 초대로 멀티플레이까지 가능하게하던가  in팩을 싸게 팔던가하고 dlc팔이를 하는게낫지않앗을까 그리고  명제한을 풀어버리고 언어도 좀 추가해주고     그래서 우노는 추천 이게임은 비추천
UNO,Posted  February            내돈내산   개샀읍니다    게임 재밌음 유서깊은 갓겜인 우노가 재미없을수가 없기때문에  근데 이걸 누가 친구들끼리 하는데 전원이 만원에 산다음 컴퓨터 켜서 온라인으로 함  병신도아니고 다른  천원  천원 멀티되는 게임들 많은데  제일 어이없는게 우노 카드게임 가격이 한팩에 만원이다 만원만 있으면 현실에서 친구 넷이랑 놀수있는데 이건 시발    네명이서 한다고 가정하면  만원임 이 돈으로 테이블탑 시뮬레이터를 사서하자
UNO,Posted  March   저의 Steam 게임 중  번째 플레이작 입니다  친척들과 추억삼아 보드게임을 즐겨 보던 중 눈에 띄어 플레이 해봅니다   먼저  UNO를 보드게임으로 해오면서도 몰랐던 규칙에 대한 부분도 알게 되어 놀랐는데요  숫자  의 패바꾸기   의 회전바꾸기가 제일 신선했습니다  이 게임에만 해당하는 건지는 모르겠지만요     노말 UNO를 제외하고 모드 UNO를 DLC로 대표적인것을 같이 구매해서 플레이했는데요  Online 플레이를 할때 랜덤으로 체험할수 있어서 굳이 살 필요는 없을듯합니다  같이 할 사람이 있다면 같이 사겠지만요    th는 동전 던지기  Flip은 뒷면  색 전략게임 으로 하면 할 수록 빠져 드는 재미가 있어 강력 추천합니다   생각보다 AI랑 혼자해도 재밌으니 꼭  인으로 해야한다는 편견은 안 가져도 될듯합니다  게다가 유저도 꽤 있습니다  다만  외국유저가 많다는 것을 생각하고 시차를 고려해서 저녁이나 늦은밤에 플레이 해보심이   
UNO,Posted  August          친구랑 같이하면 재밌음  봇이랑 같이 플레이하면 애들이 패를 다 아는듯이 너무 잘 공격해서 짜증나게됨  최소  명이서는 같이하되  명이 최대이니 가능하면  명이서 하도록 바람
UNO,Posted  August         하고 싶은데 친구가 없어          
UNO,Posted  July          Product received for free  나름 재밌음
UNO,Posted  June          이게 뭐라고    시간을
UNO,Posted  June         Product refunded  친구없으면 온라인 안됨
UNO,Posted  May          살거면 온라인 없는 게임이라고 생각하고 사세요  사람이랑 할려고 샀는데 서로 짜고 치는 옴닉이랑만 플레이 할 수 있어요  사람이랑 못해요  친구랑 오프라인에서 해야겠다 
UNO,Posted  May          친구랑 해서 이기면 세상에서 제일 꼴받게 깝칠 수 있음 물론 졌을땐 친구가 그렇게 깝쳐줌
UNO,Posted  February          근본을 지키는 게임
UNO,Posted  February          우노
UNO,Posted  May          구입 후 저번달까지도 온라인플레이가 가능했던 것 같은데 현재는 온라인에 접속하려고 누르면 Unable To Connect Looks like you re unable to connect to the host  Please check your network and try again later  이 창이 뜨며 접속을 할 수 없다 또한 온라인 접속이 가능했었을때는 한국에서 방을 만들고 랜덤으로 다른 유저들과 같이 플레이를 하면 도저히 진행이 불가할 정도로 멈춤현상이 심했다
UNO,Posted  January          goot gam
UNO,Posted  January          왜 게임이 안끝나 
UNO,Posted  November          사이버 만원주고 사긴 아까운 게임
UNO,Posted  November          한글 미지원이지만 없어도 진행에 어려움이 없다  색을 맞추거나 숫자를 맞춰서 내는 간단한 카드 게임임에도 불구하고 다양한 기능 카드와 룰 방 생성시 설정 가능  때문에 굉장히 재미있게 플레이 할 수 있다  한판당 플탐도 짧기 때문에 늘어지지 않으며 때문에 묘하게 계속 플레이 하게 된다  친구와 하게되면 대화하면서 할 수 있어서 훨씬 재미있다 
UNO,Posted  November          재밌는데 오류가 더럽게 많이 난다
UNO,Posted  November         이 게임을 하고 유희왕이 탄생했습니다
UNO,Posted  September          친구에게 카드  장 이상 먹이면 기분이 아주좋아짐
UNO,Posted  June          같이 할 친구가 없어서 ai랑만  시간 했는데 재밌네요   온라인 매치 있는 거 같아서 눌러봤었는데 바로 튕겨서 그 후론 눌러보지 않았어요 
UNO,Posted  May          라운드가 끝나면 새로운 매치를 다시 잡는게 아니라 그 인원 그대로 재시작이 되기 때문에  매칭시간 없이 몇시간동안 플레이할 수 있어서 좋아요  게임 중간에 플레이어가 나가면 AI로 대체되다가 바로 다른 플레이어로 채워져요  게임에서 만난 유저들과 스팀친구 추가 할 수 있는 기능이 있었으면 좋겠어요 
UNO,Posted  April          친구 없다
UNO,Posted  December          JMT
UNO,Posted  December          친구들과 하기에 정말 적합한 카드게임 정말 재밌고 즐겁습니다  소통 프로그램을 통해 마이크로 통화하며 카드게임을 하니 이렇게 재미있을수가 없네요  강추드립니다  
UNO,Posted  December          pog
UNO,Posted  October          당신이 카드를 먹는 순간 어느샌가 카드가   개가 넘습니다
UNO,Posted  October         멀티사람없음 사지마셈
UNO,Posted  September         할거없을때 몇판 재미로 돌리기 좋음
UNO,Posted  July         인원제한 강제 명만 풀어주면 갓겜     명이어도 팀전으로 한다면 AI를 껴도 재밌는 상황이 연출되니 갓겜 맞음  아무리 오래 즐길 자신이 있어도 되도록이면 꼭 할인할때 살것   
UNO,Posted  May          진짜 게임이 불안정함  중간난입  복잡한 룰  클래식x  답답한 인터페이스  차라리 모바일 우노를 내놨으면 당장 질렀을텐데
UNO,Posted  May          장점   굳이 한국어 없어도 재밌는게임 단점   인싸게임
UNO,Posted  February          Product received for free  Write a review for UNO Please describe what you liked or disliked about this game and whether you recommend it to others  Please remember to be polite and follow the Rules and Guidelines    Visibility  Public Language  English Allow CommentsFormatting Help Check this box if you received this product for free     Do you recommend this game  Yes  No
UNO,Posted  May          한장 남았을때 들리는 찰진 소리      남자 목소리가    진국
UNO,Posted  May         우 노우 
UNO,Posted  April         세일에서 몇천원에 사서 그런지 나름 만족스럽습니다  그런데 정가주고 살만한 게임은 아닌듯   우노게임 그 이상 그 이하가 아닙니다  차라리 현실에서 사람들이랑 얼굴맞대고 우노하시는 게 훨 나음
UNO,Posted  March          하지마세요 걍 현실에서 하는게 더 재밌습니다 
UNO,Posted  March          킬링타임으로 할만한 카드 게임이네요  온라인으로 할때 심리싸움 쩔어서 시간도둑용으로 제격입니다 
UNO,Posted  March         어림도없지 리버스카드 오픈 
UNO,Posted  October         운빨     판단력    
UNO,Posted  August          N
UNO,Posted  August         재밌는데 서버가 쓰레기
UNO,Posted  March          오늘의 우노 너무나 재미없었구요 다른겜에서는 개방형으로 뜨는데 유독 유비소프트만 제한형으로 뜨는 갓겜이구요 네트워크 이상도 없는데 오류 뜨는 갓겜이구요 처음에 멀티 입장하면 무한 로딩 뜨는 갓겜이구요 쓰리갓겜판정을 얻은 이 게임 유비라 망했구요 멀티는 되는 사람만 되는 망겜 너무나도 진짜로  못 해서 너무나 재미없었구요 다음에도 절대로 안 사겠습니다 그럼 또 보죠 
UNO,Posted  July         Best game ever very hard pp        XAXAXAXAXA
UNO,Posted  July         친구갓겜
UNO,Posted  July         good
UNO,Posted  March         Stacking  Jump in  Draw to match 갓겜은 멀지않은 곳에 있었다
