title,review
백화점 스토리  MEGA MALL STORY ,Posted    July       This is my fav phone game    it works great on my PC  Between setting up combos and floor compatibilities not to mention leveling there is surprising depth to this little game 
백화점 스토리  MEGA MALL STORY ,Posted    June Good game  It was fun trying to figure out what stores went together and what didn t work  I must have re arranged my mall    times  Engaging game play  Not quite as cute as the other Kairosoft games  but still enjoyable 
백화점 스토리  MEGA MALL STORY ,Posted     April When I was a kid I was really into Tiny Tower    I got this game on a whim because it seemed similar and I just finished what basically was a   hour binge and just pulled an all nighter    so thanks I guess     
백화점 스토리  MEGA MALL STORY ,Posted     July       This game ruined my life 
백화점 스토리  MEGA MALL STORY ,Posted     January I love kairosoft games so much 
백화점 스토리  MEGA MALL STORY ,Posted     November       Dear Gods  can you not turn off the horrible BGM in this game  It s        
백화점 스토리  MEGA MALL STORY ,Posted    July       However I love this game
백화점 스토리  MEGA MALL STORY ,Posted     July       This is a borderline thumbs up based on  st playthrough  It provides about     hours of fun and addictive gameplay before it turns repetitive and mundane  Pros   Relaxing Nice bgm Micromanagement without being too overwhelming Wide varieties of stores to unlock  Cons   Endgame unlock on final store customer is a chore and basically leaving the game on for farming  levelling up Turns bored by in game   yrs as achievements stores customers are mostly unlocked Not much value for replay  Get it on sales for a good value for money
백화점 스토리  MEGA MALL STORY ,Posted     July Megamall Story is one of those quirky niche Kairosoft simulation that are just fun to play to while away the time  It s not the first tower game out there with Sim Tower being its precursor and Project Highrise being a more complex game  but its sprite animation  combo search and Kairo mascot hunt are true to the studio s legacy   Plus Points   Fun easy going and stress free game of tower building to while away some time   Cutesy graphics are better than the sprite ones in mobile games and nicely done   Simple mechanics makes getting into the game easy for anyone and not overly frustrating in its challenge   The fun challenges in finding combos and meeting progressive targets through the game    Among the classics of Kairosoft games so playing it again is nostalgic  Negative Points   Mobile to PC port does have some archaic bugs and sub optimisation such as the cursor issue but not game breaking at least    May be dragged down by some late game repetition and plateauing in game play    Bearington is a headache to attract as a regular to get the last achievement in this game alone    The tower is limited in space  while giving some challenges strategic thought limits the overall combos and number of shops you can build   It s a nice fun and relaxing game to play in between more serious gaming 
백화점 스토리  MEGA MALL STORY ,Posted     January I ve been itching to play an idle simulation game on PC recently  and I was hesitant to get this game solely based on some of the fonts  This game satisfied my cravings fully  This game is perfect for when I just want to turn my brain off and feel like I m making money  The UI personally took some getting used to while playing  but everything naturally made sense as I kept going 
백화점 스토리  MEGA MALL STORY ,Posted  July          a very good game 
백화점 스토리  MEGA MALL STORY ,Posted  October    nice game
백화점 스토리  MEGA MALL STORY ,Posted  October    I absolutely love this game     It is so addictive and I love Kairosoft 
백화점 스토리  MEGA MALL STORY ,Posted  September    Wildly addicting 
백화점 스토리  MEGA MALL STORY ,Posted  September    hyperfocus hungry  feed it    hours of kairosoft games
백화점 스토리  MEGA MALL STORY ,Posted  September    definitely a good way to farm dopamine  chill af  adorable  nostalgic
백화점 스토리  MEGA MALL STORY ,Posted  September    Love it 
백화점 스토리  MEGA MALL STORY ,Posted  October   I love this game except one thing    I can t get Rank    or the Casino  Right now my best store is the Observation deck with yearly sales of             I ve had Bowling Alley and Supermarket take that place as well  Every time I rank     I have the most combos possible  I have all the investments  I have all regulars  except the duck that wants the Casino   What can I do   I m on year     and I am stuck  
백화점 스토리  MEGA MALL STORY ,Posted  September    This game was amazing years ago when I played it on my phone  And now  here on Steam  it is still that amazing and really fun game that it always has been  It is great building your own mall with lots of stores  combo s and more 
백화점 스토리  MEGA MALL STORY ,Posted  September    the game is quite exciting and difficult  to play until you have a lot of money is easy but to become number   is very difficult  it took me    hours to complete all the achievements  the way to complete it I have to see what the minuses are  You really need to pay attention to each income which is quite complex and finally complete  Maybe someone can do it faster  but I tried without any help and tried it myself and finally succeeded  The difficulty here is choosing and arranging the location of the mall because if you delete it  it s difficult to lose if you move it 
백화점 스토리  MEGA MALL STORY ,Posted  August    Have played Kairosoft games on iOS     years ago  Loved them  Now get to play them on PC  too  Mega Mall Story is somewhat like the other  D tower building games but way more casual  smaller and easier  Perfect for some relaxing time after work  Haven t had any bugs  no huge performance requirements  I would expect that even my notebook could run it  Controlls feel a little weird on PC but thats okay  because it is touch optimized and I m not sure but I think controller is ok  too  Could recommend to everyone loving tycoon games if its okay if its not toooo serious  I  d assume you can t lose in this game  at least it feels like  Kinda wholesome 
백화점 스토리  MEGA MALL STORY ,Posted  April   Mega Mall Story is a neat simulation game that is a great example of a game that plays itself done right  Its super engaging to continually unlock new shops to experiment with  manage huge amounts of customers coming through your doors each day and competing with rival malls that open  Mega Mall Story offers a unique approach to a simulation game by only really letting you expand your mall vertically and slightly horizontally  but it can feel a bit limiting due to this  This will make you choose carefully how your mall is laid out and what shops to combo next to each other to maximise your layout  There are also lots of features such as seasonal shopping sprees  customer popularity spikes and other events  its a great time passer with lots of Kairosoft s usual charm  I rate this title   Mega Malls out of    
백화점 스토리  MEGA MALL STORY ,Posted  August   Great app  worth the money 
백화점 스토리  MEGA MALL STORY ,Posted  June   It s Great 
백화점 스토리  MEGA MALL STORY ,Posted  May    if you love pixel games     get this one and relax 
백화점 스토리  MEGA MALL STORY ,Posted  May    is a nice game
백화점 스토리  MEGA MALL STORY ,Posted  March   This version is easy and chill  not very competitive
백화점 스토리  MEGA MALL STORY ,Posted  February    expensive but love it 
백화점 스토리  MEGA MALL STORY ,Posted  February   getting good until the bastard rival mall sabotaging my entire business
백화점 스토리  MEGA MALL STORY ,Posted  March   Mega Mall Story is an idle type management game where you arrange shops in your very own mall  and try to invest in the community and become the very best mall in the world  It feels very similar to other games from this franchise  and I found it very fun  Well executed and fun  bright colors with a ton of ways to arrange your mall to get bonuses and have fun 
백화점 스토리  MEGA MALL STORY ,Posted  January    good fun game  a game that you don t have to really think to play  nice for when you don t want anything intense 
백화점 스토리  MEGA MALL STORY ,Posted  January    It good  my childhood game  Managing the mall is fun 
백화점 스토리  MEGA MALL STORY ,Posted  December          Had Mega Mall Story originally on my Switch  Wonderful to have it on my laptop along with all the other Kairosoft games 
백화점 스토리  MEGA MALL STORY ,Posted  October          A very addictive little game  Got sucked in immediately and can t stop playing 
백화점 스토리  MEGA MALL STORY ,Posted  September          Just as all Kairosoft games  it s very simple yet very fun 
백화점 스토리  MEGA MALL STORY ,Posted  September         I really like this little game so far  isn t as easy as it might look  without being impossible  I know I ll be plaing for a while 
백화점 스토리  MEGA MALL STORY ,Posted  August          good and cool looking 
백화점 스토리  MEGA MALL STORY ,Posted  August          Solid game  good developers 
백화점 스토리  MEGA MALL STORY ,Posted  August          Fun game 
백화점 스토리  MEGA MALL STORY ,Posted  August          Fun game 
백화점 스토리  MEGA MALL STORY ,Posted  August          Wonderful game 
백화점 스토리  MEGA MALL STORY ,Posted  August          This game is really enjoyable 
백화점 스토리  MEGA MALL STORY ,Posted  August         Very fun game to play
백화점 스토리  MEGA MALL STORY ,Posted  July          good
백화점 스토리  MEGA MALL STORY ,Posted  July          However I love this game
백화점 스토리  MEGA MALL STORY ,Posted  July          AMAZING
백화점 스토리  MEGA MALL STORY ,Posted  July          Good game  impressive developer 
백화점 스토리  MEGA MALL STORY ,Posted  July         The game is fun to play 
백화점 스토리  MEGA MALL STORY ,Posted  July         PLAY  
백화점 스토리  MEGA MALL STORY ,Posted  July          Really fun game  all the different combinations kept me playing  Only issue I had is theres literally no tutorial  so look on the wiki but I made it through quite a bit without needing it  Cant wait for them to release MMS     
백화점 스토리  MEGA MALL STORY ,Posted     July       재밌어유
백화점 스토리  MEGA MALL STORY ,Posted     October 배치 원툴 게임 입구 방향 신경 안써도 됨 하지만 층수별로 상성별로 신경쓸게 많음 인터넷에 공략이 아주 잘 나와있어서 진행하다 막히면 보면 됨 게임 도전과제     채우는건 무난함 호박상점에서 매년 구매 가능한 배치도는 도전과제중   종류 배치 해금 조건이니 미리 구매하는걸 추천
백화점 스토리  MEGA MALL STORY ,Posted     October 재밌는데 배치망겜 
백화점 스토리  MEGA MALL STORY ,Posted    October 전문코너에 층수 보너스도 있어서 배치하는게 머리아픔
백화점 스토리  MEGA MALL STORY ,Posted    October good 
백화점 스토리  MEGA MALL STORY ,Posted    October 아니 철거 잘못 눌렀을 때 한 번만 더 물어봐주면 어디 덧나냐고   
백화점 스토리  MEGA MALL STORY ,Posted    October 옛날 심타워 느낌의 사이드뷰 상점빌딩 경영 시뮬레이션  카이로 게임 특유의 스타일 중 배치 상성에 신경쓰는 타입이다  또 카이로 게임답게 쉬운 난이도와 심플한 진행이라 적응도 매우 쉽다  물론 그런만큼 최종적인 건물 크기도 작은 편이고  파산의 위험도 거의 없기 때문에 긴장감도 낮다  다시말해 가볍게 즐기기에 딱 좋은 게임  이런 부분이 카이로 게임의 매력이기도 하고 
백화점 스토리  MEGA MALL STORY ,Posted     September 아 씨발 이렇게 할껄 아 씨발 이거 여기다 배치 할껄 아 씨발 괜히 설치했네 아 씨발 불경기네 투자 해놓을껄
백화점 스토리  MEGA MALL STORY ,Posted    June 시간가는줄도모르고플레이했습니다띄어쓰기할시간없슴미다당장구매해서플레이하십셔  
백화점 스토리  MEGA MALL STORY ,Posted    June 카이로소프트 게임 중에서도 쉽고 단순한 게임  그냥 빈 공간에 매장이나 시설 지어서 돈 벌고 그 돈으로 매장이나 시설을 더 짓거나 주변 지역에 투자해서 신규 고객 유치하거나 하면서 계속 백화점을 키우면 됩니다  캡슐 과자 가게 자판기처럼 특정 매장이나 시설  개를 나란히 지으면 품질이나 평판  가격 등에 보너스를 얻는 콤보가 존재하니 건물 재배치 기능을 적당히 활용해 가면서 백화점을 콤보로 채우다 보면 엔딩을 볼 수 있습니다   회차 특전은  배속 모드 해금과 시설  특수 건물을 제외한  회차 때 해금한 모든 매장을 처음부터 지을 수 있는 거라서 취향에 따라서는 다회차 플레이도 할 만 합니다  게임 템포가 굉장히 느려서 성격 급한 분들께는 추천 드리지 않고 그냥 캐주얼 게임 느긋하게 플레이하기 좋아하는 분들께     이상 세일할 때 구매하시길 추천 드립니다
