title,review
트리플 판타지,Posted     August        Triple Fantasy  is a mobile game that s been lazily  adapted  to PC in an attempt to milk the Steam player base as well  You re still asked to  tap the screen  which of course does nothing on most PCs and while an attempt was made to conceal the fact the game runs in portrait mode it s quite a waste of screen estate   The core mechanics are quite interesting with the many ways to create combos with your cards but everything is dragged down by the aggressive monetization  There s an energy system preventing you from just playing the game as long as you like  there are advertisements for in game purchases everywhere and every little bit of the game is monetized to hell  This isn t a problem at first because you get showered with stuff over the first few levels but trust me   this will dry up quickly and then you ll hit a wall you can only break through by paying  Of course about every dark pattern www darkpattern games  you can think of is used here   Visually it s a mixed bag of proper background artwork and very pixelized card monster art  As is often with mobile adaptations you can t access the options menu before you have slogged through the tutorial but there aren t many options there anyway  I can t comment on the sound because I turned it off  There s a license violation to be found as the devs used a https   freesound org people xserra sounds    file that s CC BY     but not mentioned in the credits   Even with the interesting game mechanics I can t recommend  Triple Fantasy   Of course it s  free  so you can easily find out yourself if you can live with the restrictions or not 
트리플 판타지,Posted     August       Typical gatcha mobile game play that couldn t even be bothered to pretend it was a PC game  Blatant cash grab with boring mechanics  Hard pass 
트리플 판타지,Posted     August                           I m a simple man  I see Culture  I click buy 
트리플 판타지,Posted     August       Product received for free  about       hours of rerolling  finally got someone i wanted with the premium codes    anyway  the game is very simple and cute  I d say its worth trying out  The game so far has no pay wall to progress  I m sailing along nicely  They also give out a bunch of free legendary cards if you login daily  Not sure how long it will last but i ll assume two weeks from now   You get about     premium cards  you can input them when your level   in the settings menu  If ya don t get what you like then you can reset your account and try again  I put the active codes below    Premium codes are  TFMADHATTER TFSONYCAST TF   ACE TFYOUNJOY TFHUJINATTU AUGUST    
트리플 판타지,Posted    October       if they made realistic prices sure  For what they charge  unless your a multi millionaire don t bother 
트리플 판타지,Posted     October       Fun for a couple of hours for free  graphic could be better  don t be afraid to spend gems to win battles 
트리플 판타지,Posted     April For God so loved the world  that he gave his only Son  that whoever believes in him should not perish but have eternal life   John     
트리플 판타지,Posted     August       The game has an interesting poker deckbuilding mechanic that is worth considering from a strategic perspective with other card driven mechanics associated with specific cards  such as critical damage or healing  I m going to recommend it merely for that unique element for people to consider  I won t play this game due to the energy system and gacha mobile monetization  If a similar game with a similar poker deckbuilding mechanic existed in a roguelite or more dueling centered game for    bucks I d put more thought towards buying it 
트리플 판타지,Posted     March Product received for free  Before I played Triple Fantasy  I had a small pp  no friends  no gf  depression  and no life  These things havent changed  but the game is pretty good
트리플 판타지,Posted     October One of my closest friend who I play with said if I post a review on the game and it gets    likes and    Awards that he will buy me a new gaming chair to replace my floor mat and a new keyboard to replace my current apple keyboard  So im just gonna leave this here  Help a brotha out
트리플 판타지,Posted  September    Seems like it might be fun given time  but everything feels scrunched because it s a lazy mobile port  Other games do much better  so there s no excuse for how bad it is 
트리플 판타지,Posted  November          Been playing for years on the phone and finally on Steam  The latest update broke the PC UI and revert it to the phone UI which is a shame but still a quick fun game to be had anywhere on the go or on desktop 
트리플 판타지,Posted  September    This is more laughable than anything else  Mobile games on PC  Mobile game check list  Free  Check Lazy art  Check Horizontal screen  Check Pay to Play  Check Ads to buy stuff  Check  Come on devs    for a deck pack   I would hate for the fact that crappy mobile games coming to steam  Please remove game 
트리플 판타지,Posted  July    A mobile card game with beautiful and strong characters  Pixel graphics  When playing this game you will find it great to launch card combo skills or go through the map  Light game for relaxing games  I think so  Don t put too much weight on gaccha  then you will also own all the powerful heroes 
트리플 판타지,Posted  February   This arcanepunk update is just too silly  have you guys tested your new cards  skills before you release them  Besides  always got stuck in the game when I play this on PC  This is really a fun game but the designers have been keeping spoiling it  wish for further improvement in the future 
트리플 판타지,Posted  August          I like it so far  but I m weird  and prefer playing phone games on my computer  It s actually an excellent port and looks quite good  Reasonably generous to start  with no paywalls yet  Feel free to ignore the BUY NOW assaults  Gameplay looks simple  with some triple cleverness  but by Chapter    it s already getting challenging  Worth a try if you have time to kill 
트리플 판타지,Posted     September       겜 시작하자마자 패키지 들이미는 겜은 거르라고 배웠습니다
트리플 판타지,Posted     August       글로벌 신섭인 줄 알았는데 그냥 기존 서버에 스팀만 붙은거였네요    다같이 새출발 할 수 있을 줄 알았더니    게임성과 관계없이 개인적으로 실망한거라 평점은 안 건듭니다   
트리플 판타지,Posted     January 몇 년간 서비스하던 모바일 게임을 스팀으로 출시하였고 도전과제가 많아서 하게 되었습니다   카드뽑기를 통해 카드덱을 구성  카드덱을 이용해서 조합을 짜고 배율을 올려서 전투하는 턴제 카드 RPG입니다  오직 수동조작이며 자동전투나 소탕 같은 것은 없습니다   재미는 있어서 계속 하였으나 즐길 만한 건 다 즐겼고 이후에는 그냥 반복만 하게 되어서 도전과제는 얼마 못 했지만 중단하며 작성합니다  도전과제 중     일 연속출석을 목표로 했지만 계속 하기에는 반복으로 인한 재미감소에 업데이트가 너무 느려서 더 이상 하기 힘드네요   이 게임은 이야기가 존재하지 않습니다   어느 순간부터 요구하는 것들에 비해 보상이 매우 초라하게 느껴질 것입니다  광산   라운드  마신   레벨  투기장  실험실 등 강해지는 것에 비해 보상이 제한되거나 너무 적습니다  그리고 이것을 제한된 횟수에서 반복해야 합니다   유저한테 중요한 것   기력  친구  다이아  전설 페스티벌  꾸준함  도전과제를 전부 하실 생각이신 분들께는 절대 추천하지 않습니다     연속 출석     일   작성자        일에 중단   모바일 연동하거나 매 달 더블 멤버쉽 결제하면 연속 출석 유지하기 쉬움    백만번 공격하기   작성자      번    이거 달성하려면 몇 년이 걸릴 지 알 수 없음     기타 등등   작성자의 도전과제 상태        개   위의 두 개를 제외하고도 남은 것들 중 오래 걸리는 게 많습니다     플레이 시간       시간에 중단  도전과제 상관없이 하실 분들은 무과금으로도 천천히 매일 광고보면서 하면 할 수 있기는 합니다  모바일 연동해서 하는 것이 좋습니다 
트리플 판타지,Posted     January 덱을 짜고 거기서 나오는 조합으로 카드가 강화되며 그것으로 몹을 후루륙챱챱 때려잡는 게임입니다  거기에 장비와 룬 조합 그리고 내 힘으로는 부조카당 싶으면 친구 소환을 통해 더욱 강력한 덱을 짤 수 있습니다  카드에는 빨 불  초 풀  파 물   거기서 강철 신성 마법에서 각  종이 있으며 등급은 일반 희귀 영웅 전설 총  가지입니다  당연하게도 뒤의 등급일수록 뽑기가 어렵습니다   이 게임은 무과금으로 진행해야 정말 꿀잼입니다  차근차근 진행해가는 맛이 있지요  카드 뽑기로 구한 친구들을 어찌어찌 강화해서 이얍  하고 때려잡는 맛  쪼렙에 퍼주는 보상  너무 꿀맛이었습니다   하지만 전 명절을 맞아 열린 이벤트  배 충전  지르면 또  배 충전  에 좋은 카드를 빨리 얻고 싶은 마음에 시뻘개진 눈이 멀어버리며 지갑전사로  차 전직해버렸고 그렇게 스팀에 충전해둔 돈이 증발해버렸고 잔고와 교환한 기쁨 그러나 빨리 소모되는 의 다이아 폭격으로 폭풍성장을 하여 거의 대부분의 컨텐츠를 후루룩 쏙 빨아먹게 되자 이제 더이상 그리 친절하지 않은 보상을 받으며 결국 덱은 강해졌으나 재미가 반감되는 결과를 얻게 되었습니다   차근히 펼쳐지는 풍경을 만끽하며 배낭여행을 하다가 리무진 택시타고 넓은 자연을 한번 쓱 돌고오니 난 왜 택시 안 타고 걷고 있는가 하는 현자타임과 비슷한 거 같습니다   게임은 과정을 즐겨야지  결과를 즐기려고 하면 안되는 것이었습니다  역시 한국겜은 명절 이벤트가 넘모 위험하다는 것을 다시 한번 깨달았습니다  오래전 마영전때 겪어놓고는 또 같은 실수를 반복하다니    인간의 욕심은 끝이 없고 같은 실수를 반복한다더니 일단 인간이 맞는건 확정이라고 볼 수 있다는 것으로 위안을 삼아봅니다  덱 강해진 걸로 위안 삼기엔 이제 적도 세져서 잘 안되더라구요   그러니 즐기시려면 차근차근 무과금으로 가보시길 추천드립니다  저도 초심으로 돌아가 천천히 즐겨볼 생각입니다  초심이라기엔 한달밖에 되지 않았지만 말이죠    작심삼일
트리플 판타지,Posted     October       굉장히 재밌습니다  TCG 게임으로 가끔 몇 가지 의아한 부분들도 물론 있지만 굉장히 익숙하면서도 친숙한 캐릭터들이 많아 국내외를 가리지 않고 인기가 많습니다  실제로 접속해서 플레이를 하면 유럽  일본  동남아  대만  중국 등 외국인 유저들을 상당히 많이 볼 수 있습니다  국내 유저들도 단톡방과 카페가 활성화되어 쉽게 도움을 받을 수 있습니다   이런 식의 카드 조합을 통해 스테이지와 각종 이벤트  협력 컨텐츠를 클리어하는 방식은 다른 어떤 게임에서도 찾아볼 수 없는 창의적인 구성입니다  스팀 플레이는 모바일 기기와 연동이 가능합니다   근래에 추가된 시련의 탑  실험실 이외에도 계속되는 신규 컨텐츠 추가가 예정되어 있습니다  차원문을 통해 PVP도 가능하며  조만간 생길 길드 단위의 전쟁 토벌  컨텐츠도 기대됩니다   무과금으로도 물론 가능하며 실제로 게임에 상주하고 있는 갓수들 중에도 무과금 유저들이 많습니다  월간 멤버쉽 정도는 가능하다면 재도전시  혹은 추가 보상 등에서 광고가 제거되어 편하게 플레이하실 수 있습니다   기존의 겜플리트가 제작한 카드크래프트가 아케인 스트레이트로 이름을 바꾸었고 후에 네오위즈에 자회사로 편입되며 현재의 트리플 판타지가 되었습니다  근래에 들어서는 유저들의 건의와 목소리에도 귀를 많이 기울이고 세심한 반영을 하는 것 같아 보입니다   과거의 부정적인 모습과는 다르게   카드 전략 게임을 좋아하신다면 꼭 한 번 해보세요  후회없을 작품입니다 
트리플 판타지,Posted     August       변함없이 재미와 중독성을 주는 트리플판타지   흥해라    
트리플 판타지,Posted    September       하지마라
트리플 판타지,Posted     August       조합배율 뽕맛이 일품인 게임
트리플 판타지,Posted     August       초장수게임  근데 초장수한거치고 초창기랑 변한게 별루없음 카드도 얼마추가안됨    암튼잼씀
트리플 판타지,Posted     August       몇년전에 꼬접한거 연동 해봤는데 재화를 퍼주는거도 아니면서 여전히 창렬가챠  현질유도 겜은 재밌긴한데 운좋거나 현질할거 아니면 그닥    네오위즈게임 치곤 실망   
트리플 판타지,Posted  August          머리 적당히 써야하는게임 처음  시간 정도는 잼있을듯 무료게임 플탐이  시간이면 혜자
트리플 판타지,Posted  August          정말 재밌는 게임인데 가챠로 좋은 카드를 뽑지 못하면 컨텐츠를 전혀 즐길 수 없는게 흠 평소에 가챠운이 좋았다면 재밌을 게임
트리플 판타지,Posted  December          카드 수집형 RPG  방식도 독특하고 할만한데 스팀판은 광고 못봐서 반강제로 멤버십 사야함  근데 멤버십 두가지를 사야 혜택이 생김      BM이 지랄같고 후반으로 갈 수록 한대만 게임됨
트리플 판타지,Posted  September         대전이 없어서 걍 지루함  이게 무슨 의미지  이런거에 돈을 쓰는  들이 없기를 바랄뿐 
트리플 판타지,Posted  October    머리쓰는맛 적당하게 있고 킬링 타임용으로 좋은 게임
트리플 판타지,Posted  October    덱에 따라 다른 전략으로 플레이 할 수 있어서 좋음
트리플 판타지,Posted  October    모바일이랑 똑같긴한데 욕심 안부리면 그냥저냥 할만하네요
트리플 판타지,Posted  September    꽤나 재밌습니다  전략요소도 풍부하고 가챠도 흥미진진합니다 
트리플 판타지,Posted  June   이해가 안되서 그러는데 멤버십  개 구매해서 소환 매일 소환  회 시켜주는게 왜 무료라는거임 
트리플 판타지,Posted  April    이 게임은 영원히 관트야임  트로이 찬양하세요  트로이 
트리플 판타지,Posted  April         점
트리플 판타지,Posted  November          도전과제가 너무 더러워   
트리플 판타지,Posted  November          그냥 무료로 일주일 정도는 재미있게 할 수 있음
트리플 판타지,Posted  September          업적 적용이 안됩니다  빨리 수정 해주세요
트리플 판타지,Posted  September          꿀잼
트리플 판타지,Posted  September         독특한 게임성을 가지고 있는 재미있는 게임입니다 
트리플 판타지,Posted  September         잼남
트리플 판타지,Posted  September         God Game  but P W
트리플 판타지,Posted  August          게임자체는 잼있음   아직초반이라 잼있게하는중
트리플 판타지,Posted  December          눌러놓고 후회하는 뇌지컬 맛집  특이하고 재밌다  오래 플레이한 본귀유전데 다시해도 꿀잼  이기고 지는 이유가 명확하다  모바일치고는 혜자  스팀정서에서는 글쎄     개인적으론 과금이 그리 맵지 않은 느낌  맵다는 사람들이 많은걸 보면 싸게줄게 보고가라는 식의 자갈치 마케팅 탓인듯   바라는점   전페 몇번 혜자스럽게 해주면 민심도 좋아지지 않을까    유료재화 사용시 확인창 안띄워주는 건 너무 속보이는 부분   회사다니는 사람에겐 무거운 플레이타임  소탕시스템 도입이 필요한듯   과금유도가 이럴필요가 있을까  싶게 팝업창으로 뜨는데  알아서 과금할 수 있게 해주는 편이 낫지 않을까 
트리플 판타지,Posted  August          개꿀잼
