title,review
三国群英传8  KINGDOM HEROES 8 ,Posted     January       English please 
三国群英传8  KINGDOM HEROES 8 ,Posted     January       wish it has workshop for mod and English Language
三国群英传8  KINGDOM HEROES 8 ,Posted     January       No classic Chinese property can escape becoming a shameless cash grab 
三国群英传8  KINGDOM HEROES 8 ,Posted     January       dlc  
三国群英传8  KINGDOM HEROES 8 ,Posted     January                                    
三国群英传8  KINGDOM HEROES 8 ,Posted     January       After a decade since the  th game s release  it s back  Fully on  D as the entire game engine has been revamp  While the game s not in english  I have played games based on Three Kingdoms with basic knowledge of chinese characters  Userjoy spend two days working on post launch patches  but people are mixed over the changes made since the  th game The fourth game suffers poor execution in changing the gameplay   My reception in this game is mostly positive honestly  But  some expect more after the tremendous job Creative Assembly did with Total War  Three Kingdoms  Sanguo Heroes is more of a StrategyRPG than Grand Strategy  The focus is entirely on the action instead of dynasty simulator  Here s what you can do      Explore China or it s bordering neighbors Korea  Japan  or Burma to search for bosses  draftees  etc      Form allies or ceasefires  If you have more than   allies with the same larger enemy initiate a coalition      Customize your city interiors by setting different building combination   You can even wander around the sea  but that will drain alot of provisions  I didn t like how ROTK    cuts off Korea and Japan on the map  but you can view and explore them in this game   Since post launch  the tutorial bug been patched and there were players who couldn t start the game normally like my copy does  Just remember  some most highly acclaimed games suffer launch problems  It s not worst than  cough  Cyberpunk       cough  Userjoy cares alot about this game so I ll look forward to more updates and hopefully they ll add the ability to marry female officers  return of duel tournaments  and more scenarios  I m surprised the standard game s price is    bucks on steam  but I really want a digital collector s edition with the artbook on pdf is that too much to ask  I recommend you play the classic seven games before trying the eighth installment out    
三国群英传8  KINGDOM HEROES 8 ,Posted    March       It s not a horrible game  but it comes nowhere close to    It s a complete degradation  the number of weapons  horses  types of soldiers  and special actions are all significantly reduced  DLC is a ruse 
三国群英传8  KINGDOM HEROES 8 ,Posted     March       such a trash game  plastic anime repeat again and again  Just looks like a cheap mobile three kingdoms game
三国群英传8  KINGDOM HEROES 8 ,Posted     January                                                                                                                                                                                                                                                                                                                                                                                                                                                                                                                                                                                                                                                                                                                                                                                                                                                                                                                                                                                                                                            random                                                                                                                                                                                                                                                                                                                                                                                                                                                                                                                                                                                                                                                                                                                                                                                                                                                      Discussion                                                                                                       advertised       p         K            p           p                                   p                                            p                                                                                                                                                                                                                                                                                                                                                                                                                                                                                                                                                                                                                                                                                                                                                                                                                                                                                                                  execute                                                                                                                                                                                       spam                                                                                                                                                                                                                                                                                                                                                                                                                                                                                                                                                                                                                           spam                                                                                                                            spam                                                                                                                                                                                                                                     spam                 Event Gallery                                                                                             Event Gallery     unlock     Event                            BUG                       Bug                                                                                                                                             Lol                                                                                                                         Bug                                                                                                                                                                                       Bug                                                                                                                                                  Notepad File                                                                                                                                                                                                                                                                                                                                                                                                                                                                              Lol                                                                                                           Notepad                                                                                                                                                                                          review                                                                              D                                                                                                                                                                                                                                                                                                                                                                                                                                         click mouse                                                                                                                                                                                                                                                                                                                PDF                                       Steam                                                                                                                                                                                                                                                                                                                                                       Youtube                   Youtuber                                                                                                                                  
三国群英传8  KINGDOM HEROES 8 ,Posted    February       As a Three Kingdom fan  I purchase all  K games as long as they are playable  I bought this within the first few days of release  and TBH it wasn t bad  Despite massive amount of hates from ppl who played the previous generation  the game is at least playable  the graphics is okay  and the NPC models are fairly made  there are unique anime when a legendary officer casts his her ultimate  I did have some fun   However  the latest update ruined the whole game  The officers are not as OP as before  and their ultimate skills  CDs get longer each time it is cast  I loaded my save file and found my previous strategies completely unplayable  I enjoyed this game because I could take   OP officers and beat up     officers with a total        army  now I have to be serious  for such a fantasy game   The game is currently in an embarrassing position  Go play san    PK if you prefer something realistic  and go play the Dynasty Warriors if you prefer something more fun  this is definitely not the game                                                     OK                                                                   CD                                                                                                                                                                                                             
三国群英传8  KINGDOM HEROES 8 ,Posted  January   Not worth  You pay more in stream just to get the English version is ok  BUT its not ok when you pay more yet you get lesser content and more BUGs than than Chinese version 
三国群英传8  KINGDOM HEROES 8 ,Posted  January          if there is english version  i might consider repurchase
三国群英传8  KINGDOM HEROES 8 ,Posted  January          The game plays differently from previous iterations and the graphics are good improvements   I don t recommend the reviews from players who only played for a short time and simply get overwhelmed by expectations  There is always some sort of learning curve to a new system and game mechanics  The Dev should definitely have opened a demo version as most of the negative reviews are based on their first impression and a subpar tutorial  Something like the solo system has already been revealed much earlier and is still a big pain point for reviewers going into the game   There are things that can definitely be tweaked and many quality of life updates that can be made  Knowing that there has probably been limited play tests it is understandable but should be patched   Things to improve on includes but not limited to     Map movement speed too slow    Command icons are way too small  Battle icon  Minion command icon very difficult to notice Unable to filter general vs minion The solo battle icon on the mid top screen is pretty unnoticeable Ability Icon Ability cast color blends into the background a bit Hot Keys could be explained better  F         f   F   space  enter  Z etc  Big Map Command Icon on the top left If you haven t played the previous games and didn t know to rank up generals then you won t even notice it up there  Diplomacy also  Some of the automation commands are less noticeable  Button UI  Select and deselect using esc is pretty funky as it often calls the setting menu Castle options Sub options like constructions are pretty small Unclear how recruiting minion option is located unlike previous versions     Bring back Himiko XD  Unless you need to unlock her like the  th gen    You should allow selection of any number DLC character and not recruit all vs recruit non     A lack of a minimap can be a problem    Could bring back the yearly tournament feature  The battle system I enjoyed  It lacked things from past generations but I can see good things that could be added to the current system    If you find it too easy then try hard difficulty and buff minions  Mid campaign the difficulty ramps up but there can definitely be some number tweaks  Level up and recruit higher star minions to help with fights later 
三国群英传8  KINGDOM HEROES 8 ,Posted  June                                                                                                                                                                              
三国群英传8  KINGDOM HEROES 8 ,Posted  May          Dynasty Warriors   Kessen   Romance of the three kingdom on steroids  Buy it if you re a hardcore Dynasty Warrior Fans if not  skip it  or buy it when it is on super sale
三国群英传8  KINGDOM HEROES 8 ,Posted  February           fun   real sucks
三国群英传8  KINGDOM HEROES 8 ,Posted  January          good game  i hope they available with English and Vietnamese langue 
三国群英传8  KINGDOM HEROES 8 ,Posted  April          Thank you for the english translation  but unfortunately I can t recommend this game   AI feels very passives  too little officers making it difficult to hold territories  Game gets monotonous  it kinda lacks challenge  Honestly Koei s rotk games are better  even though those are also flawed but this one has even more flaws to be honest  the AI is really passive   The game is also very poorly optimized 
三国群英传8  KINGDOM HEROES 8 ,Posted  January                                                                                                                                                                                                                                       
三国群英传8  KINGDOM HEROES 8 ,Posted  October         I have been playing this game franchised since i was young  this latest release is just bad  the level design doesnt have much of improvement  it is just a very old boring game system with a better graphic  and the graphic is not really that good   the level design from decades ago just doesnt work in the era we are in now  so please be renovate with ur game level design  it is not surprise that the review is bad   to make it worse  it was release with a lot of bugs  it make me feel like i pay the money to experience a beta ver of this game  it is not even stable when it first release 
三国群英传8  KINGDOM HEROES 8 ,Posted  January                                                                                                                                                
三国群英传8  KINGDOM HEROES 8 ,Posted  June        
三国群英传8  KINGDOM HEROES 8 ,Posted  June          Interesting game flashy  if you like rotk   from koei you will likely like this 
三国群英传8  KINGDOM HEROES 8 ,Posted  December          epid fun logic  the best sanguo game
三国群英传8  KINGDOM HEROES 8 ,Posted  March                                         
三国群英传8  KINGDOM HEROES 8 ,Posted  January                dlc                              
三国群英传8  KINGDOM HEROES 8 ,Posted  September         This version of romance of the three kingdoms are definitely an alternative must have for any romance of the three kingdoms game fans out there  It has mythical beasts and whole lotta other things that didn t make sense  but anyway its cheap so I wouldn t complain much about it  I generally enjoyed this game very much since the other developer are too lazy to bring up the new ROTK game  if you know who I meant  I would ve rate it   or   stars out of   
三国群英传8  KINGDOM HEROES 8 ,Posted  February         I like the rear horse  but really the time taken to farm   items is so time consuming  it took me    hr just to gather item and really drop my interest playing the game  The item can be bought from merchant or ensure the mob drop at higher rate  Seriously  i farm      tiger  and only    it really kill my game mood and don t fill like playing it  though i really want to try more rulers and campaign  the system really kill the mood   Also the yearly competition  no matter how i reload the files  tried over    x   the reward will never appear from the god  zhaoyun      and      The system should re vamp where it should has higher chance of reward the NPC which anticapted the tournament  What the hell  where lubu already dead and the weapon is there  Make the tournament more worth it with higher chance of getting the priced item   Is it really worth to buy this game  overall  i say no  More need to be done to make the game enjoyable  not a torment of repeating grinding farming item  where it should be make available from merchant  especially the horse item   The merchant system itself is also a failure  the rarity of the item are generally useless except for the skill upgrade  it should also sell scroll and at least purple equipment  not weapon or horse   the usually grinding on map where drop rate is so f    low only make the whole thing worse 
三国群英传8  KINGDOM HEROES 8 ,Posted  March    I brought the game hoping it would be similar to    It nowhere close to how cool   is with you learning a      tons of skills and being able to to use each skill when you want  It s literally dynasty warriors implemented which I like but  not the reason why I play Kingdom Heros  Also custom char you can t use your own pictures which sucks 
三国群英传8  KINGDOM HEROES 8 ,Posted  November          after playing for hours  can tell the game production team has put in effort  i love this game   feedback to production team  if they are reading at this     allow PC to take control of selected cities under player controls  too many cities difficult to monitor     open up free download for God guanyu DLC   it s playable and powerful character indeed                                                                                                                                                                               
三国群英传8  KINGDOM HEROES 8 ,Posted  January                                  
三国群英传8  KINGDOM HEROES 8 ,Posted  January          the team has been actively pushing updates to make the game more playable 
三国群英传8  KINGDOM HEROES 8 ,Posted  January                                                                      
三国群英传8  KINGDOM HEROES 8 ,Posted  May         Impression   A decent game that improved the graphics and management systems for champions and cities   Pros   Price is acceptable for game delivered  Decent graphics that seem modern enough  Similar way of play style with new introductions of randomized events   Cons   Compared to other AAA titles  Total War   Three Kingdoms comes to mind  this is lacking on multiple levels  Things got repetitive after a few times   Attacking strongholds  interacting with different events  Map Size Reduction compared with      I m a native Chinese speaker  and played the games when I was younger  so this brought back quite a bit of nostalgia                     
三国群英传8  KINGDOM HEROES 8 ,Posted  January          Update               The game received many much needed QoL changes  You finally have some basic controls of your army  and no longer need to click once a time to boost your generals loyalties  and the annual martial arts competition from previous iterations makes a return  etc  It s still a far cry from    but if you can find the game on sale or love the series  get it for nostalgia s sake   Original review below for reference   Sadly the game is unplayable in its current state      Rigged AI  AI knows the army size in your city and you get ganged by multiple sides at once  and no  sweeping your city for spies makes no difference   Foreign lords opinions       mean nothing because they still attack you when it s      Some also extort you for money and attack less than   min into a new campaign if you start with a weak side  It doesn t matter which scenario you choose  The AI disregard history and fight among themselves  in the Anti Dong Zhuo Alliance  for example      Mechanics  You need to micro manage each general in battles to be effective  but the game makes it very difficult to do so  In battle  your army starts charging right away  ruining your formation  Also  you can pretty much cheese the game by just running around on a fast horse and spam skills  Liu Bei also has a skill that auto captures every enemy general around him  Talk about being lazy     To level up your soldiers  you must use food provisions  The required amount reaches astronomical numbers later on  lvl   to       k  Imagine reaching max lvl of     It s almost a mobile cash grab system   You can spend an entire season searching for generals and not able to find anyone  this is in the   earliest scenarios  even with the personal skill that makes finding generals easier    If you have only   city  you HAVE TO leave someone behind  It s game over if you lose your last city  even if you escape from battle      Layout  The menu layout does not make sense  If I hit  Recruit   I m not able to see my captives  The proper option is under the main menu tab which you cannot see unless you zoom out of your city  The option to change your army type is hidden among a convoluted menu tree  There is also no way to rotate the world map  making it awkward to travel to some spots      Bugs  The starting generals have random and different battle skills in different playthroughs  so do other lords  opinion of you  Is this intentional 
三国群英传8  KINGDOM HEROES 8 ,Posted  February                                  
三国群英传8  KINGDOM HEROES 8 ,Posted  January                 
三国群英传8  KINGDOM HEROES 8 ,Posted  January                                                                                                                                                                                                            
三国群英传8  KINGDOM HEROES 8 ,Posted  June                  
三国群英传8  KINGDOM HEROES 8 ,Posted  February          I wish i could move the sodier as freely as the last series  like  moving upward and downward not only fallback and attack   Moreover  the sodiers need to auto attack on sight even you put them stand ground   Most importantly    English please    we have to apply our own language patch and every time the game updates the patch is dead   
三国群英传8  KINGDOM HEROES 8 ,Posted  January                                            
三国群英传8  KINGDOM HEROES 8 ,Posted  January                               
三国群英传8  KINGDOM HEROES 8 ,Posted  September                                                                                   
三国群英传8  KINGDOM HEROES 8 ,Posted  January                                      
三国群英传8  KINGDOM HEROES 8 ,Posted  January                           
三国群英传8  KINGDOM HEROES 8 ,Posted  September                                                                          no man sky      
三国群英传8  KINGDOM HEROES 8 ,Posted  January                                                    
三国群英传8  KINGDOM HEROES 8 ,Posted  September                    
三国群英传8  KINGDOM HEROES 8 ,Posted  February                        
三国群英传8  KINGDOM HEROES 8 ,Posted  April          barely finished game with strange gameplay flow  not fun
三国群英传8  KINGDOM HEROES 8 ,Posted  July   t
三国群英传8  KINGDOM HEROES 8 ,Posted  February         I like this game so much  no idea why the people keep complaining about this game suck or what     just give them some time to improve UI or system     Support better than Complain    cheers   
三国群英传8  KINGDOM HEROES 8 ,Posted  January                              
三国群英传8  KINGDOM HEROES 8 ,Posted  January                                                            
三国群英传8  KINGDOM HEROES 8 ,Posted  March          terrible game  nothing comparable to the classic  the interface is really bad  better graphics  but the interface become so not user friendly  DO NOT BUY   DO NOT BUY   DO NOT BUY  
三国群英传8  KINGDOM HEROES 8 ,Posted  August                                   
三国群英传8  KINGDOM HEROES 8 ,Posted  April          I encountered the following problems     after updating  my version remains at       and not          i am unable to change back to Chinese version   please help
三国群英传8  KINGDOM HEROES 8 ,Posted  April          Good game
三国群英传8  KINGDOM HEROES 8 ,Posted  April         Very good
三国群英传8  KINGDOM HEROES 8 ,Posted  January                                                                                                                                                                                                                                                         
三国群英传8  KINGDOM HEROES 8 ,Posted  February          good game  hope they can keep up with the good work
三国群英传8  KINGDOM HEROES 8 ,Posted  January          so bad
三国群英传8  KINGDOM HEROES 8 ,Posted  March          Not as bad as the rumour says  I actually found it quite an addictive game to play  But I really hope they can slowly update officer portraits  too many duplicates 
三国群英传8  KINGDOM HEROES 8 ,Posted  February            bucks for nothing black screen crash i can play MHW smoothly on my PC but this can t even run properly 
三国群英传8  KINGDOM HEROES 8 ,Posted  September                          
三国群英传8  KINGDOM HEROES 8 ,Posted  February         fairly good game
三国群英传8  KINGDOM HEROES 8 ,Posted  January                          
三国群英传8  KINGDOM HEROES 8 ,Posted  January          If you like age of empires and the previous versions of this game  then you will most likely enjoy this version  They didn t just update the graphics  the whole dynamic changed a bit in terms of engaging a battle  using gold  and number of forces  In the previous version  the gold system didn t really make much sense  you can attack enemy territory whenever you want  move resources freely  but this game makes you more aware and cautious about how you use these resources  Overall  I didn t want them changing much from the previous version but I wanted them to bring some surprises to people that are very familiar to this series and they didn t disappoint 
三国群英传8  KINGDOM HEROES 8 ,Posted  January                                     
三国群英传8  KINGDOM HEROES 8 ,Posted  February          boring and repetitive
三国群英传8  KINGDOM HEROES 8 ,Posted  February          unpolished game    no idea what they doing    do not buy if you can  this is not worth it for good old times  some of the earlier versions are more fun then this                                        
三国群英传8  KINGDOM HEROES 8 ,Posted  January                                 
三国群英传8  KINGDOM HEROES 8 ,Posted  January          Good Game
三国群英传8  KINGDOM HEROES 8 ,Posted  January          Good
三国群英传8  KINGDOM HEROES 8 ,Posted  January          nice
三国群英传8  KINGDOM HEROES 8 ,Posted  January          nice game
三国群英传8  KINGDOM HEROES 8 ,Posted  January                                                                                                                             
三国群英传8  KINGDOM HEROES 8 ,Posted  January          pretty cool game
三国群英传8  KINGDOM HEROES 8 ,Posted  January          it is easy to find you can do nothing  just wait   
三国群英传8  KINGDOM HEROES 8 ,Posted  November                   
三国群英传8  KINGDOM HEROES 8 ,Posted  January          love it
三国群英传8  KINGDOM HEROES 8 ,Posted  June          Good game
三国群英传8  KINGDOM HEROES 8 ,Posted  July                                 Steam                                      N                                                                                                           
三国群英传8  KINGDOM HEROES 8 ,Posted  January          What a huge bunch of       sh i ttttt       SB                                                                                                                                 
三国群英传8  KINGDOM HEROES 8 ,Posted  January               like
三国群英传8  KINGDOM HEROES 8 ,Posted  October          Bad  wish they would just remaster   instead 
三国群英传8  KINGDOM HEROES 8 ,Posted  January          ngon
三国群英传8  KINGDOM HEROES 8 ,Posted  January          Shameless scam  do not buy this joke of a game 
三国群英传8  KINGDOM HEROES 8 ,Posted  January          Very Good Game    Music   Graphic
三国群英传8  KINGDOM HEROES 8 ,Posted  January          Good stuff
三国群英传8  KINGDOM HEROES 8 ,Posted  August    nice
三国群英传8  KINGDOM HEROES 8 ,Posted  August   I like it  Its kinda strategy style of dynasty warriors  so you do the control while on cities  and hack and slash in battles 
三国群英传8  KINGDOM HEROES 8 ,Posted  July   good
三国群英传8  KINGDOM HEROES 8 ,Posted  April     
三国群英传8  KINGDOM HEROES 8 ,Posted  March           
三国群英传8  KINGDOM HEROES 8 ,Posted  March   Good fast pace three kingdoms game
三国群英传8  KINGDOM HEROES 8 ,Posted  March   Unbelievable optimization  Burnt my      in    mins 
三国群英传8  KINGDOM HEROES 8 ,Posted  February    too bad
三国群英传8  KINGDOM HEROES 8 ,Posted  February   Not much improvement other than the graphic  The combat is boring after awhile as what you do is just spamming skills and waiting for cooldown 
三国群英传8  KINGDOM HEROES 8 ,Posted  January    black screen when started  that s all  I waited a year to see how they fixed it  and as I said
三国群英传8  KINGDOM HEROES 8 ,Posted  January                    
三国群英传8  KINGDOM HEROES 8 ,Posted  October                                                                                                                                        Custom Character                                                     officer    
三国群英传8  KINGDOM HEROES 8 ,Posted  May         nice gameplay 
三国群英传8  KINGDOM HEROES 8 ,Posted  February                                                                   steam                  library                      
三国群英传8  KINGDOM HEROES 8 ,Posted  December          NOT RECOMEND   SINGLE GAME FEEL SO HARD TO PLAY
三国群英传8  KINGDOM HEROES 8 ,Posted  December              
三国群英传8  KINGDOM HEROES 8 ,Posted  December         nice
三国群英传8  KINGDOM HEROES 8 ,Posted  November                                                            
三国群英传8  KINGDOM HEROES 8 ,Posted  October          I hardly find any game better as single player  than this one 
三国群英传8  KINGDOM HEROES 8 ,Posted  September          Just like good old day  thought there is some changes but the taste still somewhat the same  could spend entire day just stare at same game
三国群英传8  KINGDOM HEROES 8 ,Posted  September          still need to pay for DLC 
三国群英传8  KINGDOM HEROES 8 ,Posted  September          good game
三国群英传8  KINGDOM HEROES 8 ,Posted  September          I still wait korean
三国群英传8  KINGDOM HEROES 8 ,Posted  September                DLC 
三国群英传8  KINGDOM HEROES 8 ,Posted  September         Good game
三国群英传8  KINGDOM HEROES 8 ,Posted  August          Good RTS games in      
三国群英传8  KINGDOM HEROES 8 ,Posted  August          dont waste money
三国群英传8  KINGDOM HEROES 8 ,Posted  July                           Bugs     AI                                  
三国群英传8  KINGDOM HEROES 8 ,Posted  June                                                                                                                                                                             
三国群英传8  KINGDOM HEROES 8 ,Posted  June          the game is buggy
三国群英传8  KINGDOM HEROES 8 ,Posted  June                                                 
三国群英传8  KINGDOM HEROES 8 ,Posted  May                                                                                                                                                                                                                 
三国群英传8  KINGDOM HEROES 8 ,Posted  May          Very good strategic game 
三国群英传8  KINGDOM HEROES 8 ,Posted  May                          
三国群英传8  KINGDOM HEROES 8 ,Posted  April          Nice game
三国群英传8  KINGDOM HEROES 8 ,Posted  March          Good visual upgrade to previous versions
三国群英传8  KINGDOM HEROES 8 ,Posted  March          good
三国群英传8  KINGDOM HEROES 8 ,Posted  March          Very good  D battle view and great management functions for a classic game 
三国群英传8  KINGDOM HEROES 8 ,Posted  February                                          bug                                 
三国群英传8  KINGDOM HEROES 8 ,Posted  February          I like this game because of Sanguo hero 
三国群英传8  KINGDOM HEROES 8 ,Posted  February          noice 
三国群英传8  KINGDOM HEROES 8 ,Posted  February          very nice and easy to play
三国群英传8  KINGDOM HEROES 8 ,Posted  February          A decent games  can be better
三国群英传8  KINGDOM HEROES 8 ,Posted  February                                                                 
三国群英传8  KINGDOM HEROES 8 ,Posted  February         rubbish
三国群英传8  KINGDOM HEROES 8 ,Posted  February                                                                                                                                                                                    
三国群英传8  KINGDOM HEROES 8 ,Posted  February                                       AI            
三国群英传8  KINGDOM HEROES 8 ,Posted  February           bug    
三国群英传8  KINGDOM HEROES 8 ,Posted  February         ok
三国群英传8  KINGDOM HEROES 8 ,Posted  February         The Loyal of the hero will just kept dropping like crazy and always lacking of gold  very in balanced game 
三国群英传8  KINGDOM HEROES 8 ,Posted  February                          cg    
三国群英传8  KINGDOM HEROES 8 ,Posted  January                      
三国群英传8  KINGDOM HEROES 8 ,Posted  January                      CG                                                         
三国群英传8  KINGDOM HEROES 8 ,Posted  January          Good game with LoL   Romance of The Three Kingdoms gaming experience  The price is nice too  Support TW games 
三国群英传8  KINGDOM HEROES 8 ,Posted  January                         
三国群英传8  KINGDOM HEROES 8 ,Posted  January          I love this 
三国群英传8  KINGDOM HEROES 8 ,Posted  January          I like this game   
三国群英传8  KINGDOM HEROES 8 ,Posted  January          Still ok
三国群英传8  KINGDOM HEROES 8 ,Posted  January          Game is not finished yet  there are so many system not thought out
三国群英传8  KINGDOM HEROES 8 ,Posted  January          Product received for free                                                one man show         
三国群英传8  KINGDOM HEROES 8 ,Posted  January                                    pk                                         Anyway         
三国群英传8  KINGDOM HEROES 8 ,Posted  January                   
三国群英传8  KINGDOM HEROES 8 ,Posted     January       korean please
三国群英传8  KINGDOM HEROES 8 ,Posted     January       kor pls
三国群英传8  KINGDOM HEROES 8 ,Posted     January       https   cafe naver com sam           아직 완벽하진 않지만 한글패치나옴 
三国群英传8  KINGDOM HEROES 8 ,Posted     February       미완성 게임 차라리  이나  를 사서 하는 편이 더 낫다
三国群英传8  KINGDOM HEROES 8 ,Posted    June       조조가 서주를 덮쳤을 때  나는 침묵했다  나는 서주의 주인이 아니었기 때문이다   그 다음에 그들이 서주의 병사들을 징병했을 때  나는 침묵했다  나는 사병이 아니었기 때문이다   그 다음에 그들이 강동을 멸망시켰을 때  나는 침묵했다  나는 강동의 주인이 아니었기 때문이다   마침내 그들이 나에게 닥쳤을 때는  나를 위해 싸워 줄 군웅들이 아무도 남아 있지 않았다 
三国群英传8  KINGDOM HEROES 8 ,Posted     January       번역기 돌려가며 중국어 간체 공부하면서 조금씩 진행 중입니다  기본적인 시나리오는 황건봉기  반동탁연합  군웅할거  관도대전  적벽대전  익주평정  가지입니다  군주 선택후 설정화면은  게임 시작전      군주 얼굴 직접 선택하거나 지도에서 지역선택으로 군주 선택가능    게임 난이도   쉬움   보통   어려움    시작자원   정상   풍부     장수 전사하다   있다   없다    수명유형   역사적 사실   장수   무한    무장나이 변화     병사 증강  병사 능력치 상향     신무장 등장  전투 진입 후 배치화면에선    군사기 전쟁시작하면 발동     사기증가 식량감소     전투시작    재배치    후퇴  배치 후 전투시작하면 확률   로 일기토 발동   군사기 사용   전투 진행 하나의 진영에서 모든 장수들이 아웃될 때 까지    결과확인 순서로 구성되어 있는데 전투 진행 중에 스페이스바 눌러서 장수들 전체 행동 조절할 수 있습니다   목표설정  방어  후퇴  집합 등   관문이나 성이면 뒤로 후퇴해서 안으로 진입가능  선택중인 장수 외에는 자동으로 무장기 사용 및 이동과 공격  병사포함  전부 다 자동전투도 가능   번 스킬은 컷신 나오는 강력한 필살기 군영전 까지와는 다르게 전투방식은 라운드가 아니라 우선  명씩 배치되어서 싸우다가 한명씩 아웃되면 남은 장수들이 난입해서 계속 싸우는 난전입니다  한 진영의 모든 장수들이 아웃되어야만 전투가 끝납니다   식량도 추가되었는데 출정  병사훈련 강해짐   사기진작 등 많이 필요하며 중요합니다  돈으로 교환할 수도 있고 출정하다가 사슴 잡거나 짐승들 잡아도 탈 것이랑 식량 얻을 수 있습니다   공부하거나 시스템 적응 좀 한다고 짧게 플레이하고 다시 시작하고 반복 중이라 아직 많이 하진 못 해서 이 정도로 마칩니다   도 재밌게 했지만  도 계속 업데이트 한다고 하니 앞으로 재밌게 즐길 수 있을 것 같습니다   한국분들 많아져서 번역된 상태로 즐길 수 있게 되면 좋겠습니다  Korean plz   
三国群英传8  KINGDOM HEROES 8 ,Posted    October        일 동안 열심히도 달렸다   맵 크기가 꽤나 큰 편이며  이번에 낙랑 신도는 사라지고 없다   아마 한국팬   들을 의식한 처사인듯    먼저 그래픽 이야기  작년 월에 나온게임인데 최적화 문제로 고생을 했던 것으로 안다   지금은 최적화는 나름 괜찮은데 글카 발열이 심하며  그래픽이 그렇게 화려하지도 않다   케릭터들은 나름 잘 뽑혔고  일러 또한 중화풍이긴 하나 촌스럽지도 않고 나름 마음에 들었다     자 다음은 인게임 플레이를 평가 해보자  일단 전쟁하러가면 한나절이다   이게 뭔소리냐면 첫번째 클리어전까지  배속이 막혀있다   초반의 이런 굼벵이 같은점은 게임을 정말 포기하고 싶게 만들었으나  느긋하게    일 정도 해주면 나같은 똥손도 천통은 가능   전투 시스템은 일단 과거의 향수는 날라갔고  패드로 하면 꽤나 손이 편해졌다   내정면에서는 별로 손 댈것도 없이  관료들 설정 해주면  제안을 계속 올려줘서  그것만 확인 승인하며 전투에 집중할 수 있게 한 점은 좋다   몇몇 장수들의 스킬이 개사기로 게임 벨런스를 무너트릴 수 있다     그래도 삼빠들이라면 한번 쯤 잡아 볼만하다고 여겨 추천 줍니다 
三国群英传8  KINGDOM HEROES 8 ,Posted     February       대충    시간 해보고 적은 감상입니다   아직 사지마세요   컨텐츠도 많이 부족하고 더욱 개선되여야 될 문제점들이 많아요   아마  년뒤에 게임 다시 해보고 다시 끌 끄젹여 봐야할듯                                                   출시  개월뒤 해봤습니다   아직 사지마세요 컨텐츠가 아예 없습니다                                                       년  월   일  삼국지에 뇌에 절여진 저조차 더이상은 못하겠네요
三国群英传8  KINGDOM HEROES 8 ,Posted    April       유저 한글패치             호환  https   cafe naver com sam           네이버 도원결의 카페 회원가입 필요
三国群英传8  KINGDOM HEROES 8 ,Posted     January       Product refunded  안한글은 각오하고 한자 번역하면서 해봤지만 전투들어 가자 마자 실망해서 환불함    무장기  개가 전부임 전작 다양한 무장기로 무쌍 불가능       그나마 있는 무장기도 비슷비슷 함   동료무장 멈춰놓지 못함 다 개돌만함   전작 무장 필살기 개념이 없음 평타치면 나가는 스킬    분명 돌파했는데 갑자기 무장 주변에 적이랑 아군이 스폰됨   멍청한 AI   내정 버그가 너무 많음 제가 격은건 개발 진척도가 오르지 않은 버그  개발 진척도가 없으면 건물을 못지어서 테크로 얻는 병사 못얻음   결국 전투에서 전략적인 부분은 전작이 더 좋고 무장기 연출은 봐줄만 하지만  전작의 시간 지형에 따른 추가 효과가 없음  미숙한 검수 때문인지 내정에 대한 퀄이 매우 좋지 않음 전투라도 잼있어야 하는데 전투도 원패턴 반복임 이래나 저래나 기대했던 시리즈인데    HOMM처럼 끝없이 추락하네   
三国群英传8  KINGDOM HEROES 8 ,Posted  January          출시당일 사긴 했는데 겜들어가서   분해보고 노잼이라는 느낌이옴  패치기대하면서 아직까지 환불안하고 있슴  일단은 사지 않기를 권장함 
三国群英传8  KINGDOM HEROES 8 ,Posted  May   추억 때문에  구매 했는데  한국어 지원 없음
三国群英传8  KINGDOM HEROES 8 ,Posted  January          삼국지       과 비슷한 부분이 많지만 코에이 삼국지와는 다른 재미가 있습니다  꾸준한 패치로 더 나아진다면 더욱 좋은 작품이 될거 같습니다 
三国群英传8  KINGDOM HEROES 8 ,Posted  January          익숙해질수록 점점 더 재밌어집니다
三国群英传8  KINGDOM HEROES 8 ,Posted  July         very fun 
三国群英传8  KINGDOM HEROES 8 ,Posted  January          좋아하는게임 
三国群英传8  KINGDOM HEROES 8 ,Posted  January          삼국군영전은 역시  다   그러나 이번  은 또 다른 도전으로 앞으로 더 발전했으면 한다
三国群英传8  KINGDOM HEROES 8 ,Posted  January          초기에는 기대만큼 실망도 있었으나 군영전만의 매력이 있어 붙잡고 하다보니 나쁘지 않다고 느꼈습니다  다만 두드러지는 버그들이 있는만큼 조속한 패치가 필요해보이며  앞으로도 게임의 완성도를 높이는 업데이트가 이어지길 바랍니다 
三国群英传8  KINGDOM HEROES 8 ,Posted  January          긴 세월만에 정식넘버링으로 돌아온 군영전  제작사가 모바일  온라인으로 많은 삽질을 했음에도 완성도가 매우 아쉬운 게임  그예로 제일 중요한 전투가 심히 노잼으로 바뀌었다 무장기가 대폭 줄어들어서 보는 즐거움이 많이 줄어듬  전투에선 무장기가 횟수나 게이지없이 쿨타임만 지나면 무한 사용가능해서 전투가 일방적임 그로 인해 회복계 가진 무력높은 무장은 무쌍가능 전작에서도 이짓으로 무쌍가능했지만 더 심하다  ai는 멍청 그자체  병사들을 무시하고 적 장수가 아군 장수에 꼴박함 원거리 병과로 고슴도치 가능    신무장 종류도 심각하게 적다 신무장 성우도 기합소리말곤 없는게 아쉬운부분  일당백 무쌍하고 싶으면 추천 코에이 삼국지처럼 땅따먹기 할거면 비추천  그래도 코에이삼국지보다 싼맛에 즐길만함
三国群英传8  KINGDOM HEROES 8 ,Posted  September           전략적인 요소보다 연출에 힘을 쏟은 거로 보임    기초 체력이 낮아서 다굴 앞에 약해짐  물론 네임드만의 무장기가 있고  AI의 한계도 있고  국경  개 성에 체류하는 무장수를 보고 공략은 가능하지만   기본적으로 물량이 되는 조직이 커다란 유리함을 가지고  반대로 성  개 뿐인 국가는 우주방어가 가능함    병종이 특정 성의 소유 여부와 발전도에 종속된 탓에  성 잃어버리면 더이상 병종 못 씀  특징적으로 개인 전략의 효용이 줄어듦  상당수 무장이 그나물에 그밥이라 새로운 전투에 흥미가 덜하고 개성이 죽은 것 같은 인상이 생김   시간을 때려박는 것 대비 효율적이지 못한 내정전략이 재미를 반감하는 인상이 있음  삼국군영전 답게 무장수는 많지만  색인 효율이 나쁨   한 시대에 등장한 인물 전부를 보기는 어려운듯  뭐 그냥 내정 무시하고 대충 꼴아박으면 이기긴 하니까 천통까지 오래는 안 걸리는듯    그래픽은 예쁨 여성 무장이 많음  아직 패치하고 히미코는 안 써봤지만  우희는 그럭저럭 괜찮은 성능이었음  무장기 연출이 좋음  종류는 굉장히 적어 보이는데  하나하나 화려하긴 함    Steam출시는 좋은데  언어가 중문 Only라는 게 좀   한국 시장이 좁으니 한글까지는 안 바래도 영어나 일본어 정도는 넣는 게 어떨까 싶은데    아마  전작에서 대부분 무장기가 안 쓰이고  군사기나 전략도 일반 유저는 거의 안 쓰더라는 걸 의식한 거 같음  내정도 나름 전작보다 개선하려고 시도하다가 버그가 터지는 거 같은데   괜히 내정 강요하는 것 치고는 효용이 별로라 그렇지 시도는 좋았다고 봄   개인적인 생각인데 삼국군영전 시리즈의 장점은 많은 인물수 수집요소   무식한 전략에 비해 조작은 심플한 천인전  그리고 무쌍뽕빨이라고 봄  연무전 맹수토벌로 컨텐츠가 깊어지고  이후 판타지스런 전개나 왜국 초한지 무장 추가로 B급 감수성의 재미를 가미했음 이런 막장 테크를 탔음에도 재미있게 즐겼던 건    역시 뽕빨이 아니었나 싶음  유저 입장에서 카타르시스를 느끼기 위해서는 상대편에 약한 무장이나 약한 무장기 허접한 전략이 있어야 하고 가끔 자극을 주기 위해 가끔씩 강한 적이나 적당한 상실이 마련되어 있으면 충분함  그런데 이번 시리즈에서는 내 스펙에 한계가 정해짐으로써  전략이 중요해졌는데  전략요소 품질은 솔직히 좋아지지 않았음  내부를 안정시키고 외적을 교란하는 내정은 귀찮은 필요악의 요소일 뿐  솔직히 긴장감 넘치고 흥미진진한 전략은 아님  이번작은 다른데 집중하느라 전투 전략이 축소된 느낌이라 아쉬웠음   그래도 솔직히 돈값어치 만큼 재미는 본 거 같으니까 추천은 함 
三国群英传8  KINGDOM HEROES 8 ,Posted  April          한글 번역해주신 분들 감사합니다  덕분에 재미있게 할 수 있었습니다   가장 큰 장점 모든 길을 갈 수 있다는 겁니다  도시 공격하려고 정해진 도로가 아닌 산 길을 넘어서 공격할 수도 있어 좋습니다 
三国群英传8  KINGDOM HEROES 8 ,Posted  July          삼국 군영전 시리즈라는점이 장이자 단점
三国群英传8  KINGDOM HEROES 8 ,Posted  June          어릴때 워낙 재밌게 했어서 어지간하면 해볼랬는데  이건 좀 심하네
三国群英传8  KINGDOM HEROES 8 ,Posted  April         한글패치 내놔라 진짜
三国群英传8  KINGDOM HEROES 8 ,Posted  December          good good good good good good good good good good good good good good good good good good
三国群英传8  KINGDOM HEROES 8 ,Posted  January          실행이 안되네요  스팀겜중에서 이런경우는 또 첨이네  환불했습니다 
三国群英传8  KINGDOM HEROES 8 ,Posted  November   와 이게 뭐라고 이리 재밌지   고에이 삼국지     보다 백배 재밌다
三国群英传8  KINGDOM HEROES 8 ,Posted  October   옛날 군영전보다 디테일이 너무 떨어짐 
三国群英传8  KINGDOM HEROES 8 ,Posted  September   익숙해지니까 재미가 없어짐  그냥 옛날버전하는게 좋을듯 
三国群英传8  KINGDOM HEROES 8 ,Posted  August    랩업필드사냥 필요하며  매년마다  년 각나라 대전 합니다     내정 및 인사관리 책사 존제합니다     게임할만합니다       한글패치는 중국어 간체를 기준으로 만들어져 있습니다  다른 언어로 설치하신 경우에는 재설치하지 마시고  스팀 라이브러리 삼국군영전  우클릭   속성   언어 중국어 간체  탭에 가셔서 변경하시면 됩니다  삼국군영전  도 기대됨니다        삼국군영전 파워키트 추가 나오면좋겠습니다     삼국군영전  version       한글패치           삼국지 도원결의 
三国群英传8  KINGDOM HEROES 8 ,Posted  June    게임은 최적화가 되어 있지 않다  QHD 화면을 지원하지 않는다      TI 그래픽카드를 사용해도 프레임이 느리게 출력된다  여전히 수정되지 않은 버그가 있어서 게임 충돌이 발생한다  한글은 왜 지원하지 않는거냐  한국인들이 이 게임을 많이 즐기는데도 불구하고   
三国群英传8  KINGDOM HEROES 8 ,Posted  March    please make an editing program
三国群英传8  KINGDOM HEROES 8 ,Posted  October         미치겠네 한글안돼서 좆같은경험은 또 처음  개씨발 좆같은 네이버 카페는 가입도 안되고  한글패치나 좀 해 이씨발좆같은 회사야
三国群英传8  KINGDOM HEROES 8 ,Posted  September          진짜 즁               운나 재밌다  
三国群英传8  KINGDOM HEROES 8 ,Posted  September          재밌음여
三国群英传8  KINGDOM HEROES 8 ,Posted  May          KOREAN PLEASE PLLLLEEEEAAASSSSSEESESESEESE
三国群英传8  KINGDOM HEROES 8 ,Posted  May          하다보면 너무 쉬워서 지루하고 재미없어진다  벌써부터 DLC 마렵다 
三国群英传8  KINGDOM HEROES 8 ,Posted  February         매우 신선하지만 지루해져 곧 질릴 듯 근데 UJ 시리즈 아이템 어케 얻냐
三国群英传8  KINGDOM HEROES 8 ,Posted  February         생각보다 재밌음
三国群英传8  KINGDOM HEROES 8 ,Posted  February         asdasd
三国群英传8  KINGDOM HEROES 8 ,Posted  December          한글화 제발 메뉴만이라도     
三国群英传8  KINGDOM HEROES 8 ,Posted  December          유저분이 만들어놓은 한글패치 있다고해서 해볼려고했는데     아무리 해도 안되서 환불할려구 합니다   
三国群英传8  KINGDOM HEROES 8 ,Posted  July         good 
三国群英传8  KINGDOM HEROES 8 ,Posted  March                                                                  
三国群英传8  KINGDOM HEROES 8 ,Posted  March          시간 잘  간다 
三国群英传8  KINGDOM HEROES 8 ,Posted  January          한글 지원은 안돼서 아쉽지만 가격개비 재미는 괜찮다  신관우 우희 말고 추가 무장이 DLC로 나올거같은데 기대중이다  
三国群英传8  KINGDOM HEROES 8 ,Posted  January          Kind of funny   but AI has only one pattern at the battle  I wanna control my troopers more precisely 
三国群英传8  KINGDOM HEROES 8 ,Posted  January          재미짐   문제는 예전처럼 다양한 무장기를 자기가 선택하면서 업글하다기 보다는 거진 정해진 무장기로 계속 사용하다보니 처음엔 흥미롭다가 시간이 지나면 전투자체가 굉장히 지루해짐    그래도 그래픽이나 군영전 골수팬으로써   점만점에  점정도 주고싶음
三国群英传8  KINGDOM HEROES 8 ,Posted  January          공식 한글화가 진행되면 좋겠습니다    
三国群英传8  KINGDOM HEROES 8 ,Posted  January          도원결의 카페 보고 구매했아요 나름 신경 마니 쓴거 같아요 아직 먼가 부자연 스러운건 있지만 할만합니다 
三国群英传8  KINGDOM HEROES 8 ,Posted  January          한글화 좀 해주세요 부탁드립니다 
