title,review
농구리그 스토리  BASKETBALL CLUB STORY ,Posted     September      spectators showed up to a local high school to watch Joedan Michael dunk on children in a      game  Terrific 
농구리그 스토리  BASKETBALL CLUB STORY ,Posted     May I d rather play this than NBA  k
농구리그 스토리  BASKETBALL CLUB STORY ,Posted     April It s a fun game  and always a few surprises with players during the late game  I had fun with this one and still have some leagues to beat 
농구리그 스토리  BASKETBALL CLUB STORY ,Posted     April Easy and fun casual game 
농구리그 스토리  BASKETBALL CLUB STORY ,Posted     October perfect for chillng
농구리그 스토리  BASKETBALL CLUB STORY ,Posted     April Nice sim game 
농구리그 스토리  BASKETBALL CLUB STORY ,Posted    October It s like the NBA  K games but fun 
농구리그 스토리  BASKETBALL CLUB STORY ,Posted     April I m only giving this game a recommendation because    it s a Kairosoft Game and    it s a simple game   If you re looking for a game with lots of details and real basketball knowledge  this isn t for you  My best player doesn t get the ball very often  the AI makes the weirdest choices  Wide open shots and layups and passed up  Passing the ball is ridiculous  And there isn t really a position in this game  Just five guys on the court 
농구리그 스토리  BASKETBALL CLUB STORY ,Posted     September Fun at the start  then as the difficulty rises  stupid AI decisions in the court makes your blood boil  I think it s an intentional design decision to artificially raise the difficulty by making your players stupid and the enemies geniuses  also the   pointers are extremely inconsistent on my own side while the enemies keep making all their shots  In any case  too much RNG bias for one to handle 
농구리그 스토리  BASKETBALL CLUB STORY ,Posted    October This is my second Kairosoft game and the most shocking thing i ve noticed is the sheer amount of content for the size of the actual game  As of right now  the game sits at a measly   mb on my hard drive but has enough content to be a couple hundred mb s  This probably has to do with the asset choice  as the game is stylized with pixel art  That being said  as a casual simulation game it is fairly fun  The core gameplay loop is quite simple but gets the point across  Probably would not recommend at full price but with the   game bundle it is definitely worth   One of the largest criticism s is the laziness of the PC port  The UI can be buggy sometimes and definitely could look better  This seems to be a standard theme across all Kairosoft games though  The best looking being Pool Slide Story   Still  it doesn t make the experience bad or anything  Just a minor point to talk about 
농구리그 스토리  BASKETBALL CLUB STORY ,Posted  September    Mood | Kairosoft formula   basketball flavoring  Low investment idle game to play on  nd monitor  Steamdeck  or laptop  When travelling or waiting in lobbies   Context | Kairosoft port of mobile game  Basketball management sim  simple pixel graphics  lots of idling  multiple progression systems  Follows the Kairosoft formula  good amount of idle gameplay for the price  Completion |      completion      Achievements     hours  Highs | Fun pixel art  Lots of inside jokes  Sound design and presentation make it fun to watch the games play out  Lows | Too long for an idle management sim  Repetitive game loop  Progression at endgame becomes arduous  Bugs | Occasionally gets stuck at loading screen  fixed with closing and restarting the app  
농구리그 스토리  BASKETBALL CLUB STORY ,Posted  June   Very simple low stress basketball management game  it s a shame you can t control the players and it only allows for two saves which is annoying but a fun game to spend time when you don t want anything to taxing 
농구리그 스토리  BASKETBALL CLUB STORY ,Posted  May    This game is amazing 
농구리그 스토리  BASKETBALL CLUB STORY ,Posted     April 카이로 게임들을 즐기는 방법       회차는 켜놓고 아무 것도 하지 말고          중간 지나가야할 구간에만 클릭을 해준다     켜놓기만 하면 심심하니 다른 게임을 하면서 중간 중간 클릭 확인해준다      엔딩 기간이 지났다라는 알림이 뜨면 그때 저장 후 게임을 끈다      회차 계승을 받아  회차 시작으로 들어가 설정으로 들어간다      고속모드를 키고 게임을 시작한다      이제부터 게임을 즐기면 된다   처음부터   고속모드 내놔         게임 스피드 좀 올려      요즘 카이로 시리즈들 진짜 너무 지루하고   늘어져    속도 좀 올리고    클릭 좀 줄여         아오   게임하다 답답해 환장하겠어      카이로 아저씨들   제발 다음 시리즈 만들때 생각 잘하고 만들어   왜 고전들이 훨씬 재밌고 몰입이 되냐    UI 발전도 없고 뭘 추가하면 오히려 더 재미없어지면서 지루해지고 진행은 뭐 이렇게 답답하고 느리고 난이도 조절은 계속 실패고  회차 이상이 기본이긴 한데 별로 계승되는 것도 없이 또 사람 힘들게 하고     하   그래도 한글화는 정말 고맙고 사랑한다  제발 열심히 구매할테니 제발   다음부터는 재미있게 만들어줘  
농구리그 스토리  BASKETBALL CLUB STORY ,Posted     April 내가 진짜 감독이었으면 이 자식들 다시는 농구 못하게함
농구리그 스토리  BASKETBALL CLUB STORY ,Posted     August 다른 카이로 게임보다 플레이 타임이 길고 재밌다  다양한 기술을 습득해야만 확실히 승률이 올라감  선수 개인훈련을 통해 포지션별 기술을 최대 개 까지 넣어야 한다  특히 수비 훈련에서 나오는 스틸이나 장사의   스킬 을 넣어야 수비가 용이해짐 
농구리그 스토리  BASKETBALL CLUB STORY ,Posted    November 좀 별루였음
농구리그 스토리  BASKETBALL CLUB STORY ,Posted    November 카이로소프트 육성게임중 가장 탄탄하고 안정된 완성도
농구리그 스토리  BASKETBALL CLUB STORY ,Posted     October  회차에서 맛 만보고  회차에서 즐기면서 업적가능
농구리그 스토리  BASKETBALL CLUB STORY ,Posted     October 게임은 재밌는데 좀 억지로 지는 게임이 있음  스텟차이가 압도적 압도적 압도적으로 차이나야 압도적으로 이겨짐  조금 차이나면 이상하게 상대편이  점슛 엄청 넣음  다시 세이브파일 돌리면 우리팀이 이김  걍 너넨 져라하는 억까가 존재함 
농구리그 스토리  BASKETBALL CLUB STORY ,Posted     October 상대편은 마크맨  명이 붙어도 골을 넣는데 우리팀은 회심의 노막 점도 에어볼 뜸   뒷목잡기 딱 좋은 게임
농구리그 스토리  BASKETBALL CLUB STORY ,Posted    October 시간 가는줄 모르겠네요
농구리그 스토리  BASKETBALL CLUB STORY ,Posted     September 경기 도중에 작전 버튼으로 스킬 교환이 가능한데 스탯이 딸릴 때는 이게 굉장히 강력한 힘을 발휘함 체감 상 오라보다 센 조합   세트 스틸의 달인   스타트 대시      세트 스틸의 달인   장사의 소양 또는 불굴의 정신   세트 스틸의 달인   라스트 스퍼트  올클은 드리블      디펜스      정도에서 가능
농구리그 스토리  BASKETBALL CLUB STORY ,Posted  June    농구하는거랑 건물짓는게 전혀 관련이 없고 복잡한 시너지 맞춰서 해봤자 의미없음  돈이랑 각종 재화들도 밸런스가 무너져서 나중에 어떤 자원은 남아도는데 서로 변환도 안됨  쓸데없는 요소를 이것저것 쑤셔 넣어서 귀찮게 만들어놓음
농구리그 스토리  BASKETBALL CLUB STORY ,Posted  April    특훈 상성  코너 상성이 앵간히 찾기 힘들긴 하지만 중반부터는 온천 플레이로 돈 벌기 쉬움 특훈 상성 찾아보면 다 나오니까 핑프되지 말고  필요한 거 찾아가면서 플레이하시길  평균 능력치      정도면 오라  응원 받아서 올클 가능할 듯
농구리그 스토리  BASKETBALL CLUB STORY ,Posted  May    점슛 왤캐 안들어가    무슨 기준이야    아무도 견제 안하고 있는대    번 딴곳에 왜 던져     그리고 디펜스는 하는거 맞냐        그리고 키플레이어는 왜 만든거야    이거 진짜 효과 있는거 맞냐       이 씨발진짜 야      선수하나 댈꼬 오는대 왤케 까다로운대    꼭 씨바라 스폰을 처 받어야 하냐     미친 씨발    만원 짜리한태 씨발   만원 가까이 써야하냐     개같내 진짜  아니 씨발놈들아 진짜 생각없이 대충 만들었내 야    왜 연습코트 훈련을 통일하고 지랄이야     번 코트는 오펜스  번코트는 디펜스 훈련 할수 있는거 아니냐   왜 훈련 방식을 통일 시키는건대   기껏  번 연습코트 만들었는대 결국  번 연습코트에서 지정한 훈련방식 그대로 들어가내   따로따로 할수 있도록 해야 하는거 아니냐     그리고 하면 할수록 느끼는건대 ai 왤캐 대충 만들었냐    아니 싯팔 어째서 드리블을 공간도 없는곳으로 기어 들어가서 왜 자꾸 볼을 내주는대   그리고 골 밑에 까지 잘 왔으면 슛 하면 되는대 왜 앞에 아무도 없어서 견제도 안받는대 느닷없이 뒤에 견제 받을수 밖에 없는놈한태 패스하고 지랄인대     한참 잘 넣다고 뭐때문에  번 연속 실점하고 자빠진거지    억까 존나 심하내 시발진짜
농구리그 스토리  BASKETBALL CLUB STORY ,Posted  April     현성아 수비 하러가 
