title,review
RAILGRADE,Posted     October While at first glance this might give factorio vibes  it s a totally different experience  It has a story mode that teaches you the game mechanics in various maps  and it overall feels like it s taken the good part about trains and automation  and stripped away the tedium  There s still depth and strategy even with the tedium taken away  and overall I m having a good time   It feels quite polished  and with that I m gonna say if you re a fan of factorio or other automation style games  definitely give this a go 
RAILGRADE,Posted     October My reception to this game is certainly mixed  While I can see that this game is great  I still can t shake the feeling that I got  bait and switched  for a lack of better term  However  I still can t deny that this is a great potential for a train building simulator  hence the thumbs up   Basically  this game is a campaign based train building simulator with the structure and flow of kinda like Poly Bridge  and it is NOT a factory building sandbox akin to Factorio or Satisfactory with the emphasis on trains   I kinda expected it to be the latter sadly  hence why I felt like this game is like a bait and switch  But ultimately  I can understand that this is mostly my fault for not paying attention to the description   However  behind all of that though  this game is a really solid foundation for a train building simulator  The mechanics and tools are easy to use  although I ve only done a few campaigns  But I m confident of the quality of the rest because it is reflected on how the campaign tutorials are pretty easy to understand   My only complaint about the game so far is the UI though  it s a little too big  looks pretty bland and doesn t feel like a UI for a train building game or any theming for that matter  It looks like what I would whip up in Powerpoint  it is servicable but looks bland  No offense though  I know you guys are doing your best   Oh and also the default keybinding for going out of a menu is weird to be set on Backspace instead of Esc  but I think that could be changed   Overall  I really like the base foundation of the game despite the UI elements that I mentioned I don t like  Still kinda bummed that it is not a factory building sandbox  and I think this game deserves a sandbox mode eventually to reach the full potential of this game  Thank you for your hard work devs 
RAILGRADE,Posted     October I read in a Steam review  game is basically a puzzle game  not a rail or industry sim  and that sums it up pretty well  And it is not even a good puzzle game It s a pass refund for me  even though I actually enjoy puzzle games     Game is about getting it done as quickly as possible  which makes it impossible to plan larger things or make something work perfectly  Once you fulfill the mission  map ends  This game completely misses the point of industry rail sim games    No sandbox mode  only story missions  Even worse  each missing has plenty of stupid steps quests you have to do in order  and the game will punish you for doing things out of order    Rails are more of a  let s just hook up industries  mechanism than really rails  Trains can just drive through each other and turn around in place  stations are weird  no signals  can t build multi track train stations to load balance  train composition is weird  etc  You actually get punished for building true train networks  point to point is the only thing worth it  with some shared tracks for money saving     Bootstrapping the network is horrible because industries will stop producing and accepting inputs once their output buffer is full  This also means you will stop earning income with those trains yet they still rack up costs  Example  I had to send appliances to a city  Appliance factory needs steel and copper wire as input  Steel comes from steel mills which need iron ore and coal  copper wire comes from a wire collier which needs copper  So if I first hook up iron ore and coal to steel  the steel mill will make   steel and then stop accepting inputs  making your trains just drive around while full     steel is done in   minute  so you better manage to hook up the steel mill to the appliance factory in   minute  But then     minutes later that will be saturated as well because you need copper wire to do anything  which you yet have to build  Oh and everything is costing money all the time while you do this and you barely have enough to build all the things you need  As written above  it is more of a puzzle trying to fit in all you need in time while not going broke    UI is more in the way than I d like  Building is generally ok  but not amazing  Far too often you have to escape out of building completely before restarting because of the bad UI    Graphics are fine  but it is sometimes hard to see things  buildings are too similar   don t tell you what they are without clicking on them     Maps can be a bit claustrophobic  but I gave up     missions in   tutorial     The bank system is weird  Why can t I just have interest on my money  or debt   Why do I have to manage essentially   accounts  the  live  one  and the bank account     Long press space to progress through dialogs and speed up the unskippable email before every mission   eugh   I m sure I missed some things that would change my statements above  but I m just not feeling it  Back to OpenTTD for me
RAILGRADE,Posted     October This game is pretty fun   It has two major flaws     No Sandbox mode  Puzzle games aren t fun  Just let me play how I want      The tutorial has a god awful habit of hijacking the camera  I cannot stand when games do that  It s awful 
RAILGRADE,Posted     October If this ever gets sandbox i might go back to it but the handholdey story mode killed the game for me it frequently punishes you for future planning and doing things ahead  The game is very arcadey and honestly more of a puzzle game than actuall transport sim    If you actually liked TTD i wouldnt recommend this its extremely simplified 
RAILGRADE,Posted     October Product refunded  This is a puzzle  not a tycoon  I ve been waiting for this game for a long time and haven t read anything about it  I bought it when it came out on Steam and was disappointed  This is a puzzle game  There is nothing wrong with this and the idea itself is interesting  The problem is that this is not what I expected and the implementation is not very good  There are no signals in the game about trains  No comments  There is no way to create a route before adding a train to the track  Each junction needs to be manually set to get the optimal path     All things considered  the game is not worth    euros  If I wanted a good puzzle about automation  I would play games from   If I wanted a good tile based tycoon  I d play  
RAILGRADE,Posted     October Product refunded  I was so hyped for this game and it was such a disappointing letdown   The  story based  approach feels weird to me  You get some email asking you yada yada yada please build a railroad  Whatever  Just get on with the mission  How well you do in that mission is measured exclusively in how fast you complete a scenario  which is the dumbest metric in my opinion  I hate to rush and like to plan out things  but the game punishes you for it  When playing  some game mechanics are just SO STUPID  like trains that can literally DRIVE THROUGH EACH OTHER  Who in their right mind greenlit this tremendously bad idea  I know it can be turned off  but for a TRAIN simulation it seems like an awful  awful idea  Fully breaking immersion because it creates a shallower learning curve  Similar is that trains just  flip around  automatically  What is this  I thought we were talking about trains  Oh and every time you want to confirm something  like click  OK  on a dialog  you have to hold spacebar or the mouse button for like four seconds or so  It feels like an ETERNITY  soooooo painfully bad UI UX  The whole tutorial seems so painfully streched out  I gave up not because it was too challenging  all of these are easily completed at  S  tier even when playing for the very first time  but because it was so boring and it really wasn t forseeable that more freedom was coming anytime soon  Basically the game just asks you to click here  you click here  Good job  S tier  Super annoying  why can t I explore and figure out the game on my own  The tutorial is choking all the fun   The visuals are really beautiful  this could become a good game  But right now it just isn t enjoyable for me 
RAILGRADE,Posted     October Having played through this game on another platform  let me tell you this  Are you remembering the old days where you could put   hours to optimize your transport network in TTD etc  etc   But now you might have a family and you cannot do with games that require steep learning curves  You still yearn for a nice gaming reward and have optional deep optimization techniques  if you can spare the time  Then look no further  buy the game  get used to the rhythm of the levels and you will find some great hours of gameplay 
RAILGRADE,Posted     October Game was marketed as something similar to Automation Empire  However its closer towards Train Valley   with the limited puzzle like style   you have limited time and money to get a job down and fix a logistics issue that the devs have set up  the first   missions are very hand holding and will not let go  even if you have played before they are unskipable   if they ever add a sandbox mode or perhaps spin off game ill check it out but this isnt the game i wanted  especially at   AUD
RAILGRADE,Posted     October I really enjoy both train games and puzzle games  but this didn t scratch either itch   You don t have long enough in a level to really get into it  which is compounded by having a time based grading system related to unlocks  You can just kinda pass the level without trying if you set up a basic network and accept a C rank  but then you don t get a lot of unlock currency   Once you get a basic grasp of things  it feels repetitive when you finish a level  then start a new one and start the same steps   There are more interesting train based puzzle games and logistics games out there  I m gonna try and refund this 
RAILGRADE,Posted  October    Product refunded  fun but no sandbox mode kills it 
RAILGRADE,Posted  October    Learn to behave like an actual highly pressured Japanese business man  Single player is based on quick problem solving efficiency and making that sweet YEN  NEEDS Sandbox mode
RAILGRADE,Posted  October    Absorbing and enjoyable  Easy to get into  but feels like the challenge grows nicely 
RAILGRADE,Posted  November   i bought this game when it said it was a city simulation      or cirt build and reasorces managment     its a train puzzle game that all
RAILGRADE,Posted  October    I dunno why  Puzzle  isn t a tag in this game  because that s actually what it is    it s kind of misleading to call it  trains    resource management   and  automation    when it s actually isolated levels with no sandbox  That s a massive distinction in a game and most people wouldn t buy it if they knew that s what it was  Specific  controlled levels  with starting conditions and specific ending conditions   and of course  the worst thing to ever be put into a game since  water levels     dun  dun  dun   timers  Yeah  timers are fun   not   Let me know when there s a chill sandbox mode   
RAILGRADE,Posted  October    So  what do we have here  For me this game is a worthy successor of Sid Meier s Railroads  with a bit of arcade feeling and without monstruous tycoon vibe  like TTD  I bought this game on EGS a year ago  and was so captivated by it  that i ve done all the achievements and missions on S rating  This game has so much in it  and still so much potential to grow  which is still going with not so regular  but big updates  Every fan of train tycoon games must try it  because it s a hidden gem in this genre  It has all in it  neet graphics  dynamic gameplay  tracks and production planning  trains management  nice physics element with height difference  nice Sid Meier s legacy    And moreover  decent story  captivating gameplay  which goes from mission to mission  All missions are going with timer and without dynamic pause  but it s irrelevant  because it mostly doesn t affect gameplay  other than sense of accomplishment  Throughout completing missions on different maps  you begin to receive more and more resources to gather and processing  more and more production chains  new locomotives  technologies  and  of cource  means to grow ingame cities  by meeting their resources demands  What else do you need from trains tycoon game  Only amaizing work with the community  You can talk with devs directly in discord  You are still not buying 
RAILGRADE,Posted  October    Product refunded  I really wanted to like this game  I enjoy these type of material transport industrial distribution games and I was hoping for something unique and fresh  It seemed like many of the features and methods had all been used in other games  and then the interface is an absolute kludge   non intuitive and hunting around to find what you are looking for   I will be forthright in saying that I played it for a little over an hour and then requested a refund 
RAILGRADE,Posted  October    The description makes it sound like a modern successor to OpenTTD or the Sid Meier railroad games  Instead  you get what can best be described as  put more trains on a miniature railroad and wait for them go    There are no signals  There are no timetables  I can understand why the game turns on ghosting by default  because you have no good tools to actually avoid collisions 
RAILGRADE,Posted  October    Sadly the game is just a level based Story game  I hoped it would have a Sandbox mode or be much more like a modern TTD version  It s sadly not or not yet  I don t feel like playing story mode  when there is no free sandbox mode 
RAILGRADE,Posted  October    I love railroad tycoon style games  Trains are symbols of efficiency  Train games done right reward player efficiency  This game does that with robust mechanics that are simple to learn but difficult to master   I have played this over     hours on EGS  After an initial discovery run  the campaign does a good job of not throwing you off the deep end  it was so fun to go back through and put this knowledge to use along the way  Perfection is not realistic  But I set a goal of half S rank on all missions  Achieving this was so rewarding  As good as it gets   D
RAILGRADE,Posted  October    No sandbox freeplay mode       That s like buying Factorio and playing it only for the tutorial   You may as well buy this for half the price  Refunded 
RAILGRADE,Posted  October    Well made   super fun        Please add sandbox mode
RAILGRADE,Posted  October    If you re looking for a sandbox tycoon train game  this isn t it  yet   The game reminds me more of a train type of Big Pharma game where you try to reach an objective in the shortest time  There are a ton of levels to play currently  Currently  I haven t encountered any bugs or glitches  I give this game a positive review for now  but if the sandbox mode planned in the future absolutely bombs  then I might have to revisit 
RAILGRADE,Posted  October    The game is solid  but it is NOT a Railroad Tycoon   successor  Basics are good  track placing is ok  train directing is ok  I would give this game a middle rating  Since it is not possible  I have to rate it down  My issues I have with it are to severe for a train management game to give it a thumbs up     turorial is way too long and focus is wrong imho   too many text boxes which I have to long press space away   long press space I realy dislike   overview of per train revenue is missing   train configuration  missing information about single engine before adding to the train  Maybe have a mouse over tooltip window or st like that   missing game speed option   when placing tracks and you are not satisfied with the automatic track placment  you would interrupt and continue the way you want the pathway  BUT everytime  you stop the following attaching doesn t work on the first click  you always have to do a second attempt    missing options for loading unloading trains  waiting until full for instance   intransparent train priorities  trains full loaded wait for empty trains which are returning  when they meet on the same track   intransparent revenue flow
RAILGRADE,Posted  October    Well there is actually quite a lot here for veterans of the logistics genre  The campaign ramps up slowly  but not too slowly  introducing mechanics that are available very well  QOL is very high with this game and everything it puts on display works really well  Complexity certainly does ramp up as well with cities that need more and more goods as the map progresses as well as all factories and mines having the ability to accept a good that will boost their production being water or energy   The game as it stands consists of two phases  planning and play  During the planning phase you can use your initial funds to plan routes  place factories and more  Once you buy your first train the timer starts and it is then a rush to complete the objectives before time runs out in order for maximum reward in the form of vouchers which you can then spend on permanent unlocks for your story mode  After about the  th mission is when bonus regions start which really take the training wheels off and up the delivery targets for those put off by the ease of the first few missions  but they are essentially just tutorials as is to be expected   TLDR  This is like Factorio and Train Valley had a baby    thumbs up 
RAILGRADE,Posted  October    Are you a master automaton gamer  Factorio from base for a warm up then powering new energy into the Dyson while Rimworld plays out on your third monitor   Then Railgrade is going to disappoint  No sandbox and a music   based progression system out the gate   It s levels are built like bridge or world of goo with success ranked by speed and efficiency of build  Starcraft Zerglord here   While I found myself resetting and setting goalposts on the side levels to get S rank when the level became available I don t think that is what most experienced or skilled automators are looking for   That doesn t make it bad  In fact the design is a powerful gateway to the Programmatic Automation genre  It is mostly gateway logic but there is a multi layered economic grind that occurs in labor  liquidity  and temporal spatially  Cameras are decent and track management can be complex with train ghosting disabled  Expectations for routes are interesting and the static applications of switching for a trains whole route make for interesting logical binds that will help in other more advanced Automation games   Long story short  If yer good this one isn t unless you try hard  If you aren t this one is  I am enamored by the novel use of game design and am enjoying it 
RAILGRADE,Posted  October    Product received for free  Allow me to preface my review by stating that I m not a fan of puzzle games  I really detest the idea of playing a  level   moving onto another  level   and starting over each time  with progressively more complex harder criteria  That just isn t my idea of fun  RAILGRADE  however  is a puzzler about automation using locomotives  On the surface  it looks like it may scratch that automation and optimization itch    so I ultimately decided to give RAILGRADE a try   Keeping in mind it s a puzzle game  it does the puzzle game formula well  Here s a level with very simplistic requirements  solve it  Here s the second level with the same simplistic requirement but also a new twist  solve it  It genuinely took awhile before the game finally  opened up  and stopped holding your hand  and I d say that s a disappointment   RAILGRADE has some advanced features that are wholly hidden until you get further into the campaign  such as trains having the ability to intelligently choose a branch based on what other trains are on it ahead  a game changer   I wish that this feature was released sooner  or  at the very least  been teased in an earlier tutorial  Having something to aim for  such as a useful automation tool of a train choosing a path intelligently  would be a great motivational goal  Instead  it was just a shock when it was unlocked  and I literally went  Oh  wow  this game has more to offer  Good thing I didn t quit two hours ago  when all I felt was that I was doing chores   The reason I bring this up is because other reviewers have given up on RAILGRADE because you cannot design stations with multiple platforms  however    they just didn t get that far in the game  This just reinforces that this unlock is too late game wise  or  should at least be teased  because this kind of railway set up is expected from automation junkies   In fact  I may have fallen victim for the  quit too early crowd   because another useful tool in game would be to logistically decide how much of which resource goes where  At the point where I stopped playing  such a feature did not exist  Does it exist later  I may never know  But there were definitely instances where the game required me to split a resources attention between two or more locations  and the only way to really do that is multiple  segregate  train lines   or  so many trains on one line that connects everything  that you fill the warehouse of each location in sequence  allowing for enough of the resource to reach the last location in the loop  Again  it would be useful to say  only drop of x of this resource at this station   and if that exists later in game  great  but it should have been revealed sooner  or  teased as something to work toward   The game itself played incredibly well  and I only encountered one two bugs with audio  I unlocked some music tracks in the shop and enabled them in the menu  but every time I would leave the menu  it would not commit the changes and would disable the tracks again  Then  while playing the game  the music track currently playing would stop suddenly if I opened and closed any station menu  It was very bizarre  but not gameplay impacting at all   Graphically  the game looks incredible  The UI is intuitive  even if it seems overwhelming at first  It is easy to forget about workers  but the balloon tool tips over the location in question AND the alert on the right of the screen really get your attention  RAILGRADE is a game about automation  even if it s in the loosest sense  you re preparing resource distribution and supply chains  ultimately turning raw resources into consumable goods  I personally think it would have been more fun as a sandbox game on a large open map  but we have a puzzler instead  It does the puzzling very well  it just isn t a game for me  no matter how many trains I ve set up  Minakata Dynamics claims there will be a sandbox mode in the future  but the game will absolutely require revisiting before then   such as the implementation of rail signals  because there are none    before such a mode would be enjoyable   As a side note  If you want to increase the difficulty of the game  you can disable  Train Ghosting   which is when the trains drive through each other safely   It s hidden in the Modifier menu when you re starting a new level  I accidentally opened a Modifier menu and found the option there  I almost feel it should be presented at the start of a campaign   Hey  as a puzzle game  trains drive through each other  Would you like to disable that feature  Click here  To change it back  check the Modifiers menu before starting a level   or something  The first time I saw trains drive through each other I was disheartened  but also relieved  because I didn t know if I d lose the level and all my progress  That would have sucked   Playing with Ghosting off does increase the difficulty  though  because more railways are required  and you absolutely must  or really  really recommended  have the ability for the train to intelligently choose a track based on traffic  which again  really should have unlocked earlier    Therefore  I recommend RAILGRADE as a puzzle game  because that s what it is  Don t get RAILGRADE expecting it to be Factorio Lite  because it s not  It s a puzzle game that utilizes railways as its mode of solving puzzles  and you have to solve the puzzle without the aid of rail signals  and solve the puzzle as quickly as possible  I ll reiterate  I recommend RAILGRADE so long as you keep in mind it s a puzzler  because it does puzzling very well 
RAILGRADE,Posted  October    The game was fun until I got half way thru the scenarios  Get to tedious to keep trying to raise the cities up to get a little bit of workers    Eats of a lot of time and consumes more money then what you put into and don t make mistakes on track placement  That is costly time and money to   Basically run out of workers or production is super so slow going  The timer was fun it was challenging now it is an impossible burden really hard to think when you got to look at   industries that have all different resources it needs to work   No pause when your looking at the industries panel   The graphics are awesome but it is not fun no more  It is a chore game now  The voucher reward system was very cool when I got to the half way point and need to spend all the vouchers on upgrading new industries then the higher the tier more it cost to buy and upgrade it  I spent alot of vouchers on useless music tracks  then it threw out a bunch of new train engines and industry upgrades that I can not get now  Supposed to be able to beat it in an hour an a half to get the max vouchers which is    They are so mind boggling to make the industries that is I m only getting     vouchers now when playing it for   hours    Makes me wonder if the devs even played tested it to the end  The game is beatable if you want to destroy your insanity for about     or     hours or more  I don t know  of mind destroying industries pressure building for and upgrading cities  The game is not fun no more  The challenge was fun at first now it just ridiculous  if your not a robot or AI or got a very good memory and patience this game is not worth buying at any price  The timer and how long it takes to beat a level and get getting vouchers based off this is what makes the game lame and boring  Very frustrating   Lol the game has a lot of repeatable play time if you like playing the same board for hours over end to get those vouchers to make your industry go faster  Running out of workers is a game killer to  Expect massive stress and frustration if you play this past     It begins about     way thru and just builds up  The game runs really well the story line is good  graphics are great  But all the above destroys all that  Good luck on your Sanity if you decide to play it 
RAILGRADE,Posted  October    This is a really great game  I ve played it a lot on Epic  but I got it for free over there and I bought it here to support the devs   The spirit of the game is this  the fun part of train sims  for a lot of us  is the building of ever more complex routes to handle mission goals  The game bends all its energy to maximizing this task  rails are cheap  trains and stations are expensive  So you can lay a lot of track  The way the logistics gameplay is set up means that it makes sense to build A LOT of routes  The timer means you are constantly on the move  finding the next thing to build   The game is timed  although there is a mode to disable the timer  But I find the timer helps push me towards optimum use of time and optimal economic development  which is another thing I love about games like this   This game is not for people who like carefully tweaking their rail network or thoughtfully planning out complex  multi route trains  Most trains in this game will be point to point  running in a loop  It s also not a super complex economic sim  It doesn t have planes  boats  or automobiles  It s about trains and trains only 
RAILGRADE,Posted  October    The core gameplay loop is simple but engaging   make stuff  move stuff  sell stuff   but the complexity grows really well so far   cities need a mix of resources  workers from cities are needed to run industries  you can add catalysts to most industries  an extra resource that increases production rate   etc  also the soundtrack is excellent   I think the biggest caveat to people looking is that there isn t a sandbox or free build mode yet and you re restricted to short ish scenario maps in the campaign  but it s fun as is and it has a lot of promise 
RAILGRADE,Posted  October    it s a puzzle game  that s ok  but it would need to be advertised as such   what really put me off is that tracks don t have signals 
RAILGRADE,Posted  October    Great game  gets increasingly complex despite the simple mechanics 
RAILGRADE,Posted  October    Tutorial is way too long  I know that WASD moves the camera please let me skip that stuff  Thumbs down because its a story based game with no sandbox 
RAILGRADE,Posted  October    I feel there is still a long way to go in terms of train management  routes  wait time  etc   It s a fun but still a little too simple  Overall I like it 
RAILGRADE,Posted  October    I expected a railroad building simulator  kinda like transport tycoon  but I got pretty disappointed after finishing the tutorial and realising that the game works with levels instead of a big world  Just as it starts getting fun  you finish the level s objective and you re forced to move on to the next level  This is more like a puzzle game than a simulation game  I guess joke s on me for not checking the tags before buying it   I might come back to it if they add an endless mode  or a sandbox mode 
RAILGRADE,Posted  October    Nice game   BUT  It really failed to be a good train simulation like transport tyconn etc  It dosn t even have the complexity like the trains in factory  One reason  No signals  You can t make komplex train logics like sharing one rail in both directions with waiting signals or even terminal stations  It can only do loops loops loops which get s boring after a while  It s more like a simple puzzle game than a full train simulation  Pity  since it has nice graphics and good usability  works even with gamepad on the deck and in linux      It s still good if you get it at a reasonable price 
RAILGRADE,Posted  October    Railgrade is the perfect scratch to the automation itch  The autism gears in my brain dream about this game when I m not playing it  Trains now call to me from beyond the void and whisper sweet steam powered nothings in my ear  Nothing drops my pants more than setting up tracks to look like circuit boards and destroying the digital environment  By the time I ll have finished playing this game  I ll likely have over  k hours invested and a much lighter skin tone  Who needs to touch grass when you can ride tracks  The UI is so simple to use that I can zig zag around the map at speeds that cause motion sickness in any unwary passerby  Getting max scores is also pretty challenging  Low skill entry and high skill ceiling tickles my soul  Give your soul to the train sim gods and buy railgrade already  Your family didn t love you that much anyway  
RAILGRADE,Posted  October    This is not a logistics sandbox  Instead  this is like a series of logistical puzzle scenarios  You are given a clear set of tasks  and a time to achieve those tasks  You have some latitude in how you solve each challenge  but there is usually just less optimal ways to solve it  So long as you go into it with that understanding  you ll have a good time   This game is clever  well made and each sessions is around    minutes long   hitting a sweet spot  The logistics puzzles are interesting and well considered  The balancing is on point  You re always under pressure to get a good time  and the exponential gains from your setup make for tense races to the finishing line   This game is pretty  well made and highly polished  This is a genuinely impressive achievement from the developer 
RAILGRADE,Posted  October    Graphics are nice  cause it s unreal engine  However  the gameplay is so braindead and you don t need to really think in this game  trains also don t collide  The trains  and which this game was supposed to be all about  are nothing like in OpenTTD Factorio or other similar games  you can t make really complex setups either
RAILGRADE,Posted  October    It s a much  much clunkier version of Train Valley   without a pause button     I ll give it a barely positive rating since it has potential  but the track building needs to be more precise since you waste a lot of time fighting it to lay out the tracks exactly how you want them and in a game that really only cares about how fast you finish the level it feels unfairly punitive   oh and the devs MUST add a pause button     SCORE       
RAILGRADE,Posted  October    Simple when desired but complex to keep you entertained
RAILGRADE,Posted  October    If you re a fan of Factorio style puzzle games  and trains   then this is for you   Developers are demonstrating active response to the community  which is nice to see   Choo choo MFS
RAILGRADE,Posted  October    Clunky graphics glitch out so much and with such frequency  it s unplayable   While it is a fun game  the price is TOO HIGH for the content you get  It s a simple  straightforward campaign mode  finish map A to go to map B then to map C  here s also a bonus map   but that s what you get for         There s no sandbox mode  which in my opinion is a must in this genre of games for coming back to play again like in Rail Road Tycoon    Don t buy the game till they fix the game killing graphic glitches and add more content to the game 
RAILGRADE,Posted  October    Somehow the game convinced me it was more than it actually was  It wanted to be some kind of tycoon or transport simulator  but actually was just a puzzle game   it s a shame  first of all  there is no sandbox mode  i hate playing campaigns  especially if those campaigns involve all the unskippable tutorials which show you  click here  click there and do it as i say otherwise you can not progress   This was the first red flag for me after i was   missions in  it still held me by the hand not letting me do my stuff and just told me what i had to do and when  oh don t think you can skip any of that  the game will pause for the moment it gives you that box and you have to press and hold a button in order to proceed  so no  just let it run in the background while watching tv  or anything like that  this game does everything right to  P     you off   this might be the right games for the younger audiences of arround    to    years old     but for anyone more mature than that it s a shame if you want a transport simulator to have you connect industry a to b and then distribute that   go play transport fever      or  
RAILGRADE,Posted  October    A well balanced production management game  While people will complain about the trains being able to go through each other  you are penalized for doing this with the trains losing all momentum  killing their delivery speed  This game really makes you consider the best possible options configurations for each scenario  and it s amazing to go back to some of the levels after buying upgrades and seeing just how much those upgrades have improved previous scenarios  I think the upgrades are too easy to buy for more experienced players of asset management strategy games  which makes the whole voucher system unnecessary  but I still found enough challenges to have a fun time with it  The developers are also very in tune with the feedback  and even though there is no sandbox mode I have full confidence that they can pull it off  Looking forward to seeing where things go from here  but paying full price even now is fair  I think it s worth it  Being able to ride the train alone is worth     That s such a nice touch  especially in really interesting terrain or complicated track setups  Fantastic game 
RAILGRADE,Posted  October    Great challenging game to play  I don t understand all the reviews wanting a sandbox mode as that s clearly contra to the spirit of the game  I could see it but it wold be drastically different than what the puzzle like nature of the game today 
RAILGRADE,Posted  October    I am a bit disappointed that its like simplified version of train valley      that being said this game has much better graphics and a little bit of story  the game run very smooth and control is tight and responsive thanks for epic and my patience  
RAILGRADE,Posted  October    Loving it only a little over an hour in  The game has a simple core that is executed well and expands outward to become challenging to optimize  For certain people  reaching      efficiency is like crack cocaine  If that is your style this will be super fun  Looking forward to the sandbox mode in the roadmap as well 
RAILGRADE,Posted  October    I played OpenTDD back in the day  but it never quite did it for me  the fiddly signal placement and route configuration  the arbitrary restrictions on construction  the wide open undirected sandbox  For me  this game distills down all the things that were actually  fun  about OpenTDD  while the scenarios and time pressure give all the things I m building a  purpose    So yeah    if OpenTDD is your favourite game ever  Railgrade probably isn t for you  But if you found it frustrating and directionless like I did  it might be worth giving Railgrade a try 
RAILGRADE,Posted  October    Bought it    refunded it    and bought it again  Now after playing the beginning of the campaign I really start to like it   Its relaxing if you want   but when you want a challenge there are time limits to beat    Pros    good polish   no crashes or major bugs yet   solid rail building system   update unlocks in the campaign   challenges if you want   no challenge if you don t want to   runs well on M  Mac  Cons    No signals   if you let the game the trains goes trough each other
RAILGRADE,Posted  October    One of the few games out there  in which you can feel the passion of the developers  Love it  can t wait to      it 
RAILGRADE,Posted  October    Very nice  doesn t re invent the genre or anything  just a simple to play strategic train game
RAILGRADE,Posted  October    I Like trains  this game has trains        Pro tip  More stations means more resources loaded unloaded
RAILGRADE,Posted  October    Lots of fun  Great intuitive game play  the tutorial missions are fun so far and the humor and setup awesome 
RAILGRADE,Posted  October    I am far too addicted to this game 
RAILGRADE,Posted  October    Nice and pleasant  Not really a train tycoon sim  though but more a puzzle game to be solved within a given time for bonuses  You have been warned     Sandbox would definitely be a nice addition 
RAILGRADE,Posted  October    I originally expected that this would be something similar to sandbox as Factorio  It took me few hours to understand that this is more a puzzle game with kind of sanbox  but from that moment I do enjoy the game and I have already     done  Nice done 
RAILGRADE,Posted  October    It is like a transport tycoon with only trains option  It is not a factorio game  You have limited time to fulfill demands in levels  Levels took       minutes to win  You need to master distance  track layouts  engine types  handle hills  and product transportation chain  I needed     tries to win with best rating  Recommended 
RAILGRADE,Posted  October    I agree with those who are not happy with hand holding during story  I don t like that trains don t need loops  It feels like a solve a challenge game  with probably a good story  but I m more in favor of free play and building some big and complex  You don t always have to tell a story  Look at Dyson Sphere  Factorio  Satisfactory  etc   
RAILGRADE,Posted  October      Mr  Mystery Guest  Are you still there     Yeah  I m still here  Unless you wanna sent me a spaceship    Uh  no I m afraid not  But you have me at a loss  Who are you  Just another Steam  user who played too many resource management games  Another orphan of a bankrupt culture who thinks he s Engineer  Pioneer  Icarus     I was always kinda  partial to Mr Riggs from Riftbreaker actually  I really liked that drill hand    Do you really think you have a chance against Factorio  Satisfactory  Dyson sphere program  Mister Manager     Well  Choo Chooo Chooooo  mother     r 
RAILGRADE,Posted  October    its a puzzle game btw not factorio
RAILGRADE,Posted  October    Sweet Transit is what this wishes it was  does everything better 
RAILGRADE,Posted  October    Honestly this one of a kind gem deserves more recognition  This does industrialization and logistics RIGHT 
RAILGRADE,Posted  October    A good game let down by incredibly fiddly and annoying controls  The controls are so bad they actively ruin the rest of the game
RAILGRADE,Posted  October    Trains in this game just move through each other  That s just refund for me 
RAILGRADE,Posted  October    I really enjoy playing this game  It s somewhat similar to train valley  but still different  You have a lot of freedom on how to place tracks  You don t need to switch switches all the time  instead you set them up once for each train and then the follows that route automatically   It lacks a fast forward feature and a possibility to manage trains in groups 
RAILGRADE,Posted  October    The perfect game if you want a serene puzzle game with a seasoning of trains and logistics  Like many have said  this is a puzzle game first and logistics simulator second  Not the second coming of TTD  but a great way to spend a weekend  RailGrade looks great  and soundtrack feels like a mix of   s and dance trance  I m looking forward to the future sandbox mode 
RAILGRADE,Posted  October    Well it is not very often I record this kinda game for my channel  its more of a personal play for me  but after only   mins of playing I thought it would be very rude of me not to share this with my subs  and I have done just that  Its an awesome little gem  I am loving every bit of it for sure  It runs well  plays well and looks awesome  Cheers Devs  Luvvly Jubbly 
RAILGRADE,Posted  October    Was looking forward to this game  seemed a bit like a combination between Factorio and Rail Road Tycoon    but couldn t be more wrong  Not worth the buy in my opinion  it s boring and not engaging  Don t even feel like playing it anymore after just   hours 
RAILGRADE,Posted  October    Very impressed with the game  excited for future updates  feels pretty damn perfect from a performance standpoint  all settings at supreme  except unsure exactly what the last terrain X by X one does so left that at default   Also great from a stability standpoint  Definitely more of a logistics puzzle game than a pure automation game  though there is a huge ceiling to optimize things if you like that side of automation games   Also an amusing note from my time with it  completely different game but the  completely optional  timers make it feel similar to the impatience meter from Against The Storm  also the logistics chains  and I adored that game  which has a similar level of awesome polish to RAILGRADE   Want to also try this out on Steam Deck and see how it runs there  Apparently that version adopts the Nintendo Switch Control scheme fully so I have high hopes for it   Also I have always wanted a factory logistics game that focuses on the trains  they are just too late in the tech tree in games like Satisfactory and Factorio for lots of players to reach them  If you want to build optimal rail routes instead of conveyor belts and are okay with it focusing on smaller scale puzzles than       hour  single world grinds  you ll love it 
RAILGRADE,Posted  October    Boring  slow play that is not what was expected
RAILGRADE,Posted  October    I like trains
RAILGRADE,Posted  October    I like trains
RAILGRADE,Posted  October    Really enjoying this game  Both Relaxing and addictive 
RAILGRADE,Posted  October    Addicting and relaxing  Highly Recommend especially if you like trains 
RAILGRADE,Posted  October    Probably the best OST i ve heard in a loooong time 
RAILGRADE,Posted  October    train train train train
RAILGRADE,Posted  October    It is a puzzle game about trains with a fantastic soundtrack  I really like it 
RAILGRADE,Posted  October    Game is not what you think  at all  review some gameplay videos before choosing to purchase  The whole game seems like Tutorial  There is not open world type gameplay  Scenario based encounters in a linear fashion  I played some additional time and it kind of grows on you 
RAILGRADE,Posted  October    Product received for free  Railgrade launched today  And it s awesome  I m really impressed  Great sense of humour and artstyle  I love the mission based approach   it s like puzzle meets rail sim with time challenge  Expansions to come yet  A map editor   sandbox mode  it s gonna be awesome   Railgrade is a superb management sim with a huge mission based story campaign  Features upgrades  challenges  time pressure  puzzles  gorgeous environments and levels  tons of variety  Excellent   For more niche curation  follow me at 
RAILGRADE,Posted  October    Well crafted game  Very fun campaign  Nothing negative to write about For veteran RTS and resource management people  this is not a hard game  but its very enjoyable and fresh fun 
RAILGRADE,Posted  October    Good ol fashioned choo choo fun
RAILGRADE,Posted  October                                                                                            
RAILGRADE,Posted  October    Yes  very nice
RAILGRADE,Posted  October    train
RAILGRADE,Posted  October    I play so many game and rate only a few of them  This one is a big yes  Can t wait for the sandbox mode 
RAILGRADE,Posted  October    I was told there would be rails and grades in this game   I will keep you all posted 
RAILGRADE,Posted  October    Really fun strategy game 
RAILGRADE,Posted  October    It s unfortunately quite boring  and I d say the gameplay feels quite shallow and dated  Sounds harsh but I m not sure how else to describe it  The early missions are solved by a few clicks and then waiting for    minutes  I was expecting something with a bit more depth to it 
RAILGRADE,Posted  October    Railgrade is a train based management simulation that resembles a modern version of Railroad Tycoon  set in the future    on another planet    with technology  probably  from the sixties  Actually  that s not important   Before you buy it  you should be aware that it is not a super complex game and that it doesn t include a sandbox option  yet   You progress from mission to mission  and the complexity increases slowly  It always follows the same principle  connect the available industry with a railway network to achieve your goal  or use available resource fields  built factories and strategicaly connect your railway network to reach your objective   It s a perfect game for a quick dive  but it can also keep you motivated for hours and hours  The developer is in direct contact with the community and helps you with any issues  which is an absolute novelty  Something other developers can learn a thing or two from   The graphics and animations are beautiful  and the sound complements the atmosphere  I highly recommend this game to anyone looking for a nice distraction without it being overly complex or frustrating   Quick tip on the side  Use the bank and hoard all the money you don t need  It will often pay for your maintenance and sometimes even make you more money than your income from your trains   Choo Choo 
RAILGRADE,Posted  October    I played this game on the switch  and I couldn t wait to play it again when it came out on steam       
RAILGRADE,Posted  October    Good
RAILGRADE,Posted  October    wonderful
RAILGRADE,Posted  October    absolutely   
RAILGRADE,Posted  October    I love it  I probely have autism 
RAILGRADE,Posted  October    The main menu song goes so hard 
RAILGRADE,Posted  October    Great puzzle type tycoon game with trains   Once you get further at the game there is possibility to put modifiers on     No ghosting on trains    Unlimited money  Secondly on higher levels there are always plan time before time starts   I wanted to highlight these points since some reviews said that trains not collide and there are no time for planning   Overall I would say that there are      hrs enjoyable content  After that content pretty much repeats itself 
RAILGRADE,Posted  October    It sucks  It s not fun or interesting  I d refund it  but I feel sorry for the developer because they clearly tried hard  On the other hand  the tutorials move so slowly  they may be trying to get you past the refund time limit before you get to something that s not ugly and boring so maybe the developer is just trying to be clever and lock you in   The pitiful vanity of the forcing you  ride  the train to get past the level and other busywork are neither fun nor interesting  Add in multiple minutes spent having to pan the camera  tilt the camera  etc while you learn nothing except how unpleasant it is to be forced to endure routine functionality because the developer spent time on it and now you must  too   The UI needs to have someone with eyes look at it  there s too much blank space due to the useless padding and oversized backgrounds  The UI sounds don t fit  they are low effort electromechanical actuator type sounds with slightly off timing  The typewriter like intermissions force too much of the contrived story on you at a time when the story should be meted out in tiny bite sized portions as the game progresses  On this note  why does it call me Yoshida  Let me put my name in if you re going to call me by it   The graphics are OK  but a feeble attempt at making them interesting with a grainy post processing makes them ugly  Then you see how it s not so bad up close  The graphics really are a problem here  so much effort is put into making them interesting in cliched ways like the dirty glasses filter and tilt shifting  A game needs more than  ooh  look at this  incredibly uncreative thing    it needs cool things to do   Games get about    minutes to seem interesting  I m not going to tough out an unknown number of slow moving tutorials to  maybe  get to the interesting part  This one was already overbearing in the first    seconds   In just    minutes or so of playing  I couldn t stop noticing the half hearted effort in this game  Such as the settings screen saying to press space to close it  but that doesn t really work  it does nothing  but poor attentiveness by the developer kept it in place   Much of it seems to stem from a controller first UI for a PC game which likely appeals to mouse   keyboard people 
RAILGRADE,Posted  October    In Railgrade s world  the iron tracks unfold  A train themed saga  adventures untold  Build cities tall  like dreams in the sky  Constructing a world where your trains will fly   With resource management  your skills put to test  As rails crisscross  a grand railroad quest  Factory chains hum  a symphony of machines  In this game  you re the master of railroads and scenes   So gather your cargo  your dreams  and your might  In Railgrade s world  where day turns to night  A story unfolds  as the tracks wind and bend  In this train driven world  where journeys have no end 
RAILGRADE,Posted  October    This is a great game and offers all you d expect in gameplay from the clips  however     IT CRASHES EVERY    MINUTES  When it crashes it totally locks out the mouse and keyboard and freezes  The only thing you can do is power off reboot   Hopefully they ll get it fixed soon  cause it s a lot of fun   Processor   th Gen Intel R  Core TM  i       K       GHz       Mhz    Core s      Logical Processor s  Installed Physical Memory  RAM       GB Intel R  Arc TM  A    Graphics w driver version              
RAILGRADE,Posted  October    Fellas  I might be Autistic
RAILGRADE,Posted  October   
RAILGRADE,Posted  October    Product refunded  Railgrade seemed to be an interesting game  but unfortunately  it s virtually unplayable on my Mac at the moment  I ve had it crash my OS a couple of times   
RAILGRADE,Posted  November   Fun little rail based puzzle game 
RAILGRADE,Posted  November   excellent 
RAILGRADE,Posted  October    A solid logistics game  If you re into Factorio or Satisfactory  check this out 
RAILGRADE,Posted  October    Yes 
RAILGRADE,Posted  October    Definitively Addictive  Awesome graphics  Lots of training provided    
RAILGRADE,Posted  October    Great game  pretty fun after you realize the many different approaches  Its easy at start  but can be very complicated if you would like to 
RAILGRADE,Posted  October    Although I was surprised that this is not a sandbox Game the levels worked very well for me  This Game makes fun  The Sound is very good  The graphics too  And wow how easy it to Build complex routes with a Single mouse Click  I wish other Build games have this easy to use editor   Technically the Game is very good too   If You Play this Game You Feel the Long develope time in Every corner   Well done 
RAILGRADE,Posted  October    Coming in as an casual OpenTTD player  I am loving this game 
RAILGRADE,Posted  October    Great little to the point automation game  Has a awesome sound tack 
RAILGRADE,Posted  October    I like trains
RAILGRADE,Posted  October    Cute  relaxing  addictive and with a great soundtrack  If you liked Sid Meyer s  Railroads   you will love this  Definitely worth the asking price 
RAILGRADE,Posted  October    A fun little casual game to play every once in a while  Don t go in expecting transport fever levels of railplanning but rather factorio with bigger tiles and vertical construction  Though the game is rather simplistic in its nature  The recipe chains are short and you likely won t find yourself doing anything other than A to B connections throughout your run due to how the route planning works  But combined with how money is earned  the time crunch and all the other little mechanics it does make for a good casual logistics sim to play between other things   Also works great on steam deck
RAILGRADE,Posted  October    This game is awesome  I will admit full price is a little much though     This is a puzzle game  I m not super into puzzle games in general  but I do like this one   The levels themselves are just part of this game for me though  the photo mode you get after you beat a level lets you follow trains around from a variety of angles and view the world through different filters  and it s gorgeous   I think I ve spent about a fifth of my playtime in this game just watching the trains go  The coolest thing about it is that it s something I ve built  it s not a cutscene  it s something I put together in    or so minutes and it looks beautiful  as if it were a trailer   One thing I will say about the photo mode though is that the camera snaps immediately when a train reverses  I think it would make it a whole lot better if the camera would make a smooth transition instead   This isn t a game I find myself deeply invested in  like Factorio  but it is something I find very relaxing at the end of a long day  Very cool   
RAILGRADE,Posted  October    If you like train optimization such as in Transport Tycoon Deluxe or Factorio  you will be very disappointed by this game  Trains can drive through each other  then are no signals  and no obvious way to optimize the network  It s not even the point  the missions reward you for connecting points as quickly as possible  Creating trains is awkward  you create a train  it will auto pick a path  If you have multiple possible paths  it will almost certainly pick the wrong one  so you have to  fix  it by clicking on each switch to tell the train to go left  right or center until you have a path that goes where you want and back   The play loop is not very fun  I got bored after     missions Trains are graphically very hard to tell apart  cargo  or version of train   it would help if the trains had a sticker following them  or if we could name the trains  This is even worse as when a train goes through another one  one of them gets transparent  Selecting trains is also annoying  You need to escape the train mode  then click again to pick another train  The creator did a good sales pitch on Reddit so I bought the game  I should have tried a demo first   
RAILGRADE,Posted  October    Fun puzzle ish rail game  Read reviews before buying  most of the negatives are from inaccurate expectations  whether thats  on devs  marketing  or something else  IDK    Basic gameplay  Build some rails  build some buildings  either mines for ore or refineries assemblies that put raw stuff toegether   then set some trains  Not super deep  definitely not shallow   What this game  currently  ISN T  Open TTT or anything with an  invest in XYZ  economy style thing  You get   from deliveries and  can  get it from storing cash at teh bank  but     of the game is get   from deleting stuff and trying to get an efficient system   Think more Factorio with synching things up and a level based system of figuring things for that level out rather than business competitors or big open world   I love this game  but if your e not sure  check out gameplay or other things  It s great at what it is  just make sure that s something you want  a level based train game with delivering stuff and figuring out how to get your productions set up right   Most levels are  export X amount  or  Get city to level Y by giving it certain stuff  with its own nice little mechanic  A few odd job levels  such as getting a train out of a maze using only the ability to change which way it goes at intersections  a level of prebuilt rails and ONLY being able to place and route trains    but most levels are placing some rails and industries  and trying to get things up and running fast enough to achieve an S Rank or whatever your personal goal is for beating that level on time 
RAILGRADE,Posted  October    Railgrade is a trains automation resource management simuilator  It seems to be set in a dystopian future where it seems more like a modern punk rather than steam punk or future punk  There is no fancy gadgets  just good ole mechanical power run by the classic train engine   At heart of this game is actually a business management that features trains but is no means a train simulator  More like a puzzle that will test your ability to utilize your own brain power to solve the levels  Namely  you will be tasked in setting up a working rail line between points and delivering goods  whether it is oil  water  copper  coal  iron  energy  and others  It seems easy at first  yeah  you can plot a riail line between A and B  but then later on you might have points C through Z and you need to think strategically  you have limited funds  Things costs money  whether plopping down rail lines  buying train engines and the freight cars  to stations that will load and unload cargo  or buying industries or paying for industrial upgrades  You can attempt to run multiple trains through one line but it doesn t always work out  and sometimes it does  depending on how you set it up  There are in game banks you can deposit money  which accrues interest  or even take out loans  You might have to deliver water to a city first so that the populace will expand and then you can have a limited work force that you have to tactically allocate to one ore more industries   which will you prioritize first  Oil production  or steel works  for example  Then there s distance which also run costs  You stations will periodically burn upkeep costs  And can you make your network efficient  while looking to achieve all the goals in the shortest amount of time for the best grade  And that s where railgrade comes in  you are GRADED for that performance  Achieve to have one of the lesser grades if you want  but do you have what it takes to try again and get lauded for a truly superior grade performance   The game is truly fun  If you botch a level you can restart the map which is a very cool feature  There is no sandbox mode at present  but I believe the developers are working on this feature   Some of the also cool features of this game include  fulfill certain tasks and you get  vouchers   What these vouchers are can purchase exclusive things within the game itself  No insidious downloadable content you have to pay for  No stupid loot boxes  Just do well enough to earn vouchers and you can buy things like better train engines  upgrades  industries  and even music  Speaking of music  the in game soundtrack is catchy   Try the game  It is challenging and cool  And what s even more fun  you can even catch a ride from the train s perspective if you want to take in the scenery 
RAILGRADE,Posted  October    This is a very reluctant thumb down from me  Do I like the game  I guess I do  Can I recommend it  Not sure     Unlike many other reviewers  I didn t come with expectations that Railgrade will be a next Railroad Tycoon or something  I don t mind compact missions structure  each presenting a new challenge  Railgrade doesn t force you to control every train  like in Train Valley   it has a focus on maintaining continuous flow of supplies that keeps the industry running  I guess you can say it s a puzzle game with trains  my problem is exactly how it handles these two components  puzzles and trains   Puzzle game needs to present new challenges that have to be solved using game mechanics  I ve completed around    missions and     of them feel exactly the same  There is a building producing a raw resource  then you have to deliver it to a processing facility to make something useful out of it  then there is another building taking it as an input and producing something else  that you export or ship to a city  The gameplay is exactly the same whether you convert oil into chemicals into neon  or silica into plastics into furniture  or copper into wires into appliances    As the game progresses you get more and more chains  but the process stays the same  You open a map  make a sigh seeing how inefficiently processing facilities are placed relative to resources they need  then plan your railroad network for good    minutes  then you sit for another    watching your network run  upgrading buildings  adding trains  stations and mines as necessary  Then as the industry really starts kicking and money get flowing   the level ends  There were only two memorable missions out of    I completed   in one the goal was to reach a certain throughput of production  not volume    which made me scratch my head once I ve built everything I wanted and found out it wasn t nearly enough  the second one didn t allow any track elevation   this created some choke points on the map which again required a bit of thinking  I d like to see more unique map effects  or something happening mid mission requiring adapting to  or unique victory conditions  or lose conditions   or more constraints  e g  limit on number of trains you can buy  or limit on length   I also absolutely hate to play against the clock every time  which is the only thing ever used for ranking  I understand the completion time is a measurement of network efficiency  which is the ultimate goal  but this undeniably adds to the feeling of repetition   The second thing I think is going to alienate people is that in a game about railroads  trains don t feel real  They are mostly a visual representation of a throughput of your tracks  the game would function exactly the same way if tracks were a conveyor belt  If you need to increase the throughput  you just drop another train anywhere on track  or you can instantly add more carts to any one in route  or sell one  When a train reaches end of line  it just turns around  I wish there was proper mechanic for reversing  like adding backward facing locomotives which would be idle unless it s time to pull it in the opposite direction  but no  This creates weird setups where you connect factories by a single line and put a train that touches both stations at the same time  Looks wrong and breaks immersion   there could be just pipes and wires instead  And trains don t collide  they ghost through each other with no explanation why  I can understand it as an accessibility option  but this is the default behaviour   It s not all doom and gloom though  The basic foundation of the game is solid  It s pretty fun to connect all dots and then see how your network buzzes  propelling you to victory  Apart from charting routes themselves  complexity comes from planning proper layout for stations and then tweaking the throughout as demand changes  because a city grew for example   or when you start noticing empty trains or idling production  Rather unique feature of the game is that you need to think vertically too  as you can have multiple levels of tracks connecting to a building  which together with load balancing junctions can create some impressive setups   The game runs well on Steam Deck  I can t say it looks great   it uses a washed out palette which makes everything look grim and bleak  but Steam Deck runs it on high settings without any issues  Special kudos for a proper controller support  Even though it doesn t use all buttons  it s still infinitely better than other lazy adaptations which suggest you control mouse pointer with a thumbstick   The main reason for the thumb down is that the lack of variety makes it feel a like a chore  which sips any excitement about whatever a next region may hold  Maybe future missions will make the game shine  I ll happily update my review then  probably replacing it with complaints about a slow start instead   
RAILGRADE,Posted  October    This is a great game and I would definitely recommend it but I found the beginning really really slow  I wished it was a bit faster to teach you basic stuff  I know they want the experience to be great for all kind of players but if you re experienced in this type of game and played a lot of OpenTTD or Transport Fever  this is really frustrating  The game is great eventually  there s a great balance later on where experienced players can chase the S scores while less experienced players can still enjoy the game at their own place so I d recommend it for anyone who is interested in this type of transport sim games  The part that impressed me the most is actually the user interface  It s all very clear and quite neat visually 
RAILGRADE,Posted  October    Fantastic game  One of the best 
RAILGRADE,Posted  October    Great combination of simple mechanics and challenging logistical problems  Heaps of missions   feels very rewarding 
RAILGRADE,Posted  October    my only gripe is one or two QoL ui changes and a sandbox mode but if you like games like surviving mars this game will not disappoint for the most part     
RAILGRADE,Posted  October    I d say it s similar to Train Valley    but with much much more freedom   I don t mind that you jump from one map to the other  Networks become messy at the end anyway  so it s good to restart anew on the next map with a new quest   Maps become more and more complex as you progress  I m about     into the game and the train network I have to build is more and more intricate  and I now have to spend about    min on each map  fortunately you can save in the middle  contrary to Train Valley   Then I guess it starts to feel more like a Tycoon game   It is indeed kinda weird that trains can pass each other when they face off  but at least they slow down so there s a kind of penalty  It s just a game play choice  I don t think it s that big of a deal  Maybe a mode where it s not allowed  or where they crash  would make sense  in exchange for additional start funds    Another issue is that maps often feel quite empty  as a small patch of desert that floats into the void with nothing sitting on it but a few beat down factories  Larger maps with the forest biome are more appealing for sure   But I don t quite understand the criticism that blames the game for not being something than it is not  Overall it s quite fun  It may not be what you re looking for  But it s a nice satisfying game  You don t need to race against the clock and try to get S rank on each map  You can just play chill   I played for about   h and I m     done  so there s probably    h of content overall to do all the maps   I experimented a bit with recording some  let s play  
RAILGRADE,Posted  October    Crashes repeatedly on mac a few levels in 
RAILGRADE,Posted  October    A rail logistics industrial problem solving game of fairly tight levels  Longest par time so far is    minutes and it s reasonable to hit near that on the first run of a level  Fun and focused 
RAILGRADE,Posted  October    Loading times are abysmal  and the tutorial is     too distributed   Particularly in the first few levels  I spent more time on loading screens than on actually playing the game  I d much prefer to have  one  single tutorial and free play after that  instead of  six  yes I m counting more than the  actual  tutorial  because it sure doesn t feel any different or serve a different purpose   Each tutorial mission introduces  one  mechanic  which you try about once before you suddenly see a loading screen again  So yeah  I d much prefer one longer tutorial in the beginning  and less hand holding after that   All that being said  it s a neat game  Similar to factorio in the sense that you have trains and production chains  but sadly no  named  stations  which I was missing a lot less than expected   Still  I d like to modify routes for all trains and not the route for each train individually  but that s only been the case     times  However  you don t have the numerous intermediate inserters  which I d still argue are one of the most annoying parts of factorio   Scale also tends to be a bit smaller   The missions have pretty clear win conditions  but you still need to plan for modularity    because you won t be able to afford everything at full scale initially  so you re bound to expand later on  I still haven t found the holy grail  but so far building large loops with branches tends to give me quite high throughputs  though I m also starting to hit limits there  I do have a few ideas to maybe overcome this though  we ll have to see what is necessary for the next few missions   The game says I m like     through missions and     through everything 
RAILGRADE,Posted  October    Not a perfect and not a beautiful game  and it is simple but    It is just fun  and I guess that is what matters  Unless you don t enjoy theory crafting and optimizing supply chains  and find sneaky ways to stack rails and avoid grades   Once you found some  optimal  tactics  the game is not very hard  but then you hit the limits of how much goods throughput one rail line can carry  and you need additional tactics  Some resistance to repetitiveness will be required to enjoy the entire game to the end I think 
RAILGRADE,Posted  October    This game is a gem  It is highly accessible for the genre and a pleasant challenge 
RAILGRADE,Posted  October    First  Trains trains trains trains trains  Second  Funny fun fun fun fun  Third  Chill  good music  cute  and pretty challenging for my mind  even at the beginning  Fourth  I feel happy playing this   This being the night before some big releases  I am impressed that this has made feel so chill and happy and feeling like I look forward to playing it again  and not longing for the big games  Even though it presents many options  it is still a small map puzzle oriented building game  However  this one is more open ended than things like Train Valley     Did I mention it was funny  I feel like the developers must love each and love this game and eat lunch together a lot and want to be my friend and should keep making games 
RAILGRADE,Posted  October    Fun game when looking for a timed logistics challenge  It does play more like a puzzle game than the typical automation game   I found the fun really started about half way through the campaign once missions are several hours in length rather than less than    minutes like the earlier missions  This is also the point where you have the freedom to place buildings rather than just linking up pre existing buildings  The small maps and multi step supply chains mean you ll end up building on top of yourself  which is where the game shines   Top reward levels are a good challenge and you ll often need to start with rough track layouts with shared purposes to minimise early costs before you start optimising the layout as you get some money  I was impressed that you always have the feeling of needing more money  but rarely have any downtime where you have to stop building because of a lack of it 
RAILGRADE,Posted  October    I was excited at the time i saw this game from some forum as it support Mac  But it was a mixed emotion during my game play and I decide to suspend my journey here  as it keep crashing on stage of Oil Overflow  I tried couples of setting and followed the suggested system but my mac might unfortunately been the one out of support  It is a good game comparatively to those I played and providing a handy control to the construction of track  and industry linkage  The guidance is helpful that tell you every details of their game design  If you are using Windows  give it a try  But if you are using Mac  get the latest model before you have it a try 
RAILGRADE,Posted  October    Fantastic  If you have the kind of brain that really likes trains then this is the game for you 
RAILGRADE,Posted  October    fantastic time sink  if you weant to like resource management games but you dont have the attention span to constantly micromanage your npc s  this game is the perfect game for you
RAILGRADE,Posted  October    For those considering this game  the resource management in this game is time and space   mostly  this is an exercise in how efficient of a transport network you can design  which makes it quite different from games like Factorio or Dyson Sphere Program  Beautifully animated traffic management sim and a relaxing experience 
RAILGRADE,Posted  October    Waited for quite some time and I ve not been disappointed  I like to play through the campaign   even if the time limit is stressing me a bit   D it s nice how every new level  you encounter a new challenge  that adds something to the game  but surely wish I can play a longer  endless session  So I m happy that a freeplay type of mode has been already confirmed  Until then many more great levels to explore   
RAILGRADE,Posted  October    This satisfies my train sim addiction  I find being able to create complex transport networks in RAILGRADE a joy and being able to easily modify routes for new resources or needs is a plus   Just watch your money management  Try to get that income started early 
RAILGRADE,Posted  October    Fun game  Later missions can be challenging to get S Rank  but in a good way   Definitely needs  free play  mode   i e  a mode not tied to specific missions  just ability build what you want on a randomly generated map  This could be supplemented with more achievements tied to this mode 
RAILGRADE,Posted  October    Easily my favorite entry in the  puzzle game  but with trains  genre  Each level presents a logistics challenge  and all the mechanics around building and optimizing your train network are a joy to use  There s a good number of levels  although the tutorial phase lasts a little long for my taste  The dev also mentioned the possibility of a sandbox mode  which I suspect would work extremely well w  this game s mechanics 
RAILGRADE,Posted  October    I drove Thomas and he loved it 
RAILGRADE,Posted  October    Love this game and its clear to me the developer is invested in this game and there customers 
RAILGRADE,Posted  October    Great game  challenging  love how it takes time to solve quests  One of the best games i have ever played  Hope to get new maps in the future to keep going  Great job devs  
RAILGRADE,Posted  October    This game is awesome  If you like factory management games like Factorio you ll feel right at home    and the soundtrack is fantastic  Highly recommend 
RAILGRADE,Posted  October    Incredible train game  An improvement over Sid Meier s Railroads  in every way 
RAILGRADE,Posted  October    Exactly what I was looking for in a train game with none of the fluff   Scenario based game play is where it shines  Not really a sandbox games  The track construction tools are some of the best I have seen in any train game  Love the future theme 
RAILGRADE,Posted  October    That I am reviewing and recommending this game at    hours of play isn t really special  But what IS special is how fast I made it to    in game hours  Once I started playing this game I was all in  It exceeded what I expected from the videos and screenshots  and then it just kept getting better  For me  this game is like a hybrid between PLANET COASTER and TRANSPORT FEVER    If you like either of them  let alone both  this game is well worth your attention 
RAILGRADE,Posted  October    It hits that same obsession loop as factorio for me  The cycle of build  optimize  expand  go whack a mole all the problems you didn t realize were building   I was worried at first hearing about levels and timers  but they ve been well implemented and haven t bothered me  the timer doesn t cut you off    Main feedback  an Immediate undo button would be nice  not just with track placement  but with stations and buildings as well  it can really be trouble to sell and re buy a building because you placed it slightly off  Super minor nitpick  the volume in settings doesn t change as you move the slider  only when you hit apply  It no joke took me five minutes to get the sound balance right before I began playing 
RAILGRADE,Posted  October           Amazing train game with good graphics that run very smooth  People treat this as a puzzle game  and it sorta is but not really  There are dozens of ways to complete a map  Its a mission based logistics game where objectives need completion and buildings need goods  What better way than trains  I used to not like mission based economic games but this has changed my view entirely  I m very excited for new updates like sandbox or more bonus maps or even new goods to deliver  This game is sorta time consuming  and figuring out how to master each map and industrial logistics network is really satisfying when you can finally watch the trains roll through  The learning curve is a bit weird and I wish there where way more hints for the midgame onward  I also do wish there where better tutorials or hints on the early engines so their usage is more clear  Either way great game and I hope for more 
RAILGRADE,Posted  October    Really  really enjoyable optimization exercise  It has enough moving parts that it doesn t stop giving  but not so many at once that it melts your brain  This is exactly what I ve been looking for and I m really enjoying sinking my teeth into it 
RAILGRADE,Posted  October    Still doing the Storymode  I hope there will be a free world available after this  Game is fun  addictive and challenging 
RAILGRADE,Posted  October    I really enjoy this game  It s little bite sized logistics puzzles that can be done within half an hour usually 
RAILGRADE,Posted     October 기차게임인데 단선에서 방향전환할때 기관차 방향이 뿅하고 바뀐다 
RAILGRADE,Posted    November 아 존잼이다 시간 순삭했다
RAILGRADE,Posted     October 자유모드가 아직 없는데 발매한지 얼마 안 됐으니 차후 업데이트 되지 않을까 생각함 캠페인이 알차게 돼있고 스테이지가 많아서 끝까지 깰려면 수십시간쯤은 들어갈것같음 일단 지금까지 느낌은 돈안아까움 다른 공장게임들처럼 복잡하거나 정교하진 않음 철도 놓고 자원 나르는 간단하고 재밌는 아케이드 기차게임임 시간때우기도 좋고 재밌음 추천
RAILGRADE,Posted     October 차량 회차 노선 만드는 것 보다 직선으로 찍찍 이은 다음에 회차시키는게 속도가 더 빨라서 그냥 열차는 덤인 선긋기 경영겜같음
RAILGRADE,Posted     October 이겜 절대 하지 마세요  건설겜은 쳐다도 안본 제가 날밤새가면서 한 유일한 게임입니다 
RAILGRADE,Posted     October 최적화   최적화   최적화가 안되잖아 으악 재고가 남는다
RAILGRADE,Posted     October 크리스소이어 로코모션  트랜스포트 피버  라이즈 오브 인더스트리를 플레이해 본 유저로써 남기는 평가  캠페인 미션  번까지 하고 작성해보는 리뷰   장점   아케이드성이 강한 only 철도 경영 시뮬레이션이라 배우기와 접근성이 쉬워서 운송수단 경영 시뮬 입문자에게 추천함   캠페인을 진행하면서 건물이나 차량 해금할 수 있는 시스템으로 캠페인을 진행할 명분을 만들어줌   언리얼 엔진으로 만든 게임이다 보니 게임 때깔은 보장함   선로를 적층할 수 있어서 효율적으로 선로를 관리할 수 있음   최강 장점    단점   아직은 샌드박스나 워크샵을 지원이 안되다보니 퍼즐과 같은 성향을 강하게 띔   후추 업데이트 로드맵에 단점 보완됨   운송수단이 오직 철도라는 점이 다양성을 낮춤   미래 배경이니 항공  드론과 같은 시스템이 있었다면 어땠을까 싶음  좀더 하드코어한 경영겜을 선호하시는 분들이라면 다소 지루하고 단조롭다고 느낄 수 있음   시간 빨리감기나 일시정지가 없음  
