title,review
식물 VS  좀비™  네이버빌의 대난투,Posted     May       go play garden warfare   now
식물 VS  좀비™  네이버빌의 대난투,Posted    June       PvZ      still better
식물 VS  좀비™  네이버빌의 대난투,Posted    June       Put Garden Warfare   on Steam and stop updating this garbage
식물 VS  좀비™  네이버빌의 대난투,Posted     January       please Lord take me back to my childhood of PvZ GW
식물 VS  좀비™  네이버빌의 대난투,Posted     November       It s pretty good  but of course can t compete with GW      so hopefully some future upda     Book closes   Shrek   Like that will ever happen  
식물 VS  좀비™  네이버빌의 대난투,Posted     February         DIFFICULTY      My    year old grandma could play it    Easy  Normal   Hard    Dark Souls     GRAPHICS       MS Paint    Bad   Meh   Graphics don t matter in this game   Good   Beautiful   Masterpiece    MUSIC      Bad   Not special    Good   Beautiful    STORY      This game has no story   Like playing  Temple Runners  for the story    It s there for the people who want it   Well written   Epic story    PRICE      Free   Underpriced   Perfect price   Could be cheaper    Overpriced   Complete waste of money    REQUIREMENTS      You can run it on a microwave    Average   High end    NASA  computer    LENGTH      Very short        hours    Short         hours    Average          hours    Long          hours    Extremely long           hours     No ending    FUN      I d rather watch paint dry   Hard to enjoy   Repetitive    Actually pretty amusing   Ride of your life    REPLAYABILITY      It s a one   time experience   Only for achievements   If you wait a few months   years   Definitely    Infinitely replayable    WORTH BUYING      No    Wait for sale   Yes
식물 VS  좀비™  네이버빌의 대난투,Posted    June       Fun game but dont buy if you have a low mid tier PC  Specs are a complete lie   Ok so I bought the game and my PC is far over the recommended specs and at ALL LOW settings I can hardly run the game at    FPS  Im submitting a refund to steam and I hope that EA or Valve can fix this problem on the store page  The game seems really fun and I was a huge fan of the previous two  but its basically unplayable like this   EDIT  Now that I have built a new PC  this is my full review   Battle for Neighborville is a alright game that could be a amazing one  Everything feels fun and you can see the potential in it  Each character feels unique  and the artstyle is nice to look at  The biggest problem with the game is that the netcode is awful  For example  a full auto class will shoot at you for   seconds  which would kill you  Instead of giving you time to react  all the damage will stack at once at the last second  This makes the PvP extremely frustrating  This mixed with the character balance makes the game unplayable at times   If you do want this game  then I recommend it  just get it on sale  I payed     when it was first on steam  but now it seems to go on sale for      Steamcharts says that the game has       players  but there is also crossplay with the origin version 
식물 VS  좀비™  네이버빌의 대난투,Posted    December       please lord take me back to my childhood of PvZ GW  
식물 VS  좀비™  네이버빌의 대난투,Posted    June       After playing the tutorial and doing multiple matches I can say this is not worth the price  I got it for    bucks  but somehow they are expecting people to buy it for    bucks  From what I played it seems like the PC community is dead at this point  with the   v   turf war mode only managing to get about  v  with   additional bots for team on average  As someone who really enjoyed the original Garden Warfare game  this is just a boring disappointment  If you want a fun team based game on steam  just get Team Fortress   since it s free and will get a lot more enjoyment out of it 
식물 VS  좀비™  네이버빌의 대난투,Posted    June       EDIT  Support for this game has now confirmed to be CANCELED  I now much more strongly recommend you DO NOT buy this game unless it s on sale for a few bucks     or less   You might like the short singleplayer experience but don t expect to get your money s worth for full price        I ve owned this game on Origin for      hours and if you re thinking about re buying this on Steam  it really isn t worth it  You re still forced to use a form of the origin UI that you can t even disable and it s just the exact same experience as adding a non steam game to your library   The PvP experience is honestly one of the most unfun there is on PC  First of all  the minimum requirements advertised are a complete lie and won t get this game running over    FPS  The game s balancing is a complete joke  The developers refuse to implement a mechanic as simple as damage dropoff which results in a very campy  unfun meta  The game is also plagued by game breaking bugs  It s so bad you ll probably encounter at least on every time you spawn  For example  if you play a melee class  there s a really good chance roughly     of your attacks won t land  even if you get damage numbers  If you re interested in it for the PVP  I d recommend you reconsider  The playercount on PC was also really bad on Origin and I m not confident this Steam release is going to improve the situation in any substantial form   As far as gameplay goes  the singleplayer content is over fairly quickly and the experience is very underwhelming  Although it is the best singleplayer content seen in the PvZ shooter spinoffs  it s nowhere near comparable to a real singleplayer experience like  say  the Borderlands franchise  for example  So don t pick it up for PvE either 
식물 VS  좀비™  네이버빌의 대난투,Posted  June          Product received for free  Please don t consider buying it if you want to play PvP because the PC community is pretty much dead unless they implement crossplay    You search for a match and after   minute it lets you join an empty lobby and you can t even move until more players join which never happened    Here are some images  https   imgur com a   Zux v  https   imgur com a D Ma eE   Note  you need an origin account to log into the game and it displays the origin gamertag that s why i have different name in game and not my steam name    When you finally find a match it is filled with bots why even call it multiplayer if there are    bots and   players               Also the AI with these bots is so stupid because some characters have stealth abilities that you use to escape from combat while you are low hp or sneak through enemies but the bots actually shoot you while you are invisible it is so frustrating its basically an aim bot that locks on you and detects you while invisible  Sometimes the bots even revive you in the worst situations and you die right after being revived    So if you are buying this game for PvP don t even bother   The PvE mode is alright you basically spawn in an open world city that has some mission s and challenges that you can complete and earn rewards like coins skins etc     The game has daily weekly and monthly challenges that rewards you gems and star currency which you can unlock cosmetics and in game items and skins with but these challenges sometimes require a PvP mode especially the daily challenges  for example kill   players and you pretty much have to search for hours to even find a PvP lobby but only to find out that if you actually kill one of the bots it counts it as a player and let the challenge pass       What exactly is this logic why don t you make the challenge to just kill   enemies rather than kill   players so you can do it in the PvE mode in less than a minute but instead you are forced to search for a match and wait and hope you get lucky to find one just to kill bots anyway and get it done   Overall it is not worth it even with the sale at    dollars in fact i got it actually for free from the EAPLAY event and i m still disappointed after playing the garden warfare games   Edit i forgot to mention that the game locks your screen at   hz you have to set the game refresh rate to your monitor refresh rate by going to the files search for the plants vs zombies file then settings then after that go to the PROSAVE file open it with wordpad and edit the refresh rate from    to whatever your monitor supports that is also a general lazy dev mistake  pics on how to unlock the refresh rate
식물 VS  좀비™  네이버빌의 대난투,Posted  January    This game was so realistic i felt the plants coming inside of me 
식물 VS  좀비™  네이버빌의 대난투,Posted  December          Garden Warfare   was better 
식물 VS  좀비™  네이버빌의 대난투,Posted  May          Its an EA cash grab  the story behind Plants Vs Zombies is a sad one   When PvZ   came out the dev realized EA wanted it to be an exclusive phone app that has microtransactions  So it basically went like this  he said   I wont stand by this   EA said        you then  we have the rights  you can leave   So he left   After that  the rest of the games turned into a cash grab mess that was left to die shortly after it was birthed  I was hoping EA would turn things around since I heard they switched CEOs and claimed to try to do better but it was just a facade   You seriously need to stop supporting EA  Boycott them  It is the only way they will ever learn to stop doing this  they ruined a series that I once loved as a kid just because they had cash stuck up their ass and still do  Put your money where your mouth is  Im ready for the company to die slowly and painfully 
식물 VS  좀비™  네이버빌의 대난투,Posted  May          Product received for free  Friends were generous enough to purchase the game for me  definitely wasn t worth it  Through taking character variations out  we lost hybrid play styles that added to the game s replay value  Items are ridiculously overpriced         pvz coins   and most of the time you get an emote or hat for a character you don t even use  Overall  the game gets boring and stale very quickly  and most of the fanbase has moved back to Garden Warfare Two  This is nothing like the Garden Warfare franchise  and is more of an overwatch style game because characters are put into defense  attack  and support roles  making the characters more situational  Thank you for reading this essay of a review 
식물 VS  좀비™  네이버빌의 대난투,Posted  June         Please just put GW  on steam  I have a    dollar steam gift card lol   Edit  I never expected them to do this but W i guess
식물 VS  좀비™  네이버빌의 대난투,Posted  May          just get garden warfare  
식물 VS  좀비™  네이버빌의 대난투,Posted  March    It s good enough  GW  is more fun tho 
식물 VS  좀비™  네이버빌의 대난투,Posted  May          If you are really wondering if buying it or not because you liked gw  and gw DO NOT BUY IT  this game is worse than gw  just with better and more fluent movement and graphics  the thing is they have the same abilities and like   more boring characters  they also removed VARIANTS the most fun part of the game  It is acceptable but I wouldn t recommend buying this 
식물 VS  좀비™  네이버빌의 대난투,Posted  August          Product refunded  The game was fun at times  Unfortunately the PC version of this community is dead  Each team  on Turf Takeover  has    members but you can find yourself     of the time in games where both teams has     ACTUAL players on EACH team and the rest are bots  This means out of the    total teammates     of those are actual players and the rest are just AI  This is a shame cause it results in games being totally predictable and boring  I miss the PVZGW days where the lobbies were always full with players on both teams  I feel what causes this problem is the game always puts players in a fresh game rather than one that is in progress  it never puts you in one in progress btw  and this just results in dead lobbies as previously mentioned   I was miserable the entire time playing  Sure  I was excited at first to play another PVZ game but this is nothing at all what we all know and love  Doesn t even compare to the success of GW   GW   An unfortunate disappointment  Gameplay was awesome but the formula was just poorly executed  Small features I liked that gave tid bits of information in the GW series didn t make a return in the BFN spin off and that made me sad  I loved the idea of a HUB where random players gathered and the idea of practicing in the middle  It was neat   What I loved most about GW  was the fact that there were community challenges at the town hall where the community could participate in and etc  the fact that RUX would appear on certain days  unlike BFN where he remains at all times   the hero showcase    and few more things  However  these didn t even make a return in BFN  GW  really made it feel like a absolutely fun grind and would often have me playing for hours upon hours with no sign of boredom  The replayability factor was really there  unlike for BFN  I really disliked how both Torchwood and the Hover Goat      can be purchased in the Torch and Tail DLC Pack in GW  because those who grinded for them  me being one of those who did  felt excitement and accomplishment but it was a punch in the gut when that happened  However  that isn t the point  The point is  before you could buy the pack to acquire them both  it was a real grind and took a couple months to get them  That grind I absolutely loved and really wished that BFN would ve had those features and had that kind of grind factor for a new character that could only be acquired through being dedicated and playing at events  Unfortunately  BFN failed on this part and most of the overall gameplay unsatisfying and boring   I also managed to come across a couple bugs  One of those bugs being at seemingly random unpredictable moments my screen would flash white very quickly when I turned the camera to look around in game  I have restarted the game  verified game files  and nothing seemed to fix this random issue for me  It was very annoying and distracting from the gameplay   Sadly  in the end  I refunded this game as it was a big let down  Down below you can find my personal rating overall on this game       Gameplay       Try not to get addicted   Very good   Good   Nothing special   Ehh   Bad   Just dont      Graphics       You forget reality   Masterpiece   Beautiful   Good   Decent   Will do   Bad   Awful   Paint exe      Audio      Eargasm   Very good   Good   Decent   Not too bad   Bad   Earrape      Audience       Kids   Teens   Adults   Everyone      PC Requirements       Check if you can run paint   Potato   Decent   Fast   Rich boi   Ask NASA if they have a spare computer      Story       Doesnt have  Not counting historical stuff    Something isnt nothing I guess   Not greatly told   Average   Good   Lovely   Will make you cry or smile a lot      Difficulity       Just press a bunch of buttons   Easy   Significant brain usage   Easy to learn   Hard to master   Not so easy   Difficult   Dark Souls      Grinding       Everything is for free   Small grind  but very easy   Significant grind   You gotta put some hours in   No life   Mega ultra grind   Make sure you are on           Game Time       Long enough for a cup of tea   Short   Average   Long   Depends on you your team   Endless      Price       Just buy it   Worth the price   Wait for sale   Maybe if you have some spare money left   Not recommended   Dont throw money into a rubbish bin      Bugs       Never had any   Minor bugs   Few bugs   Can get annoying   Ruining the game   The game itself is a big terrarium for bugs
식물 VS  좀비™  네이버빌의 대난투,Posted  December          A hollow shell of what Garden Warfare used to be  Hardly anything substantial to motivate me to play      
식물 VS  좀비™  네이버빌의 대난투,Posted  January          good but it s not that good as gw 
식물 VS  좀비™  네이버빌의 대난투,Posted  July    just buy gw 
식물 VS  좀비™  네이버빌의 대난투,Posted  March          game is good but not for       
식물 VS  좀비™  네이버빌의 대난투,Posted  July          Play garden warfare   instead
식물 VS  좀비™  네이버빌의 대난투,Posted  December          If you were at all interested in this game  instead go onto origin  now on steam  and buy Plants vs Zombies Garden Warfare    which was the game in this series before this one  It is better in every way and the servers are more active  Don t waste money on this game      
식물 VS  좀비™  네이버빌의 대난투,Posted  October          WARNING TO ANYONE THINKING OF BUYING THIS GAME  The developers have officially stopped updating the game  no new content  balance changes or fixes will be coming to the game in the future    Seasonal events and the battlepasses will come back each year at the same time   Actual review   A game with the same formula as Garden Warfare    third person shooter PvP with PvE modes  however doesn t have character varients  replacing them with minor upgrades to characters you can unlock     Great graphics and animations   New characters are good   Lots to do in the PvE open worlds   Every character has a sprint   Has support for custom games and bots    Very laggy   Unoptimized   Crashes   Character upgrades are very underwhelming   No varients   Microtransactions and feels grindy   Most  if not all  characters feel weak  Time to kill feels too long  Only buy this on sale  Expect the matchmaking to not be great at times   most of the time and get empty matches  I personally don t mind the game and can enjoy it at times  but much prefer GW  and wouldn t recommend this game to most people 
식물 VS  좀비™  네이버빌의 대난투,Posted  January          This game is not bad  but it s really just a shell of what it could have been  PVZ GW     is a really fun class shooter  each class has different variants  Peeshooter has normal  Toxic  Ice  Fire  Agent  etc    and same with every other class  where in PVZ BfN they removed all of that  so you are just based with just the normal class  nothing special  nothing to grind coins for  other then Rose  Wizard  and the Swarm   The Ops gamemode is not really fun  GW had it to where you can choose the map  GW   had where you can choose if you want to be plants or zombies  and well BfN just throws that away when it comes to match making  In privet games you can choose but coins is cut down  It s random on what side you play in online ops  GW   and   went for    rounds with   boss rounds on   and     BfN cut it in half by only going to   rounds then switches maps and or sides  from plant to zombie or zombie to plant  with no control on what you can do  There is only one spot for you to plant your base in ops other then being able to pick from    It s sad on how this game turned out and how it mostly killed the player base  interest  Yea there are new characters to play but with so many back steps EA has made  it just makes me want to play GW   then to grind this game 
식물 VS  좀비™  네이버빌의 대난투,Posted  August         Do not recommend to those who weren t already fans of GW  Very fun gameplay and new PvE regions that are the best single content player in the series  albeit it s still lackluster compared to shooters with actual campaigns  Variants were removed for a new upgrade system which is cool in its own right  but variants were much more fun and collecting every character made GW what it is  The balancing in the game is terrible  and the absence of damage dropoff encourages every player to play like a sniper  The game is extremely buggy  has horrendous hitreg  and projectile origin for many characters is laughable  Most maps and weekly game modes are boring  and the final objectives and obstacles for turf maps are obnoxious  And if you are interested in buying the game  it s not best to buy it for PC  Optimization for PC is horrible  and even with good specs like me  you will frequently encounter frame drops and black screens  It s better to buy it for console where it s not only way more populated  PC player count is disappointing   and the game also doesn t lag as much  And with support being completely discontinued not even a year into development  the game is being left in an unfinished state  which sucks as the game had a lot of potential  But perhaps my biggest gripe with the game is AI backfill  Bots fill player slots  are absolutely   fun to play against  and have literal aimbot  That s not to say the game doesn t have its perks  as it improved upon GW with better health regen  removal of enemy player icons  and more  Overall  I ve really enjoyed my time in the game  but it s simply not worth playing over other shooters in the market 
식물 VS  좀비™  네이버빌의 대난투,Posted  March         This is the bare bones of what plants vs  zombies garden warfare was it removes one of the funnest things in the game the Sub classes to all of the characters which is really disappointing it lacks variety in its story single player mode and is very repetitive
식물 VS  좀비™  네이버빌의 대난투,Posted  May         This game is very disappointing compared to the other games made by PopCap
식물 VS  좀비™  네이버빌의 대난투,Posted  June          Product refunded  buy pvzgw  
식물 VS  좀비™  네이버빌의 대난투,Posted  May         what the      why is it so expensive
식물 VS  좀비™  네이버빌의 대난투,Posted  January          Product refunded  GW  is better
식물 VS  좀비™  네이버빌의 대난투,Posted  March          this is a fine game  it not good  but  it s not terrible  But       That is not worth it 
식물 VS  좀비™  네이버빌의 대난투,Posted  June         Bought the game cause i really liked the two other Garden Warfare games  BUt they basically removed elements to the game  and made it dull   They Removed character variations  and replaced it with character Perks  Removed pack opening  instead you use   k gold on one random item each  I just feel that the game is lacking  the character variations made the game more interesting   The game also have too many bots  all the games i played for the   ours i ve had the game for  there was at least   bots per game    hope EA drops Garden Warfare    Take My Money Edition  out of nowhere like this one   
식물 VS  좀비™  네이버빌의 대난투,Posted  October         the devs abandoning the game after a year                                                                                                                                                                                                                                                                                                                                                                                                                                                                                                                                                                                                                                                                                                                                                                                                        
식물 VS  좀비™  네이버빌의 대난투,Posted  May          Gw  is better
식물 VS  좀비™  네이버빌의 대난투,Posted  June          Garden Warfare   is just better
식물 VS  좀비™  네이버빌의 대난투,Posted  June    The multiplayer is dead and has a lack of game modes  the campaigns are good and the Co op is fun  if you want to play just for multiplayer i recommend buying Garden Warfare   instead it has way more game modes and more players 
식물 VS  좀비™  네이버빌의 대난투,Posted  September         my wife left me
식물 VS  좀비™  네이버빌의 대난투,Posted  March          Product received for free  After the success of their first game  they made   different games instead of developing a single game 
식물 VS  좀비™  네이버빌의 대난투,Posted  July          play garden warfare    trust me
식물 VS  좀비™  네이버빌의 대난투,Posted  November          Glad it s called Battle for Neighborville because its certainly not GW 
식물 VS  좀비™  네이버빌의 대난투,Posted  March          The servers are dead and the only remaining people playing in Asia are using hacks   Don t waste your money like I did 
식물 VS  좀비™  네이버빌의 대난투,Posted  February          pee shooter
식물 VS  좀비™  네이버빌의 대난투,Posted  August         not as good as garden warfare  
식물 VS  좀비™  네이버빌의 대난투,Posted  April   Lobbys are dead  huge lag  variants are gone  Stick with pvz garden warfare  
식물 VS  좀비™  네이버빌의 대난투,Posted  June         Please port Garden Warfare   and   to Steam 
식물 VS  좀비™  네이버빌의 대난투,Posted  February         PVZ garden warfare   is better
식물 VS  좀비™  네이버빌의 대난투,Posted  January          This game makes me hate corn
식물 VS  좀비™  네이버빌의 대난투,Posted  January          Don t buy this game  EA isn t updating it anymore
식물 VS  좀비™  네이버빌의 대난투,Posted  August         real chads get gw 
식물 VS  좀비™  네이버빌의 대난투,Posted  December         Great game but dropped support after a year  It was fun but I fell guilty recommending it 
식물 VS  좀비™  네이버빌의 대난투,Posted  September          pretty fun  although i d say you should get PVZGW   as it has more players and is basically just a better game
식물 VS  좀비™  네이버빌의 대난투,Posted  April         Although I got this game on an     discount  doesn t feel like its worth it  It was good    until you reach the around    hour mark  multiplayer   the only thing keeping me playing   just became  in short  TRASH and overall repetitive  If you want a PvZ game  get GW  
식물 VS  좀비™  네이버빌의 대난투,Posted  July    Another installation of the pvz gw series but a spin off rather   Pros   Many classes have been updated with some quality of life changes  sprinting  better health reg  some abilities improved from garden warfare   such as all star s tackle shield being a big dome    New classes to choose from that bring some flavor to the game  For zombies     s action hero  Electric Slide  space cadet   Space Station  Wizard  and TV Head  For plants  Night Cap  Acorn   Oak  and Wildflower    Free Roam Regions    maps that have story quests  bosses  secrets and things to collect  you can play alone or invite friends to coop    New emotes  taunts  stickers  quotes and can customize your Victory Slabs that show up when you defeat someone   neutral   the artstyle  personally i like it as much as the gw style but some people don t like toony style     character variants are removed and are instead replaced by upgrades  A lot of fans didn t like this change  my hot take is that i don t really care if they are in or not  as in my opinion a lot of them were either overpowered overused  cough  Nec Rose or underused underwhelming  cough   cough   Archaeologist    cons   Multiplayer isn t alive on pc much  at the moment of writing this there s usually about   players per match at the moment    You can t start a match without at least one human player joining or the game won t spawn the bots  this means you can t earn rainbow stars from event modes but you can still do daily quests with solo bots    The Intro song to this is mid not very good    Crazy dave and Dr zomboss are no longer  d models with animations instead still  d images making them look bland     Stickers packs are gone and replaced by a capsule machine that gives one item per roll which can be very slow to earn stuff    some special items or weapons are behind an online store and a super long grind of earning rainbow stars that take forever to earn as ea is trying to make you buy the rainbow star with real money and event modes being dead        Pick it up on sale if you want to do the pve stuff  its fun to coop the story regions with your friends or solo it  but if your looking to play pvp it may be hard to find a match unless you want to play the pvp modes in private with bots 
식물 VS  좀비™  네이버빌의 대난투,Posted  June         some guy called me a slant eyed swamp guinea in a voice room so i tried to track him down so i could teach him how offensive it is to insult my asian italian upbringing  i finally track this guy down  right  and it turns out he s one state away from me  maine  who coulda guessed  i take my little car up on over to maine and i find the guys address through my copious amounts of maine connections and fresh cooked lobster bribes and i see he s living at his mommy s place  cute  right  yeah so i bust in there with my    gauge and shoot his f ckin  mom s head clean off  right  then his dog wont stop yappin  so i blow that thing to smithereens too  he comes running up from the basement yellin  something about  mommy mommy no  princess not you too   cryin  like a toddler so i grab him by the collar of his crusty brown shirt and i sez  lets take a drive  right  so we re in the f ckin  car and im goin     through the neighborhood and he s cryin  like  where are you taking me mister  and i go  hey frenchie  if ya wanna get out so bad why don t ya just hop out   and as i sez it i speed up and i must be goin  like     at this point  so he starts screaming and eventually we get to a cliff and i just hit the gas  not a care in the damn world  so we go flying and he s cryin  like a baby and screaming and then i activate my parachute and fly off into the distance  in shock  the little baby boy has a heart attack as he is plunged into the deep sea below and         the car explodes too or something  anyways reminder to all the kids out there  don t take nothing form nobody  ya hear  get even  that all ways makes me feel better 
식물 VS  좀비™  네이버빌의 대난투,Posted  May          its fine besides variants being gone  go play gw  its better  gw  will be much better if ea decides to fix the servers   edit  they fixed the servers a while ago  but theres hackers on gw  now and not as many players
식물 VS  좀비™  네이버빌의 대난투,Posted  January    i have like    hours on this game on origin  just bought it on steam for steam deck  It does work great on steam deck  you just need to switch to proton experimental and install EasyAntiCheat Runtime search your library for it  then you need to set these launch arguments  PROTON EAC RUNTIME  HOME  steam steam steamapps common Proton  EasyAntiCheat  Runtime   command 
식물 VS  좀비™  네이버빌의 대난투,Posted  June         The game is okay for people who never played Plants vs  Zombies Garden warfare one or Garden warfare two I am a Plants vs  Zombies Garden warfare veteran my self and it s very different from the original two here s why  I was lucky to catch the game on sale for    when I booted it up the graphics were more cartoonish which is a complete upgrade from the original two  The game had no build up that s why meeting rarely any players is a fifty fifty  they ve changed the characters abilities and weapons  variants were removed in replace of a terrible ability system for each character by  Promoting them  and they now sell cosmetic items  lets not forget they reuse the music in the game  the game no longer revives updates anymore for getting canceled however it s more alive than garden warfare one and two for PC at least console players  please consider getting the original Garden warfare one or two
식물 VS  좀비™  네이버빌의 대난투,Posted  November          Really not as good as the other two  the new plants and zombies don t bring the same energy either 
식물 VS  좀비™  네이버빌의 대난투,Posted  August    just buy gw 
식물 VS  좀비™  네이버빌의 대난투,Posted  July         Product refunded  The game is dead 
식물 VS  좀비™  네이버빌의 대난투,Posted  January          Product received for free  this game is definitely not worth       euro
식물 VS  좀비™  네이버빌의 대난투,Posted  March          Bring back the sub classes and it would be better than gw 
식물 VS  좀비™  네이버빌의 대난투,Posted  February   I bought this game for my son s b day purely to play split screen multiplayer after he saw it on gg spawn squad  Only to find out PC version is missing this feature  WtF devs   Sick of devs removing split screen from PC versions like they think all PC gamers only play online  Ffs 
식물 VS  좀비™  네이버빌의 대난투,Posted  June             Game has it     Game doesn t have this    Wacky  crazy  zany  weirdo  Plants vs  Zombies  Single player option  Multi player option  Lots of skins  Good graphics   Good multi player   Good single player   Game runs at minimum    fps with recommended hardware   Game isn t full of bugs and glitches   Character movement feels good and responsive   Game doesn t use aimbot instant     reaction time AI opponents to fill out the missing player slots in matches   Shooting feels good   Game doesn t have unbearable ping in multiplayer matches   Game doesn t drop packets all the time   Community that doesn t take criticism of the game as a personal attack and don t circlejerk        Basic QoL options such as adjusting your FOV   In game text chat   Buckets of good interesting content for a     game   Meta game that doesn t encourage you to just sit at opposite sides of the map and shoot at each other and never engage   Doesn t barge its own in game ui into the steam release that is only used to gain telemetry  like Uplay    Game play variation  such as  upgrades that actually feel like anything    Monetization that doesn t force me to play on the games terms instead of mine  and it doesn t lock you out of some of the only fun game play customization if you miss a monthly rotating battle pass unless you spend premium currency   Healthy player base   Good private play options  Overall  I do not recommend this game unless you are obsessed with Plants vs  Zombies  If you do not like Plants vs  Zombies already  you will likely hate this game  especially if you have played other shooters  and you might hate it anyways unless you are actually obsessed with Plants vs  Zombies  like it s a special interest or something   
식물 VS  좀비™  네이버빌의 대난투,Posted  September         The developers recently announced that the game will be receiving it s last content update at the end of september and after that game will no longer receive any updates  balances changes or anything  The game is already a buggy and unbalanced mess and now the developers will leave this game in this terrible state  Don t buy it  Just please don t buy it 
식물 VS  좀비™  네이버빌의 대난투,Posted  October                                                                                                     Are you wasting my money again  son                                                                                                                                                                                                                                                                                                                                                                                                                                       
식물 VS  좀비™  네이버빌의 대난투,Posted  February          No   you want to play a fun pvz shooter  go play Garden Warfare    this one is quite bad over multiple aspects  including gameplay  balance  functionality and fun factor   Edit  it s also dead  soooo   
식물 VS  좀비™  네이버빌의 대난투,Posted  June          meh  play Garden Warfare   instead
식물 VS  좀비™  네이버빌의 대난투,Posted  June          now see there is a reason why its going down to cheaper price requested a refund its bad please instead of this buy pvz gw 
식물 VS  좀비™  네이버빌의 대난투,Posted  April    add sex
식물 VS  좀비™  네이버빌의 대난투,Posted  July    devs abondoned game and tbh game is underrated  still playable
식물 VS  좀비™  네이버빌의 대난투,Posted  February          Product received for free  The removal of character variants makes the game stale and pointless  Go play Garden Warfare   for better player count and a real reason for playing the game 
식물 VS  좀비™  네이버빌의 대난투,Posted  January         Product refunded  I refunded this a long time ago because there aren t much people playing this game  I would have stuck to this game if more people played it  but sadly  the game was cancelled  Many months later  this game return to my memory and now I have decided to write a review for it   I really liked this game  It was fun while my     hours of my gameplay lasted  probably because I m a newcomer who haven t played PvZ GW and GW   but hey             I     expected the cancellation of this game because of their bad marketing strategy  but even then  I had hopes that the development team would continue to drop new updates and that the game will eventually be great and somewhat successful despite PvZ GW fans  hate and criticism towards it   Sadly  the PopCap development team ran out of budget and EA doesn t give them more budget  Ya know how it works  a company give a development team a budget and says  make this  or  continue to update this game    In my opinion  this game was a waste of time  A waste of effort  A waste of money  I wish EA gave the development team more budget to work on this game because I doubt the PopCap team themselves would have given up on this game so easily although its start was a flop   Correct me if I m wrong on my  retelling of the story  because that would affect my opinion and conclusion lol
식물 VS  좀비™  네이버빌의 대난투,Posted  June          As much fun as the game is  i enjoyed playing the plants vs zombies series  i d say this game is dead  mostly paired up with bots or don t even have enough players to play the match   The gameplay  they removed the different variants of the plants   zombies  If they brought back the elemental characters or other variants  I would definitely play this game a lot more 
식물 VS  좀비™  네이버빌의 대난투,Posted  February          Strongest Acorn player                                                                                                                                                                                                                                                                                                                                                                                                                                                                                                                                                                                                                                                                                                                                                                                                                                                                                                                                                                                 Weakest Deadbeard enjoyer                                                                                                                                                                                                                                                                                                                                                                                                                                                                                                                                                                                                                                                                                                                                                                                                                    
식물 VS  좀비™  네이버빌의 대난투,Posted  March          Game is fun  and almost all modes are playable even if community is gone because there are decent bots in them  Unfortunately  I cannot recommend it because launching is inconsistent  You only get the game to launch   times out of     The rest  you just get a black screen  non responsive window   I wish they d release GW  on Steam  That one is better  and it has no problems with launching 
식물 VS  좀비™  네이버빌의 대난투,Posted  May          i was a zombie and i had sexual encounters with plants 
식물 VS  좀비™  네이버빌의 대난투,Posted  August          Don t buy  multiplayer is over     bots with auto aim  Get Garden Warfare    or even    instead  Take it from a GW veteran
식물 VS  좀비™  네이버빌의 대난투,Posted  August          nothing like the original  They tried to turn it into Overwatch and failed miserably  Don t buy 
식물 VS  좀비™  네이버빌의 대난투,Posted  July         The games evolving but backwards
식물 VS  좀비™  네이버빌의 대난투,Posted  November         Cool game  But probably not worth the full price  Get it in sale
식물 VS  좀비™  네이버빌의 대난투,Posted  March          zackscottgames
식물 VS  좀비™  네이버빌의 대난투,Posted  June          add sex 
식물 VS  좀비™  네이버빌의 대난투,Posted  August               not worth the full price  but still a fun game it s hard to go wrong with the plants vs zombies series
식물 VS  좀비™  네이버빌의 대난투,Posted  April          It pains me to say no to purchasing this game  I love the PvZ games  I have bought them all  played them all  This game has been plagued with crashes  black screen of death  etc since launch  Look on the discussion board  and you will still see all of these issues  PC is a ghost town  and it is hard to find anyone to play anything  PvP matches are filled with bots now  EA really dropped the ball with this franchise 
식물 VS  좀비™  네이버빌의 대난투,Posted  October          Nowadays it s almost impossible to recommend Battle for Neighborville due to its low player count and the announcement of no more updates  If you like single player content  and prefer your online teams to be more metal than flesh  then this game might just be for you 
식물 VS  좀비™  네이버빌의 대난투,Posted  August          EA doesnt care about the pc version It has alot of performance issues and most of the time you cant play this game at all The game itself isnt that bad its just that ea doesnt give a      about the pc version 
식물 VS  좀비™  네이버빌의 대난투,Posted  September   just wait till its on sale
식물 VS  좀비™  네이버빌의 대난투,Posted  July          Amazing game  Art  design  and music is all top notch and the comedy and fun make it a standout  I got to enjoy it quite a fair bit  but at this point  it usually loads to a black window that never changes  if I ever try to launch it more than once per startup  and it feels discouraging to be punished for wanting to play it multiple times throughout my day  It s a shame that the great work of the designers  artists  composers and testers is buried by a bit of code that needs fixing  Please fix or do better on future releases  because it s a terribly fun franchise   Update  Folks still play Turf Takeover on GW   which runs very well  so I ve switched to this 
식물 VS  좀비™  네이버빌의 대난투,Posted  November          This is a sad attempt to make money off the ingenious PVZ GW   its a worse version with a worse artstyle and worse gameplay  they don t do anything new or interesting nor is online mode worth touching  The only original ideas are the new characters and the story mode  the new characters either have no purpose or are overpowered  The only reason i d suggest buying this game is for the story  which is admittedly decent  My advice is just go buy PVZ GW   its far better and more interesting   Oh  and for you chomper mains out there  don t bother  everything unique about him is gone or nerfed to the point of unusable  Much like all the other characters 
식물 VS  좀비™  네이버빌의 대난투,Posted  March          I was worried going in due to the negative reviews but at the time of buying      off  I thought might as well give it a shot   But first hour in and my worry was gone  the main area s for missions and collectables are a nice size and was fun to go around collecting everything while doing challenges  I missed games that rewarded you with costumes for your characters just for doing stuff and not being tied to the store and there is a nice selection of costumes to unlock from just playing normally   Weekly monthly challenges are still a thing and every time I go back to the main hub I find a host instantly and the multiplayer side is still busy  not even having to wait to be placed into a match with others   Yes this is not like the first GW game but if you get it at a discount there is enough fun for you  plant or zombie side  heck    hours in and I yet to complete even   side of the zombie map so the game is not as bare bones as people make out   The only bug I have walked into was when my abilities tab disappeared at corner of my screen until I returned to the hub world but this was due to me opening a tower menu just as the mission ended 
식물 VS  좀비™  네이버빌의 대난투,Posted  May          Garden Warfare is better always  This game just took the most fun elements of that game and removed it  They also changed the abilities and the art style it is just so bad  Go buy Garden Warfare it s back on Steam now 
식물 VS  좀비™  네이버빌의 대난투,Posted  March    Pretty good game with a lot of potential  but it s a pity that popcap abandoned the development of the game 
식물 VS  좀비™  네이버빌의 대난투,Posted  March    dead
식물 VS  좀비™  네이버빌의 대난투,Posted  June         Super fun happy to see it on steam and not origins 
식물 VS  좀비™  네이버빌의 대난투,Posted  April    Remove rainbow stars  and give us access to the prize map list  EA is out here forcing us to spend      on a Nintendo Switch for a few extremely good features BUT WONT ADD THEM ON PC  EA WHAT THE HECK IS WRONG WITH YOU             But apart from that the game is still horrible  so many incomplete or buggy features and is just overall a really bad game  Conclusion  give me a refund  or just give us PC gamers complete edition 
식물 VS  좀비™  네이버빌의 대난투,Posted  July   go buy pvz garden warfare   this game is     
식물 VS  좀비™  네이버빌의 대난투,Posted  March    EA fix your game
식물 VS  좀비™  네이버빌의 대난투,Posted  July          This game is dead because its so boring   This game is boring because its dead 
식물 VS  좀비™  네이버빌의 대난투,Posted  April         Nice game  but for me PVZ GW   is better 
식물 VS  좀비™  네이버빌의 대난투,Posted  September         If you re a garden warfare fan  give this a hard pass
식물 VS  좀비™  네이버빌의 대난투,Posted  February               Graphics        You forget what reality is   Beautiful   Good   Decent   Bad   Don t look too long at it   MS DOS       Gameplay        Very good   Good   It s just gameplay   Mehh   Watch paint dry instead   Just don t       Audio        Eargasm   Very good   Good   Not too bad   Bad   I m now deaf       Audience        Kids   Teens   Adults   Grandma       PC Requirements        Check if you can run paint   Potato   Decent   Fast   Rich boi   Ask NASA if they have a spare computer       Difficulty        Just press  W    Easy   Easy to learn   Hard to master   Significant brain usage   Difficult   Dark Souls       Grind        Nothing to grind   Only if u care about leaderboards ranks   Isn t necessary to progress   Average grind level   Too much grind   You ll need a second life for grinding       Story        No Story   Some lore   Average   Good   Lovely   It ll replace your life       Game Time        Long enough for a cup of coffee   Short   Average   Long   To infinity and beyond       Price        It s free    Worth the price   If it s on sale   If u have some spare money left   Not recommended   You could also just burn your money       Bugs        Never heard of   Minor bugs   Can get annoying   ARK  Survival Evolved   The game itself is a big terrarium for bugs                                                              Grab this review template here   
식물 VS  좀비™  네이버빌의 대난투,Posted  June         What was the point of bringing it to steam when you have to use Origin to play it  Most games I did play are filled with Ai controlled character instead of real players and it forces you to play on team when you que up as a certain team  If you want it grab it on origin but not on steam
식물 VS  좀비™  네이버빌의 대난투,Posted  December          This Game is actually quite nice  but first off  the Devs stopped support some time ago now  and second off  it runs absolutely horrendous  The game constantly has freezes and laggs  despite only using     of my CPU  It barely takes any resources  and yet it plays like im trying to run it on an WindowsXP with    Megabyte of RAM 
식물 VS  좀비™  네이버빌의 대난투,Posted  June         This is a really great Hero Shooter  especially for beginners  I bought the original Garden Warfare for my son when it released years ago  and have loved both games ever since  I also play games like Overwatch and Paladins  so this is a great alternative to blow off steam in between  The heroes aren t balanced as well as it s competitors and the game has some bugs and crashing problems  but its pretty wacky and fun if not taken too seriously   I honestly hope the game does better than the Garden Warfare ones before it  The developers deserve it  in my opinion  I really like that I can get into a full match  no matter how many players are online  because the AI will fill the spots  something other hero shooters lack  causing large wait times between matches 
식물 VS  좀비™  네이버빌의 대난투,Posted  April   This game is honestly not as bad as people lead on  I did initially purchase this game on switch  Worst mistake I have ever made  but the PC version is actually really good  Especially if you can catch it on a SWEET     OFF    One bad side I guess is that the game is dead as hell   
식물 VS  좀비™  네이버빌의 대난투,Posted  June          Hey this game doesn t work and needs origin still so just don t bother
식물 VS  좀비™  네이버빌의 대난투,Posted  June         Honestly it ain t that bad as a new player  if EA listens they could turn this game around  Honestly just buy it while its     off  after that I don t know 
식물 VS  좀비™  네이버빌의 대난투,Posted  May          origin banned my account for no reason idk why  I hate EA 
식물 VS  좀비™  네이버빌의 대난투,Posted  February          I m sad they butchered it  Go play PVZ GW   It s superior in every way 
식물 VS  좀비™  네이버빌의 대난투,Posted  September    player count is as much as your neighborhood
식물 VS  좀비™  네이버빌의 대난투,Posted  April         E
식물 VS  좀비™  네이버빌의 대난투,Posted  August    no longer pay to win
식물 VS  좀비™  네이버빌의 대난투,Posted  July    Recommended     hrs on record      hrs at review time  POSTED     JUNE Here I will leave the cat  friends who pass by can pet it and give it a thumbs up and awards       |       l      x         |             | | |   |   | | | |                
식물 VS  좀비™  네이버빌의 대난투,Posted  December          This game is a SEVERELY underrated gem  The game is hated by the PvZ community for the removal of variants  which I prefer  because I really do not enjoy grinding for     hours just to get a couple of legendaries  I have over     hours on this game over several platforms  just got it on pc  I am excited to support and play this game yet again   A fun singleplayer story experience  fun team based multiplayer  cool events   It s all great  Sadly the devs abandoned the game  Battle passes are free  and rotate every month   I love this game  Please buy it while its on sale 
식물 VS  좀비™  네이버빌의 대난투,Posted  June         If you take this game too seriously  then you re doing it wrong  I play this game with the mindset of  I m playing a zombie or a plant with cartoon graphics  IDC if I win or lose  because I m playing a game for fun   The whole premise of the game is absolute absurdity and shouldn t be taken seriously  There are bugs and there are people that are pretty sweaty when it comes to playing this game  but who cares  This game and its predecessors are all about really cheesy humor with a unique environment  Just have fun 
식물 VS  좀비™  네이버빌의 대난투,Posted  July                   
식물 VS  좀비™  네이버빌의 대난투,Posted  December          This game did not live up to its overall standard as it did the last game   Plants vs Zombies Garden Warfare     The general gameplay was really lackluster and the games difficulty just got way easier 
식물 VS  좀비™  네이버빌의 대난투,Posted  November          Product refunded  El juego esta mas muerto que mi abuela
식물 VS  좀비™  네이버빌의 대난투,Posted  November         Really fun but they need to update more
식물 VS  좀비™  네이버빌의 대난투,Posted  June         Another great game in the Plants vs  Zombies series  Wish to see more of them on Steam 
식물 VS  좀비™  네이버빌의 대난투,Posted  June             Good Point    Dont Know Yet      Bad Point   Good Graphic  Better from GW      Everything is cute af  D  Costumes blaa blaa  Emoji  Fun Gameplay  Cute Characters  Good for Co op with friends  PvE  Skills Characters  Ranking Mastery  Easy level up  Friendly community  Many game modes to play  PvP    Server Services    Map Design    Not really balance in PvP  some Char kindda OP   Kinda deadgame  kinda sad   
식물 VS  좀비™  네이버빌의 대난투,Posted  April             Previously played on    X Box ONE     Gameplay      Just bad   Repetitive   Fun   Casual   Challenging   epic    Story     none   Bad   Alright   Good  Who would have thought that Plants vs Zombies would have a freaking multiverse    Fantastic    Graphics     Bad   Alright   Good   Beautiful  the new character design is just beautiful    Breathtaking    Music     Bad   Regular   Good   Relaxing   Epic   Repetitive     Difficulty      Boring   Easy   Regular   Hard   Unfair    Bugs     Unplayable   very Bugy   bugy   Speed run cheaty bugs   bug free    Game time   Length     Tiny        hours    Short         hours    Average          hours    Long        hours    Grindy          hours    One Piece       hours     Buying Price     Fair  Full Price    Pricy  wait for Sale    Unfair  borrow it from a friend    Don t even Bother    Should you Buy      Please Don t   Not really   Yes   Absolutely   Must Have    My          Opinion   My favourite PvZ game was the original Garden Warfare and it s kind of a shame that it isn t here on steam but it made me play this new one and it s actually not that bad  b  P D  if you wanna play together just hit me up on the DMs  this game isn t dead till I say it is 
식물 VS  좀비™  네이버빌의 대난투,Posted  June         The game is well worth its     sale price  I haven t had this much fun with a class based shooter since TF   Turf Takeover is a fantastic game mode  a nice mix of payload  point capture  and ctf style objectives  Don t judge the game until you play a few rounds of turf takeover and try out the different classes  TTK is low  respawns are fast  There are plenty of instakill abilities  and the cooldown timers are low  Don t go into this expecting Overwatch or Paladins style teamfights with team wiping ults  this game doesn t feel nearly as MOBA inspired as those  This plays more like TF  with some serious Enemy Territory vibes  plus MOBA style abilities  The wacky graphics hide a well crafted frantic shooter where almost every class has tools for combat at any range and the kills deaths come quickly   A lot of the negative reviews seem to be from people who haven t given the game a chance in its current form  I ve put a decent number of hours into the game on origin  and the difference between the game today and when it was first released is night and day  It is definitely a more solid game than PvZ GW   or   at this point  Performance hiccups and crashes are rare now  just be aware that this game looks amazing and runs on a demanding modern engine  expect to run it on lower settings on older hardware  You still probably want to steer clear of the game if you don t meet the RECOMMENDED system requirements  The one criticism I would level is that even instant abilities feel slightly delayed  not the instant  pop  you generally want to feel in a hero shooter  This just seems like an issue with the Frostbite engine  and at least it s much less pronounced than it was at launch   Matches now autopopulate with bots as needed  and the autobalance does a decent job of keeping things fair  Bots will even revive you  which is more than I can say for drop in bots in most shooters  It switches people around between rounds  so the longer people stay in a match the better the balance seems to get  I ve also found this game  unlike Battlefield  to be enjoyable even if your team is getting stomped  Every character serves a purpose and you re not going to see some meme team of just a couple character builds as some reviews seem to suggest   The game is definitely balanced around being fun  not being a serious competitive shooter  Don t worry  your Overwatch rank won t go down if you lose a match in PvZ  A popular review which says that the game is unbalanced and  in a bad state  is from someone who somehow toughed out     hours in the game  that should tell you everything you need to know  Balanced  No  Fun  Yes  I also know that another review saying that  melee classes don t work right  is bunk based on how much I get killed by good Super Brainz and Chomper players   PvZ is also       family friendly  if you re looking for a shooter to play with younger family members  this is the one  You can easily mute all voice chat  and there is no text chat outside of predefined emotes  Its easy enough to grasp for them  but the abilities and relatively high damage output LoS weapons make it feel as engaging as CoD or Battlefield  Respawns are quick  even if you don t get revived  so there s very little downtime regardless of the player s skill coordination level   The game gives out lootbox items generously  A cosmetic customization item from the  Reward O Tron  is        coins  and expect to earn         coins a round  I ve gotten plenty of skins already on this new account just through that  There are also  Prize Bulbs  which are granted for character gameplay challenges  These unlock items on a seasonal  Prize Map   and finishing all of the character challenges grants another cosmetic item   The main premium currency is  Rainbow Stars   you get    of these weekly for logging in  and are given more through progressing the Prize Map  Rainbow Stars buy paid skins and can also be used to buy Prize Bulbs  I really think it s lame that EA puts premium currencies in paid games  and it seems extra exploitative in a game targeted towards a younger audience  If you re the type that feels a need for the most elite paid skins  wait for EA Access to come to Steam  Access Premier members don t have to buy the game and get     Rainbow Stars a month  which should help cover a few of them over time  Since unpaid cosmetic items are handed out generously  I ll call it a wash  EA  should  make it free to play or drop the premium currency  but at least you can ignore it completely   Buy the game on sale  If PopCap adds more maps for Turf Takeover  it will be worth the full price 
식물 VS  좀비™  네이버빌의 대난투,Posted  September          THIS IS MY BEST GAME EVER   AND BEST DAY EVER  when i bought this game  It used to be my dream to play it when I didn t have a computer or even play this game  now I can play it  FINALLY   Plants vs Zombies I AM YOUR BIGGEST NUMBER   FAN since when i was a kid  i think   years old or   years old or maybe  plants vs zombies and to part   to gw  and now battle for neighborville  thankkyouusomuchh EA and PopCap and STEAM for giving me special promotion   I AM SO HAPPYYY SO MUCHH  THANKKKYOUUSOMUCHH  I don t know how happy I am right now   First of all  I really want to play Garden Warfare  but I don t have a gadget to use for this game or even pay for the game until my mom bought me a pc and saved up to buy and play part   right away I also got special promotion for this gw  that s why I bought it first because the bfn that day I couldn t afford it and now that I ve saved money I can buy it  I searched and saw that there is a special promotion again  that I can afford the bfn and now I can t believe that I finally bought this pvz battle for neighborville   THANKKYOUUSOMUCH AGAIN AND AGAIN  I m sorry I said too much  I m just really happy 
식물 VS  좀비™  네이버빌의 대난투,Posted  June         An absolute abomination  Do not touch this pile of garbage  Played the old Garden Warfare for a few weeks many years ago when it released  but this new title is just complete trash  They ve broken the core gameplay loop  most of the time you go to queue for a battle it will just put you into a match full of bots  and either your team will have an advantage as  v  human players  or a disadvantage of  v    Did I mention all of the variants are gone  Yeah  your only variation comes from a pool of   points for  boosts   and from farming a special currency or paying for the currency to get some slightly different abilities on select classes   Additionally  moving around the  hub  area is suffering incarnate  as it will take you about a solid minute to run anywhere because the game will constantly  lag warp  you back to where you were standing every half second       this and      them for releasing it like this 
식물 VS  좀비™  네이버빌의 대난투,Posted  June         Product refunded  You could have just copy pasted the Garden Graveyard Ops mode from the previous games and I would have been fine with it  Why make it worse in every way 
식물 VS  좀비™  네이버빌의 대난투,Posted  December          very homosex very hamburger
식물 VS  좀비™  네이버빌의 대난투,Posted  April          Do not buys this game    It s very much dead and ea doesn t care about it at all save your money
식물 VS  좀비™  네이버빌의 대난투,Posted  July                                   
식물 VS  좀비™  네이버빌의 대난투,Posted  May          The lobbies are dead and there are bots in every match
식물 VS  좀비™  네이버빌의 대난투,Posted  October   No elements variants  no stickers  no card packs  removed classic maps  removed classic modes  removed secrets   easter eggs  no rewarding progression system  besides battle pass  but it s a battle pass      and even removed Torchwood and Hover Goat           Plants vs  Zombies Garden Warfare   will forever be my favourite shooter of all time and always be better than whatever this game was supposed to be 
식물 VS  좀비™  네이버빌의 대난투,Posted  December          Dead Game Don t buy the game  sure the lobbies might have people but when you join a match there s only a total of   real players while the rest are bots  If you don t mind that  then go ahead a buy the game  Garden Warfare is far superior  idk why it s not on steam 
식물 VS  좀비™  네이버빌의 대난투,Posted  January          If this game was released on it s own without GW   or    it would be considered good  but  it wasn t  you ve lost the character classes and roles  everything has been redesigned terribly  abilities have been removed and upgrades have been added  basically instead of different abilities you get extra health for killing multiple enemies   and it has been cartoonized too much  added sprinting  the main area is smaller and lacks any secrets  and the main area is now multiplayer which causes lag  completely awful to what the  st and  nd game were  really sad about this   
식물 VS  좀비™  네이버빌의 대난투,Posted  January         I m not sure why so many people are giving this game negative reviews  I ve noticed most of them have under an hour played or they don t actually provide any justification for the negative reviews   I find it to be a pretty fun and funny casual game  In the beginning  things can give you some difficulty but I thoroughly enjoy the game  It s cartoony  fun and there isn t really much of a learning curve  I ve largely played by myself  without friends and have enjoyed it   I m just playing with friends would up the enjoyment but I don t care personally  Don t listen to the nay sayers  I say give the game a try  I m not disappointed at all 
식물 VS  좀비™  네이버빌의 대난투,Posted  May                                                                                                                                                                                                                                                                                                                                                                                                                             
식물 VS  좀비™  네이버빌의 대난투,Posted  July          Its fun and all  not an excelent game like Garden warfare   and   were but  its fun
식물 VS  좀비™  네이버빌의 대난투,Posted  May    peashooter
식물 VS  좀비™  네이버빌의 대난투,Posted  April          Product refunded  I grew up with the original Garden Warfare on my PS  and loved it  Also played a lot of Garden Warfare    Never played this game until now  picked it up for cheap on sale but then refunded it once I saw that I could get it for free on Origin through Twitch Prime  so I ve been playing it on there  After    hours  I think I m actually enjoying this game more than either of the Garden Warfare games  The movement is so much more fluid and fun  simply having a sprint button opens a lot of possibilities   I prefer having more individual character classes rather than just dozens of variants  and there s way more content than I originally thought there would be  I was afraid the multiplayer side of the game would be dead  but I ve had no issues getting into matches at all and I got my friends to play with me too which has been a blast  The single player content is also very nice  plenty of quests to do  areas to explore  and funny dialogue to read  It makes me sad to think that we ll never get another game like this and that this game will eventually fade away into obscurity  but I ll still have my memories with the Garden Warfare games and will most likely continue playing this game  I definitely recommend picking it up when it goes on sale  the single player content alone is worth the purchase in my opinion 
식물 VS  좀비™  네이버빌의 대난투,Posted  August         In all honesty  I was so excited for this game  I played hours of garden warfare    This game is fun  Gameplay is smooth  graphics is nice to look at  New characters are awesome  My main problem is that there are no players that are playing  Lobbies are filled with bots  There are maybe     humans  and the rest are bots  It s either there s   people and the ret are bots  or there s a      hour enemy team and you can t do much against it since you haven t played much yet  That s enough for me to say no to the game and stop entirely  I m disappointed  Wouldn t recommend to play this game till there s a lot more players  The removal of variants also sucks  Hope they fix this game  But I heard they ll end support for this game  so don t bother till you hear otherwise 
식물 VS  좀비™  네이버빌의 대난투,Posted  June         Is it a good game  No not really    Is it fun  Kinda 
식물 VS  좀비™  네이버빌의 대난투,Posted  December          Product received for free  bye bye Origin
식물 VS  좀비™  네이버빌의 대난투,Posted  July         I was on a black screen for    hours only now is it able to work dont trust my rating
식물 VS  좀비™  네이버빌의 대난투,Posted  June          dead game i don t know why they didn t make this free to play
식물 VS  좀비™  네이버빌의 대난투,Posted  June         literally the  nd game just HD and no variants   
식물 VS  좀비™  네이버빌의 대난투,Posted  June          Plants vs  Zombies  Battle for Neighborville s PvE campaigns aren t worth your time  but the PvP multiplayer is addictive  chaotic fun  Once a match finishes  it s always tempting to hang around for one more  grabbing a new character this time with a completely different playstyle  The formula hasn t changed much since Garden Warfare    but it s still amusing  still frantic  and the newly expanded roster gives  fans of the franchise plenty of reasons to return 
식물 VS  좀비™  네이버빌의 대난투,Posted  April          Got this from EA play for free and it s a fun game tbh like TF 
식물 VS  좀비™  네이버빌의 대난투,Posted  November          so bad i refuned
식물 VS  좀비™  네이버빌의 대난투,Posted    June       로딩 후 검은화면 뜨다가 게임이 꺼지면서 오리진만 실행되고 게임은 안됩니다  왜냐고요  윈도우 계정이 영어가 아니라서요 
식물 VS  좀비™  네이버빌의 대난투,Posted     February       게임은 재밌는데 오류로 못하는 분이 많아 남깁니다  이거 사용자계정 이름이 한국어면 망할 오리진이 버그 걸려요  영어로 바꿔놔야 게임이 원활하게 돌아갑니다 
식물 VS  좀비™  네이버빌의 대난투,Posted     December       세일가      원 네 발로 박수를 칠 만큼 혜자스런 가격  올해 입문했던 게임 중에서 제일 만족도 높음  전형적으로 세월이 지나서 잊혀진 게임이지 게임성을 폄하받을 수준은 절대 아님  식물vs좀비를 알고 하면 더 재밌지만 몰라도 배우는게 어렵진않음 내가 큰 점수를 주는게 추억의 브금과 캐릭터들의 향수 때문이기도 한데  스토리모드랑 pvp 둘 다 있는게 놀라웠고 캐릭터들 스킬 개가 개성이 강해서 같은 캐릭으로 다른 플레이스타일이 가능함  그래서인지 타 fps에비해 질린다는 느낌이 덜함 게다가 스토리모드도 엄청 탄탄하고 이스터에그나 잡다한 요소 많은데 또 복잡해서 할 맘 뚝 떨어지게 하는 들이댐도 아님 걍 스토리모드가 이렇게 탄탄할 줄 몰랐네 pvp하다 질리면 잠깐 스토리 돌고 스토리에서 엄청 퍼주는 골드 들고 뽑기해서 다시 pvp재미있게 즐기고 이런 감성 스토리모드랑 pvp가 엄연히 다른 분류로 타 모드를 강요하진 않지만 스토리에서 주는 이스터에그와 골드등 템들은 막대하게 커서 연계해서 즐기기 좋음 그리고 연계할 만큼 각 모드 개성 재미 뛰어나고 스토리가 그렇다고 막 쉽고 막 어렵지도 않은 적정 난이도에 공성  공격등 장르고 다양함  이게      원  다시 봐도 혜자 이건 원가여도 살까 고민은 했을듯 고민만  스토리모드 잡몹에 개인퀘스트 깨짐    개꿀   아마도 개인적으로 귀욤스런 그래픽 선호해서 큰 점수 주는게 있긴 한데 그거 감안해도     원에는 네 발로 기어가서 살 가격 맞음  유일한 단점 하나는 사람이 없어서 매치잡히면       가 봇임 근데 여기 착한게 봇 일반인처럼 안속이고 걍 닉네임에서 봇인거 보여줌  근데 여기서 존나 웃긴게 fps 고질적 문제가 고인물 양학이랑 회사가 살아남기 위해 넣은 타fps게임과 차별화되는 개인적 특성에 대한 적응력인데  이 겜에서 꼽자면 특성과 선  킬모드에서 부활하면 킬 점 회수등  이게 봇 덕분에 잡힘  그냥 나 재밌게 했다고 똥꼬 헐정도로 억빠하는거라 보이긴 할텐데 그리고 어느정도 맞긴 한데  걍 스킬이랑 캐릭터 맵 모드 봇 잡으면서 가끔 사람도 잡고 하면 적응하는 시기 보내기 수월함  그러다 가끔 전부 사람 잡힐때 있는데 그럴때 울면서 하면 됨 나처럼   아 그냥 시발 귀여운거 좋아하면 사고 안좋아하면 사지마  귀여운거    wuppo  컵헤드  배틀 블럭 시어터  식물 대 좀비 등등 그리고 추천 받음 나 귀여운 겜이 좋아 뽀짝뽀짝한거    근데 웬만하면 사줘라 머릿수 좀 채워줘 나 외로워 나 이거 적어도    시간은 더 할텐데 제발 부탁이야 힐러 해줄게  진짜 할 맘 있고 고민된다면 친추해서 뭐든 물어봐도 다 답해드림  나 간절해 이 재밌는게 세월이라는 자연의 섭리 하나로 잊혀진다는게 너무 억울해 애기 좀붕 울었어           시간 해놓고    시간 한 거 처럼 깝치는거 꼴뵈기싫으면 개추          근데 어찌됐건 구매는 본인의 선택이야 내가 이렇게 극찬하길레 샀는데 재미없어 너탓이야 하면 나울어 그래 인원수많은 fps많은데 봇 껴쥬는 소수겜 사라고 한 거 부터 눈치챘어야돼 진짜 그래픽 빨 큼 그래픽 맘에들면 사
식물 VS  좀비™  네이버빌의 대난투,Posted     June       꽤 재밌다 스토리모드도 있고 pvp 컨텐츠도 있는데 pvp는 매칭해서 모자른 인원은 봇으로 대체하는데 인원이 많이 없나보다 그래도 절반이상은 찬다  좀비진영에서 그 탱커 우주선이 쎄다
식물 VS  좀비™  네이버빌의 대난투,Posted     December       솔직 갓게임인데 사람이 없음   로딩도 오지게 길어 근데 게임은 재밌게 잘만들엇따
식물 VS  좀비™  네이버빌의 대난투,Posted     December       윈도우 계정이름  오리진 계정이름  게임설치경로 한글 확인 등등 다해봤는대 실행자체가 안됩니다   검은 화면 잠깐 뜨더니 다시 사라지기를 무한 반복합니다   평가  뭐 할수가 있어야 평가를 하죠  실행자체를 못했는대  같이 산 분들은 잘들어가지는대 왜 안되는지 이유를 모르니 그냥 환불이나 해야겠다 싶어서 환불했습니다 
식물 VS  좀비™  네이버빌의 대난투,Posted    January       키면 검은 화면 뜨면서 실행안됨
식물 VS  좀비™  네이버빌의 대난투,Posted     June       재밌음
식물 VS  좀비™  네이버빌의 대난투,Posted    June       Product refunded  옛날엔 참 재밌었는데 말이지    
식물 VS  좀비™  네이버빌의 대난투,Posted    January       정가       원짜리 겨울할인           원에 구매했지만 실행이 안된다   pvz battle for neighborville 실행창이 검은화면  초정도 나오고 갑자기 꺼지면서 오리진창만 계속 뜬다  스팀에서 무결성검사도해보고 오리진 캐시도 지워보고 게임 폴더까지 제대 삭제한후 재설치를 몇번의 시도끝에 실행이 안되서 환불한다  EA 게시판 및 스팀 포럼게시판에도 글을남겻지만 개발자는 응답도없다  뭐 게임하고 차이가확난다   Electronic Art 유명하고 알아주는 대기업 회사면 다인가  팔면땡이고 사후관리는 전혀 안하나    개발자들이 애착들이 없냐    물론 할인된가격에 구매했지만 정가는 졸라 비싸게 팔아처먹고 관리는안하고    이건 회사에대한 비평가 비추천이다 
식물 VS  좀비™  네이버빌의 대난투,Posted  January         도대체 검은화면 나오고 오리진다시켜지는건 무슨 경우죠       뭐 게임이 실행되어야 하던가 말던가하는데      
식물 VS  좀비™  네이버빌의 대난투,Posted  March           천원의 행복  은근 재밌음
식물 VS  좀비™  네이버빌의 대난투,Posted  March          실행이 되어야 하던가 하지
식물 VS  좀비™  네이버빌의 대난투,Posted  December          이해만되면 재밌음
식물 VS  좀비™  네이버빌의 대난투,Posted  June          시발 왜 실행이안되냐고
식물 VS  좀비™  네이버빌의 대난투,Posted  November          사지마
식물 VS  좀비™  네이버빌의 대난투,Posted  November          좆같이 안켜짐 백신끄고 레지스트리 편집하고 한글 없나 확인하고 오리진 다시 까니까 겨우 실행됨 게임 자체는 재밌지만 구글링 하면서 노가다 하기 싫으면 하지마
식물 VS  좀비™  네이버빌의 대난투,Posted  March          실행안됌
식물 VS  좀비™  네이버빌의 대난투,Posted  October          이게임은 갓겜입니다 말로표현할수없습니다
식물 VS  좀비™  네이버빌의 대난투,Posted  December          게임하게 해줘 게임하게 해줘 게임하게 해줘 게임하게 해줘 게임하게 해줘 게임하게 해줘 게임하게 해줘 게임하게 해줘 게임하게 해줘 게임하게 해줘 게임하게 해줘 게임하게 해줘 게임하게 해줘 게임하게 해줘 게임하게 해줘 게임하게 해줘 게임하게 해줘 게임하게 해줘 게임하게 해줘 게임하게 해줘 게임하게 해줘 게임하게 해줘 게임하게 해줘 게임하게 해줘 게임하게 해줘 게임하게 해줘 게임하게 해줘 게임하게 해줘 게임하게 해줘 게임하게 해줘 게임하게 해줘 게임하게 해줘 게임하게 해줘 게임하게 해줘 게임하게 해줘 게임하게 해줘 게임하게 해줘 게임하게 해줘 게임하게 해줘 게임하게 해줘 게임하게 해줘 게임하게 해줘 게임하게 해줘 게임하게 해줘 게임하게 해줘 게임하게 해줘 게임하게 해줘 게임하게 해줘 게임하게 해줘 게임하게 해줘 게임하게 해줘 게임하게 해줘
식물 VS  좀비™  네이버빌의 대난투,Posted  March    옛날 식좀 생각도 나고 캐릭터 하나하나 스킬 궁극기 알아보는재미가 쏠쏠하다  식물로 했다가 좀비로 옮겼다가    뇌비우고 가볍게 하기 좋은겜
식물 VS  좀비™  네이버빌의 대난투,Posted  June          진짜 이 게임은 갓 게임 입니다  진짜 재밌습니다 
식물 VS  좀비™  네이버빌의 대난투,Posted  July    도토리 꿀잼
식물 VS  좀비™  네이버빌의 대난투,Posted  April          갓겜인가
식물 VS  좀비™  네이버빌의 대난투,Posted  March          할인 할 때 구매하면 개꿀잼 보장  팀포 느낌 나면서 다양한 컨텐츠 굿 오픈월드 pve pvp 쌉 가능  할인 끝나기 전에 어서 구매 하라니깐 
식물 VS  좀비™  네이버빌의 대난투,Posted  December          굿
식물 VS  좀비™  네이버빌의 대난투,Posted  March          가든워페워에 비해서는 아쉽지만 그레도 만족
식물 VS  좀비™  네이버빌의 대난투,Posted  August         재미있음 아마도 
식물 VS  좀비™  네이버빌의 대난투,Posted  February          게임은 재미있음 규칙은 오버워치인데 캐릭터들은 레식마냥 분리가 되어있어서 미러전 안나고 싱글플레이는 번역이 좀 아쉽긴 하지만 재밌게 했음  BGM 식좀 부터 해왔으면 다 아는걸꺼임 조금씩 다른데 좋더라 점령전 하는데 식좀  미니게임 노래 나오더라      단점은 겜이 안켜짐 안켜져 켜지면 검은화면 그냥 안켜져
식물 VS  좀비™  네이버빌의 대난투,Posted  January         This game is so more fun and cute games I always feel so good and fun to play this game All right   I want to say If you want to play fun game I recommend this game It s worth if you will buy    안녕하세요 저는 말을 하고 있어요 이 게임을 아주 재미있고 귀여워요 재밌는 게임에 흥미가 있으시다면 이 게임을 추천해 주세요
식물 VS  좀비™  네이버빌의 대난투,Posted  February          스킨바꿧을때 능력같은거 바뀌는거 있었으면 더 재밌게 했을건데    
식물 VS  좀비™  네이버빌의 대난투,Posted  June         Product refunded  적어도 스팀에 내놨더라면 스팀 한정 전용보상이라도 있으면 좋을텐데  그런건 없다  전작인 가든워페어를 내놨더라면 환불은 안했을텐데              출시한지  년도 안됬는데 벌써     세일하네   
식물 VS  좀비™  네이버빌의 대난투,Posted  January         게임이실행이안되네요이겜깔지마세요여러분
식물 VS  좀비™  네이버빌의 대난투,Posted  January          게임 실해이 안됨
식물 VS  좀비™  네이버빌의 대난투,Posted  June          Product refunded  환불각 보느라 명확한 평가를 내리진 못하겠지만   협동 PVE컨텐츠가 부족한 것 같아 환불했다   PVP는 잠깐해봤는데 능욕당함 
식물 VS  좀비™  네이버빌의 대난투,Posted  March    급식 때 하던 식물 좀비가 더 재미있어요 확실히 캐릭터들이 재미있긴 한데   왜 구지  d fps로 만들었을까    계속 손가는 게임은 아니에요
식물 VS  좀비™  네이버빌의 대난투,Posted  August          할인 행사 할 때 구매하면 재미있게 즐길 수 있는 게임   같이 할 사람이 있다면 추천   특히 과거 가든워페어 매니아 FPS게임 지박령 경우 무조건 구매 
식물 VS  좀비™  네이버빌의 대난투,Posted  April          비추
식물 VS  좀비™  네이버빌의 대난투,Posted  September          식물들 얼굴이 불쾌하게 생김
식물 VS  좀비™  네이버빌의 대난투,Posted  June         신선하고 다양한 캐릭터를 플레이하는 재미가있네요 
식물 VS  좀비™  네이버빌의 대난투,Posted  March          게임이 자꾸 튕기거나 게임을 플레이할려면 검은 화면만 나오고 진짜 좀비가 이기기도 힘들고 그리고 미션중 거울 버섯 잡기라는 미션있는 데  분주고 적캐릭터는  명에다 캐릭터는 막 은신하고 참어렵네요 정말 게임은 재미있는 데
식물 VS  좀비™  네이버빌의 대난투,Posted  March          안됀다던 애들 다 뻥임 개소리임
식물 VS  좀비™  네이버빌의 대난투,Posted  October    재밌어요 
식물 VS  좀비™  네이버빌의 대난투,Posted  October   제발 부탁이니까 네이버빌 말고 가든 워페어   사세요 
식물 VS  좀비™  네이버빌의 대난투,Posted  September    ea 연결이 계속 안되는거 같아요
식물 VS  좀비™  네이버빌의 대난투,Posted  July    Product received for free  너무재미있어요
식물 VS  좀비™  네이버빌의 대난투,Posted  July     이래도 채식주의자 할거야  
식물 VS  좀비™  네이버빌의 대난투,Posted  March    매력 있는 게임
식물 VS  좀비™  네이버빌의 대난투,Posted  March    잼민이 오버워치 같다   아       
식물 VS  좀비™  네이버빌의 대난투,Posted  February    갓 겜
식물 VS  좀비™  네이버빌의 대난투,Posted  January   사람 많으면 졸라 재밌을거 같은데  암튼 재밌어서 계속 꾸준히 할거같음
식물 VS  좀비™  네이버빌의 대난투,Posted  December          모르면 의문사 당하기 좋음
식물 VS  좀비™  네이버빌의 대난투,Posted  December          버그만 빼면 괜찮음
식물 VS  좀비™  네이버빌의 대난투,Posted  December          사람이너무 없어요 사람이 많아졌슴 좋겟어요 매치하면 봇들만있어요
식물 VS  좀비™  네이버빌의 대난투,Posted  September         Product received for free  친구있어요  없어요  이겜 왜해요 
식물 VS  좀비™  네이버빌의 대난투,Posted  August         재밌습니다
식물 VS  좀비™  네이버빌의 대난투,Posted  July          이거 뭔겜이였지 식물 대 좀비 오버워치 버전
식물 VS  좀비™  네이버빌의 대난투,Posted  June         아니 나 이거 검은화면나온적있긴한데 그래도 플레이가능해서 하다가 몇번검은화면뜨고 이제 검은화면만떠서 게임을모한느데 환불을안해주냐 
식물 VS  좀비™  네이버빌의 대난투,Posted  April         Can t connect after update  Please resolve it 
식물 VS  좀비™  네이버빌의 대난투,Posted  March          꽤 재밌음
식물 VS  좀비™  네이버빌의 대난투,Posted  March          재미있 
식물 VS  좀비™  네이버빌의 대난투,Posted  March          꿀잼
식물 VS  좀비™  네이버빌의 대난투,Posted  March          굿
식물 VS  좀비™  네이버빌의 대난투,Posted  March          재밌습니다  가든워페어를 하싶었는데 할 수가 없었습니다  하지만 이겜으로 그 마음을 해소했습니다  아쉬운 점이라면 그래픽과 캐릭터 디자인이 가든워페어와 같은 크래픽이랑 캐릭터 디자인이 아니라 다른 방식의 디자인과 그래픽이라는 겁니다 
식물 VS  좀비™  네이버빌의 대난투,Posted  March          새로운 캐릭터도 추가되고 재밌긴하지만 컨텐츠가 생각외로 없음
식물 VS  좀비™  네이버빌의 대난투,Posted  February          생각보다 꽤 재밌음 옆동네     보다도 확실히 재밌는 듯 물론 이건 배필보단 팀포랑 비슷하지만 그래도 확실히 나은 듯 근데 할인폭이 상당히 크니까 당장 사고 싶은 게 아니면 할인때까지 기다리는 걸 추천
식물 VS  좀비™  네이버빌의 대난투,Posted  February          붕탁좀비    발  같네
식물 VS  좀비™  네이버빌의 대난투,Posted  February          개잼씀  근데 게임이 안켜짐
식물 VS  좀비™  네이버빌의 대난투,Posted  February         재밌음
식물 VS  좀비™  네이버빌의 대난투,Posted  March          게임자체는 가든워페어랑 거의 똑같은 듯 가든워페어 안해봤다면 그냥 팀포  옵치 느낌이라고 생각하면 됨  식물 좀비 직업별로 각자 스타일이 아예 달라서 재밋음 캐릭간 밸런스는 뭐 나쁘지 않은 느낌인데  멀티에서 고수들 잡히면 암살 캐릭들이 양학함  상대편에 닉네임 맞춘 놈들 보이면 그냥 그 방 나오는게 나음   식물  보라버섯  좀비  슈퍼맨 좀비 각각 겐지 스파이   둠피스트 흑격기  느낌인데 역겨움 수준이 좀 심함  애들 히트박스가 커서 정교한 에임 컨트롤보다는 위치선정이랑 팀원 구성빨 좀 타는 듯
식물 VS  좀비™  네이버빌의 대난투,Posted  January          good
식물 VS  좀비™  네이버빌의 대난투,Posted  January         재미는 있는데 안들어가지는 버그 있고 렉이 심함
식물 VS  좀비™  네이버빌의 대난투,Posted  December           천원으로 할인할때 샀는데 그것마저 돈이 아까워요  
식물 VS  좀비™  네이버빌의 대난투,Posted  November          망할 브레이니엄 털이범
식물 VS  좀비™  네이버빌의 대난투,Posted  September             윈도우 EA 오리진 영어 닉넥임설정 변경했는데 왜 안되는거야   
식물 VS  좀비™  네이버빌의 대난투,Posted  July          유명한 fps 게임 못지않게 잼있고 좋은데 알려지지않아서 그런지 사람이 너무 업다 
식물 VS  좀비™  네이버빌의 대난투,Posted  May          실행이안돼                          왜                    왜                           아아아아아아 아아                              이런씨
식물 VS  좀비™  네이버빌의 대난투,Posted  May          너무 귀찮은게 많음
식물 VS  좀비™  네이버빌의 대난투,Posted  March           시간 밖에 안하긴 햇는데 아직까지는 재밌음 아기자기 하기도 하고
식물 VS  좀비™  네이버빌의 대난투,Posted  March         재미 있습니다 질리지도 않고 꿀잼입니다
식물 VS  좀비™  네이버빌의 대난투,Posted  February          꿀잼
식물 VS  좀비™  네이버빌의 대난투,Posted  February          갓겜
식물 VS  좀비™  네이버빌의 대난투,Posted  February          게임 하다가 튕기는 현상 좀 고치세요 레벨도 돈도 날아가고 짜증나네요
식물 VS  좀비™  네이버빌의 대난투,Posted  February          최적화 좀
식물 VS  좀비™  네이버빌의 대난투,Posted  February          안티치트 프로그램 때문에 안되서 한시간 동안 헤맸는데 에러메시지 잘 보면 무슨 프로그램 충돌나는지 보여주니까 그거 지우면 되요
식물 VS  좀비™  네이버빌의 대난투,Posted  January          나쁘지 않음  
식물 VS  좀비™  네이버빌의 대난투,Posted  December          핵잼           
식물 VS  좀비™  네이버빌의 대난투,Posted  December          게임은 참 재미있는데 사람이 없으면 어쩔수 없지   공급이 수요를 줄이는겜
식물 VS  좀비™  네이버빌의 대난투,Posted  December          재밌다
식물 VS  좀비™  네이버빌의 대난투,Posted  September          꿀잼
식물 VS  좀비™  네이버빌의 대난투,Posted  September          PVP는 너무 쉬운느낌인데 스토리모드는 재밌음 나쁘지않음
식물 VS  좀비™  네이버빌의 대난투,Posted  August          재밋음 조작감이 베필같음 시야도 편하고 좋다
