title,review
온천골 스토리  HOT SPRINGS STORY ,Posted     March       After having played this game on my Switch for months  I naturally had to pick it up on Steam when it released  I m very excited to see Kairosoft on Steam   To get to the point  if you like one of these games  you will probably like all of them  Kairosoft games are charming retro style pixel games  and they re absolute masterpieces of harmonious design and compelling gameplay  They re simple to understand and easy to learn  but most of them also contain significant depths and require large investments of time to complete one hundred percent  The painstaking detail and personality given to this game  as in most all Kairosoft games  is absolutely spectacular   There are fun characters you ll meet  situations you ll face  and many guests you ll accommodate in your hot springs resort  You don t have to advance past any point you don t really want to  I should mention  You can work toward any goals presented by the game  but you re not really forced to do anything but enjoy the game at your own pace  It s a very  my pace  game  and that s part of what makes it so fun to play and so easy to lose time on   I always recommend Kairosoft s games without hesitation  because I love them so much  I ve enjoyed them on various systems  and I m so happy to see them here on Steam  Anyone who s thinking about it  if you think you might like it  watch a video or two  Try the demos that are available for some of the games  if you can  I think most people will probably find these to be very chill games that aren t too stressful and can just be a pleasant way to relax and feel wonderful 
온천골 스토리  HOT SPRINGS STORY ,Posted     March       great time killing game   
온천골 스토리  HOT SPRINGS STORY ,Posted     March       Good game  good graphics 
온천골 스토리  HOT SPRINGS STORY ,Posted     December       Stinky         is the best spa out there  Come get un stanked       loaves
온천골 스토리  HOT SPRINGS STORY ,Posted     April       very cute game 
온천골 스토리  HOT SPRINGS STORY ,Posted    April       good
온천골 스토리  HOT SPRINGS STORY ,Posted    June       Calm casual game to enjoy with its cute pixel art  When I started the game I didn t expect that I would spend so much time playing it  but here I am  still not finished  There is a big variety of things you can do to improve and build your inn  Place different gardening aspects  add items to your rooms and try to appeal to new customers with different campaigns 
온천골 스토리  HOT SPRINGS STORY ,Posted     April Adorable pixel sim  I have really enjoyed setting up my spa  figuring out what works best next to each other  and then doing it all over again  Great way to kill some time  and it s also a great game to have on in the background while you are doing other things  If you like sim games  I highly recommend this one 
온천골 스토리  HOT SPRINGS STORY ,Posted    March This was my first time playing a Kairosoft game and I can say If you like one of their games  you ll like them all and vice versa   I adore little management   strategy games where you get to be efficient  and their games are all quite cozy  relaxing and nostalgic on top of requiring a little thinking  but you can really play at your own pace and however you like  experiment and just have fun   The pixel art Is beautiful and there s so much love put Into this  so many unique little character sprites and room   object designs  etc  It s very addicting and you ll leave wanting their entire collection   If I had to make any complaints  the music Is very cute  there s maybe about   tracks as you progress but you ll mostly be listening to one short song loop for a while so It can be repetitive  but you can always turn It off  By the end of the game If you re wanting to      It gets a bit grindy so you ll just be waiting a lot at that point for things to max out  there s luckily an option to speed up the game time a bit but there s always these occasional pop ups on screen that will pause the game progress and you have to manually cross them off each time which makes It hard to just Idle grind the final parts out   The game can be hard at times  but with enough patience  you can eventually get through anything  so just keep trying and you ll eventually do It  so whilst there s some parts a little hard  over all not a difficult game and very chill   Very charming  cute and wonderful  fun all around  I ll definitely be expanding my Kairosoft collection and      recommend anyone try AT LEAST one of their games to see If It tickles their fancy  because you ll have an endless supply of content If you do enjoy them 
온천골 스토리  HOT SPRINGS STORY ,Posted     August One day  a pigeon opened a hot spring inn  naming it BirdBath  what     This is its story    as the first human stripped in the bath  it zoomed in to check  In pixel blurring lightning quick time  the towel appeared perfectly wrapped  Rest assured that this is indeed a family friendly bath    a pleasure indeed to see the little animated activities  lol on vibrating relaxed faces in massage chairs    ran out of money  but       appeared magically  God loves the small creatures    learned that it s good to chuck mushrooms but not honey into baths  Who would have thought   If those are birds in the bath  that would be soup now    I have the  best  employees  ever  Smiling pleasantly and never leaving their stations   This is my first Kairosoft title on any platform  so no nostalgia lens  What you see in the screenshots are it  The game is designed for simpler systems a long time ago and it shows  Since it s a timeless casual experience  the gameplay remains interesting  The PC port is quite nice  am able to use the mouse rather than clicking through menus  The mechanics are not explained well  a decade old GameFAQ of the original version helped me a lot  The game is forgiving though  you can t really fail   Recommended for a casual play 
온천골 스토리  HOT SPRINGS STORY ,Posted  July          very game
온천골 스토리  HOT SPRINGS STORY ,Posted  June    Hollow  slow  repetitive gameplay  Adds nothing new to the genre  Does nothing interesting within the genre  The music on the menu is eardrum piercingly loud   I would recommend spending your money elsewhere 
온천골 스토리  HOT SPRINGS STORY ,Posted  October    Love this company 
온천골 스토리  HOT SPRINGS STORY ,Posted  August   The different types of combinations on this game make it a lot of fun to play 
온천골 스토리  HOT SPRINGS STORY ,Posted  July   Super fun 
온천골 스토리  HOT SPRINGS STORY ,Posted  June    fans of grand prix story here  So glad to have this game in Steam 
온천골 스토리  HOT SPRINGS STORY ,Posted  May    It s so bad as a casual completionists  Last achievement is too hard and time consuming  You can t let it idle for too long since there are pop ups that pauses the game 
온천골 스토리  HOT SPRINGS STORY ,Posted  July   During my teenage years  I developed a strong admiration for Kairosoft  Their games provided a pleasant and relaxing experience  especially for those who aspire to manage their own business  I adore every aspect of their games  from their comforting atmosphere to the delightful pixel art that exudes charm 
온천골 스토리  HOT SPRINGS STORY ,Posted  April          Casual sim   pixel art   controller friendly   Become a pro hot springs owner and build the most exquisite one you can  Manage customers  facilities and garden  Very easy to hop in and out of game   Follow our curator for similar games
온천골 스토리  HOT SPRINGS STORY ,Posted  September    Mood | Kairosoft formula   inn management sim  Low investment idle game to play on  nd monitor  Steamdeck  or laptop  When travelling or waiting in lobbies    Context | Kairosoft port of mobile game  Inn management sim  simple pixel graphics  lots of idling  linear progression systems  Follows the Kairosoft formula  good amount of idle gameplay for the price  Completion |      completion      Achievements       hours  Highs | Fun pixel art style  Relaxing game play  Lows | Too long for an idle management sim  Progression at endgame becomes arduous  Not much depth  Bugs | Clicking on screen creates a double cursor  does not affect gameplay 
온천골 스토리  HOT SPRINGS STORY ,Posted  February    Excellent idle game
온천골 스토리  HOT SPRINGS STORY ,Posted  February    This is the first Kairosoft title I ve played  so I didn t really know what to expect going in  But with it s beautiful pixel graphics and addictive gameplay loop  I m an instant fan 
온천골 스토리  HOT SPRINGS STORY ,Posted  February   I love the art style 
온천골 스토리  HOT SPRINGS STORY ,Posted  December          The game is great overall  my only issue is sometimes the front desk ladies stop helping customers and then the people get mad and leave  idk if they still update the game   
온천골 스토리  HOT SPRINGS STORY ,Posted  September          Fun and relaxing
온천골 스토리  HOT SPRINGS STORY ,Posted  September         slays so hard  would literally kill for this game
온천골 스토리  HOT SPRINGS STORY ,Posted  August          cute c  i love this game hehe
온천골 스토리  HOT SPRINGS STORY ,Posted  July          Not as fun as a sushi restaurant
온천골 스토리  HOT SPRINGS STORY ,Posted  March   Kairosoft has been a leader in small addictive pixelated mobile games for a long time now and they finally are bringing them on PC  This one is on the lower end  you quickly end up with nothing to do and wait for each month to buy new items to allow better visitors popularity  I don t think they make bad games  it is still fun and worth the price but less involved than others 
온천골 스토리  HOT SPRINGS STORY ,Posted  November          Hot Springs Story  This is the second ever international Kairosoft title released following the massively successful Game Dev Story  and boy  did Kairosoft deliver with this title  Hot Springs Story introduces a new style of gameplay having you focus on constructing the physical layout of the business itself  rewarding the player for strategic placement and uncovering secret building combinations that compliment each other for extra bonuses  You can interact with your guests in a very detailed manner in the game  being able to follow the steps of each individual customer every step through their stay at the resort is such a blast  its such a relaxing sensation  Drawing in all kinds of different guests through various unlocks and uncovering the various stat increasing building combos makes this game a great collecting experience  Kairosoft has packed this game to the brim with charm with its Japanese aesthetic and being able to customise literally every single tile shows how diverse and customisable the experience is  I would highly recommend this game as an incredibly rewarding discovery based game  I rate the game     Hot Springs out of    
온천골 스토리  HOT SPRINGS STORY ,Posted  June          yes
온천골 스토리  HOT SPRINGS STORY ,Posted  June          Cool game
온천골 스토리  HOT SPRINGS STORY ,Posted  June          very addicted
온천골 스토리  HOT SPRINGS STORY ,Posted  June         Hot  
온천골 스토리  HOT SPRINGS STORY ,Posted  June         very hot  
온천골 스토리  HOT SPRINGS STORY ,Posted  June         Hot  
온천골 스토리  HOT SPRINGS STORY ,Posted  May          KAIROSOFT  
온천골 스토리  HOT SPRINGS STORY ,Posted  May          I LOVE THIS GAME  
온천골 스토리  HOT SPRINGS STORY ,Posted  April          SOOOOOOO GOOD
온천골 스토리  HOT SPRINGS STORY ,Posted  April          its fun
온천골 스토리  HOT SPRINGS STORY ,Posted  April          I LOVE IT
온천골 스토리  HOT SPRINGS STORY ,Posted     March       조작방법이 병신같음 불친절하고 폰으로만 하셈
온천골 스토리  HOT SPRINGS STORY ,Posted    April       온천골스토리 보다 못함
온천골 스토리  HOT SPRINGS STORY ,Posted     March       여기서 살고 싶어  
온천골 스토리  HOT SPRINGS STORY ,Posted     April       처음에는 이게 뭔가 싶도록 덩그러니 시작하지만 이내 적응하고 어느덧  시간 플레이   
온천골 스토리  HOT SPRINGS STORY ,Posted    June           
온천골 스토리  HOT SPRINGS STORY ,Posted     September 콘텐츠 열리는 속도가 너무 느리고 게임도 답답
온천골 스토리  HOT SPRINGS STORY ,Posted     March 할만하네요
온천골 스토리  HOT SPRINGS STORY ,Posted    March 니슐랭 시 벌
온천골 스토리  HOT SPRINGS STORY ,Posted     March       모바일이나 콘솔에서 팔던걸 최소환의 확인이나 실행 한번 없이 스팀 상점에 그대로 팔더니 한글 중국어가 섞어서 나오고 게임 내에서 뭐 누르면 이 창이 뜬다고 알려주는 게 키보드는 없고 조이스틱만 보이네 이건 너무 성의 없다는 말로는 부족하고 유저들을 기만하는 거 아닌가  이따위로 냈으면서 가격은 정가      원 장난하냐  모바일 스위치는 이것보다 더 싼 걸로 알고 있는데 왜 스팀에 와서 무슨 명분으로 비싸게 파냐  개발자들아 내 말이 틀렸냐 
온천골 스토리  HOT SPRINGS STORY ,Posted     April       료칸에 대한 좋은 추억 때문에 시작했는데 예상보다 훨씬 갓겜이었습니다  단순하지만 여러가지 투자 방식으로 여러 직업군의 손님들을 모을 수 있고 료칸 내에도 여러 직업을 들일 수 있어서 상성 효과가 좋은 직업 혹은 가게는 더 좋은 시너지를 내는데 그 상성 시스템도 재밌고 경치 점수를 신경쓰면서 좋은 위치를 계산하느라 계속 하게 되는 매력이 있음  사람들이 돌아다니는 루트를 보는 것만으로도 힐링되거나 재미를 느낄 수 있고 게임 진행방식이 타이쿤이라기보다 성장형 시뮬레이션 같음        
온천골 스토리  HOT SPRINGS STORY ,Posted  June         재미는 있으나 모바일이랑 pc가 딱히 조작감이 다르지 않아서 pc는 불편한 감이 있다  한글이 있긴한데 매끄러운 느낌은 아님  하다보면 시간 금방 지나는데 시간 지날수록 할게 점점 없어지는 게임
