title,review
HAVENDOCK,Posted    May EARLY ACCESS REVIEW Can I recommend this game  No  Do I like this game  Absolutely   The game itself is awesome  it s one of those where you start playing and boom     hours are gone  The graphics are nice  cute and simple  the building is fun  the buildings are diverse   The reason why I have to give a negative feedback is because the AI doesn t seem to do it s work properly  There are buildings which are outright ignored by your villagers  There are distances where the villagers just won t do the work on their own  In these case you have to use your own character to do these stuffs  or to transfer materials and so on  It is gamebreaking because you constantly have to make food for your villagers because they won t cook or won t find one ingredient out of the   needed  or you constantly have to put wood in the kiln to produce charcoal because villager AI just can t seem to find wood even tho the wood farm is literally next to it   The game is absolutely awesome but the AI needs tons of polishing before the game can be considered a stable fun  Will keep on eye on the progress 
HAVENDOCK,Posted     April EARLY ACCESS REVIEW This game is like the love child of Raft   Factorio   Rimworld  Highly addictive game play loop  You basically start on a dock and collect resources expand  then eventually you accept colonists and you give them orders set priorities for them  Eventually you realize the wonders of automation and you get yourself some factories set up   The game is fully playable and complete for an early access  all that is left is some polish  In that regards the developer is one of the most responsive developers I ve ever come across  I asked him on discord to give me more cranes  then the next morning I wake up and he s already launched an update to the game giving me more cranes  How freaking cool is that   Recommendation if you buy the game  don t expand too fast  Give your settlers priorities jobs as you accept them in the early game  This will help you grow and set you up for success  Rapid expansion without a plan will lead to failure  The game is pretty relaxing at times  but can be frustrating trying to figure out how to get the AI to work for you  But once you understand how they work  it becomes easier to deal with them  The discord is very active if you have questions or suggestions  The developer seems pretty open to hearing suggestions  The game is done  just needs that extra bit of love 
HAVENDOCK,Posted     August EARLY ACCESS REVIEW The demo was very fun to explore so I decided to buy the full version  but after some time the game started to feel very grindy and repetitive  It s always just about unlocking the next thing  and the unlocked thing doesn t do anything other than enable you to unlock the next   Maybe adding a layer of letting the player figure out cool automations could help keep the game exciting  rewarding and replayable   Also I m not sure if the priorities system makes sense in the current state   imo the player doesn t have enough control over what the npcs actually do 
HAVENDOCK,Posted     April EARLY ACCESS REVIEW For the love of all things great make this game playable on the Steam Deck 
HAVENDOCK,Posted    May EARLY ACCESS REVIEW I downloaded the demo  played it for a few hours  and was really impressed  The demo is more than generous in the amount of game play they give you  I licensed the full game only because I felt like they had earned that money  just in the demo  I honestly didn t expect much new in the full game  In my mind  I was just paying a fair price for the demo   But  the full game just keeps giving and giving  I am loving it   This game is pretty much Raft meets Sim City  in terms of the basic concept  So  if you like those sorts of games  this is one that really gets it right  The game play is pretty close to seamless  and the content is rich   The mistake most similar games make is that  after a while  you just find yourself grinding on a few basic resources  Nothing gets easier  harder  or different  Havendock seems to have learned from the mistakes of others  The types of resources you need and how you obtain them evolves over time  Every task that could be a perpetual grind has at least one solution that takes that off your list of thing to worry about   For example  at first  it is a job to keep producing enough water and food to sustain yourself  and this takes away from time energy you could be spending on improving your situation  The solution is to take on some settlers and task them with collecting and processing water and food   Doing this  frees you up to put infrastructure in place to support those settlers  Soon enough  catching fish is just too labor intensive to meet all food needs  So  you use settlers to help you build out farms  That makes it easier to feed and house more settlers  which opens up more opportunities   I never feel like what I did over the past hour was the same as what I was doing the previous hour  And  I never feel overwhelmed or purely reactive  The game gives a little challenge  but leaves the player in control  To me  that s the hallmark of a good game design and balance  The developers remember what many forget   this is supposed to be fun   And  to that end  I have to say that Havendock gets one simple thing right that I rarely see  The AI for the settlers is actually helpful and manageable  You decide who is responsible for some specific tasks  like running specific facilities   and you decide what needs to be produced  The settlers pretty well self organize to see that those things get done reasonably efficiently  They don t need to be told every little thing  they don t need to be reminded  and for the most part  you don t need to check up on them  If someone is not doing their job  it is because they lack the resources  because they are injured  or they just haven t gotten around to it yet with everything else going on   There have been a couple of times where I have found myself having to take       minutes having to gather some specific resource  where it held up game play  For example  at some point in the game  you will start needed minerals and things will start running on underwater turbines  I set up the machinery to extract and refine those resources  but found my turbines were inadequate to keep it all running without interruptions  So  it was a bit of a slog to get the resources so I could facilitate the upgrades necessary to solve that problem   But  those sorts of grinds are the exception  The technology tree seems a little random when you look at it  but it is actually rather well thought through  If you keep working and improving  you will find that you usually have just what you need when you need it  That speaks well to the developers  focus on fun rather than mechanics for mechanics sake  The whole thing just sort of flows from one challenge to the next  with enough wiggle room to mess around along the way   The one criticism I might see being valid is that  even though it is a sandbox ish  game  you don t have a whole lot of freedom to be creative  You can put well defined objects into well defined and restrained places  Hard to create a truly unique settlement  But  I will say that as I play the game  that never occurred to me  There is plenty to do  such that I haven t missed that creative freedom   All in all  the developers have done a fantastic job in making what may well become the new benchmark for this genre 
HAVENDOCK,Posted     May EARLY ACCESS REVIEW So I saw a Youtuber play this game on Friday and it looked like it was right up my alley as far as casual little titles go  I loved the game Raft for what it was and Stardew Valley  etc  Well  I put in nearly    hours into this thing over the weekend and what can I say  For an early access game  it is just a blast to play  It does seem a bit all over the place  as it doesn t totally know what kind of game it wants to be  I won t spoil anything  but eventually you get a key to a door    Some of the economy and supply chain stuff needs tweaking  For instance  you ll find yourself with just an endless amounts of brick and steel  but hard pressed to get enough seeds  But all in all  if you like games like the aforementioned Raft  where there is a mix of crafting  exploring  economy simuation  etc   you ll like this  The experimental branch seems to be getting updated daily and the dev is very communicative  It also runs like a DREAM  I mean  yes  the graphics aren t fancy  but there is a LOT going on and the game boots up in seconds which makes sneaking in a casual   hours really easy  The cool thing also about this game is that there really is an opportunity to expand it heavily seeing as you re on an island in the middle of nowhere  The dev could keep adding places to find seemingly forever  Totally worth getting into this early access at this point 
HAVENDOCK,Posted    July EARLY ACCESS REVIEW I watched CallMeKevin play this game on youtube and I was compelled to try it out  It s like I can t stop playing  I even gifted this game to my boyfriend  I high key recommend this game  It s challenging enough to keep you entertained but easy enough that you don t feel the need to rage quit  I can t wait for all the things to come with this one 
HAVENDOCK,Posted     August Product received for free  EARLY ACCESS REVIEW Imagine If a downgraded Raft and a city builder had a child  you get this  Some mechanics are a bit dumb and don t even work  all together an idle game to kill around   h of your time  the price is a bit high in my opinion 
HAVENDOCK,Posted     April EARLY ACCESS REVIEW played the demo for     hours  rah  and literally set a timer for the early access launch  bought it in less than a minute after its release  thats how much i love and looked forward to this game  its so addictive even my bf who doesnt usually play games like this is hooked xD
HAVENDOCK,Posted     May EARLY ACCESS REVIEW I have been following the research path for    hours and feel it is time for it s first review  which I may update later  This is a game for people who like research trees and managing storage and logistics in terms of footpath management   If you have ever managed a restaurant opening it will help you quite a bit   If you do not like either of those things  this ain t it   In terms of the view  this is much better for me than Raft was  I always wanted the mid view rather than close up or too far away   Basically you are the overworked manager of an expanding dock community who come together because of your endless running around the platforms you built out of rubbish  You will feel quite oppressed for quite a while and you will marvel at the number of storage boxes you amass in the course of prodding your lazy visitors to feed themselves   The research tree is extensive  but you are not pinned to the research table  as long as you have the required stuff you can wander off  which is just as well because the castaways that join you are bone idle and constantly breaking limbs  How they manage this I do not know  because they seem to spend a lot of time asleep on rocks or eating   A very good game if you want to play with children  because it isn t punishing in terms of castaway deaths even if you are rotten at it  and it teaches the art of delegation  priorities and space management very well   The music is slightly more punchy than I would have liked  but you tend to be concentrating so hard on circuit boards and fish hooks that you don t notice it too much  The boats are great   That s all for now  It is a shame the poor dude couldn t at least have a girlfriend to offload some of the work onto 
HAVENDOCK,Posted  June   EARLY ACCESS REVIEW Difficulty level     Just press a bunch of buttons   Easy   Significant brain usage   Easy to learn   Hard to master   Difficult   Dark Souls  GRAPHICS    MS DOS   Awful   Bad   Will do   Good   Beautiful   Masterpiece  AUDIO    Bad   Not too bad   Decent   Good   Beautiful   Masterpiece  GAMEPLAY    Bad   Okay  Nothing special  Good   Very good   Try not to get addicted  AUDIENCE    Kids   Teens   Adults   Everyone  STORY   None Not important in this game   Bad   Average   Good   Lovely   One of the best i ve had the pleasure of playing  you create your own story here where you are stranded on a dock and you need to find ways to get resources to build up ur settlement  PRICE    Free   Cheap  Acceptable price  Bit too much price   Overpriced   Waste of money  GRIND    Nothing   Only if you care about leaderboards ranks  Average grinding   Too much grind   Insanity  while grinding  also need to micro manage food and water as the AI still need some work as their priority still not at a acceptable level  LENGTH    Too short        hours    Short         hours    Average        hours    Long        hours   if you go for everything in the game    Extremely long          hours    No ending  REPLAYABILITY    It s a one time experience   Only for achievements   If you wait a few months years   Definitely  PC REQUIREMENTS    Check if you can run paint   Potato   Decent   Fast   Rich boi   Ask NASA if they have a spare computer  BUGS     Never heard of   Minor bugs   Can get annoying  Tons of bugs  WORTH BUYING      No   Wait for sale   Yes                             Game is pretty good and relaxing  but when you start to have more people coming in  you need to start micro managing  But since it is a early access game  I believe this game has potential           
HAVENDOCK,Posted  July    EARLY ACCESS REVIEW This game has a lot of charm and promise  and I think if the Devs keep working on it and listen to player feedback  it s going to be genuinely great   Not gonna lie  as it stands right now on         the game is kind of a mess  It s unbalanced  villager pathing is a bit wonky  there s a lot of counter intuitive crafting paths  why can t I make simple things like rope and canvas until I get the machine that makes motors and circuit boards    There s a lot of systems that don t make sense or are poorly explained  I m not going to talk about lack of content because it s early access  and a recent major content update proves that the devs are genuinely working hard on the game   But there s so much charm and so many positive ideas here  The tilt shift art style is gorgeous and makes it a joy to play  One particular thing I loved  while it s still got a lot of kinks to iron out  is that your settlement feels like everyone s chipping in  you can assign villagers to specific jobs or tasks  but if left to their own devices they don t sit idle  despite the game saying they are   If a job needs doing  they will do it  While they won t hunt for raw resources  they will take on tasks on their own and get things done  If you drop a new crafting station down  and choose a recipe  Random villagers will start going to your storage and bringing the necessary components to that station so that your items get crafted  That said  every station has the option to turn this off or customize it  which I loved   Give this one a chance  It s Early Access  and the devs are working on it  It shows so much promise and charm that I really think this one is going to be something special 
HAVENDOCK,Posted  April    EARLY ACCESS REVIEW I m really enjoying the game  My advice is to not invite people right away after building pier  Take your time and get used to surviving alone first 
HAVENDOCK,Posted  April    EARLY ACCESS REVIEW I love this game  I had no idea that I d be playing the full version for    hours as soon as I installed it  I bought Raft a few months ago  wanting it to be more like this without even knowing about Havendock at the time  No zombies  battles  military shooting  child wizards  or aliens  So rare  yet so awesome when found  The ways I can customize the game to my liking are awesome  I like to focus on the mechanics of a new game with as little distractions as possible  so being able to turn off things like weather  death  and disasters was a very welcome feature  I m able to progress through the game at my own pace and focusing on different parts of the game in the order I choose  Judging from the research tree and workshop items not yet built  I could have everything unlocked  researched  and built in another     hours if not rushing  I would highly recommend this game      
HAVENDOCK,Posted  April    EARLY ACCESS REVIEW Needs work  but a good start   This game is fun and very cute to look at  but several things about it are clunky and frustrating   The tech tree is kind of bizarre  without much sense of logic to it  For instance  you research submarines before you can make boats  An arbitrary line pops into existence when you have gone out too far in a given type of boat and it just feels kind of jarring  Space is weirdly limited  You can make steel well before you can make bronze and scuba stations before you can make hay   The main pain point though is the inability to assign settlers to some of the buildings  such as grills and charcoal burners  and their disinterest in picking up resources from nets or storing them after production  Hopefully these will be addressed soon   I would say it s worth buying if only because it seems to have a lot of potential and is fun even given some frustrations 
HAVENDOCK,Posted  June    EARLY ACCESS REVIEW Deceptively simple  It s beautiful  chill  and WHAM    Suddenly you re obsessed with layouts and getting everything in line  It s so nice because your food water doesn t run out obnoxiously quickly  and settlers won t be whining all the time if things aren t  just so   I think it s the perfect blend of relaxing and thinking  I adore the aquatic vibe and exploring all the little features  Very happy to see a small developer come up with such an engrossing game  Very safe for all ages  but not patronizing for adults  It s as if Tropico  Subnautica  and Animal Crossing had a baby  I bought after putting   hours into the demo and I m not disappointed at all 
HAVENDOCK,Posted  June    EARLY ACCESS REVIEW Fun game so far   Lacks in much to do long term and the AI for putting stuff in storage  especially over longer distances needs to be fixed badly   Really the only efficient way to fill storage is with cranes and no matter how many people you have they basically just don t seem to want to stick stuff in storage very often   Few minor things like that and the game play is occasionally choppy etc but overall fun  and I am hoping to see some more development on this soon
HAVENDOCK,Posted  September   EARLY ACCESS REVIEW This game has sucked me right in     hours of gameplay feels like only    It s like a non stressful Sims game  where you play a character that builds a safehaven for fellow stranded passengers  My only recommendation would be to add in Steam achievements or more in game objectives so that there is a sense of progress  I have no idea if I m playing this game correctly  but I m having fun  
HAVENDOCK,Posted  April    EARLY ACCESS REVIEW The AI does not work well at the moment  I would wait to buy for a sale or for patches  I got to a point in the game where i had a bigger plot of land so i moved my items in the same configuration to the larger area  Now the AI wont work with their designated  As a result i need to constantly pump water and cook for the settlers and i can not progress anymore  Resetting to default settings or changing settler roles does not fix it 
HAVENDOCK,Posted  August   EARLY ACCESS REVIEW The game is addictive  I got to admit  but the big part of the game is accepting villagers into your settlement and have them help you run it  However  the UI for delegating tasks is complicated and the AI sucks  They don t do anything but just get tired and hungry  The work they do is minimal  and sometimes  they don t do anything at all  which is frustrating  Content wise  it s very expansive   I d give it a      tbh  so would recommend if this was on sale  If there s no sale  meh 
HAVENDOCK,Posted  July    EARLY ACCESS REVIEW Okay game  A mix of Raft and a Settlement Builder    Pricing of the game is expensive for what it really is  it could be completed in a very short amount of time if you wanted too  There s no real structure to where you should research next nothing stopping you advancing so quick it destroys the game  YOU COULD ALSO      DO THE ENTIRE GAME WITHOUT EVEN HAVING SETTLERS     Mechanics are still janky as hell   it might be worth noting that any land with stairs and no rails on is a bloody nightmare    In reality there s no real reason for playing  the amount of story you get is really   I definitely expected more islands places to discover  it was disheartening to see this has been released with bare bones    I do like the ideas of AI and I think there should be more areas that allow you to use this    Giving settlers jobs was difficult on its own  there s no real guide on how this is done effectively or efficiently  eg  you can give a settler a specific storage box to work on  however  this only worked sometimes and it didn t seem to be their top priority  Overall I solely because you could sink in quite a few hours if you want to lose track of time  however I am disappointed with a BIG portion of it  
HAVENDOCK,Posted  May    EARLY ACCESS REVIEW Amazing game and a really cool developer who listens to the community and also seems passionate and hard working  This game is truly worth supporting 
HAVENDOCK,Posted  October    EARLY ACCESS REVIEW u can get a dog in the game
HAVENDOCK,Posted  April    EARLY ACCESS REVIEW First night playing this had me up so late I missed the first    minutes of my shift        Will probably happen again 
HAVENDOCK,Posted  July    EARLY ACCESS REVIEW fun little game but the AI is annoying
HAVENDOCK,Posted  May   EARLY ACCESS REVIEW It s a fun little colony sim roughly based on games like  Raft   The only thing I didn t like was the fact that you have a character to run around with  It messes with the pacing of the game  Would be easier to manage stuff if you dont have to run there first to interact with it  Also  Make research accessible from everywhere  Other than that  Brown Paperbag as a hat      
HAVENDOCK,Posted  April    EARLY ACCESS REVIEW My favorite part of this game is sitting there making fruit punch for all the homies          I have been so excited for this game  I played the demo inside an out and have been waiting for this to release in early access  The Dev s  are really involved with the game and player feedback  This is literally the best and freshest take on a survival colony sim hybrid  The game play is addicting  theres automation  and if you like any of the following games you will love this  stardew valley  satisfactory  my time at portia  raft  this is actually the only colony sim ive really gotten into  maybe because it is more immersive than the god mode that usually exists with colony sims  mixed with farming sim  thats really quirky and weird  in the best way  I am so excited to play this through 
HAVENDOCK,Posted  April    Product received for free  EARLY ACCESS REVIEW I haven t been addicted to a game in a long time  That s all changed with Havendock  I checked the clock last night and I had played until      am  This is not your cutting edge graphics  but everything else is stellar  The grooviest thing for me is that the game is so detailed in mechanics and yet really easy to learn  It s difficult not knowing how to do something  Havendock is quirky  humorous  calming  cozy  relaxing  casual  and a ton of fun 
HAVENDOCK,Posted  April    EARLY ACCESS REVIEW Just like RAFT but it s a command and conquer type  I like it  although it still needs improvement like keeping the resources coming should be less of a burden if you will be able to specifically assign an NPC to do it for you instead  Rather the only option I saw was  they would only collect it if it s needed as part of a recipe   At its current state  I would say it s good       Fun game for building crafting enthusiasts
HAVENDOCK,Posted  June    EARLY ACCESS REVIEW At the moment  there s about   ish hours of content  I reached the current ending and have almost all the tech tree unlocked  Give me another few hours and I should have the rest of the tree done  Normally  I say I need to get   hour of game play for every    I spent and as you can see at the time of review  I m not quite there yet    ish hours for       but I think with finishing off the tech tree and continued content as EA goes on  I should get my value out of this
HAVENDOCK,Posted  June    EARLY ACCESS REVIEW The other  games I like  it s similar to were Stardew Valley and Satisfactory  Probably the two games I have the most hours in other than Skyrim  The description is accurate  Only downside  I m almost done with the research tree at   hours  There s more to unlock once the game is more developed  too  but I m a bit sad it s so short  I m looking forward to more interaction with the citizens and or some more story  If you enjoy a game that lets you create  organize  reorganize and automate what amounts to a great big machine  then you re going to love playing Havendock   I LOVE THIS GAME 
HAVENDOCK,Posted  May    EARLY ACCESS REVIEW Got through more or less all the current content in a little over    hours  I can t wait to play the final product in some time  The game plays beautifully and there really wasn t a bug that I encountered  A cross between Raft and survival colony sims  Never encountered any challenge per se  but I enjoyed it that way  It s a great chill game  Some may complain that there s a lot of running around for you to do and it s not currently able to be fully automated by colonists   but I think that s part of the fun of the game  You can usually just end up sitting around doing nothing and the world won t fall apart  You can just speed things along considerably by manually interacting 
HAVENDOCK,Posted  October    EARLY ACCESS REVIEW I enjoy peaceful City Builders Farm Sims  so this is right up my alley   It s simplistic and charming  Calming and pleasant music  I feel as though it is TOO easy  but sometimes that s exactly what you need to break up intense gameplay of other genres   Overall I adore it  plan to purchase for my sister  and my complaints are mainly in the available content    which this is early access  so what do I really have to complain about  If you like peaceful and simple games   city builders  farming sims  etc then you will likely love this     Don t listen to the people saying there are optimization issues  I built my PC in      and haven t updated any hardware since  I can play on max settings with great FPS  Folks complaining are telling on themselves about sketchy ass sites they visit and malware they download lol The game is smooth and wonderful 
HAVENDOCK,Posted  June    EARLY ACCESS REVIEW I m a SDV maniac with   farms  But I tried this game and find it very engaging  I have played for   days straight for hours 
HAVENDOCK,Posted  June   EARLY ACCESS REVIEW A little overpriced for what you currently get  but still a fun waste of time 
HAVENDOCK,Posted  August   EARLY ACCESS REVIEW I love cozy indie games and colony building games  so this game looked right up my alley  While reading about the game I saw comments comparing it to Stardew Valley and Banished  two other games that I love   so I ran off to check out this little shipwreck survivor colony strategy game  I discovered the free demo  that lets you do a LOT   so I downloaded that and dove right in   Checking Out The Demo  In Havendock  you take on the role of a shipwrecked survivor who must build a new life for themselves on a remote island  Your character starts from scratch on a tiny speck of land in the middle of a large body of water with a few planks of wood from the shipwreck nearby  You build out platforms and structures and encounter a variety of NPCs  vendors and settlers  that join your efforts to build a sustainable colony   You will need to gather resources  build structures  and manage your population in order to survive  The game features a variety of different challenges and has a tech tree that allows you to unlock equipment  supplies  decor  and items to increase settlers  happiness   My favorite is the disco floor   As you work your way through the technology tree  the NPC vendors bring the opportunity for supplies beyond what floats past you in the water  You build friendships with the vendors by overpaying for goods   That s the way to every vendor s heart   right    The demo let me play for several hours and get probably halfway through the tech tree  It was a nice extended demo that didn t feel limited in any way until I hit the tech tree demo limit  I found that I had enjoyed the gameplay so much I had no idea how much time had passed  That can be a good thing or a bad thing  but in general  it meant I was really enjoying the game  I decided to go ahead and pick up the full version   Havendock is sweet  cozy  and relaxing  The complexity of balancing the needs of the colony and advancing the tech tree keeps you on your toes  The very chill soundtrack keeps you relaxed even when your character s hunger and thirst are running low  There could be some improvement in terms of the default pace and AI resource management  but the developer is very involved with the player base and I think we ll see an even better game down the road  I definitely recommend it to any fans of the colony builder genre or folks that like cozy games with cute graphics  The game has a unique setting  solid colony building mechanics  and a technology tree which adds a wider variety of challenges compared to other games in the genre  It s exciting to be playing the game in Early Access and experiencing the development of the game as it continues to blossom and grow    This is an abridged version of my Havendock review  The full review is available at  
HAVENDOCK,Posted  April    Product received for free  EARLY ACCESS REVIEW For those just interested in gameplay   Solo  YouTube  Video  Sea Survival City Builder    Havendock Gameplay  Havendock Game    First Impressions  Views      Sea Survival City Builder    Let s Play Havendock Ep   Game Gameplay   First Impressions Welcome to Let s Play Havendock gameplay    Multiplayer    Ravendock is a fun mix of Raft and Colony Sim  When you start the game  you re given the bare minimum   a dock and some planks   and are given the freedom to create what you d like  It has a lot of depth  You can get to the point where everything is automated  There are areas to explore  NPCs to meet  Some colonists even come with specific passive that match their clothing  For example  one can show up wearing vegetables on her head which means she eats less   You quickly get lost in this game  What was supposed to be a quick    to    minute session turned into nearly   hours quickly  and not a single moment full dull  Getting struck by lightning  fires  having to deal with the happiness of colonists  etc  There s always something that can be improved   I m excited for the future of Havendock 
HAVENDOCK,Posted  August   EARLY ACCESS REVIEW Count on Call me Kevin to find gems like this  This game is just lovely  Although early access pretty smooth  Just had one freeze and that might have been caused on my end by other programs   I m really looking forward to any upcoming content  but I already consider the game fleshed out enough to be worth the asking price  Don t get me wrong  please continue adding more dear dev team     Would be nice though if canvas could be obtained sooner and maybe by other or alternative means 
HAVENDOCK,Posted  July   EARLY ACCESS REVIEW A great game with a dedicated team behind it  Resource management with sims to automate  Plenty of goofy fun and it really scratches that itch for collecting and upgrading 
HAVENDOCK,Posted  May    EARLY ACCESS REVIEW I don t often play games in early access  nor do I normally pay full price for an indie early access  However  after playing Havendock for a solid chunk of time I can say I am pleasantly surprised but this game  This is a perfect game for those who love to micromanage  There is so much to do and It s not even overwhelming  The music  art and atmosphere is pleasant  I look forward to seeing how they game develops further   Oh  I would also like to add that I was exceptionally impressed to see a game offering a free demo that is      playable  for over    mins   I feel like I returned to a bygone era of getting game demos in your cereal box  It was a really promising move  I like to see a studio have confidence in their product like that  So pleased 
HAVENDOCK,Posted  June    Product received for free  EARLY ACCESS REVIEW Havendock is an early access resource management and building game that sees players trying to survive in the middle of the ocean  Players must attract settlers  manage them  and meet their various needs  The game is currently intended as a single player experience but there is a co op mode in development   Havendock s singleplayer mode is in a good state for an early access game  there is plenty of content and I encountered no issues when playing  It has colourful and whimsical visuals with charming  relaxing audio to accompany the comprehensive and engaging yet calm gameplay  It is a great example of a resource management and building game with a distinct oceanic settling and plenty of fun  satisfying interactivity  I d happily recommend this game to fans of the genre or anyone looking for something comprehensive and stress free    My full review of this game where I go into detail about gameplay  narrative and styling is available on  
HAVENDOCK,Posted  August   EARLY ACCESS REVIEW A nice causual city builder  you cannot lose  but citizens move slowly if famished or thirsty  There is some exploration thrown into it to distract you every now and then  helping unlock some technology or providing a new source of goods   Main challenge is what to place where as space is limited  and how to optimize the layout of buildings to minize items transport time   While it is in early access  there is already a game end  though requirements as such that you can finish before completing the tech tree   The end part of the tech tree feel unbalanced with some tech progress that don t make sense  like why wouldn t you research human canon   and   before building any of them since you obviously have the resources for that   I was able to unlock most of the tech tree  except the experimental stuffs  and completed the game   In doubt  just download the demo and see if it ticks with you   Notes  once you unlock the submarine or are on another island  you have different build menu that appears  This is where you find stuffs to build underwater  mining rig  oil      Took me age to figure out those needed to be build underwater and not on  land    
HAVENDOCK,Posted  April    Product received for free  EARLY ACCESS REVIEW I don t typically play resource management games  the last ones I played must have been those Facebook Zenga games from       so this was a fun departure for me  While I was initially pretty stressed with how much there was to juggle in Havendock  I soon settled into it  and it s been great  It s fun  and pretty absorbing  oozing with charm and energy  The dev seems very active and passionate  and it s nice to see something small come as far as it has   Proper cozy  Almost addicting  Your community grows rapidly and soon you re watching this ant colony thrive with everyone going about doing their little jobs and tasks  Good sense of growth and progress  and there s so much to do  Pretty sure you can tell from the trailer and screens if it s your type of game or not  but it might just be worth a play even if it s not your typical go to  Thanks Havendock for supplying me with hours of cozy respite 
HAVENDOCK,Posted  July    EARLY ACCESS REVIEW Havendock is a colony building survival game set on the open ocean  Players start with a small raft and a few survivors  and must use their skills and resources to build a thriving settlement  The game features a variety of mechanics  including resource gathering  crafting  construction  farming  fishing  and exploration  There is also a light story element  which involves investigating the mystery of how the survivors came to be on the ocean   Havendock is a well made and polished game  even in Early Access  The graphics are good  the controls are responsive  and the gameplay is challenging but rewarding  The game is also quite content rich  with a lot to do and explore   One of the things that I really like about Havendock is the sense of community  Players can form alliances with other settlements  and there is a global chat system where players can interact with each other  This adds a social element to the game that I really enjoy   Overall  Havendock is a great game that I would highly recommend to fans of colony building survival games  The game is well made  content rich  and has a strong sense of community  I am excited to see what the developer adds to the game in the future   Here are some of the pros and cons of Havendock   Pros   Well made and polished game Challenging but rewarding gameplay Content rich Strong sense of community Cons   Early Access game  so some features may be incomplete Can be a bit slow paced at times Overall  I think Havendock is a great game that is worth checking out  If you are a fan of colony building survival games  then I highly recommend giving it a try 
HAVENDOCK,Posted  April    EARLY ACCESS REVIEW Great sandbox style base builder colony sim  Really good start in early access 
HAVENDOCK,Posted  July    EARLY ACCESS REVIEW Not alot to do  the more u build the quicker the game is over 
HAVENDOCK,Posted  October    EARLY ACCESS REVIEW This game is amazing  I love the little details  the jokes  references and mechanics  super cozy and relaxing  Love it 
HAVENDOCK,Posted  May   EARLY ACCESS REVIEW Very addicting build and management game  Having a lot of fun unlocking all the research items and balancing resources  It s not painful and tedious like a lot of other community management style games  and you can mess with a few settings to fit your playstyle  I haven t had any issues just playing with the default settings though   Fun and addicting  Make you lose track of time  Well worth it 
HAVENDOCK,Posted  August    EARLY ACCESS REVIEW Fun  I liked the farming  building  and exploring   both above and below the sea  I look forward to playing the update expansion additions  Disliked the limited amount of exploring and some of the repetitiveness but this should improve with updates and expansions 
HAVENDOCK,Posted  April    EARLY ACCESS REVIEW     Graphics       You forget what reality is   Beautiful   Good   Decent   Bad   Don t look too long at it   MS DOS      Gameplay       Very good   Good   It s just gameplay   Mehh   Watch paint dry instead   Just don t      Audio       Eargasm   Very good   Good   Not too bad   Bad   I m now deaf      Audience       Kids   Teens   Adults   All      PC Requirements       Check if you can run paint   Potato   Decent   Fast   Rich boi   Ask NASA if they have a spare computer      Difficulity       Just press  W    Easy   Significant brain usage   Easy to learn   Hard to master   Difficult   Dark Souls      Grind       Nothing to grind   Only if u care about leaderboards ranks   Isnt necessary to progress   Average grind level   Too much grind   You ll need a second live for grinding       Story       No Story   Some lore   Average   Good   Lovely   It ll replace your life      Game Time       Long enough for a cup of coffee   Short   Average   Long   To infinity and beyond      Price       It s free    Worth the price   If it s on sale   If u have some spare money left   Not recommended   You could also just burn your money      Bugs       Never heard of   Minor bugs   Can get annoying   ARK  Survival Evolved   The game itself is a big terrarium for bugs                                                
HAVENDOCK,Posted  May    EARLY ACCESS REVIEW Really good game if you like building and crafting  Its still in early access so I am excited to see what else is next    
HAVENDOCK,Posted  August    EARLY ACCESS REVIEW Go to settings and turn on Singlish  Limpeh guarantee you would chuckle a good    minutes  Now I m craving for some chicken rice 
HAVENDOCK,Posted  August    EARLY ACCESS REVIEW Man kann einfach eine BADEENTE auf seinem Kopf tragen  uwu      
HAVENDOCK,Posted  April    EARLY ACCESS REVIEW Have had an overall great experience with the game so far  The game has a great sense of humor that feels rather unique and despite being early access  most features feel fleshed out and balanced  It s great to see a game that understands what early access actually means by releasing a truly engaging and well put together title for the community to play and discover minor issues and give feedback for new ideas   Can t wait to see where this game goes from here 
HAVENDOCK,Posted  May    EARLY ACCESS REVIEW Pretty sweet developing game  I can t wait to see what it becomes  The creator has given a lot of thought to being able to be creative  As with any game  there are things I would like to be able to do and things I would like to see but the creator seems to have many platforms to voice your opinions  wants and needs  I will give feedback after I get more time in 
HAVENDOCK,Posted  August   EARLY ACCESS REVIEW finally tried this game out after seeing callmekevin play it a month ago  and it is so fun  I love the resource collecting and figuring out how to build your colony efficiently  there s a lot of islands to explore  and a ton of machines to build  I also love the graphics  the game is filled with a lot of humor and charm along with really fun gameplay  also the tutorial quest line is really good at getting you started and providing guidance without being overbearing or making the gameplay linear  Overall  a really fun game    
HAVENDOCK,Posted  September    EARLY ACCESS REVIEW So I did figure out how to save and it saves locally on my machine  I am enjoying the game  I m a little overwhelmed sometimes  So much going on  I kept trying to figure out how I could make a dock to get to the penguin  You kinda lose time when playing    my husband had to come get me and remind me it was the middle of the night and maybe to get some sleep  So I guess a little addicting    I misunderstood the save process for this game and will change my review once I get some time in it  I don t mine admitting when I m wrong  For the moment I love the look and style of the game  The art style is fun  I haven t played much so far and just to be clear my save was there when I loaded up the game  I didn t have to sign up for anything to save the game  However I see how it does work now and if you want to sign up using an email that will work for a cloud based save as far as I can see  Will return to give more thoughts on the game in a bit   
HAVENDOCK,Posted  October    EARLY ACCESS REVIEW Sometimes you just wanna turn your brain off and build something  Seems like content is still being added  and I d like to see the interface and interaction mechanics get fine tuned a little more  but pretty satisfying to play as is  Don t expect too much story or anything right now  but if you like the catching trash and building up your base parts of Raft  you ll probably enjoy this  Good ADHD brain off game 
HAVENDOCK,Posted  August   EARLY ACCESS REVIEW                    |       l      x         |             | | |   |   | | | |                안녕하세요 트위치 방송인 오마모리 입니다   게임은 전체적으로 괜찮은 편이구요   게임성은 레프트라는 게임비슷하게 정착하는 곳을 넓혀 나가는 이야기입니다   싱글로 한번 클리어 했구요   멀티로도 한번 클리어 했습니다   스트리머분들은 시참받으실때 핵 관리 하셔야 할것같습니다   핵 쓰면서 아이템이 마구 복제가 되는데 매크로를 썻다면서 거짓말을 하는 시참자가 너무 많아요   아직까지 멀티일때 유저를 벤하는 옵션은 없네요   딱 요기 까지 인거 같습니다   생존게임 좋아하시면 세일할때 한번 해보시는것도 좋을것 같습니다
HAVENDOCK,Posted  July    EARLY ACCESS REVIEW I love this game   I cannot express that enough  I have spent many a night idly building and farming on my little dock  and have even tried multiplayer  It is a fun game even in this early access  I highly recommend it if you can afford it and suggest you join the community on Discord   the developer is super nice 
HAVENDOCK,Posted  July    EARLY ACCESS REVIEW Very fun  very addictive and very much still in early access  I can t wait to see how this game will be later on but there is a solid base right now 
HAVENDOCK,Posted  July   EARLY ACCESS REVIEW pretty great for early access 
HAVENDOCK,Posted  June    EARLY ACCESS REVIEW Creatively written  beautiful graphics  and keeps you busy creating a new world 
HAVENDOCK,Posted  June   EARLY ACCESS REVIEW Is good 
HAVENDOCK,Posted  May   EARLY ACCESS REVIEW good game and fun but multi player needs more work
HAVENDOCK,Posted  June    EARLY ACCESS REVIEW I happened to see this game while scrolling through YouTube but didn t think much of it  I was interested in this other early access game that I wanted to buy and saw that Steam had added this as a bundle option along with the game I was first interested in   I can now say I absolutely love this game  I m so addicted and playing it much more than the game I was first interested in   Even though it s early access there s so much to do and learn without feeling overwhelming  I haven t encountered any bugs and all I can say is you have to give this game a try   I am having so much fun   
HAVENDOCK,Posted  May   EARLY ACCESS REVIEW chillin relaxin game  and new and new stuff still updating  nice game
HAVENDOCK,Posted  May   EARLY ACCESS REVIEW It has consumed my life
HAVENDOCK,Posted  May    EARLY ACCESS REVIEW I purchase a lot of early access games  and many are exactly what I expect to find  lots of potential and only partway there  this game does NOT fall in that category  This game runs really well on my system  looks great  and although I ve played way more than I ought to have this week  I found I am surprised by the detail and variety of research and buildings available at this stage  I can t wait to see what updates and content come next  Thanks for a budding gem among all the chaff in the early access category 
HAVENDOCK,Posted  May   EARLY ACCESS REVIEW  st Early access I have ever bought on steam that actually is worth the money and time my  st  h was a blast discovering new things just when you think that is it  There is so much potential here GREAT job devs keep it up 
HAVENDOCK,Posted  May   EARLY ACCESS REVIEW Great game to play when youre just wanting to chill
HAVENDOCK,Posted  April    EARLY ACCESS REVIEW Very fun so far  no bugs  bunch of content already   Great quality for early access  The demo hooked me 
HAVENDOCK,Posted  April    EARLY ACCESS REVIEW If oxygen not included and Raft had a baby   and it was raised by penguins   that s Havendock 
HAVENDOCK,Posted  April    EARLY ACCESS REVIEW Fun game 
HAVENDOCK,Posted  May   EARLY ACCESS REVIEW enjoyment factor        super relaxing and easy controls  on my  st playthrough and would like to see a proceedurally generated layout for replayability  As it is  it is well worth the asking price  have not encountered any bugs or glitches  very highly recommended
HAVENDOCK,Posted  May   EARLY ACCESS REVIEW i really enjoy this game  its been really fun and honestly i love it  however i have come across a trading glitch which has prevented me from trading and i can t find any fixes to it D 
HAVENDOCK,Posted  April    EARLY ACCESS REVIEW I put many hours into the Havendock demo because it was just SO CUTE  It s like an RPG SIMS game  I love it  Currently  playing multiplayer with my bestfriend and we have only encountered a couple bugs  nets can t be placed  camera goes hayware when either of us build something   but overall we are enjoying it so much  Highly recommend to play  we are loving it 
HAVENDOCK,Posted  April    EARLY ACCESS REVIEW I m actually excited to see where this game will go  Lots of fun and very addicting from the start but the UI  menus could use improvement or even a complete overhaul to make it more appealing and easier to navigate  I m personally having trouble remembering where certain things are  There s a lot of potential here and it s so easy to lose track of time playing this game  Definitely a new fave 
HAVENDOCK,Posted  April    EARLY ACCESS REVIEW Very addictive  It feels like the game balance will be improved eventually since it appears difficult to lose  if at all   Very good and polish start  Everything made sense  The progression was very clear and figuring out everything took very little effort   While the progression is polished  except for the end game  it does feel like more gates will be added to limit how quickly someone can research and progress  That might be needed as the game feels less like a game and more chill  Still incredibly fun   Some complaints     buying the power station doesn t make sense  It provides    energy at the base but the setup and cost to keep it running is off the charts  It doesn t make sense to build it out     the deep appears bugged  The bots don t really manage the deep very well  It appears if you build them and stay in the deep  then they stay but will surface when you do and stay out of the deep and not manage it  It is possible that I need to pay attention to the priorities settings  However the priorities order may as well not exist as it is not per building or I could be misunderstanding  I didn t look at it too closely but it appears to be categories     there could be more quality of life improvements but honestly not really needed as it is almost impossible to fail  It would be nice to optimize like you can in other games  this appears like that Evil Genius game and suffers from similar problems  Except the workers don t get stuck like in Evil Genius    But they do mostly ignore the deep  so that could be a bug     cranes are limited  I get it  My machine is old AF and can t power the high settings  I was hoping to replace all of the workers with bots but that seems like it would not be feasible  This seems like it is balanced in that case because while you could throw a bunch of bots at everything  the game as it is now would be a really bad idea  Cranes also can t optimize much as they as slow and the amount you can have are super limited  I was hoping to fully automate the deep but that doesn t seem possible at the moment   Conclusion     I was impressed  It does seem like they don t have lose conditions as you can t run out of any resource  The traders upgrade to including resources so as long as you have products  you can continue to progress     I beat it  I am going to wait a few months before jumping back into it  I did a few expeditions and I am looking forward to this later  I did everything you can do at the moment and loved every minute 
HAVENDOCK,Posted  April    EARLY ACCESS REVIEW Pleasant fairly relaxed game  nothing very cerebral  but nice to chill out playing   Played a fair bit of the demo months ago  and was keen to buy the game after that 
HAVENDOCK,Posted  July    EARLY ACCESS REVIEW Started playing after Youtuber Z  Gaming recommended it  ITs a great game to wind down
HAVENDOCK,Posted  July    EARLY ACCESS REVIEW i do not have a brain anymore this is too fun
HAVENDOCK,Posted  June    EARLY ACCESS REVIEW It s Raft meets Stardew Valley what s not to love 
HAVENDOCK,Posted  June    EARLY ACCESS REVIEW pretty nice survival was simple to understand
HAVENDOCK,Posted  May   EARLY ACCESS REVIEW What an addicting game  The developer is also super quick to update and fix bugs 
HAVENDOCK,Posted  May    EARLY ACCESS REVIEW    mins in and this game is fantastic  I love how it has Towerscaper elements but smooshed together with raft  Can t wait for more 
HAVENDOCK,Posted  July   EARLY ACCESS REVIEW So much fun  It was OK when it first came out but the extended research and game play in the newest update has hooked me again 
HAVENDOCK,Posted  April    EARLY ACCESS REVIEW Highly addicting  starts out as a raft city builder  and ends as factorio satisfactory one automation is up 
HAVENDOCK,Posted  June   EARLY ACCESS REVIEW Pretty decent game that needs polish and AI improvement  but overall pretty happy with the current early access state  I ve wanted a city builder where you control an individual instead of the top down overview that almost every game has  so this is a fun little twist on the genre 
HAVENDOCK,Posted  May   Product received for free  EARLY ACCESS REVIEW Absolutely amazing endless sandbox fun  I ve spent countless hours coming back to Havendock and finding new places to explore  always with more things to do   I ve been playtesting since prior to Beta release and providing feedback   bug reports along the way and I m loving how responsive YYZ is on the development side in fixing   helping to mitigate those issues as quickly and efficiently as possible         would recommend to anyone who likes the sandbox   civilization management genre of games   
HAVENDOCK,Posted  April    EARLY ACCESS REVIEW Silly faces and boons  Really fun 
HAVENDOCK,Posted  June    EARLY ACCESS REVIEW I like that you keep adding content  never letting this game die 
HAVENDOCK,Posted  April    Product received for free  EARLY ACCESS REVIEW Walkthrough   YouTube  Video  Havendock Full Gameplay Walkthrough Part        Imagine the Sims game but on a tiny Piece of rock in the middle of ocean  except all that flirting and love making   Its very relaxing and easy to play   nothing too complex    Rating          Great Game  
HAVENDOCK,Posted  June    EARLY ACCESS REVIEW I beat the whole game  as it is as of          and it was a blast  I spent about    hours from start to finish just changing things around to fit various needs and discovering I royally screwed myself out of another task so then I would reorient and it always had a level of challenge that was relaxing but still prevalent  Discovering all the new things you could do over and over again was the best part and I m excited to see what they add in the future updates because they left a LOT of extra room for content        Highly Recommend  and I don t usually like these games 
HAVENDOCK,Posted  April    EARLY ACCESS REVIEW A unique and cute little indie game  haven t encountered any bugs  in    hours I only had   graphical glitches that were easily fixed with a save   reload  The game allows you to build up a little settlement  lots of farming and micromanagement somewhat like stardew valley or animal crossing  Early access status shows but only in minor ways  like unfinished text  the core game play is all there and I feel I got my money s worth  I can t wait to see how it develops over time  the creator seems dedicated to updating the game and making it a special experience  I got a little tired of micromanaging my settlement after a long period of time but it was probably my own fault for not assigning each person to specific priorities 
HAVENDOCK,Posted  June   EARLY ACCESS REVIEW love it fun lots too do
HAVENDOCK,Posted  April    EARLY ACCESS REVIEW If Raft and Factorio had a baby
HAVENDOCK,Posted  September   EARLY ACCESS REVIEW Good game  addictive game loop Needs steam saves  and there is no invert mouse option 
HAVENDOCK,Posted  September   EARLY ACCESS REVIEW Fun and cute game to play  Reminds me of raft a bit  but cuter and lots more stuff to do  Even tho there are some bugs and even tho it says single player  you can do multiplayer  its just buggy but work aroundable at least  Hope they will update soon to fix some of those 
HAVENDOCK,Posted  May    EARLY ACCESS REVIEW Fun game  Took about   hours to beat or so bear that in mind  I did enjoy my time playing but it was too short  I try to target   hour per    spent  In this case  it was like   bucks an hour  I think the game needs more depth or a lower price point   I do recommend it for people who like Dredge or the Sims 
HAVENDOCK,Posted  April    EARLY ACCESS REVIEW Such a cozy easy to play game  Cute humor and lots to do  I love this game 
HAVENDOCK,Posted  September   EARLY ACCESS REVIEW Really enjoyable game  Still learning though but I m really enjoying it 
HAVENDOCK,Posted  October   EARLY ACCESS REVIEW Unfortunately the game is very poorly optimised      ti overclocked  I      k overclocked  custom liquid cooling and I can t run this on max settings  I thought  ok  It s early days  I ll just turn the settings down for now until they update it and optimise it a bit better  Dropped ALL settings to off and lowered it from     x     to     p and had NO difference in frame rate  Was sitting at      frames no matter what  I really wanted to play this but I ll just have to get a refund and try again some other time when I hear some feedback about optimisation 
HAVENDOCK,Posted  April    EARLY ACCESS REVIEW Thumbs up if you are ok playing EA games   Pretty solid so far for single player  The MP has issues  but there s plenty of warning to that effect   If you re interested in survival management games this is a solid entry so far  There s a less automation than in games like Factorio   you re still going to be doing plenty on your own  The world is charming  it has decent sound music design  and the gameplay loops have been fun in my first few hours  There s also a fairly long tech tree to work through and plenty of implied complexity   My current wishlist  beyond MP fixes  would be more charts  I want to be able to better see if I m producing enough food  etc  for my inhabitants 
HAVENDOCK,Posted  May   Product received for free  EARLY ACCESS REVIEW At first blush  this is a really lovely sandbox game  I saw it had been compared to Raft  which was what peaked my interest  and there are definitely aspects of the game that align with Raft  like pulling ranged materials out of the water as they drift by and building a foundation on which to craft and live  It s much calmer though  given there s no shark  nothing against Bruce  and it s far more about the building and organization  and reaching new areas to unlock new resources  It s also from a more isometric viewpoint  which is pretty cool  As with any early access game  there are spots to polish up and I have a lot more to explore and do in the game  yay    but Havendock has massive potential and I m very excited to see how it develops 
HAVENDOCK,Posted  September   EARLY ACCESS REVIEW relaxing town builder
HAVENDOCK,Posted  August    EARLY ACCESS REVIEW A soothing building game with a sense of adventure and a very quirky sense of humor  I love it 
HAVENDOCK,Posted  June    EARLY ACCESS REVIEW DUDE this game is awesome  Yeah sure it has similar mechanics to other survival sim like games but this has its own charm and I am absolutely hooked to the point where I am ACTUALLY leaving a review for once in my life 
HAVENDOCK,Posted  April    EARLY ACCESS REVIEW Gaming Crack Cocaine That is literally the only way I can describe this game  I have exams in   weeks  This game will not be played again until afterwards because I will assuredly fail  Most addictive game I ve played in a long time and I m a pretty seasoned gamer  Didn t think I was still susceptible to total addiction  but there ya go 
HAVENDOCK,Posted  October    EARLY ACCESS REVIEW I found this game to be rather lackluster and unoriginal  It fails to deliver a sense of urgency or engagement commonly associated with survival themed games  leaving me with a sense that it s unfinished  I m optimistic that future updates will make the game more challenging and enjoyable 
HAVENDOCK,Posted  April    EARLY ACCESS REVIEW i am not addicted  you are
HAVENDOCK,Posted  May    EARLY ACCESS REVIEW It s ok  it s a lot like raft  A very tedious farming game
HAVENDOCK,Posted  July    EARLY ACCESS REVIEW Very fun game  Much more enjoyable than the triple A games that have been releasing these last couple of years 
HAVENDOCK,Posted  May   EARLY ACCESS REVIEW LOOKING FORWARD TO THE NEW UPDATES
HAVENDOCK,Posted  June    EARLY ACCESS REVIEW Calm and relaxing  very fun 
HAVENDOCK,Posted  October   EARLY ACCESS REVIEW Addictive and fun  Very much looking forward to story updates though 
HAVENDOCK,Posted  April    EARLY ACCESS REVIEW I am a Sugarcane Farmer now       
HAVENDOCK,Posted  April    EARLY ACCESS REVIEW This game definitely has some potential  Its pretty laid back and chill  I d recommend on sale 
HAVENDOCK,Posted  April    EARLY ACCESS REVIEW Deceptively simple but surprisingly deep  There s a point mid way through the tech tree where the entire game area changes  Probably has a little more in common with Anno than  say  Rimworld  but with echoes of Raft and other  build at sea  titles  Relatively polished for EA  too  A relaxing timesuck 
HAVENDOCK,Posted  April    EARLY ACCESS REVIEW Hello developersss Just wanna say thank you for this game  its now like a second home to me and my sister haha Tried demo at first cos I thought it looked aesthetic but in the end I played for   days straight hahhaha Before long  I was told that the full version would be coming out soon  O My sister and I bought is as soon as it came out hahaha For the full version  I just continued from where I left off but I still played for   days straight  at least     Both my sisters and I have never been so addicted to a game before  we are still far from finishing it  Would like to say thanks for your efforts and creativity    Keep up the good work   
HAVENDOCK,Posted  August   EARLY ACCESS REVIEW penguin poop
HAVENDOCK,Posted  April    EARLY ACCESS REVIEW If Raft and Rimworld made a baby
HAVENDOCK,Posted  May    EARLY ACCESS REVIEW Chill thing
HAVENDOCK,Posted  August    EARLY ACCESS REVIEW Addictive little strategy game
HAVENDOCK,Posted  April    EARLY ACCESS REVIEW HAVENDOCK IS SWEEEET
HAVENDOCK,Posted  April    EARLY ACCESS REVIEW good
HAVENDOCK,Posted  October   EARLY ACCESS REVIEW Fun little game   
HAVENDOCK,Posted  October   EARLY ACCESS REVIEW Really enjoy this game
HAVENDOCK,Posted  July    Product received for free  EARLY ACCESS REVIEW Pretty cool I guess 
HAVENDOCK,Posted  June    EARLY ACCESS REVIEW I love how the game is like Raft but better  It feels like it has the creative free world side where you can do what you want in the order you want to do it in or follow along a story  I know it is in an early release and hope they will fix all the bugs and crashing 
HAVENDOCK,Posted  May   EARLY ACCESS REVIEW it looks nice and it really easy to just get lost in the game then play for hours
HAVENDOCK,Posted  May   EARLY ACCESS REVIEW clone p olrtde   drgfsv
HAVENDOCK,Posted  September   EARLY ACCESS REVIEW Crashing    Unity   surprise surprise 
HAVENDOCK,Posted  June    EARLY ACCESS REVIEW Sims   meets Minecraft  Amazing game all round 
HAVENDOCK,Posted  October    EARLY ACCESS REVIEW key binding needs work before review is changed shift key non rebindable and had a bug were shift key did two things at once
HAVENDOCK,Posted  April    EARLY ACCESS REVIEW Can t wait for future updates  Played the demo and was Instantly hooked  Can t believe this game released so cheap  Was expecting a higher price 
HAVENDOCK,Posted  April    EARLY ACCESS REVIEW I ve only been playing for an hour  but this is going into my favorites list immediately  Having tried Raft several times and liking the theme  but not the actual gameplay so much  This pretty much takes what I didn t like about Raft and makes it enjoyable  After playing the demo for about    minutes I realized this was a game I d definitely enjoy   I m sure I ll find out as I play on that it s not perfect  but it s a darn good start  Thanks Devs 
HAVENDOCK,Posted  June   EARLY ACCESS REVIEW It s a bunch or running around and grabbing stuff  Okay for the first couple hours but boring after that  There s also no controller support at all   Also some things just don t make sense  You give people houses but they only sleep on outside sleep stations and even the medical bed goes outside  Not a very well designed game 
HAVENDOCK,Posted  July   EARLY ACCESS REVIEW In it s current form i can t really recommend this game  it s got great potential and i ll come back after future updates  I ve played lots of similar games and enjoy the genre but this needs a serious balance pass  let s start with getting basic materials such as sand to make glass  my settlers all seem to break their legs constantly while doing that  now that doesn t really make sense to me  maybe if they were diving into a shipwreck for steel it would  Next food  it seems even though i have a whole massive area full of growing veg and plant steaks etc that my settlers are too stupid and unhappy to take said food and feed themselves through one of the many cooking stations etc  Water works well but charcoal which is simpler doesn t  i can t seem to get my settlers to actually harvest wood and turn it into charcoal  or even take wood from the container next to the fire to make it   Overall it s still fun but really frustrating currently 
HAVENDOCK,Posted  May   Product received for free  EARLY ACCESS REVIEW An incredibly fun and enjoyable colony sim  with very raft like influences   It moves fast and feels good  though the balance of colonists vs needs can feel like a bit of a hassle  it may simply be user error on my end 
HAVENDOCK,Posted  October   EARLY ACCESS REVIEW Don t buy this game  you will lose sleep  It s incredibly addicting and so charming 
HAVENDOCK,Posted  July   EARLY ACCESS REVIEW The game is to difficult for a lazy player like me to play  Ima go watch someone play it instead Refund time
HAVENDOCK,Posted  June    EARLY ACCESS REVIEW  
HAVENDOCK,Posted  June    EARLY ACCESS REVIEW                                                         
HAVENDOCK,Posted  June    EARLY ACCESS REVIEW GG
HAVENDOCK,Posted  August    Product received for free  EARLY ACCESS REVIEW Addictive and worth the money 
HAVENDOCK,Posted  April    EARLY ACCESS REVIEW      hours in and it very quickly became my new favorite  I cannot believe this is Early Access  I  personally  have not had a single glitch so far  I am anxiously awaiting new content but it doesn t stop me from playing every day for hours  Highly recommended 
HAVENDOCK,Posted  May   EARLY ACCESS REVIEW I think it s a fun game everyone will enjoy        Graphics        You forget what reality is   Beautiful   Good   Decent   Bad   Don t look too long at it   MS DOS       Gameplay        Very good   Good   It s just gameplay   Mehh   Watch paint dry instead   Just don t       Audio        Eargasm   Very good   Good   Not too bad   Bad   I m now deaf       Audience        Kids   Teens   Adults   Grandma       PC Requirements        Check if you can run paint   Potato   Decent   Fast   Rich boi   Ask NASA if they have a spare computer       Difficulty        Just press  W    Easy   Easy to learn   Hard to master   Significant brain usage   Difficult   Dark Souls       Grind        Nothing to grind   Only if u care about leaderboards ranks   Isn t necessary to progress   Average grind level   Too much grind   You ll need a second life for grinding       Story        No Story   Some lore   Average   Good   Lovely   It ll replace your life       Game Time        Long enough for a cup of coffee   Short   Average   Long   To infinity and beyond       Price        It s free    Worth the price   If it s on sale   If u have some spare money left   Not recommended   You could also just burn your money       Bugs        Never heard of   Minor bugs   Can get annoying   ARK  Survival Evolved   The game itself is a big terrarium for bugs                                                           
HAVENDOCK,Posted  May    EARLY ACCESS REVIEW There are some technical problems you need to fix such as bugs and laggy performance when the high quality is enabled   I hope the developers of this game will fix the issues 
HAVENDOCK,Posted  August    EARLY ACCESS REVIEW Good game  I can t reccomend this until they add controller support  Movement by ASDW keys on keyboard is just too annoying  Either that or point on a place to go click on mouse and the character goes there  AWSD key movement sucks   Please add controllers
HAVENDOCK,Posted  June    Product received for free  EARLY ACCESS REVIEW GOOD GAME
HAVENDOCK,Posted  April    EARLY ACCESS REVIEW I played for the first time tonight and   hours later  I came to write a positive review 
HAVENDOCK,Posted     April EARLY ACCESS REVIEW        노가다 동선 수정   연구   동선수정     연구   동선 수정   연구
HAVENDOCK,Posted     May EARLY ACCESS REVIEW  시간 정도 했는데 이 정도면 다 즐긴 것 같다    는 생각이 들었다 물론 아직 해금 안 한게 있긴 한데 엄청 궁금하진 않음 근데 키자마자  시간 정도 내리 함
HAVENDOCK,Posted     August EARLY ACCESS REVIEW 짧은 시간 취향에 맞아서 재미있게 했습니다              기준      시간 정도의 플레이 타임을 가지고 있으며  추후 업데이트 되면 추가로 플레이 해보겠습니다 
HAVENDOCK,Posted     April EARLY ACCESS REVIEW 안녕하세요   Havendock 은 첫 출시 및 이후    주 까지만 커뮤니티 번역에 참여하였으며  이후 내용은 개발사 현지화 담당자에 의해 진행되고 있습니다   Havendock 게임은 바다 위에 자신만의 마을을 만들어 나가며 운영해 나갈 수 있습니다  게임을 플레이하는 시간 즐거운 시간 되시기를 바라겠습니다 
HAVENDOCK,Posted     April EARLY ACCESS REVIEW 한글 미지원이라 쓰여있지만 정식으로 지원중입니다  게임은 고정형 래프트에 친구대신 npc라고 보시면 되겠습니다  파도타고 떠내려오는 폐지 주우면서 거주지를 확장하고  부랑자들을 마을주민으로 들이고 또 확장하고 폐지줍고 테크 올리고의 반복입니다  의외로 생존요소인 허기와 갈증이 있고  기후 이벤트로 건축물에 번개가 떨어져 불이 나는 등 다양한 이벤트가 있습니다  거주민들 또한 허기와 갈증을 충족시켜줘야 합니다  행복도는 덤입니다  건축물은 위로 쌓을 수 있게끔 되어 있어 바다 위에 영국식 집을 지을 수 있습니다  멀티는 친구가 없어서 못해봤지만 솔플도 충분히 재밌네요 
HAVENDOCK,Posted     April EARLY ACCESS REVIEW 일단 저처럼 뭔가를 운영하고 개척하는 걸 좋아하신다면 추천합니다  나름대로 꾸미는 맛도 있고 발전이 너무 더디지 않아요  한글화도 잘 되어있어요   다만 아쉽고 개선 바라는 점을 적자면    보관함 아이콘들이 너무 찾기 힘들어요  보관함에 아직 해금되지 않은 물건들 이미지까지 떠서 제가 원하는 품목을 찾기에 오래걸리고 어지럽습니다  차라리 인벤토리에 있는걸 눌러서 등록시킬수 있게 해주시는게 더 편할 것 같아요    주민들에게 일시키는 것 설정이 좀 어려워요  일자리를 지정해놓았더니 딴짓을 한다던가 농작물 수확을 안하고 방치한다던가    대기 주민을 두어도 비슷해요  결국 제가 다 수확하고 넣고       그리고 주민설정 창 인터페이스가 좀 조잡하고 정리되지 않은 느낌이 듭니다  이 부분은 저도 좀 더 플레이 하면서 연구해 보아야 겠어요      거래 npc들 품목이 적고 너무 비쌈 일부 발전을 위해 필수적으로 구입하는 품목들 빼고는 거의 거래할 이유가 거의 없어보여요    거기다 포류한 설정 아닌가요  세금은 왜 이리 비싸게 때나요    누구한테 주는 세금이죠  친밀도 올릴려고 거래가격 더 쳐줘야하는데 세금때문에 엄두가 안나요   아직은 얼리엑세스 게임인지라 볼륨이 작지만 꾸려가는 재미는 있습니다  더욱 발전되고 업데이트가 되길 기다릴게요 
HAVENDOCK,Posted     April EARLY ACCESS REVIEW 잔잔한 자원수집형 힐링 게임   한글 번역률 대략       정도   래프트와 비슷한 부분도 꽤 있지만 최종적으론 대부분의 자원을 자급자족하는 방식   엔딩은 나와있으나 아직 열리지 않은 부분이 꽤 있습니다   지금도 엔딩가능   강추까진 아니지만 취향만 맞다면 비추박을 정도는 아닙니다     현재 가장 아쉬운 점   스포있음   나뭇잎이 나무 재배로 수급되지 않아 눈에 불을 켜고 주워야 함   다른 자원은 대부분 자급자족이 되는데 왜 나뭇잎만 그게 안되는지 의문    dock을 건설할 수 있는 공간이 제한적이지만 꽤 넓은데  월드 설정에서 더 넓힐 수도 있음  방문 상인과 잠수함 위치때문에 넓은 곳으로 옮기고 싶어도 옮길 수가 없음   주민들 자원 운반을 위한 동선 정리가 너무 어려움  우선순위를 정할 수는 있지만 이건 꾸준히 자원 상황 봐가면서 계속 수정해줘야 함     잠수함을 만들어 수중을 오픈하면 주민들이 이유없이 수중에서 올라오지 못하고 쓰러져 있는 경우가 자주 발생함   앵무새집을 철거하면 앵무새가 사라지지 않고 집을 잃은채로 따라다니는데 새로 집을 지어도 집에 들어가는게 아니라 새로운 앵무새가 생겨서 기존 앵무새들은 계속 집없다고 알림띄우면서 유저를 따라다님     저런 단점들이 있지만 아직 얼엑이니 어느정도 수정이 있을꺼라고 감안하고 추천합니다 
HAVENDOCK,Posted     May EARLY ACCESS REVIEW 데모버전을 플레이 하는순간 아 이게임은 내 게임이구나를 느꼈습니다  처음엔 래프트  산소미포함  뭐 별걸 다 섞어놨네 하는 느낌도 있었지만 사실 재밌으면 그만이죠  얼엑임에도 불구하고 꽤나 많은 컨텐츠에 살짝은 놀랐습니다  엔딩보는데는  시간정도 걸린 것 같습니다   물론 엔딩을 보지않고 계속 플레이가 가능함  앞으로의 업데이트들도 기대됩니다   자원 모으기  기지건설류의 게임을 좋아하신다면 추천 
HAVENDOCK,Posted     September EARLY ACCESS REVIEW   시간 정도 플레이하면 웬만한거 다 끝냄 이것저것 바쁘게 하는데 난이도도 쉬운편이고 혼자 무언갈 개척하는거 좋아하는 사람이면 재밌게 할거같음 그래픽 못생긴거 떠나서 오히려 이게 단순해서 아기자기하고 귀여웠던거같음 못생긴 내 캐릭     섬이 처음엔 너무 넓은거 같으면서도 나중가면 이것마저 좁게 느껴짐    아직 데모에서 안넘어온 시스템도 있고 차근차근 새로운것도 업데이트 해주는거같아서 한번씩 할만할거같음 대신 데모에서 안넘어온 카우아일랜드 가축 시스템중 쥐 집이 제작은 가능한데 연구에는 데모버전에서만 가능하다 적혀있어서 이부분에 대해선 설명이 좀 불친절 하달까    해외 유튜브 찾아보다 겨우 알아냄   낚시마을에있는 주민이 토대 넘어오고 본섬으로 못넘어가는 버그도 고쳐줬음 좋겠슴
HAVENDOCK,Posted    August EARLY ACCESS REVIEW 너무 재밌음 옆집 바다 표류게임이 유토피아를 찾아가는 거라면 이건 유토피아를 만드는 게임 멀티 지원은 하나 버그가 너어어어어무 많음 처음 같이할 땐 문제 없다가  끄고 다시 불러왔을 때 호스트 외 사람이 버그가 씨게 걸림 버그 감수할만큼 너무너무너무 재밌는데 버그때문에 눈물 줄줄임 다른 버그는 다 괜찮은데 재접했을 때 생기는 아이템 안 넣어지는 버그만 어떻게 되면 할만할듯 근데 왜 자꾸 클라이언트 문제로 튕길까 이유를 모르겠네
HAVENDOCK,Posted  June   EARLY ACCESS REVIEW 진짜 너무 재밌고 귀여운데 게임이 아직 정리가 안된느낌   그래도 꿀잼    특히 애들 춤출때 진짜     졸귀
HAVENDOCK,Posted  May   EARLY ACCESS REVIEW 음 저는 모든재료를 제 노력으로 수급할수있음좋은데 어느단계가니깐 상인들과 트레이드를 통한 수급이아니면 구할수가없는 물건들이 있더라구요 얼리액세스이기도하니 이런점들은 좀 보완해주셨음 좋겠어요    물건바꾸는거말고는 할께없어서
HAVENDOCK,Posted  May    EARLY ACCESS REVIEW 멀티 진짜   씹병신
HAVENDOCK,Posted  April    EARLY ACCESS REVIEW 캐쥬얼한 타이쿤 형식 게임  별다른 어려운 조작도 없고  그냥 생각없이 반복 노동하는 힐링류  빠르면   시간이면 엔딩을 볼 수 있다 
HAVENDOCK,Posted  April    EARLY ACCESS REVIEW   
HAVENDOCK,Posted  April    EARLY ACCESS REVIEW 처음에는 좀 쌈마이한데 하다보면 감성 터집니다   
HAVENDOCK,Posted  October    EARLY ACCESS REVIEW 갓겜
HAVENDOCK,Posted  October    EARLY ACCESS REVIEW 걸리면 처음부터 다시 시작해야하는 버그가 너무 많다 
HAVENDOCK,Posted  April    EARLY ACCESS REVIEW 가벼운 그래픽과 가볍게 즐길 수 있는 타이쿤 식의 육성이 합쳐서 즐겁습니다  친구와 함께하면 배로 즐거워질 것이라 생각합니다   그래서 카페를 만들었습니다  https   cafe naver com noofhavendock 가보자구
HAVENDOCK,Posted  October    EARLY ACCESS REVIEW 평가수정   우선 래프트와 비교하자면 래프트에 손을 들어 주고싶다     쓰레기같은 자동화   업글 후  칸 처리가능한 크레인 설치 가능하나 속도가 느리다 보니  크레인         생산건물등  정도 처리가능 산미 새팩  기타 자동화 가능한 게임을 하는 나로선 어처구니가 없다     백날 일꾼들 받아봐야 본섬에서만 바글바글함 낚시섬제외  진짜 소는 누가 키우냐   그리고 우선순위는 산미만한게 없는거 같다  크레인 설치제한 없으면 그나마 할만 하겠다 
HAVENDOCK,Posted  October    EARLY ACCESS REVIEW 난이도가 어렵진 않지만 흥미롭게 즐길수있어서 좋아요
HAVENDOCK,Posted  October    EARLY ACCESS REVIEW 타이 하오 완라     워 애 샤오웨그       
HAVENDOCK,Posted  October    EARLY ACCESS REVIEW 시키는 것만 너무 잘해서 힘든친구들   자영업 사장님의 마인드로 오늘도 일을 배정해준다
HAVENDOCK,Posted  August    EARLY ACCESS REVIEW 멀티플레이 기준 개발자가 경고해둔 대로 진행이 불가능할 정도로 버그가 심함  버그가 없는 싱글 플레이는 겜 끄면 생각나는 중독성 있는 갓겜
HAVENDOCK,Posted  August    EARLY ACCESS REVIEW 맵이 하나만 있는게 아쉽
HAVENDOCK,Posted  July    EARLY ACCESS REVIEW 멀티 서버 버그로 좃망할꺼 감안하고 플레이 했지만 튕김이전에는 이정도 버그쯤이야 생각했지만 한번 튕긴후 온갖 렉 과 버그 가 난무해지는 게임 멀티로 할꺼면    
HAVENDOCK,Posted  July    EARLY ACCESS REVIEW 사서 그림도 좋고  재밌게 잘했는데  멀티플레이어일때 렉이 너무 심해요   제한도 많이 생기고  얼른 개선이 필요해요 
HAVENDOCK,Posted  August    EARLY ACCESS REVIEW 게임 자체는 재미있는데 정착민 AI가 많이 허접해서 행복도랑 배고픔을 채워놔도 작업할당한걸 잘 안합니다  나중에 크레인이랑 봇 사용 가능해지면 정착민은 일부 쓸만한 스킬 가진애들 빼면 식량만 축내는 식충이가 되요  봇 최대치가 정착민수를 못넘는거만 아니었으면 다 추방했을텐데 추방시키는데 템쥐어줘야해서 그것도 아까운수준    자동화 시스템이 있지만 수동으로 자주 체크해야할게 많아서 솔직히 엔딩보면 더는 안할거 같네요 
HAVENDOCK,Posted  August   EARLY ACCESS REVIEW 친구랑 둘이 멀티로 했는데 재밌음  새 기물을 연구하거나  설치된 기물을 업그레이드 하는 그 빌드업들이 꽤 잘짜여진 것 같음  시간이 진짜 잘감  사소하게 발생하는 이벤트로 친구랑 스몰토크 하며 웃기도 좋음       일정시간마다 상인들이 배타고 우리 거점에 놀러오는데  이새끼들 노빠꾸임 판매목록 열어놓고 뭘살까 고민하고있으면 지 할당시간 지났는지 그냥 휭 가버림                빨리 사야함     멀티모드는 애초에 툴팁에서부터 아직 개발단계라 버그가 많다는 느낌을 잔뜩 흘림  버그가 있어봤자 얼마나 있겠나 싶었는데             굉장히 많음       몇개는 그냥 재접이나 삭제후 재설치 등으로 좀 노가다하며 파훼했는데 가끔 어디 저     멀리 구석탱이에 박힌 시간선을 들고와서 세이브파일이랍시고 불러와지는데 개빢침 근데 어이가 없는게            멀티방을 만든 호스트는 정상파일로 불러와지고  게스트로 참여한 사람만 이상한 시간이 불러와짐                씨발  근데 존나재 씀  제발 멀티좀 어케 해조  
HAVENDOCK,Posted  July    EARLY ACCESS REVIEW 펀가놈 하는거 보고 재밌어보여서 샀는데 산지  분도 안된것 같은데    분 지났다    래프트 마인크래프트 스타듀밸리   내가 좋아하는거 섞어 놓은 느낌이었다  아직 많이 이것저것 시도 못해봤는데  잠수도 가능하다면    데이브 더 다이버 까지 추가하겠다  진행하는 앞으로가 더 기대되는 게임이다 
HAVENDOCK,Posted  July   EARLY ACCESS REVIEW 이 게임에서 메인화면으로 가는 버튼은 없나요   잘못 들어가면 항상 꺼야 하는걸까요 
HAVENDOCK,Posted  July   EARLY ACCESS REVIEW 재밌어여
HAVENDOCK,Posted  July   EARLY ACCESS REVIEW 굿 나중엔 컨텐츠 없을듯
HAVENDOCK,Posted  June    EARLY ACCESS REVIEW 오염도 도대체 어케없앰         누가좀알려줘     으헝 오염도 천넘어서 작물이자라지않긔
HAVENDOCK,Posted  June    EARLY ACCESS REVIEW 재미있어요
HAVENDOCK,Posted  June    EARLY ACCESS REVIEW 전 아주 재밌게 했에여    할일이 많고 빡세다고 느낄때도 있지만    업데이트 기다리는중
HAVENDOCK,Posted  June   EARLY ACCESS REVIEW 노가다가 많이 줄어든 생활형 게임 재미있네요 아직 게발중인 게임으로 더 많은 컨텐츠가 생겼으면 좋겠습니다 
HAVENDOCK,Posted  June   EARLY ACCESS REVIEW 재밋슴
HAVENDOCK,Posted  July    EARLY ACCESS REVIEW 재미있어요  데모 해보고 바로 샀어요  가성비 굿  프로스트 펑크 좋아했던 사람이라 엔딩 보고도 새로 파서 다시 해보는중    경영 시뮬레이션 좋아하는분들 추천 힐링 가능  나온 컨텐츠에 비해서 원활하게 전부 굴리기엔 땅이 좁아요  미관상으로도 예쁘게 효율적으로 하기엔 공간이 부족한편    아직 게임을 덜해봐서 하다보면 나아지겠지 싶긴한데 굳이 아쉬운 부분 꼽자면 하고 쓴 것   요약   앞으로 개발이 기대되는 게임  겜퀄에 비해서 저렴한 가격에 힐링해서 좋았음  시간 순삭 추 
HAVENDOCK,Posted  July   EARLY ACCESS REVIEW 한줄평  좀 더 지켜봐야 할듯  개요  꽤 재밌지만 플레이 하다보면 아쉬운 게 많은 본격 경영 raft 게임  컨텐츠 추가는 좋지만 아직까지 뒤죽박죽이라 초반이던  후반이던 너무 시간낭비적인 동선을 요구함  장점     동물이 귀여움 동물들 또한 주요 일꾼으로  씨앗 심기  물건 옮기기  수집 등 다양한 일거리를 자동으로 처리해줘서 유능함     반 자동화 가능 로봇  일꾼 지정 등 다양한 방법으로 손가락 빨면서 발전해가는 마을 구경 가능     다양한 컨텐츠 어부 마을  카우 아일랜드  심해 등 다양한 발전 거리가 있음  단점     뒤죽박죽 컨텐츠 이게 엄청 심한데  배는 초반에 만들 수 있지만 내부 컨텐츠는 유기적으로 맞물려있기 때문에 사실상 한쪽이 안정화되어야 다른 쪽을 편안하게 개발할 수 있음  그런데 예를 들어 어부 마을의 식량 겸 수분 보충할 수 있는 어부의 술을 만드려면 술  개가 필요한데  이건 본진에서 밀  사탕수수  제분소  유리  스쿠버 스테이션 등 다양한 자원이 안정화 되어야만 기호품인 술을 만들 수 있음  또한  디저트 가판대는 초중반 즈음에 풀리나  우유는 후반 카우 아일랜드를 가야만 공급할 수 있어 너무 불편함     띨빡구 같은 사람   로봇   동물 AI가 굉장히 열받는데  우선순위 지정이던 물품 지정이던으로 어느정도 커버는 할 수 있음  그러나 나중에 새 둥지를 지을 수 있는데 개 쓸모없는 것들만 왔다갔다 하는 진풍경을 볼 수 있음  이건 추후 업데이트로 늘어나길 바람      이해할 수 없는 이동 속도 나중에 가면 섬이 커지고  다른 섬도 이동해야 하는데 아니 존나게 쳐 느리고  이동 동선이 한정적이라 답답함   팁     오염도는 연구에서  원유 개발  을 마친 뒤  심해에서 여과 장치를 통해 줄일 수 있다  그러나 요구되는 게 포자와 물인만큼 포자를 수급할 수 있는 양식장이 바탕이 되어야 함     카우 아일랜드  밧줄과 갈고리 걸로 올라가는 땅  와 어부 마을에서는 데크를 설치하여 땅을 넓힐 수 있음  그러나 각 땅에서 취급하지 않는 것들이 있는데  예를 들어 어부 마을에서는 담수를 통해 수분을 보충하지 않으므로 무조건 어부의 술통을 만들어 놓고 사람들 모집해야 함     음식이 부족하면 생고기   숯 조합으로 나오는 조리된 고기로 배를 채우게 하는 것이 좋으며  그릴에 사람을 담당하는 방법은 사람의 우선순위에 그릴   간식대   숯가마 만 허용하면 됨     거래 물품 중 초반을 담당하는 건 생고기  중반을 담당하는 건 물약  중후반 넘어오면서 젖은 미역 싹 팔아버리면 편하게 거래 가능  나중에는 모터나 회로 등 고가품이 넘치므로 원하는 걸 사팔하면 됨
HAVENDOCK,Posted  May    Product received for free  EARLY ACCESS REVIEW ss
HAVENDOCK,Posted  May    EARLY ACCESS REVIEW 게임 재밌고 좋은데  제발 최적화랑 버그문제 좀   
HAVENDOCK,Posted  May    EARLY ACCESS REVIEW 펭귄 왜 안오냐고
HAVENDOCK,Posted  May    EARLY ACCESS REVIEW 게임 재미나게 했습니다  마을 주민들이 조금 바보 같지만 즐거웠네요 
HAVENDOCK,Posted  May    EARLY ACCESS REVIEW 아직까지 미완성이긴한대 게임은 상당이 재미있었습니다  빨리 완성됐으면 좋겠어요
HAVENDOCK,Posted  May    EARLY ACCESS REVIEW 아기자기하고 재밌어요  다만 멀티플레이는 버그가 넘많아서 아쉬움   
HAVENDOCK,Posted  May    EARLY ACCESS REVIEW 잼있음
HAVENDOCK,Posted  May   EARLY ACCESS REVIEW 편하게 아무 생각 없이 게임 하고 싶을때 하면 좋아요  물론 빡겜 하지 않는다면요  그런데 어느 순간 그러고 있는 제가 있었답니다        
HAVENDOCK,Posted  May   EARLY ACCESS REVIEW 엔딩까지 대략   시간 좀 안되게 걸리네요 이런류 좋아하시면 집중해서 하기 좋고 엔딩의 노래가 좋습니다 렛츠 재즈 
