title,review
REMORE  INFESTED KINGDOM,Posted     October EARLY ACCESS REVIEW Early impression so far  it s alright  I thought I brought a loot extraction low fantasy squad tactic role playing game and this is not really what the game is about  It is a low fantasy trpg  but more story driven and with survival element   The core of the game  the combat is okay  The strategy part and the difficulty are fine  but there are a few mechanics that irritated me  The counter mechanic hindered me more than it helped  the throw stone doesn t have enough range so you get swarmed  there is no way to charge the enemy   or sneak     etc    but the fundamental work fine  It reminds me of battle brother   but with the enemy able to rush you and you can t do anything about it   no   overwatch   attack  nothing      the exploration is fine but a highlight key would be appreciated  I think the   fog of war   is     tiles too close  especially when you try to scout building  a sneak action would be cool    I dislike the survival mechanic  This is not why I bought this game  By Survivor I expected it to be the lore and the setting  but instead  I get to play resource management stuff  like food for my guys  that s just fluff that distracts you from the core of the game  I don t like it  Maybe some will do but that is not my cup of tea   the character meta progression is pretty basic  each level up is a tier that you choose between   abilities  I don t know if this is class based  or character based  Probably gets the job done  I m not far enough to judge  but it doesn t seem deep   Option wise the game is lacking  No frame cap made my PC overheat  But this is the first day of early access so they will add this feature soon right  otherwise  I won t be able to play until they add a cap  I m playing on a laptop and heat is an issue   so   do I recommend the game  I strongly recommend that you watch a Let s Play first because I don t think any of the trailer shows how the game truly is  I thought I could create my survivor and like explore procedural dungeons zones and just try to extract what I get     Instead I got   story dude to babysit and feed  and if one of them dies I get a game over lol   just know what you are getting into  While this is not what I expected and will likely refund  I still recommend the game for what it is 
REMORE  INFESTED KINGDOM,Posted     October EARLY ACCESS REVIEW Ending hour     wait verison
REMORE  INFESTED KINGDOM,Posted    November EARLY ACCESS REVIEW lack of contents  but it is expectant
REMORE  INFESTED KINGDOM,Posted    November EARLY ACCESS REVIEW Changed my review to negative because the game is a glorified puzzle game with the player being forced to use a hook to move characters and enemies around  using crates to block off enemies  sneaking AROUND IN A TURN BASED GAME and having weapon durability that can t kill even     of enemies before you are forced to change the weapon  This is not fun gaming  it s a spread sheet with animations  Good game  you basically lead a small band of soldiers from a safe house trying to get more supplies food and blacksmith stuff   The enemies are quite dangerous and your soldiers have armor that regenerates every mission but weapons have durability that needs to be repaired   Overall  the story is a grim dark one and the atmosphere is fun  the turn based combat has a few new mechanics like using tactical points to either move or damage enemies  There is a nice variety of equipment and you can level up  WARNING  missions are on a hidden timer  after a few rounds enemies will start spawning from behind and search for you  Might be a deal breaker since people don t play turn based games to get rushed   Sadly  being early access   many things don t feel balanced or finished so i hope they fix them
REMORE  INFESTED KINGDOM,Posted     October EARLY ACCESS REVIEW very cool game  combat feels good  abilitys are great  and the scavanging systems not bad  add a randomly generated map  and levels  and unit recruitment and then we would loveeeee it  literally copy the battle bros template
REMORE  INFESTED KINGDOM,Posted    November EARLY ACCESS REVIEW its alright
REMORE  INFESTED KINGDOM,Posted     October EARLY ACCESS REVIEW Remore Infested Kingdom has the makings of a pretty solid turn based tactical rpg set in a medieval apocalypse   Though just out on early access it s got an acceptable price tag and solid gameplay   The skill trees are kind of short for my taste but hopefully EA expands upon it but so far a few missions in I m really enjoying it so would recommend it even if you wanted to wishlist for more content later  Video Early Access Impressions  
REMORE  INFESTED KINGDOM,Posted    November EARLY ACCESS REVIEW A strong new addition to the turn based combat genre with a grim setting  tough battles and no real safety nets once you encounter enemies   My   minute first impressions video can be seen here  YouTube  Video  NEW Turn Based Survival RPG | Remore  Infested Kingdom 
REMORE  INFESTED KINGDOM,Posted    November Product received for free  EARLY ACCESS REVIEW 얼리 액세스여서 완결된 분량이 아니라는 점을 제외하면  미완성이라고 느껴지는 부분은 딱히 발견하지 못했습니다  튜토리얼이 매우 상세하며 도움말을 통해 언제든지 다시 확인할 수 있고요  정보를 확인하기 편리해야 하는 장르인데  화면 구성도 깔끔해서 시인성이 좋습니다   저는 SRPG를 잘 못하는 플레이어지만 차근차근 해 볼 요량으로 기본 난이도인  고행 으로 짧게 플레이 해 봤습니다  결과적으로는 얼리 액세스 파트도 끝은 커녕 얼마 진행하지 못했을 정도로 생각했던 것보다 더 어렵더라고요  자존심 긁는 설명 문구보다는 숙련도가 있다고 자신했지만  저는 역시 가장 쉬운 난이도로 플레이 했나 싶습니다   제가 어렵게 느낀 부분은 이런 점들입니다  일단 적들에게 수시로 붙잡혀 발이 묶이고 한 마리의 적에게 발각돼도 함성을 듣고 우르르 다가오는 적들에게 포위되는 상황이 빈번하게 일어납니다  아주 빠듯한 회복 수단으로 돌파해 나가야 하며  파티원 중 한 명만 사망해도 실패하게 되고요  잘못 선택한 행동은 무를 수 없으며  체크 포인트를 스스로 지정할 수 없기도 해서 플레이 내내 실수가 용납되지 않는다는 느낌을 강하게 받았습니다   그만큼 하드코어한 난이도를 선호하는 분들에게는 도전적이어서 매력적인 포인트가 될 것 같기도 합니다  다만 저에게는 다음 턴을 예측하기 어려워서 전략을 세우는 것조차 버겁게 느껴지는 순간이 많더라고요  어려운 난이도의 SRPG를 좋아하지 않는 분들에게는 각오가 꽤 필요할 것 같고  쉬운 난이도에서 시스템을 확실히 숙지하는 편을 추천합니다 
REMORE  INFESTED KINGDOM,Posted    November EARLY ACCESS REVIEW 우선 콘솔게임 황무지인 한국에서 이런 훌룡한 퀄리티의 게임을 만들어주신 개발자분들께 매우 감사드립니다    본인은 평소 턴제 게임 안해봄  절망 난이도 클리어     분량은 적으나  얼리엑세스를 감안하면 가격대비 훌룡한 퀄리티라 매우 만족합니다     대부분의 전투는 몬스터가 플레이어를 억까하기 위해 최선을 다하는데 플레이어는 무기 스왑이나 아이템 사용을 통해 극복해나가는 형태의 전투로 진행됩니다     전투는 묘수풀이 형태인데 이전턴 저장이 안되서 조금 아쉽습니다    그리고 체크포인트에 대한 규칙이 명확하지 않음      전투 이전에는 플레이 직관성이 조금 아쉽습니다    플레이어 미발견   플레이어 발견   어그로 전파   어그로 대상에게 접근   전투   인데 어그로 대상에게 접근하는 규칙을 인지하기 좀 어려움  예를들어 소리를 지르면 어떤 순서대로 몬스터가 접근하는지  어떤 경로로 접근하는지 인지하기 힘듦    마지막으로 쉬움 난이도는 확실히 쉬웠으면 좋겠음  본인은 게임이 주는 부정적인 피드백에 강해서 끝까지 클리어 했지만 게임을 쉽게 즐길려고 하는 유저라면  시간 환불런 칠 수 있을듯합니다    대부분의 스테이지가 맛있게 맵다고 느껴지지만  한편 몇몇 스테이지는 맛있게 매운게 아니라 불쾌하고 부조리한 스테이지가 존재합니다    여관 스테이지의 경우 개발사에서 정해뒀던 몬스터 추적 규칙을 싹다 무시하고 한번도 보지 못한 플레이어를 정확한 경로로 추적합니다    이때까지 게임을 학습했던 플레이어 입장에선 굉장히 부조리하다고 느꼈던 예시입니다  아마 묘수풀이를 정확히 알고있는 개발자분들은 쉽게 클리어 가능하겠지만  처음엔 다음 스테이지에서 위로 이동한다고 표시되어 있는데 갑자기 플레이어 방향으로 몸을 틀어서 추격하는걸 보고 경악을 금치 못했습니다     한턴에 무기를 스왑하며 전략적으로 플레이하는 시스템은 굉장히 재미있었습니다     턴제 전투에 갈고리  단검  붕대  바리케이트 등등의 소모품 아이템의 활용도가 굉장히 잘 융합되있어 턴제 전투를 하는데 전혀 지루하지 않고 재미있었습니다    총평 가격대비 매우 만족하며 재미있는 시간이였습니다  다만 출시때는 전체적인 게임의 볼륨이 많이 늘어야 할 것 같습니다   최소 지금의  배정도      후에 추가 될 스테이지  캐릭터  무기  이야기등이 매우 기다려지는 게임이네요 구매하신다면 후회는 안할만한 게임입니다 
REMORE  INFESTED KINGDOM,Posted    November EARLY ACCESS REVIEW 항상 후달리는 운영에 불리하고 어려운 전투를 계속해야해서 스트레스를 받지만 나름 재밌음   지금은 분량이 매우 적음 얼액 초반이라 어쩔 수 없지만 지금 이 정도 분량에       원은 비싼 게 확실함 찍먹해보고 기다릴 생각이라면 추천하지만 부먹 하고싶다면 나중에 사세요 로드맵이나 정보가 없어서 얼마나 오래 기다려야 하는지 또 얼마나 분량이 추가 되는지 대략적으로도 알 수가 없어서 아쉬운 부분   스톤샤드 같은 느낌을 예상했는데 전혀 다름 스톤샤드보단 다키스트 던전에 가까움 스토리 진행   은신처에서 최대한 가성비 찾아가며 재정비   스토리 진행   재정비   쓸 수 있는 자원이 적고 다음 스토리가 어떤 전투 양상을 가져가는지 모르기 때문에 재밌지만 최대한 모든 불리함에 다각도로 대응할 수 있도록 무난한 무장으로 가야 해서 항상 쓰던 무기만 강화하고 수리함 쓰고 싶은 무기를 현재 사용하는 주무장급으로 강화하는 비용도 만만치 않기도 하고 결과적으로 이번 원정에 자원을 많이 쓰면 다음 원정 준비 때 쓸 수 있는 자원이 많이 줄어들기 때문에 항상 원정의 안정성과 효율성 사이에서 많이 고민하게 하는데 이것도 개인적으로 재미 포인트 같음  다회차에는    상황이 중요한 전투니까 이렇게 챙겨가야지 하는 재미가 있을 것 같지만 당장 먹을 밥도 없고 수리하기도 빠듯한 상황이 계속되는 게임이라 이번 전투에 쓰고    번째 진행 뒤에 효율이 좋은 무기를 지금 주 무장으로 사용할 무기 대신 강화하고 수리할 수 있을까 싶음 이 정도면 뭐 거의 나뭇가지 아닌가   싶은 무기도 있고 보이는 대로 상성 없이 줘패는 비대칭전력급 무기도 있기 때문에 무기별 밸런스가 좋다고 말은 못 하겠지만 좋은 무기를 찾았을 때 나도 모르게 무야호  하면서 소리 지름   이 게임은 턴을 몇 번 지나면 뒤에 추격조가 붙는데 이 추격조에 대한 압박이 은근히 상당함 무시할 정도도 아니고 그렇다고 얘 때문에 게임 못 하겠다 싶은 정도는 또 아니라서 나름 밸런스를 잘 맞춘 것 같음 다만 음식이나 재료 하나가 아까운 상황에 추격조의 위협으로 파밍 못하게 되면 피눈물 남   번역은 아주 좋고 스토리를 이해하고 시스템에 적응하는 데 아무런 문제가 없음 근데 저장의 기준을 잘 모르겠는데 가끔 실패해서 리트하고 마지막 체크포인트로 돌아가면 뇌에서 미아핑이 마구 찍힐 때가 있음
REMORE  INFESTED KINGDOM,Posted     October EARLY ACCESS REVIEW 기대 안하고 플레이 했는데 생각 외로 잼있습니다  턴제 게임으로 가져야 할 덕목은 어느정도 갖추었네요   포텐셜 믿고 하루 빨리 정식발매 응원합니다   턴잘알 개발자님들 화이팅 
REMORE  INFESTED KINGDOM,Posted     October EARLY ACCESS REVIEW 한글화 되어있는 한국겜 근데 데모 시절엔 이름이 비포 더 던이었던 것 같은데 어느새 바껴서 뭔가 했다
REMORE  INFESTED KINGDOM,Posted     October EARLY ACCESS REVIEW 이쁜 수녀님 어디갔나요     업데이트 하면 수녀님 오시는거죠  제발     이쁜 수녀님 없는거 빼고는 재미있습니다 이거 진행 방식이 선형 방식일줄은 몰랐는데 선형이네요 플레이 타임 한     시간 짜리 갓겜으로 나와주길   
REMORE  INFESTED KINGDOM,Posted     October EARLY ACCESS REVIEW 상당히 불합리한 요소가 많았습니다  나를 보지 못한 좀비가 드리프트를 해서 저한테 다가오는 건 무엇을 위함입니까  데모에는 없던 좀비 웨이브는 자연스레 오는 게 아닌 저를 죽이기 위해 파견된 좀비처럼 전문적인 움직임을 보여줍니다  또한 수녀님이 사라진 것도 슬픕니다   내구도가 있는 무기와 식사하는 방식은 생존게임같은데 어째서 일자진행이 되었습니까  이것은 기대가 짜게 식어버렸습니다 
REMORE  INFESTED KINGDOM,Posted    November EARLY ACCESS REVIEW 총평            타인에게 추천 가능  플레이 타임      시간 플레이 난이도   쉬움   일반  가장 어려운 난이도는 정식 출시하면 플레이 할 예정   태그   전략 전투  다크 판타지  잔인함  고어  턴제 전투   총평                         정말 재밌게 플레이 했습니다   시야를 가리는 어둠과 장애물 기반의 레벨 디자인이 매력적이고  전체적인 분위기가 같이 어우러져 있습니다   난이도는 일단 쉬움으로 플레이 했지만  정식 출시 이후에 가장 어려운 난이도를 플레이 할 것 같습니다   게임의 전략적 전투는 확실하게 녹여져 있고  게임 분위기와 전투 요소가 잘 어울리니 턴제 전투 게임을 좋아하는 유저라면 구매해서 후회하지 않을겁니다     아쉬운 부분                     전투 밸런스와 특성  게임의 재화 밸런스 상점 는 잘 맞춰져 있는데  전투 밸런스가 아쉽게 설계되어 있습니다   물론 전투 밸런스는 가장 어려운 난이도를 기준으로 설계 되어있을 것이고  쉬움 난이도를 플레이했습니다만   일부 전투 특성이 상대적으로 너무 좋은 효과를 가지고 있어 난이도가 높아진다면 일부 특성은 아예 선택하지 않을 것 같다는 생각이 들었습니다   특히 무기의 경우 무기 특성 출혈  고통 등 에 맞춰 캐릭터나 빌드를 특화하기 어려운 부분이 있어   현재는 공격력 높은  적을 쉽게 무력화 할 수 있는 무기만 선택하게 되는 부분이 아쉽네요   하지만 원래 이런 게임에서 양손 대검은 사기가 맞긴하죠    유물이나 장신구 등으로 무기 특성을 강화하는 게임 요소가 추가되었으면 반복 플레이에 이점이 있을 것 같습니다   혹은 추후 스토리 모드가 아닌 반복 랜덤형 컨텐츠를 추가할 계획이 있다면  해당 플레이에서만 무기 특성을 강화할 수 있는 시스템이 있어도 된다고 생각합니다   이미 맞춰놓았을 밸런스를 시스템 추가로 망치지 않기 위해   덤으로 반복성 컨텐츠가 출시된다면  무작위 캐릭터   특성을 원합니다   정식 출시 후 누군가 모드를           사소한 디테일을 놓쳐 완성도 낮다는 평가를 받지 맙시다    회차 플레이에서  게임 시작 시 튜토리얼 스킵을 선택했으나   전체 튜토리얼과 스토리가 스킵되는 것이 아닌 게임 시작 시 튜토리얼 씬만 스킵되는 부분은 매우매우 아쉬웠습니다   같은 장면의 스토리를  전투 중간에  플레이까지 멈춰가면서  esc도 안되는데  다시 봐야 되는 부분은 혹평받아 마땅하다 생각합니다   타일 밟는게 트리거로 설정되어 있을텐데  트리거 조건에 스킵용 IF문 하나만 넣어줬어도    분량이 더 적었더라도 사소한 디테일을 놓쳐  완성도를 떨어트리는 모습은 매우 아쉬웠습니다   기본적으로 이런 게임성은 다회차  실패하고 리셋하고  실패하고 리셋하고  플레이가 기본이 된다고 보는데   다회차 플레이를 상정했다면 이런 실수는 안했으리라 생각합니다   아무리 일직선 스토리 진행이여도  다회차 플레이를 생각 안했겠어     
REMORE  INFESTED KINGDOM,Posted     October EARLY ACCESS REVIEW 로그라이크는 아니고 하나의 줄거리를 따라가는 SRPG  대개의 SRPG에서 전략성이란  지형 무기의 상성 정도의 능력치 대결로 그치는 경우가 많은데  그보다는 좀 더 직접적임  적당히 자리를 잡고  적들을 불러서  테트리스를 한 뒤  알맞은 무기로 최대한 효율 좋게 썰어재낀다  밀고 당기는  인투 더 브리치  느낌의 퍼즐 기믹이 강하게 자리잡고 있음  그리고 이게 상당히 맛도리임  난이도는 약간 매운데 적들 배치 구도에 따라 정답이 상이하니 많이 고민하게 되고  좆됐다 싶어서 포기했다가도 가진 무기와 스킬  행동력으로 어떻게든 뚫어내면 굉장히 똑똑한 사람이 된 기분임  넥페 데모에 비해 다듬어졌고 기반 시스템은 미완성 느낌이 없음  얼액 동안 더 롱 다크처럼 분량 추가가 주가 될듯  스토리적으로 파엠처럼 장대한 것은 없고 소시민 캐릭터들이지만 발암없이 다 호감이라 마음에 듦  대사 씨부리는 것도 알잘딱하게 끊어서 답답한 건 없음 
REMORE  INFESTED KINGDOM,Posted     October EARLY ACCESS REVIEW Very tense and satisfying tactical combat with dynamic switches between stealth  exploration  and combat phases  Enemies pursuing the player party really add to the tension and I love how characters synergize with each other during battle  One of the coolest turn based games I ve ever played 
REMORE  INFESTED KINGDOM,Posted  November   EARLY ACCESS REVIEW 절망 철인 반복되는 악몽 도전하던 도중   시간 컷 성공각을 보고 있던 상황에서 운짤 억까 당해서 조졌어용     게임은 재밌는데    나만 운없어용   
REMORE  INFESTED KINGDOM,Posted  November   EARLY ACCESS REVIEW 근래 보기 드문 srpg 수작  적당히 매콤한게 도전욕구를 자극시킨다  얼리액세스지만 가능성은 충분히 봄  앞으로 분량을 쭉쭉 뽑아낼 수 있으면 덮어놓고 플레이 할 예정이다  그리고 숫사슴은 왼쪽으로 가라  
REMORE  INFESTED KINGDOM,Posted  November   EARLY ACCESS REVIEW 분량이 엄청 적어도 게임은 재밌기때문에 추천합니다  얼리액세스로 내놓고 대충 스테이지 몇개 던져두고 도망가지 않길 바랍니다  재밌으니까 꼭 멋있게 완성시켜주세요
REMORE  INFESTED KINGDOM,Posted  November   Product refunded  EARLY ACCESS REVIEW 난 턴제게임을 매우 매우 좋아하는입장에서 진지하게 리뷰를 남김  장점 로그라이크 처럼 뭔가 성장하고 파밍하고 다키스트마냥 어느정도에 전략성을 요구함 내가 선택할수있는 음식 무기 진행하면 캐릭터가 해금  단점 로그라이크느낌인데 캐릭이 고정적으로 스토리마냥 진행을함 내가 고를수있는 선택지영역이 크게 많이 있지않음 다키스트던전이나 턴제좋아하는사람도 호불호가 많이 갈릴수 있는게임 타게임언급은 안하겠지만 많이 부족하다는 느낌을 많이 받음
REMORE  INFESTED KINGDOM,Posted  November   EARLY ACCESS REVIEW 아직 덜 다듬어졌다는 느낌이 많이 있지만  턴제 전투가 재밌었다   좋았던 점    캐릭터  명을 베이스로 스토리 전개   한 명이라도 죽으면 게임오버 시킨 건 좋은 선택이였다고 생각한다  캐릭터 조작 인원이 많으면 전투 피로도가 더 올라갔을 것 같고  옛날 버전을 플레이 했을 때는 캐릭터가 죽더라도 게임이 진행됐던 기억이 있는데  세이브를 자유롭게 관리할 수 있지 않다면  너무 하드코어한 요소였다고 생각했기 때문이다    캐릭터의 개성과 무기를 조합한 전투는 굉장히 좋았다  적들이 아군을 빈틈없이 둘러싸기 때문에 압박감이 상당한데  그걸 차근차근 헤쳐나가는 재미가 매력적이였다    중세 판타지  생존  모험  전투등 기본적으로 게임에 대해서 기대하게 되는 부분들이 기획적으로 재밌게 구현됐다는 느낌을 받았다    캐릭터 레벨도 올라가고 무기도 강화되면서 세지는 게 강한 중독성을 유발시킨다    기본적으로 전투 맵마다 고유의 미션이 있다보니 더 재밌었던 것 같다  특히 과학자가 숨어있는 맵  이교도 본거지 맵이 기억에 남는다   싫었던 점    스텔스 플레이가 좀 개선이 필요하다  뭔가 적의 배치와 방향을 관찰하고 게임을 유리하게 이끌어나갈 수 있는 플레이를 할만한 것이 크게 없다  그래서 대충 진형만 갖추고 돌을 던지거나 해서 스스로 발견당하는 플레이를 하게 되는데  그게 느낌이 좀 안좋다    사각지대에서 갑자기 튀어나오는 경우도 있는데 불합리하게 느껴진다    위의 문제와도 연결되는데  적들이 언제 공격하고 안하는지를 잘 모르겠다  보통 무방비 상태의 적은 다가가기만 하고 공격은 안하고  추적하는 적은 공격까지 한다  그런데 그걸 확인할 수 있는 방법이 제공되지 않다보니 좀 모호한 느낌이다    추적 플레이도 개선이 좀 필요하다  적이 추적하는 맵이 간간이 나오는데  이거 실화인가 싶을 정도로 빡빡하게 쫓아온다  고행난이도 기준  하면서 매우 어려웠는데  그게 재밌는 포인트이긴 하지만 전투 지역까지는 평화롭게 가다가 갑자기 몰려드는 게 좀 이상한 느낌이였다   종이 울리는 맵제외  그리고 탈출하는 상황에서 전술 포인트가 귀해지는데  그래서 언제 턴에 멈춰서 포인트를 아낄지를 결정해야 하는데  판단을 내리기가 힘들었다  적들이 어떤 때는 엄청 빠르게 쫓아오고  어떤 때는 잘 안오는데  그걸 파악하는 게 힘들었다    맵에서 어디에 적이 숨어있고  어디가 창고인지 아는 게 생존에 있어서 매우 중요한데   회차에서 죽어서 다시 시작하면 갑자기 너무 쉬워지는 것 같다    게임에 폭발하는 좀비가 나오는데  이게 이상한 곳에 있으면 전투 난이도가 급상승한다  게임이 기본적으로 전투 피로도가 높은 편인데  이 녀석이 대각선에 짱박혀 있어서 한 칸 차이로 못 밀게 되면 좀 짜증이 난다    거점이 되는 마을이라는 개념이 어드밴처와 잘 어울리지 않는 느낌이다  전투 지역에서 좀비 떼를 뿌리치고 겨우 탈출했는데  다시 마을까지 왔다가 다음 전투 지역으로 가는 게 러시아 페인트공 문제를 연상시킨다    마을에서 한번의 실수가 되돌리기 힘든 상황을 만드는 느낌이다  마을은 좀 휴식하는 느낌이 들었으면 하는데  음식을 어떻게 조합하는지  어떤 물품을 만들지  어떤 연구를 할지  어떤 무기를 개조할지  어떤 물건을 상인에게 팔아야할지에 따라서 생존 가능성이 달라지기 때문에  안그래도 전투피로도가 높은데 쉬는 게 쉬는 게 아닌 느낌이다    한글 폰트 가독성이 많이 떨어진다  도트가 떡지도록 붙어 있어서 읽기 힘들다    무기 공격할 때 캐릭터 포즈가 변하지 않는 것이 아쉽다   예전부터 기대하던 게임이었는데  어제부터 재밌게 플레이했습니다  고행난이도 클리어하고 리뷰 남깁니다 
REMORE  INFESTED KINGDOM,Posted  November   EARLY ACCESS REVIEW 게임 자체는 분명히 잠재력을 지녔음  몇가지만 개선되면 좋을듯     캐릭터 무조건 더 많아야 함     스테이지 개수가 너무 적음  뭘 좀 하기도 전에 끝난다는 느낌    어려운거랑 거지같은 거랑 구별할 필요가 있을듯  무조건 채찍질한다고 다크소울같은 매운 맛이 나오는게 아님   이것만 개선되면 정말 간만에 할만한 엑스컴 스타일의 SRPG인듯
