title,review
MARCH OF EMPIRES,Posted     June       The game is consuming af  but it has zero balance  You can be attacked by a much stronger player every few minutes and the game doesn t give a flying f ck  Heck  I got attacked    times in one hour by the same player while being offline and was left with almost zero resources  I literally had to teleport my entire kingdom to get away from that f ucker  By the time you train a damn army to stand up to your enemies  which takes you way too long  you can be crushed into nothing by some motherf cking coward that preys on the weak like a damn vulture and who s at least     levels higher than you  You can also pay money to get stronger much faster  but I don t know who would even spend money on this game 
MARCH OF EMPIRES,Posted     February       This crap should be left on mobiles where it belongs  Whales rule this game  and the game pinches every penny it can from them  Like every other pay to win mobile game  the first few days will be fun  You ll grow relatively fast but then the wall will kick in and buildings research troop training will take days and weeks  You ll lose the resources you were farming when a bigger dude pops his head in because he s hit the wall too  In fact  the more advanced researches will take         days to complete  It s a whale scam  like most mobile games  The only difference being  that these  games  are now porting their way into Steam and PCs     You also cannot realm swap after you reach level   castle or  million might  which takes almost no effort  so once you hit that  you re stuck in the realm you re in  For me I m stuck in a realm rules by a whale alliance  Their members have many alts  even lazily naming them  blablah   blahblah   blahblah    They declare war on people for reasons as small as you farming a resource they think belongs to them  Nothing much you can do because you don t spend  they do  If you have money and an ego  you ll fit in fine here  If you have money  spend it on a real game 
MARCH OF EMPIRES,Posted     December       Gameloft   Phone port trash
MARCH OF EMPIRES,Posted     January            pay to win don t bother playing  You will have no chance in hell against anyone who spends real money  There is not way to counterbalance the benefits of spending money 
MARCH OF EMPIRES,Posted     July       pure pay to win game  if you don t spend  expect to be destroyed Not to mention those with    accounts supplying their own castle Entire alliances filled with resource castles
MARCH OF EMPIRES,Posted     November       It s good for wasting time  but it s free to play  so  there s a lot of microtransactions 
MARCH OF EMPIRES,Posted     August       pay win all battles
MARCH OF EMPIRES,Posted     August       After playing for so many years  the developers had ban the account without any reason and also without any prior notice  All my time   money seems wastage on the game  The developers is totally bias  and they really do not care for your money and time at all    star rating for it  Totally profit making game and no service towards the clients at all 
MARCH OF EMPIRES,Posted     December       I have played this game for   years and I felt I should review it now It was a good game to start with and i enjoyed initial months of gameplay    Game has become complex over a period of time and even after   years you need to spend a lot of time everyday to keep growing and maintain your stats    These days you need to pay for everything including resources equips paragon etc  Without spending a lot of money you can t compete with big players and spenders  Spenders always dominate the game and developers only care for them    Developers come with new updates very frequently not to add value to the game but just to make you spend more and more money  Most of these are unnecessary and most players hate them  Updates keep coming despite players disliking them and voicing against them    Many castles are banned and surprisingly others are allowed to use     accounts  Many members feel cheated after years of hard work and they don t get their account back if they haven t spent significantly in the game  Gameloft asks for proof of purchase to return account    Developers rig the events like lottery do that players don t get good rewards    They get fake   star reviews from people who have never played this game to attract new members    The game has become so complex that if a new member joins it would take years of hard work and huge money just to reach paragon level     and that s just one of the aspects of game that makes you strong    Game is now      commercial and FTP stand no chance of good progress and stand a high chance of getting banned under some pretext    Customer care is spine less and can t help you much when you have real issues  You mostly get automated replies     Developer team has lost credibility and       remarks on their face book page are negative and players who spend and keep this game alive are totally fed up with them  They never listen to players and don t reply even to the most pressing concerns by players    Recently developers have been caught red handed rigging the festival lottery and no action has been taken   People who did the scam are the same people who investigate the scam 
MARCH OF EMPIRES,Posted    September       Want one million experiece points no problem     pounds please thankyou sir  Want to intabuild everything well shouldnt cost you more than a mere      pounds thankyou sir  Are you a WALLET WARRIOR  Is your IQ smaller than your penis length in inches  If so this is the game for you Sir  Otherwise nothing interesting at all just a copy of a copy of a copy of games like SPARTA just a giant tosserfest 
MARCH OF EMPIRES,Posted  November          So this will be my first review  I have some time into this game and will keep this simple   It s a decent game  Has it s flaws but nothing is perfect   This game you need to either play a LOT to compete at the high end  Meaning be able to pop in and manage your account constantanly day in and day out  If you can do this you will not have to spend a dime   If you choose to pay for your might in the game it will be expensive as the packs are not cheap and the higher teir you get the less value they have   One tip for people  wait for Christmas as this was the best time to buy packs in game  It was the only money I spent in my time playing and I was a top player   Hope this helps someone to decide 
MARCH OF EMPIRES,Posted  December          I have been playing March of Empires in another Realm for over   years  I spent      becoming addicted to growing my kingdom and I could never get it big enough  So I started a new account for the fun of starting from the beginning but then I spent money again even when I tried to play without game packs  I do like the game but I don t recommend it because the game is totally designed for you to spend a lot of money to purchase game packs  I also am very suspicious about this game  When I started in a NEW REALM everyone was small and no one could be emperor for    days while we prepared alliances and there was a group of players that jumped from   million to over     million might in just a few days  This is impossible without purchasing many game packs and I wonder if these guys work for Gameloft and had plenty of free game packs from the company to build their kingdoms and then get others motivated to buy real game packs  It s possible  Anyway this game is dominated by a few alliances and they are all a bunch of huge gluttons that control the Realm and never share and they take all the spoils of war and the best of the game belongs to them  Many Turkish and Russian people love this game  Everyone else in this game is just a pawn and will never be able to play the whole game  So do not waste your time and spend money on this game 
MARCH OF EMPIRES,Posted  October          Very bad game   the definition of pay to win  It is intentionally unfair to force people to pay for bundles to even compete  You will be constantly attacked by enemies who have paid a lot and as a result have an army fifty times the size of yours and all which are higher leveld units and after they have beaten you once  they can continue to attack you and take everything without any repercussions  Realm events are a complete joke  They decided to match us with realms that were all two to four months older than ours as though we stood a chance in a game where higher tier units can take months to research and building can take weeks to build  Just stay away or you will find yourself constantly playing all day  only to waste your time because others have paid to get to the top 
MARCH OF EMPIRES,Posted  December                 GAME JUST A STANDARD P W game dont spend time just play another game
MARCH OF EMPIRES,Posted  October          The march of your pay to win route    or the doom of your didn t pay empire 
MARCH OF EMPIRES,Posted  May          Great game but empties your wallet if you want to make progress 
MARCH OF EMPIRES,Posted  April          Groundhog day  Perform tasks  try not to let shield fall  watch others farm the dead castles  home of the players who have quit  And they far outnumber those  still  playing  For what  Nothing exciting or even faintly interesting happens  You can never overtake players with bigger credit cards  and more strength  You can t participate in any events because as soon as they start the bigger players have wiped the field clean  It is just plain boring 
MARCH OF EMPIRES,Posted  January   For years this game has gone downhill  More and more they require your time  It has turned into a toxic needy one sided relationship and     of the time if there is a problem you cannot get in touch with anyone at the company or they are just unwilling to help  To the help extent  that includes griefers and bullies  the block function is useless for them and harassment is rampant  The game works with shield times and you are on a set timer to replenish them  You can put the game on your phone but that is just demanding more of your time  they allow a   day shield to be used  however you can only do that once a month  Plus it is without a doubt  pay to play pay to win  They never fix glitches they just add more with updates 
MARCH OF EMPIRES,Posted  February         The game is fun for a time and if you get involved in an active and well led alliance it can be a great game  but the reality is that the game is all about paying big bucks to win  being in a big alliance that can dominate  being more developed than other players  and waiting for an outage of the game servers to have no attack shields go down so you can simply wipe the armies of lesser players withouot significant losses  and the game servers are down a lot  probably because the alliaces jam the servers with activity so they can then clean out the unwanted players that are mkaing some headway  I put in a lot of time and felt I was doing ok  but almost my whole army thousands of troops were lost to two attacks  from a player that had outclassed my troops  Nothing I could do and nothing I want to do  I just don t want Steam to put games like this on its list of  free to play  a new category of  pay to win  needs to be put in place as it is hardly fun to come back from a short family ouoting to see you lost your whole army and took a couple hundred of his troops  disgustingly horrible play and a terrible way to treat people who are trying to enjoy the game and get to know how to set up and develope a strategy   but the developers are more interested in selling  value packs  to give people an advantage  looks enticing but it is not even close to enough when you have people that this is all they seem to do  My experience was that the game was a complete waste of time 
MARCH OF EMPIRES,Posted  December          Played this game before on my phone  Lets not drag this out pay to win like so many other mobile games  Right after opening the game for the first time they already try to sell you packages  Those packages vary from small and cheap ones to more expensive ones that cost nearly     euro offering you all kind of things like epic gear chests ressources items to speed up the building process a attack boost and so on       If you want to play competitive and aim for the first place you better bring a lot of money with you 
MARCH OF EMPIRES,Posted  September          This game is heavily one sided for credit card players   you have no chance unless you plan to spend hundreds of USD 
MARCH OF EMPIRES,Posted  March          Pay to win 
MARCH OF EMPIRES,Posted  May          MONEY WINS 
MARCH OF EMPIRES,Posted  January         Terrible  mobile port  Pay Win  endless tutorials  no real control 
MARCH OF EMPIRES,Posted  November          good game but unless you spend money will not grow fast
MARCH OF EMPIRES,Posted  April              game   p w players join a clan   let you in   as long as they take profit of you   then you get kicked   and later on you are only a player who is permanently farmed   there is no balance  players who are more than    times stronger than you can run you down   you cant raise your army  because everytime you healed some troops you will be run down again        this multiplayer games like this
MARCH OF EMPIRES,Posted  January          this is not a free game and credit card players ruin it for everyone else   you will enjoy it in the beginning but then its insane   you will be plodding along at    mil might and some jerk with a credit card with   billion might attacks you and there goes your game in an instant 
MARCH OF EMPIRES,Posted  December          DO NOT INSTALL  The laziest most pay to win trash I ve ever seen in my entire life  Constantly crashing due to errors  obnoxious popups EVERY TIME you start the game  telling you to buy some       rank boost garbage  disgusting UI and visuals  and a completely zero effort mobile port  Literally  they changed the resolution for PC and THAT IS IT  Stop giving Gameloft your time and effort  they mass produce these identical albeit slightly reskinned clones of their  video games  in order to farm kid s wallets   STOP ALLOWING THESE GAMES TO EXIST
MARCH OF EMPIRES,Posted  March    This is a typical game with a few interesting differences  Is can be fun to play but do not think you are going to get far  If you do not spend money you can only do one thing at a time  And after awhile  like in most games like this  it take DAYS to get things done  The instructions are very poor with much of what is going on being very confusing  There is not much battling going on with most people forever hiding behind shields  Again  if you just play to have fun with what is available  fine  But trying to get strong enough to fight others will take years and or lots of money 
MARCH OF EMPIRES,Posted  August          This sh t was designed for the sole purpose of extracting vast amounts of money from very stupid people  This is a     ing mobile game  why in the      this on Steam  Seems like maybe we should re evaluate the blind trust and love that we show towards Steam  There is no reason in the world this game or any other game based on this micro transaction model that takes advantage of our young  stupid and poor people should exist in this universe  We need to stand as a community and expel this cancer in all forms from our world 
MARCH OF EMPIRES,Posted  July         It s just a        mobile game
MARCH OF EMPIRES,Posted  August   This game WAS pay to win  but their payment page broke  AND somebody hacked the game and gave everyone an even playing field   Now it s pretty fun to play 
MARCH OF EMPIRES,Posted  December          PAY TO WIN mobile trash on steam   good job steam direct 
MARCH OF EMPIRES,Posted  April         There is always a problem with chat   sometimes worse than others  The game is geared toward people who want to spend money on the game to get big so they can constantly attack way smaller people  Some realms have alliances that dominate  bully and make it hard for smaller alliances to grow  I find I have a lot of glitches  not getting items from Traveling Hero   Just recently they added higher encounters  lowered the value and put fewer ones in play  Large players port in and grab all encounters  not just the higher ones  Again  the smaller player doesn t have a chance even after using gold to be able to do more than one encounter at a time   Chat seems worse during RVR when you need to communicate with your team   It s a very addictive game and you are forced to check in at least every   hours to change shield when you re new  You can t afford the    hour or   day  In order to grow  you need to play every day and accomplish goals and events   I did meet some nice people who are frustrated with the same problems  I ve only elaborated on those that are bothering me today 
MARCH OF EMPIRES,Posted  May           
MARCH OF EMPIRES,Posted  December          P W game not cool     
MARCH OF EMPIRES,Posted  December          P W  Dont even bother 
MARCH OF EMPIRES,Posted  September          G day ladies and gents  I am MrWhiteGhost and I ll give you my views on this game   I played this mostly on mobile with a total of     days      hours    I love how this strategy game is with how you have to gather resources from tiles around the map to help your castle grow with construction  research  crafting traps and also making troops to protect your city  I also like how you can claim land around the map with your alliance and destroy other peoples capitals   If you know more games like this let me know But I grew my kingdom to Castle level    at     Mil might along with millions of T  and T  troops with with my champion reaching level    and an alliance called  W R  GrayWardens at the time holding a     Billion might that I was leader of holding     influence  After playing it for a long time a few server merges happened and we was merged with alot of new faces which clearly poured  daddy s  bank account all over this game reaching    Billion might  Which at the time of me writing this up he is now sat on      Billion   Its players like that that also have Alt accounts in other alliances so they can claim more land and if you try take it from their alts the biggest players will just come and destroy you and there is nothing you can do against them due to them having possibly billions of troops that they bought with gold This game can bring heavy loss  You can be shielded for months  farming and growing your army but it can all be lost within   minutes of being attacked by other players So  If you think you can tolerate that possibly happening to you go ahead and try out this game for yourself it is a fun game don t get me wrong just when someone pours thousands into the game for gold and you watch them grow    x faster than you that s where the fun ends 
MARCH OF EMPIRES,Posted  June          This game is full of corruption and cheating  Do not ever pay money in this this game will affect your mind in very bad way  Do not play it  I beg you 
MARCH OF EMPIRES,Posted  April          gameloft has locked us out of playing
MARCH OF EMPIRES,Posted  February          MOE is fun  but very one sided   you can t grow much without spending real dollars   to bad GL is so money hungry  could e a better game
MARCH OF EMPIRES,Posted  January          this is a pay to win game  If you dont pay you just cannon fodder for the high paying players
MARCH OF EMPIRES,Posted  December          Aweful  slows computer to a crawl  crashes every half dozen clicks  Also it is just another phone port which is another money grabber for the idiots willing to lash out to win  Rubbish  should not be on steam
MARCH OF EMPIRES,Posted  January          i have the pleasure to play this game alot   so my opinion should be quite good    i have only bought  x packages when i was a small level    castle which was the bonus construction ones  think they were about      i went for a defencsive castle   big walls and defensive rings as for the game it is great upto about castle    level   after that it can feel like a little work  you can how ever keep up with the pay win players quite easily if you can be online alot the problems arise when your shield is down   you do get   or    or   day shields   this is where you must shield properly as you will get zero d alot if you dont   however they can only take redeem resources of food iron stone wood and silver   so if you save them in your inventory till needed they cant steal those i would recommend this game   as it is fun till castle level     so try it and enjoy it   like most games its better to join an alliance and ask a lot of questions there isnt much i didnt like about this game finally there is alot of ongoing events   gatherings  lotteries which all give items and bonuses   so you will be busy there is also alot of Castle updating to be stronger player customization for clothers helmets rings for bonus strengths etc there is alot of good postive things to be doing in this game  Lastly keep your shield up tip     use   hr shields when fighting       use    hr shield when you sleep       use   day shields when you dont know if you will be online tomorrow or not  HAVE FUN and kill many soldiers and BURN enemy Castles
MARCH OF EMPIRES,Posted  December          p w
MARCH OF EMPIRES,Posted  August          This type of timer game has evolved over a decade and it always ends the same  you chase diminishing returns from your time no matter how cleverly you increase build and research speeds 
MARCH OF EMPIRES,Posted  August          Unfortunately this game brings out the bullies  You will meet some really great people in the game but also the scumbags 
MARCH OF EMPIRES,Posted  July          A really good strategy game but unfortunately allows children with access to daddy s credit cards to ruin it for most players 
MARCH OF EMPIRES,Posted  June          Product received for free  Gets ruined quickly by  Big  players  who are really just cheating all the system  having multi  multi accounts  Lots of bullying behaviour and no control bt the game moderators or makers  People buy cheap resource packs from illegal suppliers    it goes on   GREAT GAME RUINED BY LACK OF CARE FROM GAMELOFT  
MARCH OF EMPIRES,Posted  December          Terribble expensive  if you wanna play normaly  must be spent minimum       month   and this will be only the low level  There are developments that take place for   month  yes  you see it well xd  therefor whole game its an joke  It contains unbearable waiting time   
MARCH OF EMPIRES,Posted  July    Game to expensive
MARCH OF EMPIRES,Posted  January         If you start a Realm  you have a chance to take it all  if you join into a realm  well     it s a pay to win game and is a revolving door    I d advise against it  Be warned 
MARCH OF EMPIRES,Posted  February          good if u play     
MARCH OF EMPIRES,Posted  April          when u first play this game it looks fun but after some time it just gets dissapointing and u relise that u have wasted ur time for nothing Also this game is pay to win
MARCH OF EMPIRES,Posted  July          Still will not let me update this game i will stop playing
MARCH OF EMPIRES,Posted  August          this ggame demands money if u dont spend money then very hard to survive in this game 
MARCH OF EMPIRES,Posted  March          P W piece of          you can play for hours upon hours  and even if you do pay  you can lose everything you build up over a seconds  even if someone is allied to you     Piece of      game 
MARCH OF EMPIRES,Posted  May          A classic p w mobile game  You will have to waits days and days just to build a single thing or you have the option to spend thousand of dollars to make that happen in a blink of an eye  There is no skill in this game only cash wars 
MARCH OF EMPIRES,Posted  June          Starts off interesting enough  lots to do and train  unfortunately it is let down by allowing level    players to hit lower levels  and when i mean lower levels  it isn t even       as you would expect  but level     The comparison of troops is ridiculous  A level    can hold   rows  units   of troops  each unit consisting of    k   the level    can hold    rows  units   of troops  each unit consisting of has   k of troops  it is not even a challenge  it is a slaughter  Once your    hour peace bubble expires  you get slaughtered again  you barely have time to heal and so daily resource gathering just to reclaim what you lost  never mind trying to grow  is too demanding  it then becomes a chore  a job and not a game any more  sorry but i can not recommend this game
MARCH OF EMPIRES,Posted  March         its just your typical high level always wants to fight the easy target much lower level kingdom   i got bored of the game after   weeks there isnt much to do apart from upgrade your things and wait  its almost pay to win in many aspects  people are buying shields so you cant attack them a free player will struggle being attacked over and over losing all of that hard earned resources easily  the game sucks
MARCH OF EMPIRES,Posted  December          Sigh  fine i ll make an honest review then I m not gonna sugarcoat anything  this is going to be      exposed opinion from a player who likes the game  but hates the means in how the maker proceeds to have their product  If you decide to not spend a single dime  you are NOT going to last lategame  even if it gets that long to begin with   This is an understatement when I say you NEED to spend money in this game if you want to get ahead unfairly fast  with gold you can speed up buildings instantly  instant recruit troops  instantly research  get big attack boosts  health boosts  vip  mercenary contracts which actually are MUCH more powerful than standard troops    How to attack someone  If you have money  Pop boosts  Spam top tier troops that you can instant recruit  or mercs  Use a percision teleport to sit your castle right next to theirs  hit them over two dozen times under three minutes  teleport out  Baboom    Each Merc has specific passive and active skills which affect your ENTIRE army fighting in that battle  though of course mercs only last   battle  so use them smartly    Sigh  though that being said yes  there might not be a  present  shop  I lied  I didn t know at first if you access your inventory of items  theres multiple tabs and of course  one of them is the shop  and let me tell you  If you want protection  buy trojans  spend money   Though for real  this game wasn t meant to be played by yourself  you either make friends  or get destroyed  oh yeah speaking of that have fun finding someone who speaks english  because theres a built in translator thank god because the amount of turkish  brazilian  arabic  muslim  and russian players in here is EXTREMELY present    You re mostlikely wondering why i m not explaining gameplay  that answer is very   very simple  build structures  research  acquire resources  etc etc  it s too simple to even friggin talk about  and of course you can BUY resources  you can buy just about  anything  with gold  sadly enough admitting   this is a game catered to whales  only  for  whales  the day the free to play folk run out is the day the whales start to leave out of bordem  Sigh  If you know what s good for you  avoid the high ground  I ve already purchased all the dlc       Edit          As of      Pm I have quit this failure of a mobile cashgrab designed to hook in whales and siphon their wallets of as much money as possible in the quickest amount of time  A game shouldn t be     shop    actual gameplay  sigh  there are some exceptions  but holy god almighty this is not one of them  no matter how hard you attempt to avoid the idea of spending money the game always finds a way to  throw  a bundle on your screen  here  have this only      it s good value   Guess what I think  Uninstalled  avoid 
MARCH OF EMPIRES,Posted  June          BEWARE OF BULLIES IN THIS GAME
MARCH OF EMPIRES,Posted  March          Loading stuck at      reinstalled game  still doesn t load  I wouldn t recommend it purely for this purpose
MARCH OF EMPIRES,Posted  March         Pay to win  Poof be gone  Waisted many hours and   on this game on mobile and PC  Don t be dumb like I was  Move along 
MARCH OF EMPIRES,Posted  August         If you are a new player  stop playing this game because old players will dominate you  Mark my words 
MARCH OF EMPIRES,Posted  December          Product received for free  P W just like other strategy games from mobile 
MARCH OF EMPIRES,Posted  June          bad dont play just a waste of time
MARCH OF EMPIRES,Posted  October          After update     there are NO bundles available   At all   We can t buy anything     October   th     
MARCH OF EMPIRES,Posted  February          usually these type of games you can have SOME fun without having to pay      NOT THIS ONE  so i dont know if its game devs trying to push people to spend or just some a   hats that spend     s of dollars for no reason other than they have no life   so lame  dont ever spend money on this a new server of      days you might think its ok but if you look theres already people whove spent so much there is no way you can succeed at anything they ll just swoop in and youre all F d
MARCH OF EMPIRES,Posted  November          This game is like any other city building game  Pay To Win  If you don t pay you ll be out paced and constantly trying to catch up  But this game is also one of the few that actually give the player many ways to farm for the needed gold   Purchased currency  And game offers many free and very needed items if you are constantly playing  EX  Daily rewards is   rewards seperated by   hours  If you collect all of them the last one is always a very good item   In general  This game is just a money maker for the creators  Their customer service is complete crap  It wouldn t surprise me if its just     people managing the coding advertisement social media accounts all at once 
MARCH OF EMPIRES,Posted  November         love the interaction with alliances   friends
MARCH OF EMPIRES,Posted  December          Can t even change player name to mine  since it s  censored     what a             first time ever saw my nickname censored   
MARCH OF EMPIRES,Posted  August                             I m a simple man  I see Culture  I click buy 
MARCH OF EMPIRES,Posted  August          SKOUPIDI GAME OUTE TO ONOMA MAS DEN MPOROUME NA BALOUME ELEOS                 
MARCH OF EMPIRES,Posted  December          Players playing with bots are reported to Game loft  they do nothing about it  or do not have the knowledge how to stop it 
MARCH OF EMPIRES,Posted  December          Yeah nah mate Get age of empires instead  don t get them mixed up by name 
MARCH OF EMPIRES,Posted  May          The game is fine  and can be great fun to play  Meet lots of others and have a laugh  BUT  and it is a big BUT  the game as it stands is ruined by cheat alliances that come in and take aver by buying cheap accelerator packs from outside of the game creators  This means that Gangs take over the realms and bully buy thier way to the top  Even if you spend a fair amount of your cash  you are going to get beaten down by what appea to be big spenders  but are in fact resource cheats    sad really 
MARCH OF EMPIRES,Posted  April         Realm     has been nothing but bulling in the game  Its like living as a slave in the realm  We are forced not to grow it has become more of a   alliance of tyrants running the show than a war game  TRAPPED in that realm by gameloft only adds salt to the wound  If I knew what i know now i wouldn t have played at all due to such issues  Who needs bullying  My kids abandoned their castles in the same realm 
MARCH OF EMPIRES,Posted  March          The game chat is broken and apparently cannot be fixed by developer as it continues to happen  The game is not really for PC more of a laptop or tablet user  Unless your PC is older and cannot process better video  The game is addictive and can become costly as the game progresses so do the real costs of purchases  Not recommended for children or young adults with access to credit cards  I personally found no real point to the game  no definition of win or loose an eternal building and one must play daily  The most time you may purchase to be away from the game is   days and it is expensive  Things may be earned in game but the game is geared to get money from users like all free to play platforms  DAILY PLAY IS A REQUIREMENT NOT AN OPTION IF YOU WANT TO  WIN   I do not recommend the game if you have friends and family 
MARCH OF EMPIRES,Posted  October         reminds me of the first fb games    waste some time  mildly entertaining   do not spend a nickle on it     Just strange  The higher level you get the longer it takes to do things  once more people can attack you they will teleport to your map  attack you then teleport to a totality different map  No chance of retaliation  you could search all the maps but good luck trying to find a needle in in a mountain of needles   waste of time all the way around 
MARCH OF EMPIRES,Posted  October         Govno od igre jebo me Familija i kad sam je instalirao translate   Do not Download
MARCH OF EMPIRES,Posted  December          
MARCH OF EMPIRES,Posted  March          Product received for free  Excellent game but it is going to hurt your wallet if you become addicted to it 
MARCH OF EMPIRES,Posted  December          Did someone say PAY TO        WIN 
MARCH OF EMPIRES,Posted  October    Product received for free  Would recommend  but only for non working people with lot s of patience
MARCH OF EMPIRES,Posted  October    Very good game
MARCH OF EMPIRES,Posted  July         Play this  free to play  game to be a farm to these who pay  a lot  to this game
MARCH OF EMPIRES,Posted  July          ok k t 
MARCH OF EMPIRES,Posted  January          This game is one of that game that we can say  OMG    you may play for months but lose everything in seconds  If you have money and spend it in game so you will be strong but you can play this game with love and learn and enjoy it  And dear Gameloft   please return persian language to this game 
MARCH OF EMPIRES,Posted  August          Hi  This is not the worse game of this kind  First what you have to know is pay to win game  so you will have to deal with players which got a lot of gold army and everything else  Payment is no need you still have chance to enjoy this game and meet some people around the realms  The worse things for me is    Have to be active on game all the time as yu have to change shiled   so if yo going on holiday etc    better to play on mobile phone    Game crashing a lot   even when you attacking others or you getting attacked    Chat is for kids and freez a lot   translator sucks as well  There are few other things but for more details you can visit my gaming channel   I hope my rewiev or videos help you with this game  Inferno   
MARCH OF EMPIRES,Posted  December          Typical  Pay win  phone game that has no buisness existing let alone being found on steam  Game suitable only for the wallet warriors of stupidity out there 
MARCH OF EMPIRES,Posted  May          Worst game ive ever played and ive played     s in my    years
MARCH OF EMPIRES,Posted  August          Find a good alliance  keep peace shields up and you should be good 
MARCH OF EMPIRES,Posted  December          Pay to win  do not waste time 
MARCH OF EMPIRES,Posted  February         find a good alliance and you will be fine
MARCH OF EMPIRES,Posted  August          Can t get the game to start on my phone or tablet  Can t take my PC on motorcycle trip
MARCH OF EMPIRES,Posted  October   My gambling addict friend said if I post a review on March of Empires and it gets     likes and     Awards that he will buy me a case of beer and some vodka  So I m just gonna leave this here
MARCH OF EMPIRES,Posted  September         Good place to find new friends an have fun  Then only issue i have with it is the way chats bug out an you end up having to restart it   But this game i can t really say is worth it anymore  after close to   years playing the direction the game has gone isn t in a good way   EDIT  Changed my review mainly due to the past few updates they have pushed out  This game has become nothing but the definition of pay to win and pay to progress 
MARCH OF EMPIRES,Posted  January              Graphics       You forget what reality is   Beautiful   Good   Decent   Bad   Gnome    Paint exe      Gameplay       Gnome    Good   It s just gameplay   Mehh   Starring at walls is better   Just don t      Audio       Eargasm   Very good   Good   Gnome    Bad   Earrape      Audience       Kids   Teens   Adults   Gnome    Lizards      PC Requirements       Check if you can run paint   Potato   Decent   Fast   Gnome    Ask NASA if they have a spare computer      Difficulity       Just press  A    Gnome    Significant brain usage   Easy to learn   Hard to master   Difficult   Dark Souls      Grind       Nothing to grind   Only if u care about leaderboards ranks   Isnt necessary to progress   Gnome    Too much grind   You ll need a second live for grinding      Story       Story    Text or Audio floating around   Average   Gnome    Lovely   It ll replace your life      Game Time       Long enough for a cup of coffee   Short   Average   Gnome    To infinity and beyond      Price       It s free    Worth the price   If u have some spare money left   Gnome    You could also just burn your money      Bugs       Never heard of   Minor bugs   Can get annoying   Gnome    The game itself is a big terrarium for bugs
MARCH OF EMPIRES,Posted  March          I was enjoying the game until it would no longer load up from steam  This appears to be a common thing  As i soent real cash and my peace shield will run out and I shall loose all resources i spent the last week getting to unpgrade   i ll be giving this game a negative rating on steam  at least 
MARCH OF EMPIRES,Posted  December          This game is just like a mobile game of Forge of Empires but on the computer  Just get the game on your phone 
MARCH OF EMPIRES,Posted  April          So many cheat and fake multiple accounts  Some players blatently have      alts 
MARCH OF EMPIRES,Posted  March          pay to win game  if you dont pay dont waste your tme
MARCH OF EMPIRES,Posted  January          pay to win   if you dont spend thousands then you just wasting your time  there are cheaper and better games to play 
MARCH OF EMPIRES,Posted  November          repetitve as     
MARCH OF EMPIRES,Posted  November         this is a pay to win game   the so called free is just to get you in and for the developers to have numbers but you wont win or even be accepted into a good alliance unless you waste hundreds of USd or Euro
MARCH OF EMPIRES,Posted  November          Pay to play trash
MARCH OF EMPIRES,Posted  February         this game has constant problems  Must spend quite a bit of money to even be remotely useful  So many people have many castles and sell resources gameloft is not even relevant  If you want to log in and update shield to keep your investment safe  game is not able to load  If you want help from support  wait a few days and maybe  What a scam  Game is designed as a money drain and could care less about people who spend money to have fun  Just spend money  that is all gameloft caes about 
MARCH OF EMPIRES,Posted  January         Unless you re ready to spend      to get any where in this game don t buy it  Once you make your first purchase you get tricked into coming back because you don t want to lose what you payed for  This game is Worse than EA when it comes to micro transactions  the game will throw ads in your face telling you what deals are on every time you log in and its annoying  ALSO the majority of the player base is BEYOND toxic  People are rude and will hold grudges and bully you off the game  Don t get me wrong this game has potential but it won t go anywhere unless the in game purchases are removed  DON T GET THIS GAME UNLESS YOU WANT TO BLOW YOUR LIFE SAVINGS OR RETIRED AND LONELY
MARCH OF EMPIRES,Posted  October          no point for casual or medium gamers   this game is influenced by heavy credit card spenders   unless you drop a huge amount of money then you just a bit player messing around   This is a pay to win game   the so called free play is an illusion
MARCH OF EMPIRES,Posted  November         Lots of cheats and bullies  Gameloft dont do anything about it as they get their gold buyers 
MARCH OF EMPIRES,Posted  November         This is a money grab pure and simple  New players don t have a chance 
MARCH OF EMPIRES,Posted  April          rude
MARCH OF EMPIRES,Posted  February          Gameloft is a legal company to fool money from people its belong to the new world order to brainwash you
MARCH OF EMPIRES,Posted  August         nice game but some updates are a bit too crazy  Last update was good because it fixed that allied people can attack each other but I dont like the limit of    for alliance pacts 
MARCH OF EMPIRES,Posted  March          Its Just a TIME PASSING GAME ON PC
MARCH OF EMPIRES,Posted  May          Product received for free  Game of War clone  Pretty bad quality  Doesn t work well on PC  Don t waste your time  These games are money wasting treadmills where you can never spend more money than the other guy   If you hate money and must play one of these games  play Lords Mobile  Least they put an effort in 
MARCH OF EMPIRES,Posted  April         Basically another clones of mobile Empire type game  You can play for free for a while  but later on when you got enough resources  you will be farmed by higher level players  The greed of the developer is seen by them throwing you in game purchase bundle EVERY SINGLE TIME you start the game  You can t disable the popup  And if you try to close it by pressing the X button  it will direct you to the bundle list page instead  Play if you have lots of time and don t mind to be farmed later  But if you don t burn your money  It s not worth it 
MARCH OF EMPIRES,Posted  December          Right now the game is increadibly not user friendly and filled with bugs if you connect from steam  There are really annoying stuffs like you can t scroll down because it takes years to do so and when you do and click someone after years it goes back to start  You can t also see who is online  you can t know if someone is active or not and its almost imposible to manage your alliance  There are also problems with chat sometimes you can t see or send messages and also disconnect issues   Unfortunetely I can add a lot more to the table because the list goes on     I hope that they will fix these issues soon because they are making the game really really hard to play  At this moment I can t recommend playing this game unless they fix those issues stated above 
MARCH OF EMPIRES,Posted  March         Great game but the only big negative is that you cannot restart over from beginning   i came back into my old account and i had nothing and i wanted to start in a new realm but there was no way to do that  also linking devices can be annoying 
MARCH OF EMPIRES,Posted  March         Except that it DOES NOT  have in game purchases for STEAM  its a great game 
MARCH OF EMPIRES,Posted  July         good
MARCH OF EMPIRES,Posted  June          nice game
MARCH OF EMPIRES,Posted  June         while the updates are frustrating and everyone complains about lack of support I still like to play this game 
MARCH OF EMPIRES,Posted  July          Awesome game  but in game purchases are broken 
MARCH OF EMPIRES,Posted  March          I wasted a lot of my life to this game  so if you don t find yourself anything to do in live  it s great choice to just skip your lifetime till you die 
MARCH OF EMPIRES,Posted  December          Pay to win  never play this 
MARCH OF EMPIRES,Posted  April          Pay to win
MARCH OF EMPIRES,Posted  April          Amazing game  
MARCH OF EMPIRES,Posted  May          This is a very hard and it is very P W  With that being said I have played this game for   years  Free havnt bought a single pack until recently  Everything in this game you can get from playing yes it takes longer  but its not like the other mobile games   Very addicting the combat system and stats on this game are amazeing and is fun to play around with I reccomend you try  It will be hard and you will lose everything time to time  but regrowing is just half the battle and you can meet really nice people 
MARCH OF EMPIRES,Posted  October    very satisfying and fun game
MARCH OF EMPIRES,Posted  June          This is my favorite  I have played them all 
MARCH OF EMPIRES,Posted  June          Love this game  my fav of all that I have played 
MARCH OF EMPIRES,Posted  February          damn cooooll
MARCH OF EMPIRES,Posted  February          Join an alliance for more fun
MARCH OF EMPIRES,Posted  July         AWESOME GAME 
MARCH OF EMPIRES,Posted  October          unless you want to spend hundreds you ll get no where fast  a guild helps but the game is prtty much the meaning of pay to win
MARCH OF EMPIRES,Posted  February          pay win
MARCH OF EMPIRES,Posted  October         You have to have thick skin to play this game  If you are sensitive person this game is not for you  Moderators do not stop bullying  I like this game because it is global  I make friends all over the world  There are different kinds of players in this game  attackers do best but supporters are needed also  You need to realize that everyone on your team will not be likable but you learn to work with them or your not going to make it 
MARCH OF EMPIRES,Posted  January         Product received for free  I love this game so you can explore all the knights and stuff that you need to collect  I will like to recommend you to play this  because it s all about the war on the maps if you get out of the region 
MARCH OF EMPIRES,Posted  February         You ll need to spend money at some point  but it s still a fun game 
MARCH OF EMPIRES,Posted  February         like this game
MARCH OF EMPIRES,Posted  January          Very nice game noy hard 
MARCH OF EMPIRES,Posted  January          try this game lot s of fun
MARCH OF EMPIRES,Posted  January          Simply brilliant   requires planning  cunning and patience
MARCH OF EMPIRES,Posted  January          if you love p w this game is for you  
MARCH OF EMPIRES,Posted  July          Just bad
MARCH OF EMPIRES,Posted  September         Product received for free  i over all love this game
MARCH OF EMPIRES,Posted  February                mobile game
MARCH OF EMPIRES,Posted  September          ver good geam
MARCH OF EMPIRES,Posted  August          very nice game
MARCH OF EMPIRES,Posted  April         a
MARCH OF EMPIRES,Posted     July       돊많 많읗멶 닿잏깋늖 겧읾  밻럲슿곻 뭫곻 갷팒
MARCH OF EMPIRES,Posted     February       현질 유도 심한 게임 입니다
MARCH OF EMPIRES,Posted     December       자꾸 온라인서비스 접속실패어쩌구저쩌구 라고뜸  
MARCH OF EMPIRES,Posted     May       이 겜은 겜사만을 위한 겜이다   절대로 추천하고 싶지 않다   또한 고객관리와 서버관리는 정말 쓰레기 수준이며 고객과 소통은 원천적으로 봉쇄되어 있는 돈먹는 쓰레기 게임   
MARCH OF EMPIRES,Posted     December       전체적으로 엉망이고 한국유저들에게는 너무나 불합리한 조건이 많음
MARCH OF EMPIRES,Posted     January  
MARCH OF EMPIRES,Posted     January        
MARCH OF EMPIRES,Posted     February       그냥 별로
MARCH OF EMPIRES,Posted     May       현질유도 심함
MARCH OF EMPIRES,Posted     June       당신이 한국인이라면 절대절대절대절대절대절대절대절대절대절대절대절대절대절대절대절대절대절대절대절대절대절대절대절대절대절대절대절대절대절대절대절대절대절대절대절대절대절대절대절대절대절대절대절대절대절대절대절대절대절대절대절대절대절대절대절대절대절대절대절대절대절대절대절대절대절대절대절대절대절대절대절대절대절대절대절대절대절대절대절대절대절대절대절대절대절대절대절대절대절대절대절대절대절대절대절대절대절대절대절대절대절대절대절대절대절대절대절대절대절대절대절대절대절대절대절대절대절대절대절대절대절대절대절대절대절대절대절대절대절대절대절대절대절대절대절대절대절대절대절대절대절대절대절대절대절대절대절대절대절대절대절대절대절대 이 게임을 시작하지 마십시오 윈도우에 깔려 있어서 재미로 입문했다가 피만 엄청나게 빨리는중임 자다가도 일어나서 방패했나 싶어서 일어나게 만드는 게임임
MARCH OF EMPIRES,Posted  April          한번 시작하면 빠져나올수 없는 중독성이 강한 게임  시간 많은분 추천       
MARCH OF EMPIRES,Posted  January          good
MARCH OF EMPIRES,Posted  April          시간 가는것도 모르게 지나갑니다 강력추천합니다
MARCH OF EMPIRES,Posted  May          Good game
MARCH OF EMPIRES,Posted  June    베리 긋
MARCH OF EMPIRES,Posted  February    접속불량 게임내 오류 접속오류 모든 오류를 보유하고 오류를 점점 늘려가는 업데이트 및 운영
MARCH OF EMPIRES,Posted  May          나는 많은 게임을 했지만  이 것처럼 미친 게임은 처음이다  최악의 시스템은 다갖추고 있다  하지마라 
MARCH OF EMPIRES,Posted  May          나름 할만 하네요 평가중 현질없으면 게임 못한다는 말들이 많던데   게임을 깊이 안해본 분들인듯       기본적으로 동맹가입하고 그동맹이 차지한 지역 성곽안쪽 으로 들어가 있으면 공격자체를 안받습니다 그리고 그게 아니더라도 게임을 하면서 단계별로 주는 미션클리어 아이템중 성보호용 아이템이 꽤 많습니다  즉 현질없이도 다른유저한테 털릴일이 별로 없습니다     보통의 웹게임 유저들이 그렇듯이 계정비정도 낸다는 마음정도로 라이트하게 현질하면서 게임을 해도 충분히 본전은 뽑을듯한데    다만 중국유조둘이 많은게 불안요소 경험상 중국애들 뭉쳐서 해적질하기 시작하면 감당이 안되서     
MARCH OF EMPIRES,Posted  April          일단 한번 맛을 봤다면    년간 끊을 수 없는 중독에 걸리긴한다  현질유도도 심하고 아마 당신은 개빡이 쳐서 게임을 접을수도 있지만 곧 올아온다에 내  번 메추리를 건다  하지만 결국 개노가다   상위동맹의 자원지점령   하위동맹의 비현실적인 게임활동은 이게임을 나락으로 만든다  하지만 당신이 현질과함께 랭커가 되어 상위동맹으로 간다면 할만할것이다  이게임의 본질이 그것인것 같다  이 게임이 안망하는 이유는 상위동맹원들의 엄청난 현질 덕분이라고 할 수 있겠다 
MARCH OF EMPIRES,Posted  December          이런류 게임으로는 상당히 괜찮은 편이다  페이투윈이라는데 어차피 이 게임에서  윈 을 하고 말고는 개인 단위가 아니라 동맹 단위로 결정되는 것이다  동맹이 정복하고  동맹이 이기고  동맹단위로 싸우는 것이다  개인 간의 싸움은 평화의 방패가 존재하기 때문에 게임을 휘뚜루마뚜루 대충 하는  사실상 유저라고도 할 수 없는 친구들 말고는 항상 공격불가상태에 있다고 봐도 되기 때문에  현질한 놈이 와서 패면 다털리고 쫑난다 라는 식의 이딴 개소리는 게임을 제대로 해보지 않고 겉만 핥은 놈들의 쓸데없는 넋두리라 할 수 있겠다  동맹의 군주가 되거나 전투사령관이 되어 정복에 나서겠다면 현질은 필수다  하지만 그런 앞장서는 사람들과 함께해 가며 병력을 지원해주고 또 자기만의 컨텐츠들을 즐겨나갈 생각이라면 현질은 선택이다 
MARCH OF EMPIRES,Posted  January          중국이 싫어지는 게임
MARCH OF EMPIRES,Posted  December          하지 마세요
MARCH OF EMPIRES,Posted  November              
MARCH OF EMPIRES,Posted  October          시간때우기 딱 좋은 겜임
MARCH OF EMPIRES,Posted  September          족같은 게임 
MARCH OF EMPIRES,Posted  June         잉여자들이 만든 쓰레기 게임
MARCH OF EMPIRES,Posted  May          운영 자체를 잘 못함  영구정지 당할 일을 한적도 없는데  그 이유를 물어도 운영하는 놈들은 이유에 대한 답변 의무가 없다고 지들이 더 짖어댐  그냥 하지마세요 쓰레기 게임임
MARCH OF EMPIRES,Posted  May          린저씨들이 좋아할만한 쟁 위주의 컨텐츠에 최적화는 최악이다  장비교환  교역  책갈피 사용할때마다 로딩이 다시되며 도무지 정을 줄래야 줄 수 없는 게임환경이다 
MARCH OF EMPIRES,Posted  March          오류도 많고 게임사에서 별로 관리를 안함 
MARCH OF EMPIRES,Posted  December         시간 가는줄 모르게 재미있어요   
MARCH OF EMPIRES,Posted  November          시간가는줄 모르게 제미있어요
MARCH OF EMPIRES,Posted  October          good play
MARCH OF EMPIRES,Posted  October         그냥 재미 있어요 
MARCH OF EMPIRES,Posted  September          양산형 한국 폰게임 
MARCH OF EMPIRES,Posted  September         이겜은 정말 하지말아야 할 겜이다  돈만 밝히는 겜사 정말 나쁜 놈들이다 
MARCH OF EMPIRES,Posted  August         go
MARCH OF EMPIRES,Posted  July          시간 가는줄 모르게 아주 재미나고 좋습니다
MARCH OF EMPIRES,Posted  July          차라리 모바일에 있는 라이즈 오브 킹덤즈를 하겠다      
MARCH OF EMPIRES,Posted  July          현질은 무지하게 유도하면서 접속상태는 너무 불안해서 수시로 끊기고 튕기고 처음부터 시작을 하지말아야하는 게임   
MARCH OF EMPIRES,Posted  May          gsdsdafsdfasfsafds
MARCH OF EMPIRES,Posted  April          fun
MARCH OF EMPIRES,Posted  March             
MARCH OF EMPIRES,Posted  March          필요없는 너무 많은 시간과 돈을 소모하게 만드는 게임 두가지 중에 하나라고 개선되었으면    그리고 부팅하는데 시간이 너무 오래 걸리고  시스템 다운이 자주된다  에러가 너무 많다 
MARCH OF EMPIRES,Posted  February           
MARCH OF EMPIRES,Posted  February         나름 간단 킬링타임 게임으론 괜찮고 잼있어요  하면할수록 서버렉인지 게임시스템 문제인지 점점 느려지고 끊키지만요    개선되겠죠 추천합니다   
MARCH OF EMPIRES,Posted  December          접속좀 가능하게 만들어주세요  어제부터 접속이 안됩니다 
MARCH OF EMPIRES,Posted  December          서버관리와  프로그램 버그가 엄청 많음  
MARCH OF EMPIRES,Posted  December          무슨 게임이 내가 클릭도 안한게 자꾸나와서 겜을 방해하고 지연 시키고 좌측에 알림창은 머 보낼때마다 기어 나오고클릭을 하면 나와야지      아이템 깔때는 한참 까고 있는데 다른걸로 넘어가고 지들 맘대로야  겜 다운되서 다 날라가서 개털려도 보상은 하나도 안해주고 돈써서 다시 복구 하라는거야 뭐야 복구하는데 시간이 얼마나걸리고 자원이 얼마나들어가는데  이건 완전이 게임어들 피빨아먹는겜이야 누가 한다고 하면 반대 절대반대 아예 시작을 하지 말아라
