title,review
ROLLERCOASTER TYCOON® 3  COMPLETE EDITION,Posted     September       The purpose of the Complete Edition is to allow for RCT  to be sold on Steam again under a new name and publisher after Roller Coaster Tycoon   Platinum was taken down by Atari a few years ago  This version is not a  remaster    This means that if you have previously purchased RCT  Platinum before it was removed from the Steam Store  you DO NOT need to buy this version of the game  The only major differences between Platinum and the Complete Edition are that references to Atari are removed and the game supports     x     resolution by default  other than that it is the exact same game as before   However  if you are like me and did not get the chance to buy RCT  Platinum on Steam previously  then this re release is for you   This game was one of the many games of my childhood and I am glad I can play it again after losing the original disks 
ROLLERCOASTER TYCOON® 3  COMPLETE EDITION,Posted     September       This is technically the same game as Platinum   except for the fact that it has support for HD resolutions and no Atari branding anywhere  If you don t have RollerCoaster Tycoon   Platinum   then I would get this   I see a lot of people complaining that it is essentially a copy of what we had before and it seems like a cash grab  However  Frontier now has the rights to the game again  which opens the possibility for updates in the future to enhance the game and fix bugs  upgrade it to modern tech     bit  multicore support    Now  it has yet to be seen if that will happen  so if you already own the Platinum edition that was for sale previously  I would hold on and see if any updates to come to life 
ROLLERCOASTER TYCOON® 3  COMPLETE EDITION,Posted    April This opened a door i thought was closed about    years ago 
ROLLERCOASTER TYCOON® 3  COMPLETE EDITION,Posted    April       The things I have done in this game are terrible
ROLLERCOASTER TYCOON® 3  COMPLETE EDITION,Posted     February       Just spent        USD to listen to  Summer Air      totally worth it 
ROLLERCOASTER TYCOON® 3  COMPLETE EDITION,Posted     March yes  more enjoyable than Planet Coaster in my opinion 
ROLLERCOASTER TYCOON® 3  COMPLETE EDITION,Posted     December       was cool and all of a sudden it was   a m 
ROLLERCOASTER TYCOON® 3  COMPLETE EDITION,Posted    July Don t be fooled by the    hours of playtime   I ve been playing RCT  since it first came out  and after several re purchases  from disc to digital  I can conclude that this old game is still gold  It may not be as pretty as Planet Coaster  but it simply has more content  You can t make Water Parks  Zoos  or custom fireworks shows in PlanCo   If you prefer more realistic graphics and physics  by all means buy Planet Coaster  RCT  simply has better gameplay 
ROLLERCOASTER TYCOON® 3  COMPLETE EDITION,Posted     February       Great game  very fun  however I was hoping they would add something new to it when releasing it in       the original game came out in       There is also the bug that the side friction coaster displays a very inaccurate description  I would like to say that this game is likely not for everybody  I feel like a large part of it is nostalgia  even though I first got it in       and I don t know how it compares to more modern games like coaster planet  I do wish there was multi player options  but as far as I know it is just a solo game  Overall great game  made me forget how lonely I am       
ROLLERCOASTER TYCOON® 3  COMPLETE EDITION,Posted     December       The Roller Coaster Tycoon franchise has been a bit like a roller coaster itself  RCT  was the chain lift  bringing everyone up to the top of the world  while RCT  was more like that first plunging drop  the one you go down screaming the whole way with excitement  Both were great games  both are games that are hard to top   RCT  can t quite beat them  RCT   to use the coaster analogy above  is like the loop right after the big drop  It s exciting  it s a bit scary  it makes you want to try it again  and you remember that part of the roller coaster for years afterward  But without the chain lift and without the first drop  you have no momentum to make a loop like that  RCT  is built upon the great ideas of the first games  but in the conversion to  D  some small amounts of the charm have been lost   Don t let the few hours I ve played fool you  I bought this on Steam for the expansion packs  because my ancient retail CD was just the base game  and I played thousands of hours of RCT  before losing the disc   So  what is the good  the bad  and the ugly of RCT    The Good   As the game is older  the price is great   It doesn t matter if your computer only has integrated graphics  it ll run RCT  quite well   Riding the Rides is a good novelty   This comes with the Soaked and Wild expansion packs  which allow you to build pools and animal enclosures respectively  along with packing in a bunch of new rides   Has a great sandbox mode where money is not a problem  letting you build crazy cool parks   Has great scenarios that can be a challenge        kid friendly   Has a scenario builder so you can create your own challenges  Great for when you want Sandbox with Money Management  for example  or when you want to give yourself a real challenge   The Bad   Riding the Rides is a novelty  and that novelty wears off quite quickly   While it ll run on everything  there s a reason for that  and that reason is the graphics are dated  For people like me  who don t care about graphics so long as the game is fun  this won t be a problem  but if you re someone who needs photo realistic textures and ray tracing to enjoy their game  this is not for you   Expect to look a lot of things up because this comes from an era where tutorials were optional and didn t always include everything you should know  Luckily  the game is old  so a ton of information is out there   While the game will tell you that your guests are hungry thirsty looking for a toilet  it won t tell you exactly where the problem is  This can lead to frustration if you ve spent hours making the Junk Food Market in the middle of your park  but guests that won t quit riding Awesome Coaster   are getting hungry in the far corner of the park and complaining about it   The Ugly   Terrain editing is a bit unintuitive  This sounds like a minor thing until you realize that a sandbox park is just a flat surface to build on  If you re wanting to theme an area  or even just cheese the support height limits for a roller coaster  expect frustration   Some of the scenarios will make you scream in frustration   Peeps  the people riding your roller coasters and flat rides  are stupid sometimes  This stupidity also extends to your park employees  If you notice dozens of rides breaking down  animal enclosures not being fixed  pools getting filthy  paths covered in puke and litter  or any other signs that your employees aren t doing what they need to do  have a look in the Staff Management window for glitched out janitors and mechanics  Pick them up and drop them on a path   Some micromanagement will be required  If you hate this  it s going to ruin your day  Rides will break down  Peeps barf all over your park  litter stacks up  and the bigger your park is  the more you re going to have to use the Patrol Area tool to assign your mechanics and janitors to areas of the park  Animals will  given proper food and space  breed more animals  Keep an eye on this or you ll soon find an enclosure that was perfect for the couple of lions you had is now packed too full with lions that aren t happy   If you re used to how tycoon games typically work  Lots of micromanagement  building things here and there  and spending a few hours now and then trying to figure out why what you did won t work   RCT  is a good choice for you  If you want a great roller coaster building game that you can run on just about anything  RCT  is a decent choice  If you ve wanted to build an awesome theme park  you ll probably enjoy RCT   If you played RCT  a few years ago and can t find your old discs anymore  this will give you a good nostalgia hit and leave you smiling for a few hours  If  however  you re looking for the glory days of RCT   you ll have to get that game instead   Also  if you need to scrub the rotten taste out of your mouth after playing any of the later RCT titles  anything released after RCT    this works great   Oh  and a word to the wise  if you get motion sick easily  don t ride the rides in this game  Some of the coasters you might build could very well recreate the Peep experience at home  and the janitors in game make cleaning up vomit look way easier than it actually is  Also  while this game doesn t support VR  I d also recommend against trying to make it work with VR  The camera controls by themselves might make you motion sick  and riding any of the coasters is a one way ticket to worshipping the porcelain throne 
ROLLERCOASTER TYCOON® 3  COMPLETE EDITION,Posted  August   kill the park guests do it now do it now do it now do it now
ROLLERCOASTER TYCOON® 3  COMPLETE EDITION,Posted  November          nostalgia  first game i ever played 
ROLLERCOASTER TYCOON® 3  COMPLETE EDITION,Posted  September          There is not much I have to say      hours in and I am pleased as punch 
ROLLERCOASTER TYCOON® 3  COMPLETE EDITION,Posted  April    good for my potato computer
ROLLERCOASTER TYCOON® 3  COMPLETE EDITION,Posted  April         This game is literally my childhood  Played it when I was about    and I m still playing it to this day  I believe I will literally never tire of this game 
ROLLERCOASTER TYCOON® 3  COMPLETE EDITION,Posted  March          For people who havethe  Mouse stuttering  issue  Turn your mouse polling rate down  I had to set mine to    hz to run the game with no stuttering  It s a common issue in a few DX  titles  used to happen a lot to me in smite but they ve since fixed it  i think   and i can run     hz no problem in smite  But of course since THIS game it s an issue that most likely won t be fixed you need to turn your polling rate down  Hope that helps  Also to actually review the game  It s RCT  lmfao  of course it s going to be a positive review  even if it is rose tinted 
ROLLERCOASTER TYCOON® 3  COMPLETE EDITION,Posted  October          No big groundbreaking changes for this remaster of the Platinum Edition  but what you do get is a far smoother gaming experience  Earlier this year I rediscovered the Platinum Edition  originally built and released during the Windows   era  Running Windows     I found that RCT  Platinum had a tendency to suffer extreme lag as parks got bigger  and this Steam release all but eliminates that problem  Your mileage may vary depending on what you re running  but for my experience as a fan since the earliest RCT  release  it s a welcome opportunity to return to a longtime favorite 
ROLLERCOASTER TYCOON® 3  COMPLETE EDITION,Posted  May   If you played this game    years ago like I did  and loved it  Do yourself a favor and buy this game  It is EXACTLY the same   except it runs faster now  I bought this game like   days ago  and I ve already logged    hours  Have fun ya ll   
ROLLERCOASTER TYCOON® 3  COMPLETE EDITION,Posted  September         This is a classic game  It never gets boring because you can create so many types of theme parks and rides  In some ways I like it even more than Planet Coaster  Sure the graphics are a little cruder  but being able to build a theme park including a water park and a zoo makes this game a little superior to me  I think if you are not a master builder and cannot be bothered to spend   hours to build a single station building then this is the game for you 
ROLLERCOASTER TYCOON® 3  COMPLETE EDITION,Posted  May          A classic   Unfortunately some people are looking at this with modern tainted lenses  Of course the UI isn t going to be to the standard of modern games like Planet Coaster   But if you want an actual park management game then get this  If you wan t a coaster designer get planet coaster  Although this game has a limited ride designer as well 
ROLLERCOASTER TYCOON® 3  COMPLETE EDITION,Posted  March    General ratings first then the review         Graphics        You forget what reality is   Beautiful   Good   Decent   Bad   Don t look too long at it   MS DOS       Gameplay        Very good   Good   It s just gameplay   Mehh   Watch paint dry instead   Just don t       Audio        Eargasm   Very good   Good   Not too bad   Bad   I m now deaf       Audience        Kids   Teens   Adults   Grandma       PC Requirements        Check if you can run paint   Potato   Decent   Fast   Rich boi   Ask NASA if they have a spare computer       Difficulty        Just press  W    Easy   Easy to learn   Hard to master   Significant brain usage   Difficult   Dark Souls       Grind        Nothing to grind   Only if u care about leaderboards ranks   Isn t necessary to progress   Average grind level   Too much grind   You ll need a second life for grinding       Story        No Story   Some lore   Average   Good   Lovely   It ll replace your life       Game Time        Long enough for a cup of coffee   Short   Average   Long   To infinity and beyond       Price        It s free    Worth the price   If it s on sale   If u have some spare money left   Not recommended   You could also just burn your money       Bugs        Never heard of   Minor bugs   Can get annoying   ARK  Survival Evolved   The game itself is a big terrarium for bugs                                                             RCT   is one of the best time wasting strategy game out there and with the Complete Edition which has Soaked and Wild expansions you can easily waste hours and hours managing some of the best amusement parks that we all wish we had near our cities   Graphically it s pretty decent at least now back when it released it was pretty dope having reflective water and some of the light effects were a blast to checkout and manage especially the fireworks which you can create and edit however you want   Audio wise it s ok there is nothing amazing about it tho the soundtrack is quite chill and relaxing depending on which of the in game songs you choose and you can also import your own songs or music and have it play in game which is pretty nice   Now the gameplay that s where it really shines  The game lets you freely create and design most of the coasters transport rides but also pools wildlife zoo s and pretty much create a waterpark filled with sketchy and insane rides   You can edit fee s taxes manage employees that clean or repair rides shops can sell their default items or you can mix them up in some custom shops that are brilliant to easily get money and never go bankrupt   Most rides also feature custom blueprints you can either download online and then just put them into your park or just save yours and upload those really boosting creative rides and experiences which also you can enjoy because the game lets you use a cinematic camera that will follow the ride and you can pretty much experience what horrific or absolutely insane ride you created   There isn t really any story you can just enjoy the campaign that each of the expansions and the main game has or just play a custom sandbox where you really can go wild with your imagination   Sadly the game has quite a few bugs some are just visual bugs others sometimes can crash the game so do save a bit regularly cause you never know what might break the game I had a scenario where I tested a launch ride with over     km h and when the ride flew out in space the game just froze and crashed   Overall tho Roller Coaster Tycoon   is still one of the best park management games out there and now that it s on Steam it s definitely worth a try a solid strategy game that might never get too old   If you liked the review and want to find even more content reviews or just support me you can do it on my Patreon  
ROLLERCOASTER TYCOON® 3  COMPLETE EDITION,Posted  September          I never thought I d see the day that this game returned to Steam  Thank you  Frontier  and may we never speak of Atari again 
ROLLERCOASTER TYCOON® 3  COMPLETE EDITION,Posted  April          Good game  Planet Coaster before Planet Coaster  Get it if it s on sale tho  Bit pricey for a ten fifteen year old game with widescreen 
ROLLERCOASTER TYCOON® 3  COMPLETE EDITION,Posted  June         Dude  Nostalgia waves for hours  I remember being so very excited for a Windows XP and this game  I would ask for expansion packs on my birthdays  and my brother and I would play and dream about theme parks throughout most of our childhood  This game was an inspiration and a great joy to play for many years  and I am glad to see it in its complete form again with the upgraded aspect ratios  I have never been able to play it so fluidly and have it load so quickly  Yes  it may be from an older era of graphics  and people have been saying that their water glitches really badly    which it did  I decided to just downgrade the water quality in my settings and now I don t have any problems  Who really needs water to reflect everything perfectly  And who needs to see the bottom of a lake  Do you see every inch of a lake bed in reality  Nope  I would recommend those who grew up with this classic to pick it up  but it may me underwhelming to any new players who never enjoyed it in their childhood  The grid building style and management aspects are enjoyable to me  but it isn t for everyone  I m sold 
ROLLERCOASTER TYCOON® 3  COMPLETE EDITION,Posted  July          This is simply a re hash of RollerCoaster Tycoon    Platinum that was rereleased for PC on Steam   Remember when RCT  was removed by Atari   Anyway  this version definitely plays better than the original release  Bugs are far less common  the game runs smoother and has a more stable framerate  and is generally better optimized   There are a couple of cons  terrain editing can still be aggravating  so be meticulous when you do it  the game will screw up paths at the slightest movement during terrain manipulation  and it can be an nightmare to fix   Also  it may just be me  but the Janitors seem to be less effective  Had to hire a lot more  and actually make use of patrol areas   BIGGEST PRO  This version supports custom content exactly as the old versions did  so if you have custom scenery  CTRs CFRs  and the like  they will be perfectly playable here  Just make sure you reinstall them right   Honestly though  I m biased towards this game  I ve gotten well over thousands of hours into the disc retail release of this game  and it s in my top    favorite games of all time  So you ll get glowing praise from me   I recommend this game to anyone with a creative mind  Sure  Planet Coaster exists  but this game is a LOT less demanding and has a MASSIVE modding scene  Definitely the most worthy compromise you can get 
ROLLERCOASTER TYCOON® 3  COMPLETE EDITION,Posted  September          I can still see myself    years ago  making complicated roller coasters that eventually caused chaos each time or water slides that were infinitely long  Good times   Rollercoaster Tycoon    Complete edition comes with the extra large expansions  which is very useful as there is a mode with infinite resources  so many items  attractions  and so much more that you can spend your infinite resources on  Just to mention   example  there are more than    stores  There are plenty of items available to turn your theme park into a nature park  or a wildlife park  or a super sized water park  the choice is in your hands so it s up to you to show your creativity through Rollercoaster Tycoon   Don t forget that you can use the  coaster cam  for each attraction  this allows you to experience each attraction via a first person camera  which provides very cool visuals  this would also be great in VR   In short  the game has the relaxing way of building with a nice overview where everything is quickly via click reach   Here is a timelaps of the park that i am building YouTube  Video  Starting my Theme park in  rollercoaster tycoon    complete edition  
ROLLERCOASTER TYCOON® 3  COMPLETE EDITION,Posted  February          Best Final Destination   Simulator EVER 
ROLLERCOASTER TYCOON® 3  COMPLETE EDITION,Posted  November          Product received for free         people died
ROLLERCOASTER TYCOON® 3  COMPLETE EDITION,Posted  April         A resale of an already broken version of the game  This is pure and simple the Platinum  edition but now somehow with more game breaking issues  If you already own a copy of RCT  somewhere else you then play that version as this still doesnt support anything higher than     p and still has the infamous framerate mouse stuttering issue from the Atari Port  Dont get me wrong  i love the RCT series but this just simply doesnt work right now 
ROLLERCOASTER TYCOON® 3  COMPLETE EDITION,Posted  November          I used to play this every day back in middle school  I d sit in front of my old PC for hours designing my perfect amusement park   Granted I didn t really know what I was doing but I still remember loving every minute of it  Finding it back on Steam after all these years and the nostalgia hits the same as it did then  Now when I get home from work I ll sit back down and hop into a RCT park to unwind and relax  It s such a fun and timeless game I can t recommend it enough 
ROLLERCOASTER TYCOON® 3  COMPLETE EDITION,Posted  September          Very much a barebones port of the original  But unlike the original it runs great on modern hardware  if you dont own the original digitally and want to play it this is deffinitely worht a buy
ROLLERCOASTER TYCOON® 3  COMPLETE EDITION,Posted  April    One of my childhood games  I still remember playing this on my old Intel core duo cpu and with a Radeon      
ROLLERCOASTER TYCOON® 3  COMPLETE EDITION,Posted  March    I have spent   hours playing it right after I bought it and it felt like   mins  I love the nostalgia of this game 
ROLLERCOASTER TYCOON® 3  COMPLETE EDITION,Posted  September          bought this game yesterday for        log on to my pc and got a notification from EPIC games that this SAME game is FREEEE till October  st     
ROLLERCOASTER TYCOON® 3  COMPLETE EDITION,Posted  February          Had this game growing up and it s just as fabulous as I remember it being   I m so glad I can play it again 
ROLLERCOASTER TYCOON® 3  COMPLETE EDITION,Posted  April          ah yes  the game where you can commit major public safety felonies  or build a theme park that wont scam someone out of their money  i used to own this game on disc years ago  but of course modern systems rarely ever have disc drives  don t mind the     hours played on here  easily       hours on the disc years ago  please buy this  you are doing yourself a disservice by not buying this game 
ROLLERCOASTER TYCOON® 3  COMPLETE EDITION,Posted  September          Product received for free  My name is Leah  I have had   copies of this game in total and I have never regretted it   This review will highlight the cons and pros of RCT   Roller Coaster Tycoon     if you do not like reading long reviews I recommend passing on my review  That being said I will give my honest personal opinion and history with this game  my first copy was in       the original physical copy which I at the time played on my Dell laptop  The graphics for a game made in      were astounding  more so the gameplay and money managing aspects of this game really nailed it  Not only does this game teach young kids money management but it also teaches it in a manageable bite sized portions  you screw with the loans and you go bankrupt  you get greedy with that new coaster and you go bankrupt  To mention the varieties of coasters is just breath taking  from the Air Powered Coasters to the Wooden Coasters and everything in between you have every type you ll need   The coaster customisation is amazing to say the bare minimum  You have the options to color your tracks in   ways   Top Icon is the rails  Left is the sides and Right is the supports   Alongside being able to make the actual coaster multicolor you can do the same for your cars  It s all there from music to lift chain speed  By default the music will be excessively loud but it s quite easy to configure in comparison to other games   Anyway here are the pros of the game    Great Customisation   Astounding Variety of coasters  food and drink    Decent graphics   Teaches money management   Doesn t cost as much as a triple A game of the same quality   Includes all the DLC packs    Sandbox mode   Campaign mode   Can see the coaster in FP   Very goofy at times  making        KPH coasters  No finish Coasters       G coasters   cons of RCT   Complete Edition    Outdated soundtracks   Glitchy when expanding to x  the average park   Campaign takes time to progress   Campaign is too easy   The last good iteration of RCT  Hope this was helpful    Leah Vermeylen
ROLLERCOASTER TYCOON® 3  COMPLETE EDITION,Posted  April          I really  really wanted this to work  I ve more than recouped my nostalgia pool on the original two RCT games  what with the fantastic OpenRCT  mod out there  and was really looking forward to playing through this game again  on a modern system   Everything goes well in this until you try to operate the camera    an essential function  no doubt  Soon as you do  the frame stutter kicks in and the game becomes relatively unplayable  at least by the standards I had set for it   This current iteration is non functional as is on the steam store  It also bearing a      copyright in the title screen means someone s updated it recently  so until they push a fix for the issue  don t let them peddle a broken game 
ROLLERCOASTER TYCOON® 3  COMPLETE EDITION,Posted  February         This is exactly the kind of nostalgia I was looking for when I saw this game was on Steam  If you re looking to pick RCT  back up then I wouldn t be put off by the negative reviews  but do note the following    While the resolution now goes up to     p  the UI doesn t scale   There is a bit of stuttering  mostly when your parks get a bit bigger  though this was always an issue for me back in the day and it s not too noticeable   I would buy it on sale  for me nostalgia is only worth so much   I picked it up for a fiver in the Lunar New Year sale   Overall I recommend 
ROLLERCOASTER TYCOON® 3  COMPLETE EDITION,Posted  October         If you have RCT  Plat you pretty much have this Minus     P Support  The reason this is here is beacuse of atari not allowing Plat being sold so they could avoid paying Frontier  The REAL devs of RCT   for unpaid sales of RTC  Plat  This is the same game just you can buy it again  For those who missed out its great since its more or less RCT  in  D  with a few new bells and whistles 
ROLLERCOASTER TYCOON® 3  COMPLETE EDITION,Posted  September          I used to play rtc  platinum when i was     I am happy that a version of it is back on steam 
ROLLERCOASTER TYCOON® 3  COMPLETE EDITION,Posted  May    Good for my potato computer
ROLLERCOASTER TYCOON® 3  COMPLETE EDITION,Posted  January         crack cocaine   
ROLLERCOASTER TYCOON® 3  COMPLETE EDITION,Posted  April         It is an up to date  less crash prone  and widescreen compatible verion of the Platinum Edition  If you are wanting to have all the features in Platinum  but cannot buy it digitally  this is the best choice for you 
ROLLERCOASTER TYCOON® 3  COMPLETE EDITION,Posted  June    This game is iconic  I m so glad to have found it on Steam  It runs really well and though the graphics are aged  I have never saw this game with such good quality  I will now be spending many hours replaying this game for the hundredth time
ROLLERCOASTER TYCOON® 3  COMPLETE EDITION,Posted  May          I used to play this game back in the day when i was younger and had it on CD  Sadly I lost the game  and couldn t play it for years  Decided that I will buy the game once again  Right now I ve been playing it for hours already like i used to back in the day  If you wanna play a  old  game where you can build your amusement park  then you should totally buy it  Need to get used to the controls again tho  But that s my problem 
ROLLERCOASTER TYCOON® 3  COMPLETE EDITION,Posted  September          TBH  my rating is biased because this game was my childhood  Not much has changed from Platinum  not even   bit support surprisingly  RCT   Complete Edition isn t a bad game  its just that people kinda expected more from a  remaster  with a     price tag  Am I disappointed  Slightly  But IMO this re release is aimed at the people who   A  Cannot afford Planet coaster B  Have nostalgia for the first game or C  Don t already have RCT  but want it  So if you re going in expecting massive graphics upgrades  you ll be disappointed   But if you just want to experience RCT  again after    years  or if you want a  d theme park game but can t afford PlanCo and its expansions  I think you ll love this  EDIT  Changed remaster to re release  because its purpose isn t really a remaster  more of a re release 
ROLLERCOASTER TYCOON® 3  COMPLETE EDITION,Posted  February          why do they vomit so much  could you imagine going to disneyworld or disneyland and everyone everywhere is just violently vomiting on the floor and grass and just keep walking around  what kind of post covid nightmare is this  anyway      i like rollercoasters 
ROLLERCOASTER TYCOON® 3  COMPLETE EDITION,Posted  September          RollerCoaster Tycoon     Complete Edition  In summary  this was a kind of game that you would have in your childhood  which is a good one  Rollercoaster Tycoon   was the first edition of the Rollercoaster Tycoon series that featured an actual  D gameplay  rather than  D like Rollercoaster Tycoon   and    which have been quite successful in the past  which still is in newer reboots for modern systems and Mobile  which I would highly recommend on the go     The Graphics are dated indeed  however  it still holds the memories    You can ride all your Rides and Rollercoasters for the first time    A very rememberable soundtrack  many variety    Multiple themes to Typical Parks to Spooky ones    Expansion packs that were legit and not a cash grab  To Zoo s and Waterparks included    Firework Mixer   The  James Hunt  cheat to spawn a Jeep to drive and run over people    Death Wooden and Speed Coasters to demolish guest for fun    The Park Inspector that you would torture or put in a animal enclosure    Last but not least  the last successful and rememberable game of the Rollercoaster Tycoon Franchise   Now with the Complete Edition compared to the Platinum Edition  there was a licensing disagreement which caused this to be re released  Now  I expected this as a remaster  it s not  it s a re release with     p support  which I certainly am happy to use this on my     p laptop  However  I do have a issue that no higher resolutions are a option to pick from  why  I hope there s a chance of a update or a configuring to enable     p or even  k  you take the time to add     p why stop there   It s still nice though  the game can be bought again  Now for a price point of     if you had the Platinum  this is a good buy or pass honestly  it s more directed to     p resolutions with little to no changes  Though  if you never had the Platinum  yes  this is a certain buy 
ROLLERCOASTER TYCOON® 3  COMPLETE EDITION,Posted  August    As good as you remember   I really like that it doesn t have hyper capitalistic biases  You economy does not crash because you paid more to your workers  you made water and toilets free  You earn a little less  your workers quit less  your customers are more happy 
ROLLERCOASTER TYCOON® 3  COMPLETE EDITION,Posted  January    finally i can live out my slightly maniacal rollercoaster fantasies in a decent enough game that won t make my clunky ass laptop melt  thank you frontier developments  aspyr  mac 
ROLLERCOASTER TYCOON® 3  COMPLETE EDITION,Posted  October         gf and i build a theme park together good game and has been for   decades   
ROLLERCOASTER TYCOON® 3  COMPLETE EDITION,Posted  October          The same great game I remember  and now it works on    bit mac OS Catalina too
ROLLERCOASTER TYCOON® 3  COMPLETE EDITION,Posted  January         This has always been a favorite of the RollerCoaster Tycoon trilogy  Wish they had continued with these 
ROLLERCOASTER TYCOON® 3  COMPLETE EDITION,Posted  January          roler coadster
ROLLERCOASTER TYCOON® 3  COMPLETE EDITION,Posted  September          The guests couldn t wait to try out bowling  little did they know they were the pins           Best Bowling Simulator      
ROLLERCOASTER TYCOON® 3  COMPLETE EDITION,Posted  October          every park must have the roaming gorilla who queues for rides  it is important
ROLLERCOASTER TYCOON® 3  COMPLETE EDITION,Posted  January   I am obsessed with this game and completed all of the scenarios  I didn t play this when I was a kid for some reason  and I m about to go back to the beginning and play     which I heard is even MORE fun   If you love city builders  logistics puzzles  making peeps happy  and maximizing profits  you ll love this game  
ROLLERCOASTER TYCOON® 3  COMPLETE EDITION,Posted  June         After all this time  this game still holds up   I played this game when I was much younger  back when mainstream gaming was good and indie was still in its infancy  I wasn t very good at managing my parks or designing rollercoasters back in the day  but I enjoyed every minute of it  The visuals are somewhat dated  but still serve their function well and hold up better than other entries in the series   Designing parks  creating rollercoasters  even the little things like interacting with guests and creating your own parkgoers makes this a fun experience that has been well worth my time  I have yet to complete every scenario with Tycoon  but I look forward to it       
ROLLERCOASTER TYCOON® 3  COMPLETE EDITION,Posted  November         This game came out in      and you can definitely tell  If you re like me and buying because of nostalgia  go for it  If you ve never played it  I d say pass   get Planet Coaster  if you have tons of free time  or Parkitect  if you don t  instead 
ROLLERCOASTER TYCOON® 3  COMPLETE EDITION,Posted  March    This game is still by far the best theme park game I personally ever played  It is just relaxing to play and isn t stress full  lets you create your own maps  scenarios  amusement parks  and roller coasters  The game was at least to me very intuitive to learn without the tutorial  Graphics are a bit dated compared to modern games but lets keep in mind this is an old game  Personally I think the graphics hold up pretty well to this day  My only negatives  some buildings wont level to the ground unless the terrain is      perfectly flat  Bloom seems to make everything very very bright  turning this setting off at least fixes the issue  That s all i really got to say about the game  I know I do have low play hours on steam for this game  but I have played this game in the past years ago before getting the game again on steam 
ROLLERCOASTER TYCOON® 3  COMPLETE EDITION,Posted  April         We all  mostly  read the reviews before purchasing a game  we read the negative and hope that when we play    we will not get the same bugs negative issues that others get  Well  unfortunately the stutters  water flickering  lag is all apparent in my game too  Its such a shame as I loved playing Rollercoaster Tycoon as a teen  but trying to rotate camera or move around the map causes way too much issue to actually enjoy the game  I have Planet Coaster which is an AMAZING game  highly recommend  but just wanted to chill a little in something more old school  I really hope that they patch some updates so make this playable  and I shall eagerly await that day    So    not recommending this game until such day 
ROLLERCOASTER TYCOON® 3  COMPLETE EDITION,Posted  December          you forget how well this game was designed that once you play it again  its yet AGAIN highly addictive   
ROLLERCOASTER TYCOON® 3  COMPLETE EDITION,Posted  April         I downloaded this to have a relaxing game  It is perfect for what I wanted 
ROLLERCOASTER TYCOON® 3  COMPLETE EDITION,Posted  September          Originally released nearly two decades ago  RollerCoaster Tycoon   is perhaps still one of the best theme park building games of all time  going toe to toe with titles like Planet Coaster  which   fun fact   was made by the same developer  with its sheer amount of content  including pools and animal exhibits  and rich park simulation mechanics  More so than its predecessors  RollerCoaster Tycoon   puts a heavier emphasis on creative  sandbox style gameplay with improved terrain editing tools  features like custom firework displays  billboards  and importable music  a revamped scenario system that punishes you less for coloring outside the lines  and of course  the ability to view your park from all angles in  D space  Although the  D graphics aren t quite as impressive by today s technical standards  the art direction is still pleasing to the eye and it s easy to spend hours making your park look as beautiful as possible  This aspect of the game can be extended even further by installing some of the wealth of custom scenery objects available online  giving you even greater freedom to design the theme park of your dreams  There are still a few issues with this port though  like the lack of support for resolutions higher than     x      and the fact that the image browser for custom billboards still refers to a system directory that was removed all the way back in Windows Vista  but it s easy to solve these problems if you re willing to do a little bit of tinkering around            A must if you like games where you design things and like theme parks at all in the slightest 
ROLLERCOASTER TYCOON® 3  COMPLETE EDITION,Posted  September    I just got this yesterday and I m already writing a review because I LOVE this game  People might say the graphics are dated but if you look past that its a insanely better rct   and    so many more rides  zoos  water parks  a bunch of weird but cool roller coasters to build  and much more  I used the have the platinum version but it wasn t as optimized as this version  If you love the first rct games and haven t played this  I would say give it a try       
ROLLERCOASTER TYCOON® 3  COMPLETE EDITION,Posted  January          Classic Game that helps kill time while drinking a beer
ROLLERCOASTER TYCOON® 3  COMPLETE EDITION,Posted  September          As much as I want to recommend this  I mostly can t  I ve got        hours in RCT  and absolutely love the game to death  I can t tell any difference between this Complete Edition and the Platinum Edition that was pulled from the Steam Store  The game was just upscaled to     p and things like menu and font sizes weren t even increased to compensate for the larger resolutions   If you don t have RCT  and always wanted it  it s worth      Otherwise it s a hard pass  Easy refund 
ROLLERCOASTER TYCOON® 3  COMPLETE EDITION,Posted  October         A rebranding of RCT   Platinum Edition  minus the Atari logos  but with     p support  Beyond that it is still the same great game that it was  fun  challenging  enjoyable  nothing too serious  If you want an easy to get into game  this is worth a punt  If you already own RCT  Platinum  it s a release you could live without  unless you have to have HD support 
ROLLERCOASTER TYCOON® 3  COMPLETE EDITION,Posted  November                great old game Yes  it has a few Glitches that are tricky to come by when building   mostly for beginners  Game is from       that shows a bit  Otherwise better than most similar Tycoon types out there        Buy in SALE 
ROLLERCOASTER TYCOON® 3  COMPLETE EDITION,Posted  August    i love build park
ROLLERCOASTER TYCOON® 3  COMPLETE EDITION,Posted  July          very nostalgic    
ROLLERCOASTER TYCOON® 3  COMPLETE EDITION,Posted  October    I love charging     for a bottle of water
ROLLERCOASTER TYCOON® 3  COMPLETE EDITION,Posted  September          I got a refund  looks bad on ultrawide  The screenshots and trailer looks better than it is  I do not think its worth the price  I would rather play parkitect or planet coaster   
ROLLERCOASTER TYCOON® 3  COMPLETE EDITION,Posted  September          Is Frontier f   kidding  They added     p Support and that is literally all they did  No Widescreen Support for  k   k or Ultrawide  The UI is not adapted at all  no Cloud Saves and no Achievements  Even old bugs are still present   This is the laziest Remaster I ve ever seen and I ve just witnessed Crysis Remastered  Just don t buy it if you somehow already own the original 
ROLLERCOASTER TYCOON® 3  COMPLETE EDITION,Posted  October          Love this game  Reminds me of my childhood  My kids are enjoying it as well  It s much simpler than Planet Coaster which makes it better for just relaxing  My daughter likes to experiment by making paths that lead no where 
ROLLERCOASTER TYCOON® 3  COMPLETE EDITION,Posted  September          I ve had this for ten mins and I already hate it     the fonts and menu s are SO SMALL you can t read or distinquish what the hell they are      What were they thinking   I got a headache from trying to read the menus  I wouldn t want this for free    
ROLLERCOASTER TYCOON® 3  COMPLETE EDITION,Posted  June          Having played the original game some years ago on an earlier Windows platform  I loved the game and spent hours  days weeks and months setting up my theme park  It worked fine then with very few glitches  However  I have recently purchased the  complete edition  from steam and at first I enjoyed once again setting up the game  The graphics appear to run without a problem  but the music and sound  although appears OK when the game starts  after about    minutes of play becomes garbled and jerky  I know it is not my PC   it is a brand new Dell Desktop with Nvidea card and   GB of memory   I do not have any problems with my sound on all of my other games or music programmes that I have   so I am very disappointed in this games  new  sound performance
ROLLERCOASTER TYCOON® 3  COMPLETE EDITION,Posted  December          Saw that this game was re released in       so I thought I would give it a try since I was a HUGE fan of the original  I honestly can t say how this game plays because the user interface is completely too small to actually play it  I don t want to have to squint and hunch forward in order to see what is on the screen  I honestly can t believe they didn t think to make the UI more compatible with modern setups  considering that they re released this game a year ago  The font and icons are just ridiculous  I only paid       for the game  so I m not as furious as I would be if I paid the full        but this may end up as another game I have on Steam that never gets played   If you have ANY sort of eyesight issues  STAY AWAY from this game 
ROLLERCOASTER TYCOON® 3  COMPLETE EDITION,Posted  July    Bought it out of nostalgia and still love it the same  Just need an easier way to undo some things   like big structures that require you to delete each tiny bit and levelling the terrain  I hate unintentionally creating massive peaks and trenches and then I can t level the land   Edit  It helps to toggle on terrain grid  contour lines and terrain transparency when smoothing terrain    
ROLLERCOASTER TYCOON® 3  COMPLETE EDITION,Posted  September          Up front  if you already own Platinum Edition from a couple years ago before it was taken off of the store due to Atari being Atari  this doesn t have a whole lot of improvements in comparison to make it worth it to upgrade for most people  While I don t mind too much  I do think a couple more quality of life improvements wouldn t have hurt to justify getting a more recent version   That being said  if you never had a chance to own it or had a disc but lost it  this is still one of the best theme park games out there  RCT  with all of it s included expansions has a ton of content on it s own  It s a little bit dated on the graphics as this is still a game that came out    years ago  but turning the settings to max and setting the draw distance and LOD sliders to max can still make beautiful looking parks  especially at night   and the rest is charming in its own way   Compared to Frontier s other popular roller coaster game franchise  Planet Coaster has a more free form approach while RCT  uses a grid based system for just about everything like the older games in the franchise  I personally like working with grids more as it s less of a hassle to line things up to look good so this is a positive for me  but someone who prefers absolute freedom in placement would better like Planet Coaster instead   For what it s worth  I m still having fun with this game all these years later  And I m sure anyone even mildly interested in making a theme park to either trill or torture guests will find a lot of enjoyment out of this to this day 
ROLLERCOASTER TYCOON® 3  COMPLETE EDITION,Posted  December          I can t even begin to explain how much I love this game    so glad it s back on Steam 
ROLLERCOASTER TYCOON® 3  COMPLETE EDITION,Posted  November          roller coaster  
ROLLERCOASTER TYCOON® 3  COMPLETE EDITION,Posted  March          mouse is flickering in game and the game freezes when i move my mouse  had to hack the resolution for widescreen  unplayable   
ROLLERCOASTER TYCOON® 3  COMPLETE EDITION,Posted  May          I have played Roller Coaster Tycoon games for many years  Never got tired of it  It is a good game and helps me enjoy a day off from work if I didn t feel like doing anything  LOL 
ROLLERCOASTER TYCOON® 3  COMPLETE EDITION,Posted  August          best calming game
ROLLERCOASTER TYCOON® 3  COMPLETE EDITION,Posted  November         Graphics       Gameplay         JUDGMENT  This game is awesome  I had so many hours put into it on my old account that it was borderline obsessive  The amount of content and promise that this game offers is outstandingly amazing  Re editing terrain can sometimes be a hassle but it doesn t affect the game all that much in terms of its quality  Wanna build a thrill park  DO IT  Wanna build a water park  DO IT  Wanna build nature reserve  DO IT  What about a combination of all    VERY doable  It s worth the buy    I was thrilled to see this back on here again  
ROLLERCOASTER TYCOON® 3  COMPLETE EDITION,Posted  March          Need fixing  i bought this game hoping it would be a great way to relive a game i loved so much as a kid  however there seems to be a lot of issues  i know it isn t my hardware  this game wouldn t be much of a challenge if i could get my Disc installation to work correctly on a Modern Graphics card  the game likes to stutter  the cursor flickers  it s to the point where it s borderline unplayable  if Frontier and find a resolve these problems it would be a great way to get into what is a good Game  but until an update is released that fixes it  just wait on this one and stick to Parkitect or planet coaster
ROLLERCOASTER TYCOON® 3  COMPLETE EDITION,Posted  April          Absolute Nostalgia trip of a game  and also a pretty solid game by itself  Its graphics are not exactly what you would say  pretty   but i d say that gives it some sort of charm  expecially when you look at the guests models  absolutelly basic  you can count the amount of polygons on it  but yet its charming and pretty   Gameplay itself is ye olde RCT game  fun park management gameplay with square grid to build on  building and decorating is somewhat more restrict than the other games though  due to the game not allowing clipping most of the time  but oh well  nothing a few cheats and commands can t do   Guests feel alive  the most they have ever felt in any RCT game  they walk in groups  do some cool little interactions  hug  fight  take photos  etc  and overall just make the game more cute   Really if you like park management games  either for the management part or to just build coasters  this game is probably for you
ROLLERCOASTER TYCOON® 3  COMPLETE EDITION,Posted  September          One of the best  classics  is back  I can t remember how many hours I spent on my making many parks or cause some disasters  Totally worth it to get this again   Take a look at my swimming pool  YouTube  Video  How to build a Swimming Pool in RollerCoaster Tycoon     Complete Edition       Views        
ROLLERCOASTER TYCOON® 3  COMPLETE EDITION,Posted  May         luv the game awsome   
ROLLERCOASTER TYCOON® 3  COMPLETE EDITION,Posted  September          never spent money so fast  this game was a good part of my childhood 
ROLLERCOASTER TYCOON® 3  COMPLETE EDITION,Posted  June          A classic  Pure nostalgia 
ROLLERCOASTER TYCOON® 3  COMPLETE EDITION,Posted  October   Brings me back to my teenage years  Loved it back then and love it now 
ROLLERCOASTER TYCOON® 3  COMPLETE EDITION,Posted  February          Great game and good time waster  Played it a lot when I was a kid 
ROLLERCOASTER TYCOON® 3  COMPLETE EDITION,Posted  April          I used to play the original RCT and when I saw this one on sale  I figured I may as well get it  It s great  though it does take some getting used to 
ROLLERCOASTER TYCOON® 3  COMPLETE EDITION,Posted  February    great game though it takes time to learn how to play
ROLLERCOASTER TYCOON® 3  COMPLETE EDITION,Posted  November          Moving your mouse causes ridiculous stuttering  Tried trouble shooting for an hour and none of the possible fixes worked  The one and only  fix  that worked was turning on magnifier and setting it to      in windows settings  this stopped the frame rate stuttering but caused the mouse to flicker so wildly it was unbearable   If you re running museum hardware then go for it  if you have a pc built after      and an OS above vista  Don t bother  The effort you d have to put into troubleshooting isn t worth it for the few hours of enjoyment 
ROLLERCOASTER TYCOON® 3  COMPLETE EDITION,Posted  January         Game stalls and frame rates drop to or below    FPS randomly  Music also skips randomly  Seems like there s fundamentally something wrong with this game   I have Windows    v  H  x   with an Intel i           GHz with a Nvidia GeForce GTX       GB GDDR  Graphics Card     GB System RAM so I should be WELL above the specifications for this game  Hugely disappointed   UPDATE  It looks like RCT  doesn t play nice with FreeSync  I disabled it on my monitor and it sits at a cozy    FPS even riding roller coasters  Anyone having trouble should disable it on their monitors  Love this game again lol
ROLLERCOASTER TYCOON® 3  COMPLETE EDITION,Posted  November          such a great game  old school vibes  same park visitors that throw up in every corner and the best feature picking up random visitors and yeet them across the map  i loved this and i still love it  best game     x thumbs up
ROLLERCOASTER TYCOON® 3  COMPLETE EDITION,Posted  October   It s amazing nostalgia experience
ROLLERCOASTER TYCOON® 3  COMPLETE EDITION,Posted  December          Verry fun Please do a RTX mode
ROLLERCOASTER TYCOON® 3  COMPLETE EDITION,Posted  October          This is such a great game  So much fun for all ages 
ROLLERCOASTER TYCOON® 3  COMPLETE EDITION,Posted  September          Classic timeless game   i love creation games they are the best  i love making theme parks woo
ROLLERCOASTER TYCOON® 3  COMPLETE EDITION,Posted  June          I built the most epicest  most low poly rollercoaster in the history of ever  Thank you so much Atari   Also the game has a new launcher that is a screen full of ads with a play now button and it looks awful  Idk what thats about
ROLLERCOASTER TYCOON® 3  COMPLETE EDITION,Posted  September          First of all  I m a Mac user  I used to play this game a lot years ago and I was so sad to see it leave Steam  I think it s wonderful we are able to play it again  Did it change much  besides the HD improvements  No  not at all  So if you were looking for a lot more  you re not going to get it  In other words  if you already have this  don t buy it  But if  like me  you re a Mac user that craves good games for our Macbooks  this is your chance to get this awesome piece of entertainment  Yay from me 
ROLLERCOASTER TYCOON® 3  COMPLETE EDITION,Posted  September          Yeah pretty much the same as Platinum  however     Atari is out of the way      Chris Sawyer       this means I had no choice lol   Anyway  from my Platinum review  Still one of my favorite coaster   theme park games of all time  RCT  is basically the classic RCT s in a early     s  D engine  Chris Sawyer was involved overseeing the project   good   general content   coaster variety   waterparks  pools   slides   massive sandbox with all rides and scenery available   peeps use transport rides in a meaningful way   ghost trains in testing mode   isometric view option  bad   UI   menus   single core limitations   peep groups won t fill queues like in classic titles   some of the landscaping tools are questionable
ROLLERCOASTER TYCOON® 3  COMPLETE EDITION,Posted  September          I ve played this game since it first came out and I still love it  Yes there s no real advantage of buying this if you already own it  but in my case at least I had to if I wanted to play  I was locked out in      by Atari who set it up so you could not install it on more then three computers  Well in the time I had it it was moved from PC to PC and uninstalls did not count  Being able to play it again is pure joy  They did fix some bugs in the game  The people used to get stuff in the rotating tower  and that seems to have been fixed  It also seems to play smoother then I remember 
ROLLERCOASTER TYCOON® 3  COMPLETE EDITION,Posted  March         I used to play this game as a kid  very nostalgic and at a waaayy better price for what its worth in       Still works as it did back then  which was expected   My only qualm with this is that there was no new content for the game  so returning players be aware of that  I think if you havent played this game before and are overwhelmed by the extra stuff from other theme park games  this one is a good balance 
ROLLERCOASTER TYCOON® 3  COMPLETE EDITION,Posted  April         One of the game series from my childhood  When I was a kid  I was able to play the first game for only a very short time  but could play Theme Park anytime  which is also a great game  Well  this one is way better than the original RollerCoaster Tycoon  the mechanics are even impressive for       I do find it pretty expensive for such an old game  especially since it had practically no improvements so far  but it went on a good off sale and I could pick it up  Of course there is the much more up to date Planet Coaster  it s way heavier for me and split in DLCs  but surely looks like a great game  Anyway  this full game is nice indeed  but I only recommend to buy it when off sale  Only one annoying aspect  you can t rollback changes if you do a mistake  that s very neat  isn t it  lol  Uma das s ries de jogos da minha inf ncia  Quando era crian a  pude jogar o primeiro jogo apenas por um tempo muito curto  mas podia jogar Theme Park a qualquer hora  o qual tamb m   um  timo jogo  Bom  este aqui   muito melhor que o RollerCoaster Tycoon original  a mec nica   at  impressionante para       Eu o acho muito caro para um jogo t o antigo  sobretudo porque n o teve praticamente qualquer melhoria desde ent o  mas entrou em uma boa promo  o e pude peg  lo  Claro que h  o muito mais moderno Planet Coaster  que   bem mais pesado para mim e dividido em DLCs  mas certamente parece um  timo jogo  De qualquer forma  este jogo completo   muito bom mesmo  mas s  recomendo comprar numa promo  o  Apenas um aspecto chato  voc  n o pode reverter altera  es caso cometa um erro  isto    timo  n o acha  lol
ROLLERCOASTER TYCOON® 3  COMPLETE EDITION,Posted  February          This is trash compared to the Platinum Edition  Way too many glitches and bugs  Glad I still have the Platinum Edition in my library  I ll stick to that 
ROLLERCOASTER TYCOON® 3  COMPLETE EDITION,Posted  March          Good game overall  It is a bit old but still worth a play in my opinion 
ROLLERCOASTER TYCOON® 3  COMPLETE EDITION,Posted  July          This game may be old  but it never gets old  My niece and I love playing it  It s easy to learn and addicting 
ROLLERCOASTER TYCOON® 3  COMPLETE EDITION,Posted  April    fun game
ROLLERCOASTER TYCOON® 3  COMPLETE EDITION,Posted  April   fun to play this old game  Feels fairly easy  some elements can be a bit clunky  especially closing menus  Overall worth it to revisit a classic with fresh eyes 
ROLLERCOASTER TYCOON® 3  COMPLETE EDITION,Posted  May          this game makes me forget that time exists  a friend and I played for   hours and we didn t even notice  kinda wish there were more themes but its a pretty old game so that s ok 
ROLLERCOASTER TYCOON® 3  COMPLETE EDITION,Posted  February         I played this on my macbook pro  only issues were with the helicopter dart gun  This got me so stuck  I found if you press control c i it gets you out of it  but I also had trouble getting the dart gun to point and shoot  Once I got past that I just made sure my mechanic checked the fence every    min and never had them escape again  Overall  the game is super fun  Very nostalgic for me 
ROLLERCOASTER TYCOON® 3  COMPLETE EDITION,Posted  September          If you re buying this temper your expectations  they didn t  remaster  RCT   just put it back up now with     p support  it s still the same game back from       With that being said it s still a good game but age hasn t been well to this game  The   prequels have the fun retro vibe while you can see the blockiness of early      s  D art  and the grid system limits building coasters to anyone coming from Planet Coaster  It s still a great game tho Twister Coaster OP pls nerf
ROLLERCOASTER TYCOON® 3  COMPLETE EDITION,Posted  December          i can t remember the last time i saw my family  all i do all day is play this game and build my silly little coasters  will the outside world accept me again if I ever left this room  it wouldn t be worth it tho cuz then I couldn t build my empire 
ROLLERCOASTER TYCOON® 3  COMPLETE EDITION,Posted  January         Every time that the mouse moves the game freezes  Weather in the game itself  or the menus  Frame rates drop from     down to    anytime the mouse moves  It s as if the game is lagging behind  Tried every setting verified files  and updates  No luck  asked for a refund 
ROLLERCOASTER TYCOON® 3  COMPLETE EDITION,Posted  October         LOVE
ROLLERCOASTER TYCOON® 3  COMPLETE EDITION,Posted  August    Great game  perfect for when time is passing too slowly
ROLLERCOASTER TYCOON® 3  COMPLETE EDITION,Posted  October    You will want to save A LOT while building  Otherwise  it s the old game  running on a modern PC flawlessy 
ROLLERCOASTER TYCOON® 3  COMPLETE EDITION,Posted  November          Just as fun as it was    years ago     Challenges are great  sandbox is great  waterparks and zoos are great  It s great 
ROLLERCOASTER TYCOON® 3  COMPLETE EDITION,Posted  September          a classic
ROLLERCOASTER TYCOON® 3  COMPLETE EDITION,Posted  September          I played this game on console and thoroughly enjoyed it  many hours of playing my childhood tycoon game  loved it then and still love this game now  It s fun  you get to go on rides with these lil people  watch their reactions  You can make a custom family and watch them go onto rides if ya want to  All the rides light up at night and there s fireworks too  It s very fun 
ROLLERCOASTER TYCOON® 3  COMPLETE EDITION,Posted  September          I m so glad  frontier have republished the game  But I do think they should have fixed some bugs and made it more clear that BOTH OLD ROLLER COASTER TYCOON   PLATINUM PARKS AND ROLLER COASTER TYCOON   COMPLETE EDITION PARKS ARE BACKWARDS COMPATIBLE  Why is frontier not promoting this feature  I think it is a good selling point  I would recommend this game to people who want to play planet coaster  but don t have a good enough PC  like my self  Also if you have got a crack of roller coaster tycoon   platinum  I recommend buying this game  PS I don t like the new desktop Icon for the game  the old one looked better 
ROLLERCOASTER TYCOON® 3  COMPLETE EDITION,Posted  October   i only play in Sandbox mode  and found guests like the park most if i keep items in a theme  add themed eats  drinks  and extras  seats  lamps  trash bins  i keep toilets and info booths everywhere  i have the passports  ATM  and the emergency aide in the front  i always make the swimming pools  with bonus foods drinks inflatables all dressing rooms  i make sure they have all the extras too like showers  seats  umbrellas  ladders  and diving boards  i make sure to include at lease   lifeguards  though i havent seen   move yet  i provide the water sprayers  for passing guests who choose to spray others  i make sure each area has balloons  even if they are for a different theme  i make at least   animal enclsure  and add   extra animal trainers  and give them food often 
ROLLERCOASTER TYCOON® 3  COMPLETE EDITION,Posted  April          Please note I have      hrs in rct  platinum   I wanted to love this complete edition so much  but it s a disappointment  If you have a need to play rct  and have no other way  definite buy  But if you own rct  in any working form  pass on this   It s the same game with the same issues from       Added HD support that the original could do anyway with a custom options file  No real improvements in optimization  Same ui made for    p  Still runs like crap after    years  Getting my refund cause I own rct  platinum 
ROLLERCOASTER TYCOON® 3  COMPLETE EDITION,Posted  October   This game is special  The sheer amount of content  detail  and love and care that went into developing this are astounding  even all this time later   You can deep dive into tweaking absolutely everything in your park to tweak your dream park to perfection   It s very different aesthetically to the classic RCT  and   which can make it hard to get into the vibe of this iteration if that s where you re coming from  but gosh it s so worth it   Now in widescreen  Third time I bought this game and not even mad   As of right now  this truly is the best version of this game your can play 
ROLLERCOASTER TYCOON® 3  COMPLETE EDITION,Posted  September         Get this game if you have played the OG RCT   It s certainly worth it and a slightly good upgrade from it  Graphics may not be the best  but it s still pretty good 
ROLLERCOASTER TYCOON® 3  COMPLETE EDITION,Posted  October         Pleased to see it s back and available in widescreen  A bug  No entrance and exit for Hershey s Kissing Tower 
ROLLERCOASTER TYCOON® 3  COMPLETE EDITION,Posted  February          I don t know why  but the cursor is lags and flickers whenever I move it  Couldn t even start playing the game 
ROLLERCOASTER TYCOON® 3  COMPLETE EDITION,Posted  January          Can t tell you how much joy it brings me to create absurdly fast coasters that launch people into space even decades after I first played this game  I bought this game because I felt some nostalgia after seeing it in the store and it does not disappoint  Just as fun as it always was  And the custom rides are as interesting as you want to make them  But I will say  despite all the fun decor and extra stuff you get in the complete edition  the zoo and the waterpark stuff   I wish there were MORE themed options  Like  I really wanted to go for a castle type theme and had to settle more on like chess pieces and a couple fancy lady statues  But it s an old game with hours worth of fun so definitely worth the price poiant  Go nuts  launch some dudes into space  have fun 
ROLLERCOASTER TYCOON® 3  COMPLETE EDITION,Posted  January          Hands down the best way to play this what I like to call a timeless classic  Sure  the graphics haven t exactly aged the best  but that s what also gives this title its charm in my opinion  It s so easy to pick up and play  and it s easy to just have fun with it  whether you re making your own park  or playing a scenario  It has what feels like endless replayability  too  as not two playthroughs feel the same  even if the objectives are the same  I did experience a few crashes here and there  though  like the game freezing when I try to place a ride  And sometimes it does get to the point where I have to force close it with Task Manager since I can t do anything else  Not to mention it does crash unexpectedly somewhat frequently whenever I would stream this game on one of my Discord servers  which is pretty annoying  But regardless  I m still happy that this is available  and still be able to play one of my childhood favorites  RCT  might very be my most played game of all time  and I m honestly okay with that  It s just so much fun 
ROLLERCOASTER TYCOON® 3  COMPLETE EDITION,Posted  April         I originally bought Tycoon World and that was a major disappointment  so I bought Tycoon   and it was way better  I can save games easily and it doesn t freeze up every    minutes or so like Tycoon World 
ROLLERCOASTER TYCOON® 3  COMPLETE EDITION,Posted  February          Unplayable  I don t know how the messed an update up so badly but nothing on this game works  Don t waste your money 
ROLLERCOASTER TYCOON® 3  COMPLETE EDITION,Posted  February          You d get better performance from the disk version  the game in it s current state is very choppy only get it if you like it lagging and stuttering alot 
ROLLERCOASTER TYCOON® 3  COMPLETE EDITION,Posted  September    Wouldn t recommend this on Mac  The screensettings of the game are way to over saturated and there s no way of changing it what makes the game unplayable 
ROLLERCOASTER TYCOON® 3  COMPLETE EDITION,Posted  October          yes  time flies when your building parks 
ROLLERCOASTER TYCOON® 3  COMPLETE EDITION,Posted  August    One of my favorites  Right up there with the original Zoo Tycoon and Operation Genesis  A really fantastic sim  I spent most of my play time creating mini Universal and Disney parks 
ROLLERCOASTER TYCOON® 3  COMPLETE EDITION,Posted  April    It s a fun game especially if you like building your own amusement park
ROLLERCOASTER TYCOON® 3  COMPLETE EDITION,Posted  September          Still an incredible game to play 
ROLLERCOASTER TYCOON® 3  COMPLETE EDITION,Posted  September          cool
ROLLERCOASTER TYCOON® 3  COMPLETE EDITION,Posted  May          I absolutely loved this game growing up and it s nice to see that it still hasn t changed 
ROLLERCOASTER TYCOON® 3  COMPLETE EDITION,Posted  April          E
ROLLERCOASTER TYCOON® 3  COMPLETE EDITION,Posted  January          Love this game  There is so much you can do 
ROLLERCOASTER TYCOON® 3  COMPLETE EDITION,Posted  April          Man I loved this game  But it crashes every once in a while when placing paths  The camera flies around and tilts side to side randomly  The water flickers incessantly  Really disappointed  I remember loving this game     Gotta refund 
ROLLERCOASTER TYCOON® 3  COMPLETE EDITION,Posted  September          Recommended as a classic game and  in my opinion  one of the most entertaining management sims out there  If you want to relive your childhood  or just give one of the classics a shot  go for it   If you already own the game however  don t bother  As a lot of the other reviews state  this is not a remaster  and its not a very good attempt at making the game  HD  either  Lacks basic support for what you d consider HD    years ago  with an aged and outdated options menu  Had to manually edit the options txt to fit the game to a     x     monitor  located in appdata Frontier for anyone with the same issue    The worst part to deal with is the lack of UI scaling  The interface is pretty low res  no changes from the original AFAIK   so expect an exceptionally small interface at higher resolutions  The only alternative to dealing with the rough UI is keep an eye on the game and hope Frontier gives us an update to support  proper  HD options 
ROLLERCOASTER TYCOON® 3  COMPLETE EDITION,Posted  January          I like the game  I like how it plays how it feels and how it works on all devices   What I don t like is losing all my progress on two separate parks and the career mode for no known reason so having to restart the two parks for the third time as well as the career is a bit annoying  Why this happened is beyond me because I definitely remember not deleting my save at all   EDIT  This is now a thumbs up  despite the earlier mentioned issue  it doesn t happen anymore so I m assuming that it s an error on Steams behalf rather than the game itself 
ROLLERCOASTER TYCOON® 3  COMPLETE EDITION,Posted  May          the top dog of all tycoon games
ROLLERCOASTER TYCOON® 3  COMPLETE EDITION,Posted  February         Product received for free  audio glitch but its fun
ROLLERCOASTER TYCOON® 3  COMPLETE EDITION,Posted     October       Product refunded  한국어 패치해주세요
ROLLERCOASTER TYCOON® 3  COMPLETE EDITION,Posted     November       롤러코스터 만들 때 꼭 적은 마찰력 체크하셔야 안 멈춥니다 
ROLLERCOASTER TYCOON® 3  COMPLETE EDITION,Posted     November       추억의게임입니다 한글패치는 네이버든 구글이든 검색하면 나와요
ROLLERCOASTER TYCOON® 3  COMPLETE EDITION,Posted     September       우주갓겜  게임을 하면 이 게임을 했던 예전 그때의 추억도 같이 생각나는  약간 옛날 메이플스토리 하는느낌의 그런 갓겜입니다   
ROLLERCOASTER TYCOON® 3  COMPLETE EDITION,Posted     May 지원언어에 한국어 없다고 쫄지말고 구글에 한글패치 비공식 검색 하면 나옴  스팀에 업적 추가 좀 해줬으면 하네요
ROLLERCOASTER TYCOON® 3  COMPLETE EDITION,Posted     November       롤코 중 롤코 이 제일 재밌음
ROLLERCOASTER TYCOON® 3  COMPLETE EDITION,Posted    March       플래닛보다 쉽고 적응하기편함 아쉬운부분은 한글패치 
ROLLERCOASTER TYCOON® 3  COMPLETE EDITION,Posted     June 공식 한글패치되면 좋겠네요 근데 왜 시나리오가 안보이지 
ROLLERCOASTER TYCOON® 3  COMPLETE EDITION,Posted     March I m making a Silent Hill theme suitable for Korea 
ROLLERCOASTER TYCOON® 3  COMPLETE EDITION,Posted     February       추억회상의 좋은겜    하지만 돈주고산 난 씨 발 호구새끼   
ROLLERCOASTER TYCOON® 3  COMPLETE EDITION,Posted  May          세일떄구매하면 단돈  만원에 이것저것 즐길수있음  개인적으로 후속작인 플래닛 코스터보다 더 심플하고 가볍게 즐길수 있어서 좋은듯
ROLLERCOASTER TYCOON® 3  COMPLETE EDITION,Posted  January    한국말은 안나오지만 그건 따로 설치하면 됨 그냥 재밌음
ROLLERCOASTER TYCOON® 3  COMPLETE EDITION,Posted  December          오류덩어리
ROLLERCOASTER TYCOON® 3  COMPLETE EDITION,Posted  January          글쎄   
ROLLERCOASTER TYCOON® 3  COMPLETE EDITION,Posted  November          planet 도 있는데  이거 샀습니다  애들이랑 즐기기 아주 좋네요  그래픽은 거의 wii 수준인데  게임성은 좋아서 즐겁네요  very good 
ROLLERCOASTER TYCOON® 3  COMPLETE EDITION,Posted  April          플래닛 코스터를 하고 싶어요  CPU  하지만 어림도 없지  어쩔 수 없군   I want to play Planet Coaster  CPU  Don t even think about it  I have no choice 
ROLLERCOASTER TYCOON® 3  COMPLETE EDITION,Posted  October   재밌어요     년에 한두번씩 주기적으로 엄청 하고싶을때가 있어서 꼭 깔아요
ROLLERCOASTER TYCOON® 3  COMPLETE EDITION,Posted  August    괴롭히기 재밌다
ROLLERCOASTER TYCOON® 3  COMPLETE EDITION,Posted  August   까아악
ROLLERCOASTER TYCOON® 3  COMPLETE EDITION,Posted  August   겜 자체는 옛날 당시에 만들엇다는 가정하에 잘만들었고  흥미를 끌만한데         옛날게임이라 인터페이스가 많이 불편하다  딱 몇가지 예로 들어  무슨 놀이기구가 새로 개발되었다고 하면 그걸 클릭하면 그 놀이기구 창이 떠야 될거 아닌가     그리고 건설 및 편집 하고 있는 것을 취소할때   엑스창을 누르려고 하면 엑스창 자체가 너무 작아서 미스클릭이 될수도 있다     마지막으로 지형 고르기 진짜 극혐이다   툴 이용한다고 하는데   진짜 돌아버린다  어휴 씹  솔까 추천해주는 사람들은 옛날      년대 특유의 노예근성에 익숙해져있는 사람들이다  그리고 당시에 해봤던 좋은 추억이 있는 사람들이 추천하겠지 난 당시에 게임 별로 안해서 그런 근성이 안길러졌다  참고 바란다 
ROLLERCOASTER TYCOON® 3  COMPLETE EDITION,Posted  June    사람들이 좀 기분나쁘게 생긴거 빼고는 재밌음 
ROLLERCOASTER TYCOON® 3  COMPLETE EDITION,Posted  April    중독성이 있을랑 말랑 하고 UI가 불편하다 
ROLLERCOASTER TYCOON® 3  COMPLETE EDITION,Posted  April   니도 그 사람 영상보고 왔니  제발 영상은 영상으로만        중딩때 하던 게임이었긴 하는데 솔직히 최근 게임이랑 옛날 이 게임이랑 다른 감성이 있으니 재미는 있을 법 하잖니
ROLLERCOASTER TYCOON® 3  COMPLETE EDITION,Posted  March    w
ROLLERCOASTER TYCOON® 3  COMPLETE EDITION,Posted  January          
ROLLERCOASTER TYCOON® 3  COMPLETE EDITION,Posted  November         롤코타  이   안하고 플코 할게요 개어렵네 조작 미띤  
ROLLERCOASTER TYCOON® 3  COMPLETE EDITION,Posted  October          아니 무슨 내가 사자마자 할인을 하냐 환불도 못하는데  
ROLLERCOASTER TYCOON® 3  COMPLETE EDITION,Posted  October          조빠지게 기구만들어도 손놈들이 안탐  응  구덩이에 박아버리면 그만이야  
ROLLERCOASTER TYCOON® 3  COMPLETE EDITION,Posted  June          정말 재미있음
ROLLERCOASTER TYCOON® 3  COMPLETE EDITION,Posted  April          갓겜 반박불가 추억까지 덤
ROLLERCOASTER TYCOON® 3  COMPLETE EDITION,Posted  January          오래간만에 하는데 재밌네     역시 타이쿤은 롤코인건가      
ROLLERCOASTER TYCOON® 3  COMPLETE EDITION,Posted  October          한국어 패치좀 해주면 좋을듯 하네요    플래닛 코스터가 사실 더 나아요 만약 이거 사실라고 고민하시면  진짜 생각 많이 하세요  플래닛 코스터보단 싸지만 그래도 한국어 패치 하나때문에 게임이 많이 달려져용  
ROLLERCOASTER TYCOON® 3  COMPLETE EDITION,Posted  August          과거에 이 게임을 하셨던 분이라면  추천합니다  재미있어요   한글 패치가 안 되어 있지만  어짜피 예전에 하셨던 분이라면 그림만 봐도 아실 테니까요    그러나  처음 하시는 분께는 추천드리고 싶지 않습니다 
ROLLERCOASTER TYCOON® 3  COMPLETE EDITION,Posted  May          재미있다
ROLLERCOASTER TYCOON® 3  COMPLETE EDITION,Posted  December          GOOD
ROLLERCOASTER TYCOON® 3  COMPLETE EDITION,Posted  December         예전과는 달라진것을 찾아보라고하면 FULLHD밖에 없습니다 하지만  예전의 RCT감성을 느껴볼 수 있으며 추억팔이에 정말 좋은 게임이라고 생각을합니다 
ROLLERCOASTER TYCOON® 3  COMPLETE EDITION,Posted  November          재밌어요  놀이기구 만들고 사람들 반응 보는게 재밌어요 
ROLLERCOASTER TYCOON® 3  COMPLETE EDITION,Posted  October          my favorite game
