title,review
ELEMENT TD 2   TOWER DEFENSE,Posted    April       Reminds me of the good old days of WC  mods
ELEMENT TD 2   TOWER DEFENSE,Posted    April       Prepare to invest hundreds of hours of your life into this beautiful game  It s easy to start  but every time you play you will get better and better at it and you will never want to stop 
ELEMENT TD 2   TOWER DEFENSE,Posted     December       EARLY ACCESS REVIEW Brings back the good old WC  mod days
ELEMENT TD 2   TOWER DEFENSE,Posted     November       Best TD from warcraft  
ELEMENT TD 2   TOWER DEFENSE,Posted     March       EARLY ACCESS REVIEW I played this game when i have a smol brain as a kid on wc   now   i still have smol brain
ELEMENT TD 2   TOWER DEFENSE,Posted     March       EARLY ACCESS REVIEW If you liked the WC  mod you will probably like this game  it stays true to its roots   If you never played the WC  mod but like TDs  then this is your chance to try one of the best TDs in the last    years   If you never played the WC  mod and don t like TDs  why are you even reading this 
ELEMENT TD 2   TOWER DEFENSE,Posted     May       I was skeptical  even after my first game  Thrilled to learn this game claps   The Elevator Pitch As oldschool as Tower Defense games get  strategically place towers while creeps try to make their way to the end of a pre built maze  The gimmick  every tower has an element  and every creep has a type they are week to or strong against   Who should get this game  Element TD   is a phenomenal strategy game that you can play with friends  It is quick to learn  difficult to master  and always a blast to play in group lobbies or even solo  If  like me  you are a fan of the Warcraft   mod original  this sequel is everything you loved and more   You place a tower  the tower attacks creeps as they walk past  Where things get interesting is that every five levels you are granted an  element   Pick fire and you can now build fire towers that deal splash damage  but are weak against water creeps  Once you have two or more elements  things get interesting  You can now build hybrid towers that have special effects  slowing  longer attack ranges  chain attacks  debuff  buff other towers  etc  There is so much diversity that the choices will be overwhelming at first and you will surely meet your doom  As you play and begin to better understand build strategies  you will slowly but surely begin to find a win here and there  This is an incredibly rewarding feeling  as nothing has changed except your skill at the game      I ve played with veterans  I ve taught new players  everyone has a good time  This game will not provide infinite gameplay as at some point you master its challenges  but it s got a solid        hours and multiplayer that will entertain indefinitely 
ELEMENT TD 2   TOWER DEFENSE,Posted    March       Product received for free  EARLY ACCESS REVIEW  Element TD    Review En RUS   Review En    Pros     Good graphics  music  sounds and mechanics  Simple  classic gameplay  Convenient control  Cons     No Players Online  It have little content                   
ELEMENT TD 2   TOWER DEFENSE,Posted     December       EARLY ACCESS REVIEW Bought this game start of      and put    hours in to it  was really fun but felt like I was somewhat limited in what I could do as a solo player   Coming back to end of       with the devs recently giving hundreds of thousands of keys to the Yogscast for the Jingle Jam and charity  the game has improved massively  There s over     Achievements to earn and a campaign in single player with additional challenges to complete and improve yourself and your skills on  It s been overhauled completely and it s so incredibly fun and satisfying to play   The multiplayer has improved also with numerous new gamemodes and maps  war  teams  etc  As with most games like these  the one and only downside is the lack of players for Muliplayer but it s extremely fun nonetheless and i d encourage you to download it just for the single player alone 
ELEMENT TD 2   TOWER DEFENSE,Posted     March       Came back to the game and it has improved greatly both balance wise and things to do  i have enjoyed the mazing and the large team map significantly   My main prior issue was PVP having a reward for timing a buy and sell  this has been largely mitigated to the point that i have participated in it a bit again   replay ability is unlimited in my view
ELEMENT TD 2   TOWER DEFENSE,Posted  April         If you have ever liked tower defense games this is for you  It has everything  challenging campaign with achievements  hints if you work for a living and can t devote endless hours to devise the best strategy  hints that you can also turn off if you like the hard path  You can change the modes from easy to insane  multiplayer with leader boards  a variety of maps  and they are changeable to your style and preference of play  I normally play everything from WOW  Diablo and Starcraft to Steam games like Blackthorne Arena and Ultimate General to Civ  in a given week  but that has stopped since I found this  I was consumed with beating everything through Chapter   and getting   stars on each part of the Chapters and all of the achievements  Absolutely the best game for this price on Steam today  I want to do Chapter   now but since the patch I am even more interested in replaying all of the first   chapters again  That says it all right there  This game is just fun and I haven t even tried the multiplayer yet because I didn t think I was good enough until I mastered the chapters in the campaign first  Oh and it can be paused while online so you don t have to worry about spending    minutes into a survival game and right when the ronalds hit real life interferes and you either have to pause the game or lose everything  The creators thought of everything in this game  My highest recommendation for anyone that likes this genre 
ELEMENT TD 2   TOWER DEFENSE,Posted  November          if you remember the good old days of warcraft   element td  this is as close you gonna get  awesome game highly recommend
ELEMENT TD 2   TOWER DEFENSE,Posted  June          Not bad  Reliving the good ol WC  days 
ELEMENT TD 2   TOWER DEFENSE,Posted  July    Old version of review  see Update   Could be more fun to play just because of a single design flaw   Why   The mob paths are totally confusing  Every   rounds portals and paths change and it s really hard to track because paths are not shown consistently but only a few times per minute with a small animation   Why can t you just hover over an entry portal and see it s path   I had many frustrating rounds where I didn t notice a single path because of this     It s so anoying that I had a few rage quits   If they change this I would definitely recommend this game   Update   Devs did change this and added Portal Hover to show path  Great 
ELEMENT TD 2   TOWER DEFENSE,Posted  February          Product received for free  EARLY ACCESS REVIEW True to it s Warcraft   original  Element TD   boasts multiple ways to strategize effective playstyles to defend vs waves of incoming mobs with varying mechanics   Go for Greed  Go for Power  Go for Buff  Go for Debuff  Go for Aoe  Go for the Win   My only complaint is the multiplayer has a noticeable lag delay when issuing commands  you can compensate for this by building  buying selling     sec before you normally would do but maybe it will be improved with time   ANG
ELEMENT TD 2   TOWER DEFENSE,Posted  July          Very fun TD game  I wish there was a mode where you create your own maze  but still a lot of fun 
ELEMENT TD 2   TOWER DEFENSE,Posted  January          EARLY ACCESS REVIEW The Warcraft   mod you know and love made into a standalone game  It s fun but you will need a powerful machine to play this as unlike the original Warcraft game it s terribly unoptimised and really bogs down powerful systems in the later waves  I think the developers need to really reduce the resource usage somehow 
ELEMENT TD 2   TOWER DEFENSE,Posted  September          If you ve ever played a tower defence game  Element TD   s gameplay will feel familiar  Each map has one or more portals  creeps will spawn in waves and follow a specific path until they reach the exit  The player must place towers along the path to kill the creeps  and you lose lives for each creep that reaches the end   Most creeps and towers belong to one of six elements   light  dark  water  fire  nature and earth  Each element is strong and weak against another element  So for example fire creeps will take double damage from water towers  but only half damage from nature towers   There are around    towers to choose from which have different values for damage  attack range  and special effects such as area of effect attacks  slowing nearby creeps  or buffing other towers  This provides a lot of tactical options  but can also make it more challenging to understand where you ve gone wrong if you lose a mission   Creeps have special abilities such as regenerating health  respawning once after death  summoning more creeps  shield preventing damage for a few seconds  and a curse which debuffs the tower that killed the creep for a few seconds  There are also powerful bosses which have lots of health and other unique abilities   Towers are built by spending gold earned from killing creeps  and also interest gained from unspent gold  This encourages risky play as you try to generate higher interest rates in the early game to fund expensive tower upgrades later   During campaign missions the portal locations and creeps  paths can change a few times which makes you rethink your tower placements  Fortunately when this happens you can sell towers for a full refund   My one complaint about the gameplay is that on every map  the creeps  paths and tower build locations are separated  which means there s no possibility of building a maze to shape their path  Its not a huge problem  but it is one of my favourite tactics in other tower defence games   The game is advertised as multiplayer  but there s a lot of single player content too  including    campaign missions and   survival mode maps  which I ve played for over    hours so far   There are convenient time saving features such as the ability to fast forward at various speeds  and checkpoint saves  I haven t noticed any bugs or crashes  but the framerate can get a bit shaky towards the end of some missions when there are      creeps on screen   Overall Element TD   is a fun game and I m sure fans of other tower defence games will enjoy playing this one 
ELEMENT TD 2   TOWER DEFENSE,Posted  May         EARLY ACCESS REVIEW Considering the hours of this I played in WC  they deserve more than   dollars  but that is all they are charging for it so I ll gladly pay it   As for the game itself the TD genre has generally devolved into limited preset levels  fixed towers  limited solutions  RPG progression overpowering you to no ends resulting in replay values of close to zero   This game on the other hand just like in the past focuses heavily on replay value  Various difficulty levels  of course   randomized element option  randomized waves options and even a   or   lane option  and currently   different base maps with different pathing  So the amount of game variations you can experience is well worth the low cost of this game   Also for the inpatient type  this game has speed multipliers all the way up to   x and a base setting to double the game speed  They also added in modes to start at later levels so you don t have to play through the early waves if you dont want to   Online Offline modes are available so you can play with others if you want or play single player offline   So in short you have a tower defense with high replayability  good quality of life improvements tossed in  and a challenge puzzle mode added to make even more people happy  I can only hope other companies will realize the value of having that randomization options since it really makes a difference in these games 
ELEMENT TD 2   TOWER DEFENSE,Posted  June    Addicting and fun tower defense with an absurd amount of content  depth and variety  Having played a ton of tower defense games through the years  this is easily my favourite in the genre   Well recommended for casuals and try hards alike 
ELEMENT TD 2   TOWER DEFENSE,Posted  September          Who am I   I rarely write reviews  and only invest my time in providing a meaningful review if the game is worthy of it  Been playing TD games since the genre began  TD games are my go to game genre for chilling out after work  playing with a friend  and beating my previous accomplishments   How good is this game   On a rating scale  this sits at a       comparatively to any other TD game to date  This is the genre leader  I love this game   As my friends and I joke about it  this a TD game for grown ups  and is absolutely incredible  The developers have done a fantastic job at cloning Element TD from Warcraft    With new visuals  towers  game modes  campaign and a competitive ladder feature  this ticks all the boxes for casual s and competitor s alike     What do I enjoy most   A good blend of tower diversity  tower strategies  balance and maps allows for a considerable amount of replayability  This is an important factor when playing a casual TD game  I keep coming back      This game isn t without it s flaws  The multiplayer lobby is pretty buggy  if   out of   players afk s  the ability to  kick  the player just  isn t possible right now  so I need to create a new lobby just to get a game going     I love the idea of having players from other regions join  but all it takes is for   player to have some potato internet connection  and everyone suffers  I ve had some games which are literally unplayable  due to waiting for connection messages every   seconds  Should we all suffer because of   person s potato internet connection  I don t have the answer    But as a starting point  you could surface the latency ping in the player window so we can atleast who the player is that s causing desync among the group and we can decide for ourselves if we want to play with them again  Alternatively  allow hosts to votekick with reason and allow other players to decide to votekick     In the end game  forget about it  if someone builds a      tonne of astral towers  the end game is unplayable  There is a huge amount of work around optimization required here to make this game mode worth playing  If you re wondering why nobody plays co op  this is something worth looking into  I run a GTX       and this isn t what I consider to be a graphically heavy game  but late game co op will absolutely melt my graphics card      I d love to see an RPG layer added to the game  by adding a controllable hero that levels up to add more player engagement to the defence     I know you guys are planning on    more towers and support for quad element towers  You have no idea how excited I am for this  and I hope the tower diversity continues to grow     We have hotkeys for towers  but no hotkeys for war abilities       Ran out of time  so I ll continue to add more to this review in future 
ELEMENT TD 2   TOWER DEFENSE,Posted  May          Just like the Warcraft   version   a couple of quality life improvements needed  but overall solid TD 
ELEMENT TD 2   TOWER DEFENSE,Posted  May          Much better than Element TD    Good work on bringing the good elements from the WC  Element TD maps and adding new features that makes it even better 
ELEMENT TD 2   TOWER DEFENSE,Posted  July         Product received for free  Magic towers Continuation of the famous game   STORY Missing   GAMEPLAY The gameplay is a tower defense   We have normal towers as well as six types of element towers  with their own strengths and weaknesses   Enemies also have one of the six elements or are ordinary armored   Our goal  as always  is to protect the portal  True  here everything is somewhat unusual   as I understand it  the enemies make a circle and try to enter the portal from where they came out   Consider the pros and cons of the game  sum up     Beautiful graphics    Excellent music and soundtrack    Many types of towers and their upgrades    Many kinds of enemies    Many game modes  from campaign to ghost PvP     Not detected   A serious representative of the tower defense genre  Everything is done well  I highly recommend to get acquainted 
ELEMENT TD 2   TOWER DEFENSE,Posted  June          EARLY ACCESS REVIEW Having played untold hours via the original in Warcraft    WC   on Bnet to great enjoyment and I am pleased to discover that Element TD   has thus far not disappointed   Taking into account that this is still early access  Element TD   does reflect much of its original WC  days  This is an enjoyable  currently  other modes are planned   non mazing TD  there is a diverse selection of towers    with hybrid towers across up to   elements and over different levels of upgrades and an equally diverse series of  creeps  with weaknesses and strengths to various damage types in typical TD fashion   The graphics are decent  though understandably lack definition when one is substantively zoomed out  The interface is fairly traditional and the gui menus operable  though lacking aesthetic refinement due to it s early access status   My singular quantitative complaint  thus far  hinges on multiplayer    alerts for other MP matches games can be intrusive depending on the time of day and selected geographic region  Related to this  I have yet to see even a single game listed in any multiplayer type in the gui  The alerts will pop for an open game but such never seem to display to be selected without the alert proper  I believe that this is something which will be streamlined and corrected as the title matures   So is Early Access Element TD   worth a buy for someone familiar with its WC  progenitor    definitely yes  Is Early Access Element TD   worth a buy for someone new to this  franchise  but enjoys Tower Defense games    yes   If you harbour any doubts then get it and try it  You can run all    survival waves on the forest map in well under an hour and still have enough refund time left to try your hand at a multiplayer match   The game functions  The game is fun  The price is reasonable  The developers are actively developing 
ELEMENT TD 2   TOWER DEFENSE,Posted  February          EARLY ACCESS REVIEW Liked the game for a bit but recently started seeing how the devs treat people on the discord  Really amazing how these people care so little about the opinions of their player base   EDIT  I assure the devs this is a genuine review  I am a completely different person  as well your comments on both posts prove the point  You clearly care little for the people who spent money on your game 
ELEMENT TD 2   TOWER DEFENSE,Posted  December         Highly recommend for anyone who enjoys tower defense games  especially if you played the original WarCraft   custom map  This game will scratch that itch  Lots of features  awesome towers  nice map selection  fun co op play 
ELEMENT TD 2   TOWER DEFENSE,Posted  November          EARLY ACCESS REVIEW While this game is currently still in Early Access it is already an improvement over the many iterations we have seen in the past on other platforms  Easy to pick up but hard to master  but once you get into the groove it becomes easier  Compared to many other TD titles this one is in my top   of tower defense games 
ELEMENT TD 2   TOWER DEFENSE,Posted  April              Graphics       You forget what reality is   Beautiful   Good   Decent   Bad   Don t look too long at it   Paint exe      Gameplay       Very good   Good   It s just gameplay   Mehh   Starring at walls is better   Just don t      Audio       Eargasm   Very good   Good  Not too bad   Bad   Earrape      Audience       Kids   Teens   Adults   Human   Lizards      PC Requirements       No stock   Check if you can run paint   Potato   Decent   Fast   Rich boiiiiii   cyberpunk Ultra  k    fps       Difficulity       Just press  C WFNEDL    Easy   Significant brain usage   Easy to learn   Hard to master   Difficult   Dark Souls   Devs just hates us      Grind       Nothing to grind   Only if u care about leaderboards ranks   Isnt necessary to progress   Average grind level   Too much grind   You ll need a second live for grinding      Story      Story     no campaign thx   Text or Audio floating around   Average   Good   Lovely   It ll replace your life      Game Time       Long enough for a cup of coffee   Short   Average   Long   To infinity and beyond      Price       It s free    Worth the price  under          If u have some spare money left   Not recommended   You could also just burn your money      Replayabality       Forever and ever   chess   competitive   dlc release   if i remember the game      Bugs       Never heard of   Minor bugs   Can get annoying   Cyberpunk first day release
ELEMENT TD 2   TOWER DEFENSE,Posted  October    Product received for free  Solid TD with loads of content for every playstyle  A great singleplayer campaign  survival maps  and an active multiplayer community  with even a ranked system   Combining elements Light  shadow  water  fire  nature and earth are your elements to mold your towers with  Up to four elements can be forged together  together with two and three elements towers  that s a lot of combinations  When playing the campaign you have to assign the towers to use  and the game will advise which towers to take  Every tower has a weakness and a strength  for instance fire is strong versus life  but weak versus water  The game makes it easier for the player  strong versus element to the right  weak vs left  with light weak vs earth  and reversed vice versa  Although multiple elements combined create a new tower  said tower has only one element as family  for instance fire   water create a steam tower  which is considered water only   Confused yet  Yes the game is daunting at start  As long as you keep upgrading and diversify your setup you ll be fine probably  Leaning out your expenses  hoarding your gold to rake in the sweet sweet interest  Trying to apply all three buffs on your towers while spacing them out to isolate debuffs  a great challenge   I thoroughly enjoyed the campaign  Every map has an achievement to play in some way that greatly complicates things  Mostly it s avoid a certain tower  or to use only towers with limited range on a huge map for instance   Survival is fun  especially if you enable the roguelike mode and receive random elements  This forced me out of my comfort zone and work with different towers  What i don t like is the massiveness of the achievements  way too many in my opinion  You can sink massive amount of time to complete everything  but it would be a bit repetitive  But I guess it s nice to be able to keep revisiting the game and always be able to do something new   The multiplayer is nice  coop or versus  In coop the income is shared  so don t go blaming other people that try to help you for stealing your kills like I did  I m a noob     Overall very solid game with tons of content           There is also an expansion that adds mazing to the game 
ELEMENT TD 2   TOWER DEFENSE,Posted  April         if u ever played a td in warcraft   then u love this game  you can put hats on ur towers  each one can have a different hat  or they can all have the same hat it s really up to you 
ELEMENT TD 2   TOWER DEFENSE,Posted  August         Takes me back to my days of playing WC  custom maps at all hours  Adds a ton of good  well balanced content on top of the nostalgia factor  I only wish there were more like it 
ELEMENT TD 2   TOWER DEFENSE,Posted  April    It s a fun tower defence  I like the system of combining elements to get the different towers   But WHY does my machine have to work harder with this than with elden ring 
ELEMENT TD 2   TOWER DEFENSE,Posted  April          If you re coming from the classic Warcraft   version of this game  you will not be disappointed 
ELEMENT TD 2   TOWER DEFENSE,Posted  January    Solid Tower Defense game  If you ever played Element TD as a Warcraft   or Starcraft   map mod  this is the same game  with a few updates  Baked in coop   pvp multiplayer  Numerous solo missions  Optional mazing DLC  Definitely worth the price if you re into TD games  and especially if you d like to play the same with others 
ELEMENT TD 2   TOWER DEFENSE,Posted  July          This is the best tower defense multiplayer experience up to date  pros   up to   player co op  pvp and other game modes   massive maps   many towers  cons   has a learning curve  not really a con  but figuring good tower combinations takes practice    in need of optimization becouse fps drops a lot in later waves 
ELEMENT TD 2   TOWER DEFENSE,Posted  October          EARLY ACCESS REVIEW This game has most of what you d ever expect out of a Tower Defense and more    There is a campaign that as of writing this contains two chapters more coming  with plenty of achievements tied to it that you can go for if you want a bigger challenge  it will most likely take some figuring out either way  especially if you want to clear it on Very Hard  You get points for clearing missions and use those points to customize your loadout for each mission  I enjoyed this part of the game more than I expected seeing as I m not much of a  campaign guy   but there it is  the developers did a great job on it    There is also the classic survival mode for single player where you just try to make it through to the end with a lot of customizeable options    The Multiplayer has   different modes  FFA  Teams  Co op and Duel   FFA is survival with more players  where anyone clearing a wave starts the timer for the next for everyone else  therefore it can get chaotic and is great fun with a competitive mindset    Teams is Survival with   people on each map  you help each other get through and compete against other teams    Co op features completely different maps  much larger  and you co operate to survive against hordes of enemies  This has no competition to it  and is great for a fun night with your pals    Duel is perhaps the most competitive mode  It s currently a bit more on the  for fun  side of things  not all that balanced and needs a bit of an overhaul for its potential to be realized  which will also be happening eventually  It is a  v  mode where you share a map with your opponent  Your and your opponents creeps come out of two different portals and your towers heal your creeps and kill your opponents  So you try to counterplay your opponent  see which waves their picks are weak for and double down on those with abilities that you have in the UI  stuff like sending out an extra mega creep from the current wave or selling your opponents towers in an area  It s great fun  I m really looking forward to this getting updated in the future   Some general stuff    Everything aside from the campaign can be played in either Pick or Random  and this setting greatly changes how the game is played due to random having the      sell mechanic there is already of course a big difference in the fact that you pick your elements versus randoming them   You can sell all your towers between each round to gain money from interest and adapt to whatever is about to come out  if you re fast enough    There are separate leaderboards for each map and Pick Random    Ranked is just a few weeks out  and that will also have leaderboards    You can customize your builder as you gain levels by playing and completing achievements  and eventually also your towers  No microtransactions    There currently is no way to customize your keybindings  which is a big sad  but it s coming in the future    The devs are amazing and will always listen to feedback  Check out the discord if you have some suggestions 
ELEMENT TD 2   TOWER DEFENSE,Posted  April          Element TD is one of the best tower defenses I ve ever played  There is little to no RNG  extremely diverse builds  multiple game modes  co op  PVP  etc  The single player campaign was also really fun to play through  This game is HARD  but it never feels IMPOSSIBLE   You can always improve your build and see your progression  which I really enjoyed  Highly recommend  Also huge shoutout to the devs  they are very active and listen to feedback  every patch feels better and better 
ELEMENT TD 2   TOWER DEFENSE,Posted  April         It s     everyone   This is it  The WC  custom map that everyone loved just as a final  complete  standalone game  But that s not all  this game comes with a nice community and their own developer owned discord server  Which even put stuff that the community suggests into the game   And with a final price tag of          it s even       cheaper than WC  
ELEMENT TD 2   TOWER DEFENSE,Posted  April          It must have been a decade ago since I last played any TD game  Element TD   got me back playing it  and it is as addictive as it was back in the days   All my    hours are dedicated to multiplayer  so I can t tell you if the single player is any good  But the multiplayer is a lot of fun  especailly with friends  It is very satisfying to find the right combinations and find new ways of how to position your turrets   I suggest playing on hard or Very Hard difficulty  Very hard difficulty is played in ranked gameplay  and so the games are short  and therfor excellent to play inbetween work  as a small break 
ELEMENT TD 2   TOWER DEFENSE,Posted  January    So addictive  You will get lost in this game for hours and hours 
ELEMENT TD 2   TOWER DEFENSE,Posted  February         it s element td  price is probably a bit high  but you know what you re getting if you re a fan of the original or wc  version or many other variants that have popped up 
ELEMENT TD 2   TOWER DEFENSE,Posted  November          Addictive in single player and also fun in multiplayer
ELEMENT TD 2   TOWER DEFENSE,Posted  April          If you enjoyed the previous versions of Element TD  you might like this  I did not   The campaign expects you to re spec between each mission  which is just not fun  What s even the point of elemental weaknesses and strenghts  if you re told ahead of time what they are and which creeps you ll encounter in each mission  It s just busy work  There are no strategic decisions to be made   you just pick the ones that are obviously best for each mission   The survival mode quickly becomes boring as well  I ve played different TDs before  and here there is simply too much space  too much variety and too many towers  When you have over     towers on the map  upgrades for each and thousands of creeps  no one is realistically paying attention to all the variables  It quickly becomes a game about clicking fast enough to spend all your resources  Those who are actually  good  at the game I assume are just looking up the optimal tower compositions online and going through the motions each game  You are not making calculated choices when you have     different towers on the map each attacking simultaneously   Multiplayer is just survival mode but worse  because most of the games are played on fast forward  As a result there is even less strategy involved  I ve looked at other players  boards and they re all doing the same thing I am  which is simply placing towers at the same predictable choke points each round  There is way too much going on to prioritize something like elemental weaknesses  which are supposed to be the point of the game   This game is in a weird place where it would literally be better if it was scaled back to a quarter of what it is now  Just delete stuff  make the maps smaller  spawn less creeps etc 
ELEMENT TD 2   TOWER DEFENSE,Posted  July          Anti stress game
ELEMENT TD 2   TOWER DEFENSE,Posted  July   Absolutely fantastic and just like the Warcraft   map 
ELEMENT TD 2   TOWER DEFENSE,Posted  March    Product received for free  I suggest trying it for free first via the DotA   mod to see if you enjoy it  Some will be deterred by the depth on offer while others will thrive on it  To those who enjoy it  I recommend buying Element TD   to support the developers  I cannot praise the game enough  and thank the creators for the countless hours of enjoyment they ve given me throughout the years      Main Pros  Cons  and Suggestions     Pros     Holds true to the Warcraft   mod   Multiplayer is active   the community is friendly   Builders  enemies  maps and towers all look great   One of the best tower defence games release  subjective     Cons     Skill floor may be too high for some   Can be played free through DotA   mods so some may find paying for the game pointless     Suggestions     Workshop content   Element TD   is your standard tower defense  TD  title  You build towers to fend off a near endless onslaught of enemies  Doing so earns you gold  allowing you to build more towers or upgrade your already existing ones  It s a very simple concept  and provides countless hours of fun solo or with friends   Now  I ve been playing TD games since the early     s  both on PC and mobile  Be it flash games  mods  or standalone titles   I ve played them all  Personally  I consider Element TD to be much more complex than most conventional TD titles out there  The skill floor may be too high for some   I ve put hundreds of hours into the Warcraft   mod  along with a further hundred into the DotA   mod  and I m glad to say Element TD   holds true to the original  To save everyone time  I ll cut to the chase   Only buy this if you enjoyed the original  or you enjoyed the DotA   mod  and want to support the team behind it  If you ve never played Element TD before  play the DotA   mod for free first    Hear me out before you crucify me at the stake  Starting out  you re only able to use one element  You can acquire an additional element every five levels  This is where things get interesting  and the complexity slowly creeps in   For someone new to TDs  this may be overwhelming   This isn t a TD which you can blindly pick up and be proficient at  for two main reasons   The first relates to the individual towers and their abilities  and attack ranges   Each tower has its own unique abilities   Buffs  debuffs  AOEs etc  requiring you to think ahead before placing them   The second relates to each tower s element  fire  water  nature  earth  dark  and light  along with hybrids  and their synergies with each other  Some enemies take half damage from certain elements  while taking double from others  Combining this with each individual tower s abilities brings synergies into play  putting layer upon layer of things you need to know  and think about  while playing    Don t get me wrong  Element TD is amazing  and I place it among some of the best TDs I ve ever played  It s addictive  has multiple game modes to keep you busy  campaign  co op  PvP  along with team play   and will provide you with hundreds of hours of enjoyment  assuming you like the genre    I only suggest trying it for free first to see if you enjoy it  Some will be deterred by the depth on offer while others will thrive on it  To those who enjoy it  I recommend buying Element TD   to support the developers  They deserve all the praise  and sales  for the countless years of enjoyment they ve brought to myself and others 
ELEMENT TD 2   TOWER DEFENSE,Posted  August            UPDATE   Since posting this review  the developer has taken steps to make buying and selling even less rewarding  meaning that micromanaging towers in such a way to achieve some truly illustrious end game scenarios has all been reduced considerably in single player and pretty much removed from multiplayer  I understand that this mechanic might be unfavorable to long time players of the game  but to me it is what makes it unique and original and at the very least I would like it if the developers gave players options to play with in single player  An option to increase   of interest for example would be great  Option to make build and upgrade speed instantaneous as well  Option for      sell even in pick situations would be fun too  More options is good imo  Let people play the way they want to   Alternatively  adding a level up mechanic for towers would make for some interesting decision making and strategy  Create some kind of a trade off situation for sellers and buyers   End Update   First off  I spent a lot of time playing the original Element TD and mostly just playing single player seeing just how far I could push the defense against the final boss waves  My favorite mechanics in the game were   based interest and buying and selling towers   I enjoy the interest gameplay because it pushes the player to be as efficient as possible each and every wave  It rewards the player by giving them a lot more money than they would otherwise get making it not as important to build the best towers only enabling a slew of otherwise lackluster strategies   Then comes the aspect of buying and selling towers in order to both maximize the amount of interest you can bring in by selling all towers right before the interest period comes in  and then to also control how much damage is done and when in order to allow the wave to survive the longest possible to once again  gain more interest ticks   That gameplay loop allowed for some truly fantastic building  The late game fantasy with pockets full of gold really makes the game compelling throughout  The micromanaging towers through buying and selling means there is rarely a dull moment   I came into ELEMENT TD  hoping these aspects of the gameplay that I loved would be emphasized and improved on  Sadly  after playing it for    hours  I have to say that they are actually worse than in the original  The game design decisions lead me to believe that neither seem to be terribly important to the developers   That said  there is still some fun to be had and an entire campaign to play through  though I prefer to play survival on the spiral map  the longest map in the game    wonder why     If it were up to me I d change how money towers work so that they instead increase interest by an amount because choosing between interest and money towers isn t a fun decision  I want something that starts off seemingly weak  but when done with skill and precision will turn into a late game power house   I d also add more options so that I could choose my elements and still get      refund on sale  And I m not a fan of the static   of wave bounty perk you can choose in the campaign  I want a chance to increase my interest by an absurd amount and be raking in the gold left and right  More options are better than less so if we could get more choices to let us play how we like that would be great   Despite maybe coming off critical  the game is still a lot of fun to play solo and multiplayer co op  I can t say what competitive is like because I didn t try it but my guess is that you just build the best towers and win  That s not exciting gameplay to me  Buying and selling and constant management is  so if I m wrong and there s actually some skill based gameplay in competitive please do let me know   Cheers and have fun 
ELEMENT TD 2   TOWER DEFENSE,Posted  December          EARLY ACCESS REVIEW Solid carbon copy of the great Element TD of Warcraft Starcraft   So far not a lot of difference as far as i can see with the exception of new gamemodes  but if this game keeps getting new content like it there will be a lot to expand on  which is great  Definitely give this a go once it comes out  unless recent reviews state otherwise  and check it out right now to support it  and if you enjoy Element TD as you know it 
ELEMENT TD 2   TOWER DEFENSE,Posted  March          Product received for free  EARLY ACCESS REVIEW An interesting game  the idea is also good  Only there are a bunch of flaws with the customization of the towers and the character   The game is quite small online  people play day and night  but almost constantly the same players meet if you play for a while   The developer communicates directly with the players  it s great  when they have problems with the game   I recommend to buy 
ELEMENT TD 2   TOWER DEFENSE,Posted  November         best tower defence game  now with mazing
ELEMENT TD 2   TOWER DEFENSE,Posted  November          Fun nostalgic tower defense game going back to warcraft   and starcraft  Great to play with friends  co op  free for all  teams  war even 
ELEMENT TD 2   TOWER DEFENSE,Posted  November          If you are into TD games  this one is great  I like everything about this game
ELEMENT TD 2   TOWER DEFENSE,Posted  May         I play on Linux Proton woks great  Hits me right in the feels from WC  days  Would like to see a mac port though 
ELEMENT TD 2   TOWER DEFENSE,Posted  April          Awesome      authentic Wacraft III custom TD game remake  They even brought back the Battle net networking code   SYNCHRONIZING    SYNCHRONIZING    SYNCHRONIZING   
ELEMENT TD 2   TOWER DEFENSE,Posted  February          EARLY ACCESS REVIEW Well done TD  still have work to do before full release  Unfortunately wouldn t worry with their Discord  Devs don t really give a       condescending and  thats not worth our time  attitude  Edit for response  While you may be interactive and good with the community  that doesn t mean every one of you is as well  Just the fact you immediately invalidate mine and my friends experience when we came to the same conclusion about certain contributors in the discord is telling itself   thats not true  how about      off 
ELEMENT TD 2   TOWER DEFENSE,Posted  August          Excellent TD game  If you loved this kind of TD from back in the Warcraft   days  I think you ll still find it just as compelling  This game really runs with the Warcraft   style as well  so it has that nostalgia element going for it  However  the devs have been making updates to improve the game based on player feedback that is taking Element TD to new places   The less competitive multiplayer modes have gotten a little light on players since release  but they are still a blast when you get a game together  You can also play the game while you wait on a match  If you re into competitive TD play  the wait for matches is usually short and there s certainly a lot of extra game you can get there   The single player by itself justifies the price easily though  It s pretty long and there s enough of a challenge there to keep you interested 
ELEMENT TD 2   TOWER DEFENSE,Posted  April         It was a nice surprise seeing this on Steam as I had no idea it was coming out  As a big TD fan from the WC  days I took a punt on it without reading any reviews   Its a nice chill game that pay homage to the original  while still doing its own thing  To me the gameplay is great   It s worth the buy   There are   major things that need addressing       The multiplayer spam lobby invite spam needs a change  I understand why its there as its a GREAT and innovative way of getting people into a multiplayer match  but it should NOT be displayed while you are in the middle of the match already       Is the optimisation  I have a Ryzen       HS with an RTX      and while on high graphics I noticed my laptop thermal throttled  To put this into perspective  Battlefield   with    players doesn t even throttle my laptop  I assume this will be resolved as time goes on and the devs get more fine tuning and feedback 
ELEMENT TD 2   TOWER DEFENSE,Posted  October   Very fun tower defense game  if you are itching for a tower defense game you can t do much better than this game right here   Good gameplay  nice graphics  relaxing fun to sit back and set up some turrets and mow down enemies as they all come rushing forward   Also works on the steam deck to   The devs seem to update this all the time  I look forward to putting some more hours into this in the next few weeks on my Steam Deck   One of the better Tower Defense games out there with alot of content and fun gameplay 
ELEMENT TD 2   TOWER DEFENSE,Posted  January   Tower Defense Gem    Elements to Choose From      Unique Upgrades   Co op Mode up to   Players   Excellent Value   Cheap Purchase   One of the best TD games available  Endless combinations         Want more gems recommended to you  Come over and follow to see my ever expanding list of hidden and great games 
ELEMENT TD 2   TOWER DEFENSE,Posted  November          A lot of fun even if you have no idea what you are doing 
ELEMENT TD 2   TOWER DEFENSE,Posted  April          Very good casual game 
ELEMENT TD 2   TOWER DEFENSE,Posted  July          Challenging but not impossible game play  Plenty of difficulty levels and game types for variations 
ELEMENT TD 2   TOWER DEFENSE,Posted  January   This is a good tower defense  I bought this game two days ago
ELEMENT TD 2   TOWER DEFENSE,Posted  September          yes just yes
ELEMENT TD 2   TOWER DEFENSE,Posted  May          I enjoyed this game as a chill sort of gameplay experience  even though I m not a huge fan of tower defenses  Their skill tree was pretty diverse  I love the mechanic of combining elements skills to make something new  and they did a good job bringing in small  new mechanics every few levels  Their customization options were also pretty cool  This game is definitely not something I d ever      or anything  but it was fun while it lasted 
ELEMENT TD 2   TOWER DEFENSE,Posted  October         EARLY ACCESS REVIEW Finally a TD to scratch that itch  The game feels like it has a good set of towers and mixes   Though it does feel like it has been slanted to avoid game breaking combination  No stun locks  no large   buffs debuffs   Overall though it feels like the TD I remember from WC   just with some more polish  Just not sure the game breaking tower sets that were removed from WC  were a bug or a feature   
ELEMENT TD 2   TOWER DEFENSE,Posted  June    this is tons of fun  it s sort of complicated but not really  there is a rock paper scissors type of thing going on with the elements  but it s nowhere near as complex as the type system in pokemon  say   loads of different towers to unlock and upgrades customisations you can make to the towers  that s probably the most fun part  i also like that you can fast forward once you ve built your towers and watch the battles in high speed   i wouldn t say it s too hard for a beginner  i ve not really played much of this sort of game  but i ve beaten    or so of the levels on Normal difficulty  there are lots of hints within the game to explain what to do and it sometimes recommends which upgrades to buy etc   you can turn this off though   if you mouse over anything it will show you what it does  so you don t have to remember all the rules   i like it a lot and i m sure i ll play it lots more  though it s only really got   core idea to it  so it might get boring after a while   absolutely no story characters to it etc  i don t mind this personally but some people might
ELEMENT TD 2   TOWER DEFENSE,Posted  February          EARLY ACCESS REVIEW TL DR GET IT   Played Elemental TD back in Starcraft    Ive not been disappointed  all aspects have been polished and refined into a amazing game  Not only that  but the devs added a large tutorial for newbies as for veterans  They also added a huge pool of compleatly unique maps and many new gamemodes  Element TD   also finally has a ranked mode   The cherry on the cake is that the games are very close tho the playerbase  have seen the devs a ton in matches 
ELEMENT TD 2   TOWER DEFENSE,Posted  November          The game is actually pretty fun  however the campaign gets pretty stale after a while   there are only so many times you can get surprise lane changes that force you to redo your whole build before it just gets annoying  The real problem  ironically  given this review  is that the lack of players make multiplayer nearly impossible  which is fairly important for a tower defense game 
ELEMENT TD 2   TOWER DEFENSE,Posted  April          fun time killer with no upsell ads
ELEMENT TD 2   TOWER DEFENSE,Posted  June          alil pricey for what is but well made and fun and one of my favs to watch the yogscast play
ELEMENT TD 2   TOWER DEFENSE,Posted  February          Best TD game on the market       
ELEMENT TD 2   TOWER DEFENSE,Posted  December          Absolute fun to plan  Really interesting tower defense game  Played since pre launch and still they come up with a lot  Highly recommed this game for TD gamers
ELEMENT TD 2   TOWER DEFENSE,Posted  May          best TD from WC 
ELEMENT TD 2   TOWER DEFENSE,Posted  January          EARLY ACCESS REVIEW More than solid TD with a good amount of variety of game modes  It s even better if played with friends 
ELEMENT TD 2   TOWER DEFENSE,Posted  December         EARLY ACCESS REVIEW From the hours I ve played at this point  i really enjoy the game  It s a reall good time consumer if you need to pass time  or a great background game when you are just chatting with some mates on discord   Maybe not the most in depth review but  it s all i got  D
ELEMENT TD 2   TOWER DEFENSE,Posted  December          EARLY ACCESS REVIEW     Best tower defense game out there   Plently of maps  game modes  competative and co op   Game mechanics are fun and interesting   little to no bugs  Plenty of loot hats to unlock  with xp points   NONE  NILL  NILCH micro transactions  WOO HOO 
ELEMENT TD 2   TOWER DEFENSE,Posted  April          Basically the old warcraft   map of the same name with new bells and whistles  definitely worth the price tag  The roadmap is also very promising   Stereotypical tower defense  waves of enemies follow a predetermined path and you must build varying types of towers to kill them  certain enemies are strong to a specific tower type  weak to others  Different elements provide different benefits to towers  elements can mix and match to create stronger towers  Surprising amount of depth for a TD   Some modes have different modifiers  coop  FFA  Team and WAR   coop meaning everyone has a shared life total and must work together to complete the waves  FFA being everyone handles their own lane in a  last man standing  kind of deal  team is the same as FFA but with certain people working together and WAR is their new mode where you can use abilities to mess with the other members of the game  personally find the coop to be the most enjoyable   Lots of ways to play  no real  optimal  way to play as many strategies work overall  Worth the price and a very good background game once you know exactly what you re doing   Oh did i mention this game has tons of customization for your towers and builder  that s pretty neat 
ELEMENT TD 2   TOWER DEFENSE,Posted  December          Good Tower Defense with great Multiplayer  Under continous development   Very good balanced  Different builds invite you to experiment with the elements   Multiplayer has a small but friendly community  You can play coop  teams or free for all as you like     
ELEMENT TD 2   TOWER DEFENSE,Posted  April          EARLY ACCESS REVIEW Feels just like the old Ele TD  just with nicer graphics and usability 
ELEMENT TD 2   TOWER DEFENSE,Posted  April   The game is perfect for a relaxed and tactical experience The graphics are impressive and the towers and elements are varied Playing with friends creates enjoyable and engaging tactics
ELEMENT TD 2   TOWER DEFENSE,Posted  April          Yah me likey  just a nice looking fun tower defense game  really enjoying it 
ELEMENT TD 2   TOWER DEFENSE,Posted  April         If you enjoyed the WC  custom map original  you ll enjoy this  Now someone please give me WMW   Cube TD 
ELEMENT TD 2   TOWER DEFENSE,Posted  August          Coming from the old days and being a fan of WC  EleTD this is the best you can get  Unfortunately there are few players as of now  I can barely get more than   people to play with 
ELEMENT TD 2   TOWER DEFENSE,Posted  March          Product received for free  No ActivisionMicrosoftBlizzard        Whatever dark sorcery you did to my awesome money tower     
ELEMENT TD 2   TOWER DEFENSE,Posted  August          I loved the original  this is a pretty good second 
ELEMENT TD 2   TOWER DEFENSE,Posted  April          A Warcraft   classic  As it was then and as it is now  element TD is the best tower defense game  full stop  This new release is merely a refinement of what was already nigh perfection  Some of the assets look and sound like extremely low budget jank  because that s what this game is  but the gameplay speaks for itself  Good as both a singleplayer and multiplayer experience 
ELEMENT TD 2   TOWER DEFENSE,Posted  October          this game is really good and pays homage to the original Element TD from Warcraft III  the developers update the game with new maps and new game modes  they tweak the towers here and there and the game is absolutely gorgeous  there s a LOT of variety between towers  there s a lot of towers all in all  so there s a lot to discover  I am still sometimes discovering new strategies after all this time        do recommend to any tower defense lover 
ELEMENT TD 2   TOWER DEFENSE,Posted  December         EARLY ACCESS REVIEW If you like tower defence games of any sort  then this is deffo one to try  Lots of options for solo play  as well as loads more for multiplayer  alongside   different elements of towers to pick from  and combo towers of   or even   elements combined  there are plenty of different ways to set up your defences to clear the waves of monsters   Easily worth the money  and well beyond 
ELEMENT TD 2   TOWER DEFENSE,Posted  April         EARLY ACCESS REVIEW Classic WC  TD  rage with friends is fun
ELEMENT TD 2   TOWER DEFENSE,Posted  August    Great TD  just got a new dlc  This is TD done right  in every aspect    Challenge  Progression  Growth  Diversity of play  Puzzle solving
ELEMENT TD 2   TOWER DEFENSE,Posted  August    Great Tower Defense game  Very much an upgrade to the Elemental Tower defense games I played that were mods off of Warcraft    Worth your time and money 
ELEMENT TD 2   TOWER DEFENSE,Posted  April         Super fun  if you like tds this will be fun for u 
ELEMENT TD 2   TOWER DEFENSE,Posted  September   Thanks to this game  I no longer have a life  D    hours on the first play  Very addicting 
ELEMENT TD 2   TOWER DEFENSE,Posted  July         this game made me have an existential crisis and go back to BTD  because even the normal difficulty whooped my ass 
ELEMENT TD 2   TOWER DEFENSE,Posted  April          Tower go brrr  Creep go die  I like 
ELEMENT TD 2   TOWER DEFENSE,Posted  March   Awesome Tower Defense Game  I m still learning the ropes because it s pretty deep 
ELEMENT TD 2   TOWER DEFENSE,Posted  July          Excellent TD entry from the legendary creators of Flash Element TD  TONS of towers and build options  The campaign is OK  but requires a lot of respeccing and busywork  the survival mode is where the real fun is to be had  The random element option also provides an extremely solid roguelite style run system  Great multiplayer experience as well  both co op and PVP  One of the best TD on the market right now 
ELEMENT TD 2   TOWER DEFENSE,Posted  November         One of the best TD s on steam to be honest   Pretty concise on what the developers wanted to achieve and I think they have nailed it  From the Warcraft   mod  this definitely is a successor   A lot of strategies can be employed for different missions and multiplayer with varying results  Grind system for cosmetics for those who enjoy that type of systems  Star system for campaign to challenge you into employing different strategies which will make your head hurt at times  Trying to get all the stars takes actual skill and knowledge of the game   Great multiplayer against foes or common foes  Coop being the best aspect of it in my opinion   New patches and balances which allow new towers to shine  can be a negative sometimes  in situations never thought of before  Also new towers coming and maps   Element and monster type synergy is fantastic  really pushing you into building a variation of towers  not just one type  even though you can but you have to have impeccable timing    Leader boards in which you can compete and replay other peoples games to watch and learn  great feature   Overall  very good game and you will definitely sink in hours into this game 
ELEMENT TD 2   TOWER DEFENSE,Posted  April          Very fun with friends     Jerry bought Scum and only played it for    minutes LOL
ELEMENT TD 2   TOWER DEFENSE,Posted  August   I love it  Although  I wish it had towers that spawned some units though  and heroes that you can move around like a builder but it damages mobs   I m pretty sure both of these features were in the WC  ETD maps 
ELEMENT TD 2   TOWER DEFENSE,Posted  December         Still the best after all these years 
ELEMENT TD 2   TOWER DEFENSE,Posted  January          i like it
ELEMENT TD 2   TOWER DEFENSE,Posted  June          Very meh  Not one bit better than a warcraft   td map  Just play the map 
ELEMENT TD 2   TOWER DEFENSE,Posted  April         Do you remember those days in WC   Well you can forget about those days because now you have this game 
ELEMENT TD 2   TOWER DEFENSE,Posted  December          gooooiiiil
ELEMENT TD 2   TOWER DEFENSE,Posted  March          Great tower defence game 
ELEMENT TD 2   TOWER DEFENSE,Posted  April         Awesome Single Player OR Co oP OR PvP tower Defense game  RPG elements with your builds in story mode cuz you get to choose when and how you unlock certain towers tower buffs  A nd it is honestly the best co op tower defense you can buy hands down  This game is getting tons more hours added to it over the next few years 
ELEMENT TD 2   TOWER DEFENSE,Posted  February          Product refunded  EARLY ACCESS REVIEW I purchased this game solely out of nostalgia from my years playing Warcraft    Further  between what I can only presume to be unrealistic expectations in tandem with the caveats that come packaged with early access games  take what I m saying with a grain of salt   I want to start by mentioning that the game well  by which I mean the animations are smooth  transitions appear seamless  and the streamlined UI flow makes it easy to pick up and start playing  I did not encounter any crashes  bugs  or other interruptions that prevented me from playing the game   The big downfall of ETD   in my opinion however  is two fold  While I acknowledge that the developers went from Blizzard s blackbox SDK   expansive collection of assets to an independently funded game  Element TD   simply feels    uninspired  There are an underwhelming amount of towers  and only a handful that feel exciting to work towards which drastically reduces the game s replay value  Many of the towers appear very close in resemblance  making them tough to differentiate in what is an already clunky  cluttered mess of towers and effect over saturation towards the end of the game   The most compelling argument against this game for me however  is that there was a lot to be desired but very little incentive to play it again  The rate in which you upgrade and scale your towers is painfully slow  and reaching the end of a research tree is as easy as it is unfulfilling  It delivers itself as a mini game with a leader board which worked great in Warcraft    but less so as a standalone game   I really wanted to like this game  and hopefully someday I will  This experience however  left me feeling as though I paid money for a lower quality version of the original Element TD 
ELEMENT TD 2   TOWER DEFENSE,Posted  February          EARLY ACCESS REVIEW Purchased this game on sale which is a steal  at      US Remember playing it in Starcraft II   III when community could submit their designs  Amazing on those platforms  so wanted to see what they did to make it a game   Stable  Good FPS  and even if there are annoying bugs here and there  the devs are on top of it  The developers did an update just as I am writing this review  So if you are a fan of TD games  then do not hesitate to get ELEMENT TD    as you will be super happy   Not just regular happy    yes    SUPER HAPPY    Tips  Be patient Do the Campaign to learn the game  Read and watch your game as much as possible  as to see what towers do in your game   SIDE NOTE  We do not recommend setting towers  eating  taking a dump and wonder why   levels before the end you lost or claim things are bugged that are not 
ELEMENT TD 2   TOWER DEFENSE,Posted  December          this is good game  aprroved       
ELEMENT TD 2   TOWER DEFENSE,Posted  April         It s good to play when you are old and have bad reaction time for other games   
ELEMENT TD 2   TOWER DEFENSE,Posted  December          Best balanced game in ages  Great tower designs and animations 
ELEMENT TD 2   TOWER DEFENSE,Posted  April          It s better than Wc  map and Wc  map was a good one
ELEMENT TD 2   TOWER DEFENSE,Posted  August          It s pretty good    Element towers are coming soon  I really wish there were more towers in general though   Edit  Awesome new balance update  new towers coming soon 
ELEMENT TD 2   TOWER DEFENSE,Posted  April          Boy  I haven t enjoyed just playing and playing a tower defense game like this since          Ranked Random multiplayer is great fun  Having to adapt to different elements and try to make a winning combination with limited tools is fantastic  Highly recommend 
ELEMENT TD 2   TOWER DEFENSE,Posted  November          Great TD game that does justice to the genre and to the TD that originally came from WC  custom maps  Started playing before     release and it s consistently getting better after each update  In it s current state it s very solid and has a lot of different modes to enjoy  be it playing by yourself  with friends or against with randoms 
ELEMENT TD 2   TOWER DEFENSE,Posted  February         EARLY ACCESS REVIEW Beautiful tower defense that is reminiscent of the original game  The flash game of this series was my introduction to TDs  and made me fall in love with them  I was thrilled to find this  It s a gem  Some set backs   the learning curve is steeper than necessary due to some less than intuitive functions  and not having access to instructions or a tutorial mode  It seems to be meant for those who have decent experience  The multiplayer was down right joyful  I loved the multiple modes  varying between one on on  co op  free for all  rank  and I  think  one other  i haven t tried them all  I look forward to seeing more as the kinks are worked out 
ELEMENT TD 2   TOWER DEFENSE,Posted  May          There isn t enough players to make multiplayer viable  Single player has a lot of problems  Having to choose the towers before seeing the track is absurd  specially when in some cases short range towers are completely useless  Having to remove and place again all towers every   waves is dumb  Many towers are unbalanced 
ELEMENT TD 2   TOWER DEFENSE,Posted  July          Had given up on TD games before I found this one  Very fun and well made game 
ELEMENT TD 2   TOWER DEFENSE,Posted  February          EARLY ACCESS REVIEW I ve played Element TD for many years on WC    Dota    I decided to give this new project a try and couldn t be more happy  Give it a try   
ELEMENT TD 2   TOWER DEFENSE,Posted  April         The classic wc  mod redone really well  With a lot of extras like the solo campaign and numerous other map formats  Defense Grid   is still as good as it is  but no longer my favorite TD 
ELEMENT TD 2   TOWER DEFENSE,Posted  August          Hot game made by hot dudes 
ELEMENT TD 2   TOWER DEFENSE,Posted  November         Nice TD game with elemental strenght weakness system  Good main campain and multiplayer maps 
ELEMENT TD 2   TOWER DEFENSE,Posted  April          If you ever played Warcraft  custom maps and you loved it  you loved the weird games  the awkward lobbies  and the joys of just playing a game that s impossible to explain to any normal person you know  this is your game  You queue just like War   you build the towers just like War   the music and graphics are like coming home again  there s no fancy           no modern cashgrab stuff  feels like someone who just loved war  customs wanted to make a game where you could play that again   It s the classic Element TD  the game is balanced  the gameplay goes beyond  spam best tower   there s tons of maps that dramatically change build strategy  and if you run out then there s alternative path options that switch it up again so you re always adapting  After you play some single player and figure out what the towers strengths are  queue up into some All Random matchs and just freestyle online  nothing else like it
ELEMENT TD 2   TOWER DEFENSE,Posted  April   having fun with friends
ELEMENT TD 2   TOWER DEFENSE,Posted  January    Perfect waste of time  Get it now    
ELEMENT TD 2   TOWER DEFENSE,Posted  September          Very fun 
ELEMENT TD 2   TOWER DEFENSE,Posted  September          Great TD  been playing since like WC  days 
ELEMENT TD 2   TOWER DEFENSE,Posted  June          This is a great TD game  If you like TD games you will love this one  With the different combos you can do with different towers its makes for a fun time with friends 
ELEMENT TD 2   TOWER DEFENSE,Posted  June         One of the best TD games
ELEMENT TD 2   TOWER DEFENSE,Posted  May          it want let me win i need a perfect score on every challenge level but will keep trying i enjoy the pass time 
ELEMENT TD 2   TOWER DEFENSE,Posted  November          yes
ELEMENT TD 2   TOWER DEFENSE,Posted  September         It s Element TD with some bonuses like a campaign  multiple maps  and different multiplayer play modes  including ranked   And that s all I needed it to be   
ELEMENT TD 2   TOWER DEFENSE,Posted  August          Game never feels stale  especially with constant updates  Love theorycrafting builds  Good game 
ELEMENT TD 2   TOWER DEFENSE,Posted  February          Amazing tower defense game  enjoyed every moment of it  Great music  balanced difficulty  challenging at times  Only thing that came across with all the positive feelings was graphics card noise while playing it  hardware demanding tower defense game is something new for me and I ve played quite a few of them  Nonetheless  I recommend this great game to everyone who enjoys TD 
ELEMENT TD 2   TOWER DEFENSE,Posted  January          I like the concept but it just seems too hard to get into  I ve gone in multiple times but came out with no noticeable increase in game sense  Each session has basically consisted of me using the recommended towers  trying to optimize their reach on the given map  and hoping it works  Rarely do I get more than   star per level even on normal difficulty  How people can even complete hard mode or higher is an enigma to me  Not being good at the beginning is understandable  but I d expect to at least improve slightly from session to session  Maybe I m doing something wrong  who knows  All I know is that it hasn t clicked for me yet  even after   hours   If you re a hardcore tower defense player then this is for you  As a casual though I can t recommend it 
ELEMENT TD 2   TOWER DEFENSE,Posted  September         So far a very good successor to the greatest TD ever  Defense Grid  There s a little bit too much customisation with the various towers  would be good if the element trees were much smaller as there are too many wrong ways to select and place towers 
ELEMENT TD 2   TOWER DEFENSE,Posted  September         Probably my favorite TD game in many years  It s tough  it has moments where I wanna pull my hair out but the mechanics and elemental towers continually keep me coming back because I love the strategy involved in placing units  The game is colorful   everything is well laid out and easy to understand but there are a lot of layers here to unfold  I generally play single player and there is more than enough content to give the game longevity and the few times I have played online with others have been fun  Lovely game 
ELEMENT TD 2   TOWER DEFENSE,Posted  July         The WoW talent tree but tower defense 
ELEMENT TD 2   TOWER DEFENSE,Posted  June          pretty fun with a friend or    classic TD style game play  wish there were more maps though 
ELEMENT TD 2   TOWER DEFENSE,Posted  May          classic tower defence
ELEMENT TD 2   TOWER DEFENSE,Posted  May          Awesome job  even better than the custom games i used to play on warcraft and starcraft
ELEMENT TD 2   TOWER DEFENSE,Posted  April          If you played this in Warcraft    welcome home 
ELEMENT TD 2   TOWER DEFENSE,Posted  April         Legendary wc  mod  If you have ever liked tower defense games play this one   Multiplayer FFA Co op 
ELEMENT TD 2   TOWER DEFENSE,Posted  April          I played elementTD way back on WC   This is such a lovely spiritual successor   spot on  but with so many quality of life things that make the game so much more enjoyable  It s pretty  it s fun  and I ve already sunk a day and a half into it   after owning it for   days 
ELEMENT TD 2   TOWER DEFENSE,Posted  April          I m going back to rewrite this review over a year after initially posting it as development has fixed all of the issues that I previously had with the game over time  While there are definitely still clunky pieces to Element such as the weird character movement system and the competitive scene devolving into spam sell turret simulator  it s overall a really solid tower defense game with a clear level of passion that has resulted in something I just keep going back to 
ELEMENT TD 2   TOWER DEFENSE,Posted  April          Its a ridiculously good game  If you played wc  custom games and played it back in the day on that   its a split image of it  Its almost a rewind into the history of gaming back when it was menu derived and simply hosted by players  Unbelievable atmosphere in the re imagining of a legend of a custom game  Its a stand alone game with tongue and cheek changes to remain unsubjected to a lawsuit  The graphics and audio are well done and its a nostalgia thriller of a roller coaster  I have lost hours into this game already and its a bargain of a purchase  Get you a copy asap  Its your duty as a true game to own this 
ELEMENT TD 2   TOWER DEFENSE,Posted  April         Nice TD game  Like all TD games  becomes a bit repetitive  Thankfully  theres a lot of different clutch combinations of towers to experiment  and a surprisingly active multiplayer scene   They nailed the basic TD stuff absolutely right  but I do not like the switching around of portals in the single player mode  Then again thats a little nitpicking  If you love TD  you ll love this one   EDIT  The game is still good  but the multiplayer  which was its biggest deal  is almost dead  Its pretty hard to find a good lobby  while previously you could easily find       lobbies at the least  covering all variety of settings  now you re lucky if you find    Still  if you want to play solo this is still a great TD game   EDIT EDIT  Multiplayer is practically dead  DO NOT buy this for the multiplayer 
ELEMENT TD 2   TOWER DEFENSE,Posted  April         More content than ever More balanced than ever More maps than ever Still mazing DLC to come  from WC  Wintermaul etc   The time is now to get it if you re interested 
ELEMENT TD 2   TOWER DEFENSE,Posted  April         Fun game  found out what was really OP early on and was able to just blast through   chapters in a day  Not sure if that s a good or bad thing but hey it was fun doing it 
ELEMENT TD 2   TOWER DEFENSE,Posted    July       풍선디펜스나 등등 비슷한 게임이 있기도 하지만  나는 개인적으로 태어나서 해본 타워디펜스중에 원탑이라고 말할 수 있다  플탐  시간 이런애들이 하는 말은 어지간하면 무시해도 됨    갓겜 맞음   장점을 부각시키기 위해 단점 먼저 씀   단점   랭킹  등을 노리기 위해서는 정형화된 테크가 필요하다   다른 리뷰들이 크게는 틀린게 아닌 것이  결국  등을 위해서는 맨날 같은 타워  맨날 같은 테크를 탈 수밖에 없는게 사실이기는 하다  고득점을 위해서는 독  원자 등으로 대표되는 몇몇 고효율 타워가 강제되며 공업 속업 타워 또한 반드시 요구되기 때문에 결국 몇몇 테크밖에는 탈 수가 없다  그러나 이 부분은 장점  번으로 상쇄 쌉가능   맵이 많지는 않다   소수인원용 맵  개    인 전용   다수인원용 맵 개    인 협동  해서 총   개의 맵 밖에는 없기 때문에 하다보면 맵이 다 익숙해져버린다  개인적으로 맵 커스텀같은거 나오면 훨씬 재밌을 듯   타워디펜스지만 생각보다 컨트롤게임이다   요충지에 타워를 짓고 시뮬레이션 보듯이 하는 것이 타워디펜스의 극장점이고 이 게임 또한 어느정도는 거기에 부합하지만 보다 세심한 컨트롤이 섞였을 때 타워의 스펙이 극대화된다  판매 다시짓기 컨트롤이나 라운드 특수능력에 대한 방비  요충지에 어울리는 타워의 특성을 다 이해하기까지는 조금 시간이 걸린다  아무것도 모른 채 한다면 그렇게 재밌진 않을 수 있다  다만  게임에 익숙해지면 장점이 될 수 있는 요소     장점   하나의 맵에서의 다양한 배리에이션이 가능하다   같은 맵이더라도  몇 가지 선택 요소에 따라 게임의 양상이 크게 달라진다  단순하게는 난이도설정부터 시작해서  테크랜덤  적 출현방향 전환  게임속도  배  적 속성 랜덤  맵 구성 변화 등의 요소가 있기에 하나하나 모두 익숙해질 정도로 오래하지 않는다면 나름의 색다른 재미를 계속 느낄 수 있다  더불어  캠페인을 제외하고도 계정레벨을 올릴 수 있는 업적이 있기에 그 레벨에 따른 커스터마이징 기능 또한 적지 않은 편이다  최종적으로는   다 대전이나         팀대전 등의 대전요소나 다인 협동전도 가능하기에 하나의 맵에서라도 굉장히 다양한 게임을 하는 느낌을 받을 수 있다    인 이상 협동시 전략요소가 크게 늘어난다   타워디펜스가 으레 그렇지만  테크를 차용하는 게임 특성상  인 이상으로 플레이하게 될 시 버프 디버프 타워속성 등 여러가지 면에서 혼자 플레이할 때와는 아예 다른 게임을 경험할 수 있다  예를 들면  한 사람이 이자를 계속 받으며 적당히 성장하고 최종적으로 딜러타워를 맡는 동안  다른 사람이 버프타워와 디버프타워  초반을 버텨내기 좋은 위주의 속성으로 성장하는 등의 플레이가 가능한 것  솔플만 즐기고 싶은 유저라도  비교적 외국사람 방이 숫자가    개씩은 있어서 원한다면 언제라도 멀티플이 가능하다  다른 것보다  함께 할 수 있는    명의 친구가 있다면 금상첨화   테크 랜덤 선택시 매판매판이 새로워질 수 있는 가능성이 열려있다   이게 가장 중요한 특성인데  속성 테크를 선택하기만 하는 것보다 랜덤으로 하는게 진짜 재밌다  속성랜덤을 선택하게 되면 타워판매금액이     가 되기 때문에 컨트롤에 자신만 있다면 항상 이자 직전에 모든 타워를 판매하며      이자를 받으며 적게는     많게는   라운드 끝까지 진행할 수 있기 때문에 컨트롤 여하에 따라  타워 특성 이해도에 따라 게임 플레이가 천차만별로 갈린다     쓸모없는 타워도 적재적소에 지으면서 속성보고 막는 그런 맛이 있음     나도 솔직히 테크 다 정해져있다는거 알았을 때 좀 노잼되긴 했는데  랜덤속성 속도 배 하면서 좀 하다보니 이만한 게임이 없더라  친구  명이랑 같이하는데    재밌음  친구 없으면 미안 
ELEMENT TD 2   TOWER DEFENSE,Posted     April       EARLY ACCESS REVIEW 워  유즈맵의 그 Element TD 제작팀이 제대로 만들었다   아직 앞서 해보기이지만 기존에 즐기던 그 느낌 그대로   멀티 코옵도 가능하다 
ELEMENT TD 2   TOWER DEFENSE,Posted    April       그 옛날 엘리멘트TD 유즈맵의 BGM으로 제공되던  무한히 반복되는 비틀즈 노래를 들으며 몇시간씩 갈아본 적 있는 게이머라면 이 게임이 재밌을 수 밖에 없다   워  유즈맵 시절보다 다양한 맵  게임 모드를 제공하며 물 빛이 OP이던 당시의 망가진 밸런스를 뜯어고쳐 훨씬 더 다양한 조합으로 게임을 공략할 자유를 제공한다 
ELEMENT TD 2   TOWER DEFENSE,Posted    April       타워 좋아하면 재밌음 간만에 정신없이 겜함
ELEMENT TD 2   TOWER DEFENSE,Posted     April       나쁘지않음
ELEMENT TD 2   TOWER DEFENSE,Posted     April       생각없이 시간죽이기 좋아요
ELEMENT TD 2   TOWER DEFENSE,Posted    January       EARLY ACCESS REVIEW  시간 정도만 해보면 컨텐츠가 별로 없다는걸 알게됩니다  빌드 정형화되어있고 그걸 깨닫는순간 그냥 지루함만 느껴짐 외국인과 대화하면서 할수있다는것이 장점
ELEMENT TD 2   TOWER DEFENSE,Posted    April       시간때우기 좋은게임이네요 무료로 구매한건아니지만 가격대비 할만한듯
ELEMENT TD 2   TOWER DEFENSE,Posted    April       마인더스트리       블룬TD         젬크래프트FW         이게 진짜      따리 게임이라고는 생각되지 않음  스팀 타워디펜스에서      이면 풀프라이스임  생텀   OMD 가 동가   플래시로 만들어진 최초의 TD다를 강조하는데 그것말고는 장점이 없어보임   UI는 조잡함  타워 디펜스에 그렇게 좋을 필요도 없지만 너무 고전적이고 공안들인 티가 남   캠페인은 답답함  스테이지 클리어하면 받는 포인트로 타워들을 해금해나가는 식인데  포인트씩 주고  기본 원소탑도 해금이 안돼있음   플레이는 단조로움  원소가 너무 많아서 그런지 포지션이 겹치는 타워들이 좀 있음  포켓몬처럼 주고받는 피해에 플러스마이너스가 있기는 한데 그냥 속성만 다르고 비슷한 역할을 하는 타워로 갈아끼우기 하는 경향이 있음  다른 타워 디펜스들에 비해서 플레이 경험이 나은 부분을 전혀 찾지 못하겠음   편의성도 떨어짐  맵에 들어가면 이번 스테이지에서 나오는 적들의 속성을 못본다던가 배속단축키는    키고  타워 단축키도 QWER이 아니라 머릿글자로 설정해서 빛타워는 L까지 가야 됨  단축키 변경도 못하고  심지어 배속단축키는 단축키 설명에 써있지도 않음   그래픽도 구식임  품질 자체가 그렇게 안좋은건 아닌데  디자인부터 렌더링까지 세련됐다고 느껴지는 부분이라곤 없음  그렇다고 무슨 폰겜같은 아기자기한 맛이 살아있는 것도 아님   추억보정도 딱히 없음  개인적인 부분이긴 한데  플래시게임과도 워 판과도 진화라곤 없이 똑같은 플레이방식인데 묘한 이질감이 자리잡고 있음  그닥 ETD같은 느낌이 안삼   한글화도 덜글화임  탑 툴팁이랑 메인화면까지는 거의 번역이 됐는데 다른 튜토리얼이나 장문 텍스트는 거의 안되어 있음  썩 불편한건 아닌데  게임이 너무 허접하다보니까 뭔가 놓치는게 있는건 아닌지 싶은 생각이 듬   튜토리얼 없음  위에서 말한 튜토리얼은 그냥 메세지 박스로 툴팁을 보는 수준의 그것임  제대로 된 튜토리얼은 없고  게임성을 감안하면 필요하지도 않음   이 게임에서 기대할 수 있는건 스팀 상점페이지 첫번째 트레일러를 음소거로 보는거임  거기 나온 것 이상의 플레이 경험은 없음  멀티플레이를 상당히 내세우던데 멀티는 안해봐서 뭐 어떤지는 모르겠음   요약 최신 게임이 너무 낡았다 
ELEMENT TD 2   TOWER DEFENSE,Posted    March       시간 태우기 좋음   워크  유지맵 시절에 비해 난이도는 꽤 줄어든 편이니 씹고인물들은 베리하드 이상 난이도에 랜덤속성 박고 특수모드 떡칠하면 좀 재밌어짐   본인은 아래와 같은 세팅 위주로 돌렸음   난이도  하드 이하는 게이  대부분 베리하드 이상에서 놀았음   최고난이도인 인세인은 좀 힘들어서 효율좋은 타워 위주로 쓰게되니까 즐길거면 베리하드가 딱좋음   엘리먼트 속성픽   조합으로 컨셉질할거면 픽  조합 생각하기 귀찮거나 난이도 높히고싶으면 랜덤  렝스 맵 진행 길이   걍 풀 고정  패스  걍 스탠다드 고정  특수모드  익스트림  갓 제외 전부 체크   맵이 너무 쉽다 싶어서 난이도 더 높힐거면 익스트림 체크  갓모드 키는 게이새끼 없지   하드까지는 어지간히 병신조합 아니면 대충 머리 조금만 굴려서 조합 짜도 클리어는 됨  한무라운드 볼 예정이거나 인세인이면 핵  올원소 분자덱등 효율 좋은 빌드가 강제되는 경향이 있으니 이 부분은 좀 실망스러울 수 있음  컨셉질 마렵거나 뇌절조합 짜고싶으면 하드 베리하드쯤에서 노셈 
ELEMENT TD 2   TOWER DEFENSE,Posted  April         개   노   잼   
ELEMENT TD 2   TOWER DEFENSE,Posted  July         Product refunded  EARLY ACCESS REVIEW 성급했을지도 모르지만  한판하자마자 바로 환불했어요 타워디펜스는 맞긴한데  제가 생각했던 게임플레이가 아니었어요 
ELEMENT TD 2   TOWER DEFENSE,Posted  October    
ELEMENT TD 2   TOWER DEFENSE,Posted  September   협동 돌리는 맛이 있음 도과 난이도가 상당해서 도과만 깨려해도 시간 엄청 걸릴거같다
ELEMENT TD 2   TOWER DEFENSE,Posted  September   옛날 워크갬성 재대로임
ELEMENT TD 2   TOWER DEFENSE,Posted  August    건설 방어 게임을 좋아하는 분들은 추천합니다 
ELEMENT TD 2   TOWER DEFENSE,Posted  July   할만하네요
ELEMENT TD 2   TOWER DEFENSE,Posted  May   good
ELEMENT TD 2   TOWER DEFENSE,Posted  February         EARLY ACCESS REVIEW 저한테 재밌긴 합니다  혹시 구입을 망설이신다면 제 유튜브  민초맛후랭이 채널에서 영상보시고 결정하세요  장점  전통 타워디펜스 느낌이 강하다 시인성이 좋다 꽤 재밌다  시간이 녹는다 속성간의 밸런스가 잘 잡혀 있다 얼리 엑세스인 점을 감안하면 버그도 적다 눈 아픈 이펙트는 딱히 없다  단점  타격감이 아쉽다 한글화가 아직이다  유저 한글 번역이 진행중으로 알고 있습니다  타워 디펜스 게임인데       이다 아직 국내 유저가 좀 적다  이 정도 될 것 같습니다 
ELEMENT TD 2   TOWER DEFENSE,Posted  October   타워디펜스류를 좋아하는 한 사람으로써 난이도도 어려운편이라 맘에드는데 정식한글화가 되었음에도 불구하고 해석이 엉망진창입니다  심지어 한글이 안된부분도 존재  간단한 증가 감소도 반대로적혀있고 이해하기가 힘듭니다 타워 개개인마다 모두 다른 옵션이기때문에 업글을 안하고 써야되는 타워도 분명 존재하고 그로인해 무궁무진한 조합이 가능한데 이 한글화가 이상하게되있어서 좀 힘드네요 종합평가는 그동안 해본 타워중에 중상정도 라고 볼수있겠네요
ELEMENT TD 2   TOWER DEFENSE,Posted  April    시간 순삭 재미 보장   고고고고고
ELEMENT TD 2   TOWER DEFENSE,Posted  March    가성비 좋아요
ELEMENT TD 2   TOWER DEFENSE,Posted  January    재밌음 
ELEMENT TD 2   TOWER DEFENSE,Posted  February         보통 디펜스 게임은 싱글게임인데  이 게임은  vs   다수 인원의 개인전  협동모드까지 가능하기때문에 여태 해본 디펜스 게임중 가장 재밌다고 생각한다 
ELEMENT TD 2   TOWER DEFENSE,Posted  October          업데이트 후에 번역이 안되어있는 부분이 있네요  번역 부탁드려요
ELEMENT TD 2   TOWER DEFENSE,Posted  July         최고임
ELEMENT TD 2   TOWER DEFENSE,Posted  June          추억의게임 재밌다
ELEMENT TD 2   TOWER DEFENSE,Posted  May          funny
ELEMENT TD 2   TOWER DEFENSE,Posted  May          킬링타임  상타침
ELEMENT TD 2   TOWER DEFENSE,Posted  May          타워 종류가 많고 속성별로 약점이 있어서 상당히 머리써야하는 게임이다  옜날에 했던 단순한 타워디펜스 게임이라 생각하면 안된다   단순하게 진행하는 타워디펜스를 하고싶다면 다른걸 찾아보는게 좋다 
