title,review
ROMANCE OF THE THREE KINGDOMS XI WITH POWER UP KIT,Posted     January       GREAT GAME   Probably my favorite ROTK in series  Please devs bring english support to this game  THANKS 
ROMANCE OF THE THREE KINGDOMS XI WITH POWER UP KIT,Posted     February       We need an English update  
ROMANCE OF THE THREE KINGDOMS XI WITH POWER UP KIT,Posted    January       Had       hours on this before getting it on Steam   NEEDS  TO  BE  IN  ENGLISH  KOEI 
ROMANCE OF THE THREE KINGDOMS XI WITH POWER UP KIT,Posted     January       Ahhh    sweet memory  I can finally BUY the game after all these years    REQUEST TO MODDERS  I request kindly your modding skills to translate this game to English 
ROMANCE OF THE THREE KINGDOMS XI WITH POWER UP KIT,Posted     September       we need english        we need english       we need english         windows                              ui                  
ROMANCE OF THE THREE KINGDOMS XI WITH POWER UP KIT,Posted     January             CHINESE AND ENGLISH PLZ
ROMANCE OF THE THREE KINGDOMS XI WITH POWER UP KIT,Posted    December       If this game has English version  It will be the one of the best world wide game and will make many new people known and interested in ROTK series   Sorry for my bad English  I just want this game to have English version like many fan of this series 
ROMANCE OF THE THREE KINGDOMS XI WITH POWER UP KIT,Posted     January       Fantastic game  Spent hundreds of hours on it over the past decade   Problem is  KT decided not to add the English translation to the Steam release  Also  none of the fan patches seem to work    poor move by KT   Yes  the PUK never got an official English translation  but if I could play the base game again in English I d still be satisfied   Please add English KT 
ROMANCE OF THE THREE KINGDOMS XI WITH POWER UP KIT,Posted     December       If you re looking to play this in english go to the discussions on steam for this game  someone has linked a nearly complete english patch and has a guide on how to apply it  it s certainly worth it for the best kingdom based Romance Of The Kingdoms  made even better with the PUK which adds so much more than I imagined the ps  version could have 
ROMANCE OF THE THREE KINGDOMS XI WITH POWER UP KIT,Posted     August       Bought the game last night and here is your full english patch if needed  https   steamcommunity com app        discussions                       
ROMANCE OF THE THREE KINGDOMS XI WITH POWER UP KIT,Posted  June    Roses are red  violets are blue  Koei s translation skills  oh how they screw  Instructions unclear  menus a maze  Leaving players dazed in a bewildered haze   With every release  they leave us perplexed  Lost in a sea of gibberish  utterly vexed  English  Oh  that s just a foreign notion  Koei prefers to create their own language potion   But fear not  dear fanbase  for you shine  With your dedication  oh so divine  Blessed are the fans who take the lead  Fixing Koei s mess  filling the translation need   So here s to Koei  the masters of confusion  Leaving players in a state of disillusion  Their lack of English  a comedic goldmine  Leaving us wondering if they even tried   Roses may be red  violets may be blue  As for Koei s translation  A joke  it s true  But thanks to the fans  with their sharp wit and grace  We find laughter amidst Koei s disgrace   PS  Dear Koei  this thumbs up is meant for the players who ve done YOUR job by releasing an unofficial translation patch  if by any chance you ever have the dignity of eventually releasing an official English patch for this title  which I seriously doubt it  I ll gladly write a review about the game itself  instead of this critic concerning your lack of market vision and also respect for your customers around the world
ROMANCE OF THE THREE KINGDOMS XI WITH POWER UP KIT,Posted  January          This is a game I enjoyed a lot  and I was happy to find it on steam     until I figured out that I could not save the game  which is really fatal for a strategy game   When I restarted the game  I also found out that all my Final Battle Mode processes are gone   I hope that KT would release an update to fix these problems  That s why I would say  not recommended    I really love this game  but this steam version just seems not working at all  It s a shame   For those of you who would like to try  at least wait till this damn save bug is fixed      March Update     Okay  ROTK    PK has updated the Traditional Chinese version in late Feb        I guess   and to my greatest surprise  the save bug is fixed in Traditional Chinese version    I am not an IT expert so I don t know why  but anyway the game runs normally in TC  not JP   Now I can save my game  so I am gonna recommend it   but I still think that an English version would please more gamers all over the world   PS    Running the game in JAPANESE seems to be the problem of the save bug   so maybe you can try some English patch for the game that had been made   I don t know if they have any  since I am a Korean user who has only tried a Korean patch which worked  
ROMANCE OF THE THREE KINGDOMS XI WITH POWER UP KIT,Posted  April          Still no english patch   
ROMANCE OF THE THREE KINGDOMS XI WITH POWER UP KIT,Posted  January          hope to support english 
ROMANCE OF THE THREE KINGDOMS XI WITH POWER UP KIT,Posted  June          RTK      and    are the best editions of the series 
ROMANCE OF THE THREE KINGDOMS XI WITH POWER UP KIT,Posted  January          Classic  Best series  The new Three Kingdoms XIV should learn from this one 
ROMANCE OF THE THREE KINGDOMS XI WITH POWER UP KIT,Posted  March         we need English ubdate
ROMANCE OF THE THREE KINGDOMS XI WITH POWER UP KIT,Posted  May         RTK    with PUK is the absolute pinnacle of addictive Koei gameplay  Too bad about English  I was forced to memorize what the buttons do through trial and error  But it was well worth that pain 
ROMANCE OF THE THREE KINGDOMS XI WITH POWER UP KIT,Posted  May         Product refunded  sad i want to play this in eng version   
ROMANCE OF THE THREE KINGDOMS XI WITH POWER UP KIT,Posted  January          One of the best RTK games by KOEI    I played the chinese version and I spent hours playing this  Unfortunately i understand that there is no english version for this and this release only have japanese language  Still it is a great game  Much better than the next   in the series 
ROMANCE OF THE THREE KINGDOMS XI WITH POWER UP KIT,Posted  April          Product refunded  cant save on win  
ROMANCE OF THE THREE KINGDOMS XI WITH POWER UP KIT,Posted  January          the best in the series   
ROMANCE OF THE THREE KINGDOMS XI WITH POWER UP KIT,Posted  May          This is the greatest version of RTK
ROMANCE OF THE THREE KINGDOMS XI WITH POWER UP KIT,Posted  September          Best game in the series  sadly no english version for its power up kit 
ROMANCE OF THE THREE KINGDOMS XI WITH POWER UP KIT,Posted  April          Much better play than XII and XIII 
ROMANCE OF THE THREE KINGDOMS XI WITH POWER UP KIT,Posted  February          if you had only two games in your library  this game and any one version of civilization  you would be playing this one instead  this is how good the game is  try this out if you liked civilization  i guarantee it s better 
ROMANCE OF THE THREE KINGDOMS XI WITH POWER UP KIT,Posted  July          In my opinion  this is the best iteration of the Romance of the Three Kingdoms series  The battle system is good  the economics system is decent and  most importantly  the  vocal battles  between intelligence officers were an absolutely god sent as it gave the game an extra dimension and gaming experience that other iterations couldn t provide  Graphically  the game holds up pretty well even in today s standards  apart from the character models  especially the world map   I thought the Chinese painting esque works very well with the game   My only issue is the game verges on the easy side of the difficulty scale although that could be because I ve spent so much time playing the game    so everything becomes second nature to me  But all in all  an excellent game  Too bad KOEI has failed to even come anywhere close to reaching these heights again
ROMANCE OF THE THREE KINGDOMS XI WITH POWER UP KIT,Posted  July         Even though this is a decade old old  it is by far the best of the entire series  The graphics in this game are all in the style of traditional Chinese art  and has aged incredibly well  You will not feel like you are playing a game from      at all  The gameplay elements are all solid as well  complex and rewarding   The downsides are that the AI has not aged particularly well  The late game relies particularly heavily on automating tasks by delegating cities  AI control leaves a lot to be desired  Similarly  AI opponents aren t very proficient at city management either  making for poor opponents once you learn the game well 
ROMANCE OF THE THREE KINGDOMS XI WITH POWER UP KIT,Posted  February          Classic  Best of the best in the series  The puk added much additional gameplay  My hours is just the STEAM version     If you are a strategic  non real time kind of gamers  where thoughts and strategems are what you like  this is for you  It is in Chinese and Japanese only  so maybe just the negative aspects on this for some of you out there 
ROMANCE OF THE THREE KINGDOMS XI WITH POWER UP KIT,Posted  September    XI                                                                                                                                                                                                                                                              
ROMANCE OF THE THREE KINGDOMS XI WITH POWER UP KIT,Posted  November         I remember the first time I played this game on PS   first impression  confused  don t know how to play the game  Several years later  if I remember correctly in high school  finally understand about this game and from there began to play more often  I m very happy that there is a PC version  because playing this game is better on PC than PS    Although currently ROTK has reached series    but in my opinion ROTK   still the best  the most suitable for me   what s negative   There is no official english version  fortunately there are good people on steam discussion who want to translate this game into english 
ROMANCE OF THE THREE KINGDOMS XI WITH POWER UP KIT,Posted  November                          win                after opening this game  the screen keeps flashing  cannot play  pls fix it  maybe due to Win   environment
ROMANCE OF THE THREE KINGDOMS XI WITH POWER UP KIT,Posted  May          bEST romance of three kindoms so far  i wish Koei can make    based on this one 
ROMANCE OF THE THREE KINGDOMS XI WITH POWER UP KIT,Posted  December          very good game play despite the game is      yrs
ROMANCE OF THE THREE KINGDOMS XI WITH POWER UP KIT,Posted  March         The following is the amateur fan review of the game I wrote ten  years ago  edited for this re release   Romance of the Three Kingdoms XI  San Guo Zhi     is Koei s eleventh installment in its long running historical simulation turn based strategy games  Combining a revamped graphics engine and new tactical gameplay  San Guo    is by far the best in the series   Set in historical China  the game follows the epic story of the Three Kingdoms era  Players can choose to conquer China from the perspectives of various warlords  play specific scenarios and famous historical battles  or even create their own generals and officers to introduce into the dramatic saga  If you ve played any of these games before  however  you ll know that those features are pretty much staples of the San Guo series  What sets San Guo    apart from its predecessors is its stylized graphics engine  and the introduction of new units  tactics  and general strategy  Add that to streamlined gameplay and engaging tactical battles  and Koei has really created the best San Guo game in a decade   Like its predecessors  San Guo    has gameplay that is basically separated into two parts  managing one s cities and managing battlefields  City Management this time around is now much more similar to Age of Empires  where specific buildings need to be constructed in order to provide cities with various resources  For example  markets are needed to provide cities with income  while farms are needed to supply food and rations  Build a barracks to recruit troops  build a blacksmith to forge various weapons  and build a shipyard to allow for sea travel  This new take on city management is much more appealing than in the previous versions of the game  where you basically assigned officers to improve  invisible  aspects of each city  Amidst all the construction  you also have to take into consideration the level of unrest in your city  train your troops  and manage your officers  loyalty  All these factors really force you to plan out your strategy for defeating enemies   Are you going to spend that last reserve of gold for more troops  Or will you spend it on building more markets to increase income in the future   In terms of combat  San Guo s turn based battles have been hit and miss in the past     is definitely a hit  There are three main types of troops you can deploy  who share a rock paper scissors relationship  Spearmen defeat Cavalry  while Cavalry defeat Axemen  and Axemen defeat Spearmen  Further  there are various other units including archers  battering rams  trebuchets  all of which have their own set of unique tactics that can be used on the battlefield  Not only that  but each unit type can eventually be upgraded to have even more abilities  For example  Cavalry can be upgraded to be able to equip bows  making for a deadly combination of speed and range  Spearmen can learn to steal enemy rations when attacking  decreasing morale  Add to that the option of using subterfuge and the ability to have your generals duke it out in one on one duels  this game is littered with strategic options and depth  Well planned out manuevers are extremely satisfying  as you watch your forces push back significantly larger armies with special tactics and carefully positioned strikes   The series  greatest weakness has always been its graphics  but San Guo    has broken through the stereotype by having a very appealing and stylized presentation  The interface is easily accessible and appropriately themed  Further  the game uses a cel shaded graphics engine that manages to suit the atmosphere very well  The battles are suitably awe inspiring as you watch hundreds of little cavalry and spearman units charging at each other  Duels and Debates in the game are similarly impressive stylistically  Rather than the static sprites or bland art from the previous series  San Guo    opted to flesh out its cel designs to have detailed armor and animations for these specific battles  The end result is impressive and cinematic for its time   Sound is standard  The music is fitting  with sweeping orchestral melodies during times of peace that switch to pounding and tense drums during war  As the player conquers more and more of China  the overland tune becomes more and more dramatic and invigorating   The main core of the story is taken from the actual San Guo novels  but the execution here is very well done  Each scenario is preceded by a nice cinematic  and players have the option of watching actual events in the novels unfold during gameplay  Stand back and watch as the tyrannical Dong Zhuo is betrayed by his most powerful general  the insidious Lu Bu  Watch as the blood brothers Liu Bei  Guan Yu  and Zhang Fei court the most revered of tacticians  Zhuge Liang  Regardless of which warlord you play as  events unfold as you begin to establish a major foothold in China  Choose to either support the last of the Han Dynasty  or to crush it and establish a new empire of your own  Form alliances with like minded warlords  or break them to seize new territory  However you choose to conquer China   As the people s liberator or the merciless dictator   your name will be forever etched in the minds of all its citizens   San Guo    exceeded my expectations for the series by a huge leap  Its one weakness is inherent to all San Guo games   the length  It takes a long time to conquer China  and if you don t have the patience to sit down and spend a good chunk of your life to do it  you probably shouldn t waste your time trying  This is not for the casual player  But for those of you who enjoy deep and engrossing tactical gameplay  I can not recommend this enough to you 
ROMANCE OF THE THREE KINGDOMS XI WITH POWER UP KIT,Posted  January                  
ROMANCE OF THE THREE KINGDOMS XI WITH POWER UP KIT,Posted  July          I played the normal difficulty level as Warlord Gong in the north east  The AI was good enough to defeat me  I am motivated to improve my game  Well done Koei 
ROMANCE OF THE THREE KINGDOMS XI WITH POWER UP KIT,Posted  November          it s the best strategy game 
ROMANCE OF THE THREE KINGDOMS XI WITH POWER UP KIT,Posted  January          
ROMANCE OF THE THREE KINGDOMS XI WITH POWER UP KIT,Posted  November          Great game exactly like I remembered  For those of you who gave a negative cuz you couldn t start the game up  try change the resolution of your computer to     x     x     then play the game on Win  compatibility on windowed screen oppose to fullscreen   it works on my Win   computer 
ROMANCE OF THE THREE KINGDOMS XI WITH POWER UP KIT,Posted  August         I didn t experience any crash in win   x   Great game Nice childhood memory 
ROMANCE OF THE THREE KINGDOMS XI WITH POWER UP KIT,Posted  June                               Win           For people able to read Chinese or Japanese but use English version of Windows  the game can run under English version of Windows    
ROMANCE OF THE THREE KINGDOMS XI WITH POWER UP KIT,Posted  February          Definitely will recommend this game to everyone who loves game that featured three kingdom as background 
ROMANCE OF THE THREE KINGDOMS XI WITH POWER UP KIT,Posted  July          Very classic   kingdoms  My best favorite  not one of all my favorites  This is the masterpiece of masterpieces  Have been playing for    years  I hope    can combine the   on   for both fight and discussion  But make it more complicated  For example  in   on   fight  I only use attack in super level because the other   won t help you win especially if your have lower ability of attack  But I suggest that if if you keep defending  there should have a system of fight back in defence  For example  if both of us have similar attack ability  the higher one will have the first hand which means if we both choose attack  he will get first attack in first turn      and have higher ratio to attack in the next  So I should choose defense and wait for the good timing  If my opponent is out of  PATIENT   I can fight back in Defence position without losing too much blood but I can give a big big deal  Therefore  he should choose the fight spirits to avoid being out of patient and use heavy attack more quickly  If he choose the fight spirit  then it s my turn to attack  And due to he can have more chance to attack if we both choose  he will switch back to it again  Meanwhile  attack get least fight spirit  then defense get more  And the fight spirit gets most  And for the   on   discussion  I think you should remove the fury just keep calm  And add a super level for each class  story  reason  and trans  The super level can conquer sophistry but still be defeated by roar  I really hope you guys can add this into     I am a loyal   kingdoms player of this company but it looks like you are getting worse  And that s why I am still play     My promotions of this system is not complex  if you have any concern  I am really willing provide my idea  I have a bunch of ideas but I think this is   on   system what I most eager to see in     or     if you want to create a whole new one 
ROMANCE OF THE THREE KINGDOMS XI WITH POWER UP KIT,Posted  August                                             
ROMANCE OF THE THREE KINGDOMS XI WITH POWER UP KIT,Posted  March          Bugs        Still disable fullscreen of Win   and disable sound after choose to construct buildings 
ROMANCE OF THE THREE KINGDOMS XI WITH POWER UP KIT,Posted  July          Good
ROMANCE OF THE THREE KINGDOMS XI WITH POWER UP KIT,Posted  July         Not sure how many players in America would remember or even know this game  but in terms of Three Kingdoms era strategic gaming  this one is more about grand strategy  You can do everything from poaching generals from othe factions to inciting rebellion in rival lands 
ROMANCE OF THE THREE KINGDOMS XI WITH POWER UP KIT,Posted  October   My childhood  I was playing this game in Japanese on my PC before without knowing a single word of Japanese  But somehow I still manage to understand and complete half of the scenarios  Before I was playing in crack CD  I now purchased you as a way for me to pay you for all the memory you gave me 
ROMANCE OF THE THREE KINGDOMS XI WITH POWER UP KIT,Posted  April    This is a very durable game with really high playability and strong openness  Many players have also created various game mods or scripts based on the original work  so even now  players have always had a fresh gaming experience  which has created the tenacious vitality of this game  Of course  this game has a few minor drawbacks upon closer examination  such as the computer being not intelligent enough and being prone to vulnerabilities  The early stages of the game are more fun  while the later stages are more boring  and so on 
ROMANCE OF THE THREE KINGDOMS XI WITH POWER UP KIT,Posted  January              yeah
ROMANCE OF THE THREE KINGDOMS XI WITH POWER UP KIT,Posted  June          No English version is a big problem
ROMANCE OF THE THREE KINGDOMS XI WITH POWER UP KIT,Posted  July          the best RTK game   lots of fun
ROMANCE OF THE THREE KINGDOMS XI WITH POWER UP KIT,Posted  November          if u can read the texts its like a super fine fun game
ROMANCE OF THE THREE KINGDOMS XI WITH POWER UP KIT,Posted  February          i hope make onlien in this game
ROMANCE OF THE THREE KINGDOMS XI WITH POWER UP KIT,Posted  August          Iconic game  Stole so much of my time since I ve seen my dad play this game   Probably the best soundtrack in the entire series  D
ROMANCE OF THE THREE KINGDOMS XI WITH POWER UP KIT,Posted  October          Probably the top   or   release in the Romance of the   Kingdom series 
ROMANCE OF THE THREE KINGDOMS XI WITH POWER UP KIT,Posted  August          save 가 안되네 이거 괜히 샀네 
ROMANCE OF THE THREE KINGDOMS XI WITH POWER UP KIT,Posted  June           best RoTK game 
ROMANCE OF THE THREE KINGDOMS XI WITH POWER UP KIT,Posted  September            Still the best of it all  Never get bored with this game 
ROMANCE OF THE THREE KINGDOMS XI WITH POWER UP KIT,Posted  September    still the best ROTK game  much better than the newer ones 
ROMANCE OF THE THREE KINGDOMS XI WITH POWER UP KIT,Posted  August          Smooth and nice game
ROMANCE OF THE THREE KINGDOMS XI WITH POWER UP KIT,Posted  December         good arrangement
ROMANCE OF THE THREE KINGDOMS XI WITH POWER UP KIT,Posted  November          Great game  reliving the history of Romance of the   Kingdoms 
ROMANCE OF THE THREE KINGDOMS XI WITH POWER UP KIT,Posted  June                            
ROMANCE OF THE THREE KINGDOMS XI WITH POWER UP KIT,Posted  January          Product received for free  need to be a clever player
ROMANCE OF THE THREE KINGDOMS XI WITH POWER UP KIT,Posted  January          windows    cannot play in full screen   lagging and some problem will happens 
ROMANCE OF THE THREE KINGDOMS XI WITH POWER UP KIT,Posted  January          Look   I loved this game  But now all it does it crash and the no English for language is a real downer  Also don t both looking for anything with a English patch it wont work 
ROMANCE OF THE THREE KINGDOMS XI WITH POWER UP KIT,Posted  December                          
ROMANCE OF THE THREE KINGDOMS XI WITH POWER UP KIT,Posted  October          Best of Koei s game  but can not run on win  and win   operating system  make it work before ask funs pay for it  i paid for my good memory              win  win                                          
ROMANCE OF THE THREE KINGDOMS XI WITH POWER UP KIT,Posted  October          Good Game 
ROMANCE OF THE THREE KINGDOMS XI WITH POWER UP KIT,Posted  September          Very nice game
ROMANCE OF THE THREE KINGDOMS XI WITH POWER UP KIT,Posted  February          Good Memories   
ROMANCE OF THE THREE KINGDOMS XI WITH POWER UP KIT,Posted  February          Finally on Steam
ROMANCE OF THE THREE KINGDOMS XI WITH POWER UP KIT,Posted  October          THE BEST RTK  if u like playing as ruler pov  this is the best rtk  among rtk       
ROMANCE OF THE THREE KINGDOMS XI WITH POWER UP KIT,Posted  June         already bought it and too hard to play    no english version yet   
ROMANCE OF THE THREE KINGDOMS XI WITH POWER UP KIT,Posted  May                                                                                                                          
ROMANCE OF THE THREE KINGDOMS XI WITH POWER UP KIT,Posted  October          good settle
ROMANCE OF THE THREE KINGDOMS XI WITH POWER UP KIT,Posted  June                                                                                                                                                                                                                 AI                                                                                                                                                                                                                                                                
ROMANCE OF THE THREE KINGDOMS XI WITH POWER UP KIT,Posted  February         THE GAME WORK FINE THEN SUDDENLY A WEEK AGO I CANNOT LAUNCH THE GAME  IT MINIMIZE TO DESKTOP THEN GOES FULLSCREEN AND GOES BACK TO DESKTOP AGAIN  LOOPING FOREVER  I CANNOT REFUND THE GAME SINCE IT EXCEEDED   HOURS GAMEPLAY  PLAYED IT ON WIN       BIT THIS GAME IS SO BUGGY
ROMANCE OF THE THREE KINGDOMS XI WITH POWER UP KIT,Posted  December           
ROMANCE OF THE THREE KINGDOMS XI WITH POWER UP KIT,Posted  November          i just want my steam award
ROMANCE OF THE THREE KINGDOMS XI WITH POWER UP KIT,Posted  November          Classic  My sweet memory  Support     
ROMANCE OF THE THREE KINGDOMS XI WITH POWER UP KIT,Posted  March          Please add English KT 
ROMANCE OF THE THREE KINGDOMS XI WITH POWER UP KIT,Posted  May         i cannot play the game  it keeps on crashing It cannot even start
ROMANCE OF THE THREE KINGDOMS XI WITH POWER UP KIT,Posted  February          It crashed after play   hours and never get it start again  And Steam won t refund it  Think twice before you buy it 
ROMANCE OF THE THREE KINGDOMS XI WITH POWER UP KIT,Posted  December          english please i cant read this crap
ROMANCE OF THE THREE KINGDOMS XI WITH POWER UP KIT,Posted  April          good
ROMANCE OF THE THREE KINGDOMS XI WITH POWER UP KIT,Posted  April              
ROMANCE OF THE THREE KINGDOMS XI WITH POWER UP KIT,Posted  March          Best rotk of all time 
ROMANCE OF THE THREE KINGDOMS XI WITH POWER UP KIT,Posted  May          English please 
ROMANCE OF THE THREE KINGDOMS XI WITH POWER UP KIT,Posted  June          Win    flash screen was solved  I think it is due to the driver issue  I am totally enjoying this game even after    years of playing 
ROMANCE OF THE THREE KINGDOMS XI WITH POWER UP KIT,Posted  March                    
ROMANCE OF THE THREE KINGDOMS XI WITH POWER UP KIT,Posted  January                        
ROMANCE OF THE THREE KINGDOMS XI WITH POWER UP KIT,Posted  February          Yes
ROMANCE OF THE THREE KINGDOMS XI WITH POWER UP KIT,Posted  November            
ROMANCE OF THE THREE KINGDOMS XI WITH POWER UP KIT,Posted  May          At first  I can only play in windowed mode  After their most recent update  the game crashes upon launching 
ROMANCE OF THE THREE KINGDOMS XI WITH POWER UP KIT,Posted  February          very poor
ROMANCE OF THE THREE KINGDOMS XI WITH POWER UP KIT,Posted  October          Totally rubbish  Lack of any sincerity from developer  Trash from the very beginning till the content  Problem with graphic  keep flashing  Incomplete language translation of configuration menu 
ROMANCE OF THE THREE KINGDOMS XI WITH POWER UP KIT,Posted  September         컴퓨터 환경이 바뀐것도 아닌데 어느날 갑자기 다이렉트x 오류가 뜹니다  윈도우 업데이트와 관련있는것 같은데  스팀 고객센터 문의해도 똑같은 답변만 옵니다  혼자 해결 해보려 해도 알수없는 일어로 에러창이 떠서 머가 문제 인지도 모릅니다  게임을 플레이 할 수 가 없습니다 해결책을 주시던 환불을 주시던 해결을 해줘야 하는거 아닙니까  스팀 정말 거지 같네요 여기서 게임 다신 안삽니다 
ROMANCE OF THE THREE KINGDOMS XI WITH POWER UP KIT,Posted  April         can not save game
ROMANCE OF THE THREE KINGDOMS XI WITH POWER UP KIT,Posted  November          Very Good 
ROMANCE OF THE THREE KINGDOMS XI WITH POWER UP KIT,Posted  March         BAD 
ROMANCE OF THE THREE KINGDOMS XI WITH POWER UP KIT,Posted  May          MISSING SOUND IN GAME IS FIXED  NOSTALGIC GAME 
ROMANCE OF THE THREE KINGDOMS XI WITH POWER UP KIT,Posted  October   Game crashes all the time  Not playable 
ROMANCE OF THE THREE KINGDOMS XI WITH POWER UP KIT,Posted  September    Best ever Three Kingdom game  love the graphic style  feeling fresh every time played it 
ROMANCE OF THE THREE KINGDOMS XI WITH POWER UP KIT,Posted  August    Goat  need some human enemies  best war strategy game
ROMANCE OF THE THREE KINGDOMS XI WITH POWER UP KIT,Posted  August    Looooooove it
ROMANCE OF THE THREE KINGDOMS XI WITH POWER UP KIT,Posted  August   good
ROMANCE OF THE THREE KINGDOMS XI WITH POWER UP KIT,Posted  August   Playing as Yan Baihu vs Cao and Yuan alliance   Darksoul mode 
ROMANCE OF THE THREE KINGDOMS XI WITH POWER UP KIT,Posted  July    I just like it
ROMANCE OF THE THREE KINGDOMS XI WITH POWER UP KIT,Posted  July    KOEI never improves  When you purchase this game  you know what you are getting  No improvement  No breakthrough  AI still crap  its still the same old game we all love since    years ago 
ROMANCE OF THE THREE KINGDOMS XI WITH POWER UP KIT,Posted  July   held up against the sands of time 
ROMANCE OF THE THREE KINGDOMS XI WITH POWER UP KIT,Posted  June   The legend of Romance of the There Kingdom  Just love it 
ROMANCE OF THE THREE KINGDOMS XI WITH POWER UP KIT,Posted  May    good strategy game with good  d graphic view 
ROMANCE OF THE THREE KINGDOMS XI WITH POWER UP KIT,Posted  March   
ROMANCE OF THE THREE KINGDOMS XI WITH POWER UP KIT,Posted  March   great game
ROMANCE OF THE THREE KINGDOMS XI WITH POWER UP KIT,Posted  February                                         
ROMANCE OF THE THREE KINGDOMS XI WITH POWER UP KIT,Posted  February      of the best strategy game
ROMANCE OF THE THREE KINGDOMS XI WITH POWER UP KIT,Posted  February    Great game  I have been playing for more than    years and still loving it  Much better then the new mobile games where there is no ending and always wants more money  at least there is ending to this game 
ROMANCE OF THE THREE KINGDOMS XI WITH POWER UP KIT,Posted  February   Best RoTK
ROMANCE OF THE THREE KINGDOMS XI WITH POWER UP KIT,Posted  January    The best Romance of Three Kingdom version I have ever played 
ROMANCE OF THE THREE KINGDOMS XI WITH POWER UP KIT,Posted  January    good
ROMANCE OF THE THREE KINGDOMS XI WITH POWER UP KIT,Posted  January    It s a mature system that you can play for long long a time  even until the end of this world 
ROMANCE OF THE THREE KINGDOMS XI WITH POWER UP KIT,Posted  December         For the good old days of KOEI  and the best Romance of the Three Kingdoms game 
ROMANCE OF THE THREE KINGDOMS XI WITH POWER UP KIT,Posted  December         Bring out good old memories
ROMANCE OF THE THREE KINGDOMS XI WITH POWER UP KIT,Posted  November          really good game
ROMANCE OF THE THREE KINGDOMS XI WITH POWER UP KIT,Posted  November          Thanks  Koei 
ROMANCE OF THE THREE KINGDOMS XI WITH POWER UP KIT,Posted  November          even tho it s not supporting English on steam but it s one of the best RTK games you can find out there
ROMANCE OF THE THREE KINGDOMS XI WITH POWER UP KIT,Posted  November         top   game for DustinZoom  Very biases review 
ROMANCE OF THE THREE KINGDOMS XI WITH POWER UP KIT,Posted  November         Value for money  Just buy it 
ROMANCE OF THE THREE KINGDOMS XI WITH POWER UP KIT,Posted  September          debts      
ROMANCE OF THE THREE KINGDOMS XI WITH POWER UP KIT,Posted  June         Product received for free  Good game Will commend for friends
ROMANCE OF THE THREE KINGDOMS XI WITH POWER UP KIT,Posted  March          Product received for free  good game
ROMANCE OF THE THREE KINGDOMS XI WITH POWER UP KIT,Posted  March          One of the best in the series
ROMANCE OF THE THREE KINGDOMS XI WITH POWER UP KIT,Posted  March          good game
ROMANCE OF THE THREE KINGDOMS XI WITH POWER UP KIT,Posted  March          This is the game that I played for so long  Best romance of three kingdoms ever 
ROMANCE OF THE THREE KINGDOMS XI WITH POWER UP KIT,Posted  March          nice storyline and game experience  my childhood memory
ROMANCE OF THE THREE KINGDOMS XI WITH POWER UP KIT,Posted  March         Nice and Classic Version Ever
ROMANCE OF THE THREE KINGDOMS XI WITH POWER UP KIT,Posted  May         stupid OneDrive problems but i find a way to fine it  go to your online OneDrive to rename your Chinese file name to English or search about restore User Shell Folders may be help you https   www winhelponline com blog windows    shell folders paths defaults restore  overrides  remember backup your User Shell Folders when you do this 
ROMANCE OF THE THREE KINGDOMS XI WITH POWER UP KIT,Posted  January          good game
ROMANCE OF THE THREE KINGDOMS XI WITH POWER UP KIT,Posted  January          PLZ DUN BUY
ROMANCE OF THE THREE KINGDOMS XI WITH POWER UP KIT,Posted  January                     Steam                                                                                                                                                                                                                                                                                                                                                                  P                                                                                                                                                                                                                                                                                                                                                                                                                                                                                                                                                                                                                                                                       
ROMANCE OF THE THREE KINGDOMS XI WITH POWER UP KIT,Posted  January          a decent game to kill time
ROMANCE OF THE THREE KINGDOMS XI WITH POWER UP KIT,Posted  December                      
ROMANCE OF THE THREE KINGDOMS XI WITH POWER UP KIT,Posted  November          been a fun game since i was playing on windows xp  still is
ROMANCE OF THE THREE KINGDOMS XI WITH POWER UP KIT,Posted  November          Sanguo    is the best among others
ROMANCE OF THE THREE KINGDOMS XI WITH POWER UP KIT,Posted  September          sa
ROMANCE OF THE THREE KINGDOMS XI WITH POWER UP KIT,Posted  July         How to reset the game setting back to default 
ROMANCE OF THE THREE KINGDOMS XI WITH POWER UP KIT,Posted  June          A lifetime of hours spent on the console and PC versions  The PUK definitely turns the game on its head and ramps up the difficulty  Can also make certain previous challenges now do able 
ROMANCE OF THE THREE KINGDOMS XI WITH POWER UP KIT,Posted  June          been playing this game since i was    and i love it
ROMANCE OF THE THREE KINGDOMS XI WITH POWER UP KIT,Posted  May          Best ROTK played so far     no order ROTK can match
ROMANCE OF THE THREE KINGDOMS XI WITH POWER UP KIT,Posted     March       다 좋은데 한국어 지원이 필요하다  I need korea Language support 
ROMANCE OF THE THREE KINGDOMS XI WITH POWER UP KIT,Posted    September       네이버 삼국지 도원결의 카페에서 한패 받고 순서대로 설치하시면 한글은 해결  대신 스팀 플레이 시간은 반영이 안됩니다 이런거 신경 쓰는 분들은 사지마세요  마지막으로 코에이게임은 그냥 불법 다운 추천합니다  코에이게임들은 돈 주고 산건데도 하나같이 실행 하려면 이거 저거 다 찾아 보게 만듬 개족같은 게임회사 망해야 정신차리지
ROMANCE OF THE THREE KINGDOMS XI WITH POWER UP KIT,Posted    March       신작 어줍잖게 만들거면   이나 리메이크해라
ROMANCE OF THE THREE KINGDOMS XI WITH POWER UP KIT,Posted    May       한글지원이 없음  옛날 추억팔이 게임들 소환해서 팔아먹을 거면 한국어 지원 정도의 성의는 보여야 하는 것이 아닐까
ROMANCE OF THE THREE KINGDOMS XI WITH POWER UP KIT,Posted    November       외상값 주고 갑니다   
ROMANCE OF THE THREE KINGDOMS XI WITH POWER UP KIT,Posted    February       코에이는 삼국지  을 마지막으로   년째 신작이 안나오고있다 그러나 신작이 나온다면 삼국지  로 나올예정
ROMANCE OF THE THREE KINGDOMS XI WITH POWER UP KIT,Posted     March        화룡점정                     코에이가 만들고 유저들이 완성한 삼국지의 마지막 자존심     스팀판 한글패치 및 PK    설치 통합가이드     스팀판 한글패치 순정버전 다운로드
ROMANCE OF THE THREE KINGDOMS XI WITH POWER UP KIT,Posted    May        삼국지   PK를 게임할수 있다는 자체만으로도 만족스럽습니다   한글패치가 필요한 작품이기에 조금의 반감이 있을듯합니다만  한글패치를 배포하는 카페를 소개합니다   도원결의 http   cafe naver com sam   입니다   여러 패치들이 있네요  아무튼 매우 좋은 게임입니다 
ROMANCE OF THE THREE KINGDOMS XI WITH POWER UP KIT,Posted     October       삼국지 시리즈 최후의 명작    는 언급하는 것 조차 시간이 아까울 정도의 망작이고    이랑   도 그냥 평작 수준   단지    해보신 분들은 아시겠지만 몇 가지 문제가 있는데  그 중 첫째가 우리집 고양이가 더 지능이 높다 싶을 정도로 심각한 수준의 AI  몇가지 예시를 들어보자면     관문과 항구에 대한 페티쉬 수준의 집착   무장의 능력을 생각하지 않은 부대 배치  예를 들어 도시에 장임이 있는데도 굳이 유장이 C짜리 극병을 들고 나온다는 등    AI가 빙구인건 아군도 마찬가지라 군단을 편성시켜두면 관리를 너무 거지발싸개같이 해서 툭하면 이민족 발생 등의 문제가 생김  등등 많지만  일단 가장 눈에 띄는 것 세가지만 적겠습니다   그리고 두번째로는  무장 밸런스가 완전 개작살이 나있다는 점  코에이가 촉빠인거는 뭐 유명한 사실이지만  이번에는 유난히 특기 배치가 편차가 심하네요  관장조야 뭐 그렇다 쳐도   그  마속이 순유랑 똑같은 특기인 백출을 달고 있는 점이나  정작 위나라 명장인 서황  장합  하후연 등은 죄다 고만고만한 특기를 달고 나온 점이나    그리고 최고의 밸런스 개박살 특기를 가진 반장 마충 위관  위관이야 후반기 무장이니 그렇다 쳐도  반장이나 마충 중 하나만 가져도 천하를 씹어먹을 수 있으니 이건 뭐 할 말이 없네요   그리고 마지막으로  가격  이 부분은 뭐 코에이 공통이니 그냥 넘어가겠습니다   아무튼   은 재밌습니다  중독성도 있고요     이후로는 돈이 아까운 수준인데 제발 이거 만들었을 시절의 코에이로 돌아와줬으면 좋겠습니다  개인적으로는         이 좋았습니다 
ROMANCE OF THE THREE KINGDOMS XI WITH POWER UP KIT,Posted     November       장점   삼국지 특유의 중독성   유저 한글화의 존재 네이버 도원결의 카페    삼국지 무장 뿐만 아니라 신무장  고대 무장 등 다양한 무장을 통해 즐길 수 있음   무장의 특기 시스템 장점이자 단점   단점   멍청하다 못해 뇌가 존재하는지 조차 의심스러운 AI   나온지 한참이 지난 게임인데 드럽게 비싼 가격 스팀에서는 최근 출시됬지만 원래는     년 작인데 이게  만 천원이라니       무장간의 특기 차이가 심함    거기다가 아예 특기가 없는 무장도 넘침 이 부분은 게임 내에서 편집할 수 있습니다   특기 뿐만 아니라 무장의 능력치 수정도 가능함 취향에 맞게 하세요   삼국지를 꾸준히 해온 사람이라면 충분히 즐길 수 있습니다 장수제였던 삼국지   과는 다르게 군주제이며  삼국지 시리즈 중에서는 좋은 평가를 받고 있습니다  다만 위에서 언급했듯이 무장간의 특기 차이와 드라군보다 못한 AI 클라스가 게임의 발목을 잡는게 단점
ROMANCE OF THE THREE KINGDOMS XI WITH POWER UP KIT,Posted  February          야이 씨발새끼들아 최소 영문으로는 해놔야할거 아냐 아진짜 일본놈새끼들 개노답이네
ROMANCE OF THE THREE KINGDOMS XI WITH POWER UP KIT,Posted  November          다시 보니 선녀로구나 
ROMANCE OF THE THREE KINGDOMS XI WITH POWER UP KIT,Posted  May         솔직히 코에이 더이상 신작 안내고    업데이트 패치나 계속 했으면 좋겠음
ROMANCE OF THE THREE KINGDOMS XI WITH POWER UP KIT,Posted  March         KOEI 삼국지 시리즈 최고의 걸작
ROMANCE OF THE THREE KINGDOMS XI WITH POWER UP KIT,Posted  September          코에이는 한글화를 내놔라
ROMANCE OF THE THREE KINGDOMS XI WITH POWER UP KIT,Posted  May            이후로는 다 망작
ROMANCE OF THE THREE KINGDOMS XI WITH POWER UP KIT,Posted  November          좆에이 개씨발련이 할인도 안하고 비싸게 팔아먹으면서 한글화도 안해주노
ROMANCE OF THE THREE KINGDOMS XI WITH POWER UP KIT,Posted  December          이만한 게임 없다      일 하다  질리면    달뒤에 다시찾게되는 게임
ROMANCE OF THE THREE KINGDOMS XI WITH POWER UP KIT,Posted  April          삼국지                   순으로 좋아합니다  일단 삼국지    굉장히 비싸게 팔지만 구매를 했습니다  근래    나온 삼국지 중에 제일 좋아하거든요  한글은 네이버에서 패치를 했고요  네이버 패치라는것이 실행파일을 새롭게 받는것으로 그것으로 실행을 하는 겁니다  돈 주고 구매를 해서 불법 exe 파일로 실행을 시키는 거죠      삼국지    참 재미있습니다  근데 좀 양심 좀 가지고 장사합시다  여기 쓴다고 코에이가 볼 가능성은 없지만 도저히 안 적을수 없어서 적어봅니다 
ROMANCE OF THE THREE KINGDOMS XI WITH POWER UP KIT,Posted  May          지금 나온 삼국지에선 군주제로는   이 최고가 아닐까 한다  전국 맵을 보면서 세력들과 전장을 한눈에 보는 편리함  아기 자기한 내정과 시설물 심시티  장수들의 깨알 같은 열전들  그리고 많은 유저들의 커스텀 게임 방식 추가로 다양한 모드를 깔수 있다는 점도      삼국지   이후로는 하나 같이 나사 빠진 작품들 같다  전작의 장점과 호평 받은걸 그대로 살려 두고 악평 받은걸 제외하며 다듬으면 되는데 항상 뒤집어 엎으면서 만든다는게 문제 랄까    처음 만드는 게임이면 그럴만도 하겠는데 넘버링이 붙은 게임은 전작이라는 좋은 밑거름이 있는데 그걸 싹다 버리고 만드는건지 의문이 들 정도       때 까지는 그래도 넘버링 작품 답게 점점 완성도가 올라 간다 싶었는데  부터는 갑자기 장수제로 변하더니  에서 다시 군주제 갔다가   에서 다시 장수제 갔다가   에서 다시 군주제 갔다가   에서는 모바일이 대세라 그런지 심플하게 카드겜으로 가는 모습 보이더니   에서는 다시 장수제로 돌아오고   에서는 문명 처럼 갈려고 타일을 육각형 한건가 했더니 이상한 시스템이 되어 버리고     이럴꺼면 삼국지 장수제  삼국지 군주제  삼국지 모바일  팀 꾸려서 따로 가는게 좋을꺼 같은데 왔다 갔다 하다 보니 정체성도 사라지고 방향성도 사라지고   
ROMANCE OF THE THREE KINGDOMS XI WITH POWER UP KIT,Posted  April          삼국지 정품 의리로 사줫는데 에엥 잘 켜지지도 않네   
ROMANCE OF THE THREE KINGDOMS XI WITH POWER UP KIT,Posted  March    이거 이후로 삼국지는 다 쓰레기임   
ROMANCE OF THE THREE KINGDOMS XI WITH POWER UP KIT,Posted  February          can t save        
ROMANCE OF THE THREE KINGDOMS XI WITH POWER UP KIT,Posted  August          존나 튕김 윈   유저는 사면 안댐 네이버 카페에 튕기는 방지 물어보니까 복돌을 쓰라고 할정도면 할말을 잃게 만들었다
ROMANCE OF THE THREE KINGDOMS XI WITH POWER UP KIT,Posted  September          역대 최고의 인생 게임 플탐  천시간 이상 했습니다  Pk     패치받고 에보니 스킨 받으면 더 좋아요 삼도카페에서
ROMANCE OF THE THREE KINGDOMS XI WITH POWER UP KIT,Posted  June    다시 군주제  그리고 삼국지 최고의 시리즈  일단 그래픽부터 깔고갈수있다  수채화풍의 일러와 맵디자인은 보고만있어도 사람을 따뜻하게 만들어준다   분명  시리즈처럼 전체 중국지도가 한번에 보이지만  에서의 답답함은 사라졌다  성의 크기와 중국지도의 비율이 적당해졌고 무엇보다 수채화풍의 그래픽이 너무도 자연스럽게 녹아내렸다   또한   보다 더욱 개선된 설전  모든 시리즈 통틀어 최고라고 평가할수있는 일기토  TBS장르를 완벽히 표현해낸 전투진행방식  상성을가진 다양한 병과  그 병과마다 다른 그래픽  다른 이펙트  내정은 이전작과는 완전히 다르게 변했고 복잡해졌다  그렇다고 내정이 지루하지 않았다   단까지 건물들을 업글하면서 마지막에 조폐와 곡창을 완성 시켰을때의 그 짜릿함은 이루 표현할수가 없었다  내가 점령한 나만의 성을 완성시킨 느낌이였다   이전작들에비해 마우스를 클릭하는 횟수가 많다는점  ai들이 병력을 모으지않고 저글링처럼 하나씩 온다는점  천통각이 조금 이른시간에 나온다는 단점들이 존재하는것도 사실이지만 그것보다 성 하나하나를  장수 하나하나를 점령하고 등용하면서 중국대륙을 완성시키는 재미가 이러한 단점들을 상쇄시키고도 남기에 최고의 시리즈라고 부를수있을것같다 
ROMANCE OF THE THREE KINGDOMS XI WITH POWER UP KIT,Posted  August         한국어를 지원하지 않는다해서 게임 세이브 자체를 막아놓으면 어떡합니까  실행하면 파일명이 랳슑럘   with 긬깗 귺긞긵긌긞긣 이고 세이브 파일 저장할 곳이 랳슑럘이라서 저장도 못함
ROMANCE OF THE THREE KINGDOMS XI WITH POWER UP KIT,Posted  June    역사에 길이 남을 삼국지 시리즈  그 중 명작     설명 필요 없음 
ROMANCE OF THE THREE KINGDOMS XI WITH POWER UP KIT,Posted  March          This is the best ROTK game ever made  Please KOEI  Please make a Korean version 
ROMANCE OF THE THREE KINGDOMS XI WITH POWER UP KIT,Posted  April          후반가면 약간 지루한 감이 없잖아 있지만     시리즈 중에서 군주제로서는 발군이지 않나 싶다 아재한테 파는 게 아니라면 사실 상 안팔리는 타이틀인지 요즘 타이틀들의 평가를 보고 있자면 안습     이 거 이후로 후달리는 그래픽을 보면 개발인력이 얼마 투입안되거나 아재들이      새기술 연마해서     개발하는 느낌이 나서 약 안타깝     라이자나 소피로 돈 벌어서 여기도 한번 대작 뽑히길 기원해봅니다
ROMANCE OF THE THREE KINGDOMS XI WITH POWER UP KIT,Posted  November          추억의 삼국지       시리즈 최고의 명작
ROMANCE OF THE THREE KINGDOMS XI WITH POWER UP KIT,Posted  November          할인한다는 이야기를 듣고 샀습니다  한동안 시간이 어떻게 가는 줄 몰랐네요 한글 패치랑 여러 모드를 공유해 주신 삼도카페 여러분께 감사드립니다
ROMANCE OF THE THREE KINGDOMS XI WITH POWER UP KIT,Posted  May          삼국지 시리즈 중 가장 좋아하는 편입니다 
ROMANCE OF THE THREE KINGDOMS XI WITH POWER UP KIT,Posted  July   그래픽이 약간 옛티가 나지만 여전히 재밌네요 네이버 도원결의 카페에서 한글패치를 받아서 설치하면 바로 한글로 플레이 가능합니다 
ROMANCE OF THE THREE KINGDOMS XI WITH POWER UP KIT,Posted  February    틀딱이라고     예    맞습니다   
ROMANCE OF THE THREE KINGDOMS XI WITH POWER UP KIT,Posted  November         장점   재미있음 단점   한글 패치가 반드시 필요함
ROMANCE OF THE THREE KINGDOMS XI WITH POWER UP KIT,Posted  July         한글패치 존재  여러 에디터 및 트레이너 사용 가능  다만 window  에서는 세이브가 정상적으로 되지 않는 버그가 있다  이 버그는 도원결의 카페에서 해결가능  문제는 이 경우 스팀 플레이 타임에 적용이 되지 않는다     그래서 플레이 타임이 적어보이지만 대략    시간은 채웟다     동시에 켜지길레 동시에 켜놓고 하는 중   
ROMANCE OF THE THREE KINGDOMS XI WITH POWER UP KIT,Posted  July    삼국지 정말 재밌게 했던 게임인데   을 마지막으로 더이상 나오지 않게 되어서 아쉽네요
ROMANCE OF THE THREE KINGDOMS XI WITH POWER UP KIT,Posted  February          한글도안되고 카페에서 한글패치받아도 도저히안됨 돈개날림
ROMANCE OF THE THREE KINGDOMS XI WITH POWER UP KIT,Posted  November         저장이 안 되시는 분들은 한글패치를 하셔도 되지만  한글 윈도우를 쓰신다면 시스템 로캘 변경을 하시면 됩니다  윈   기준  언어 설정 들어가셔서 아래쪽 관련 언어 설정에서 기본 설정 누르시고  국가 또는 지역 창에서  유니코드를 지원하지 않는 프로그램용 언어 를 일본어로 바꾸시고 윈도우 재시작하시면 됩니다  단  이 경우에는 한국어 로캘을 쓰는 프로그램 게임 등 의 글자가 깨질 수 있습니다  필요할 때 다시 한국어로 변경해주세요  이런 번거로움을 피하기 위해서는 삼도 카페같은데 올라온 한글패치 및 실행파일 교체를 하시면 됩니다 
ROMANCE OF THE THREE KINGDOMS XI WITH POWER UP KIT,Posted  January          다 좋은데 그지같은 해상도 버그좀 고쳐야할듯 
ROMANCE OF THE THREE KINGDOMS XI WITH POWER UP KIT,Posted  September          이게임 첫 출시 스팀말고 패키지판 부터 지금까지 즐기고 있습니다   여러 문제도 있지만 그래도 삼국지 시리즈 중에서는   이 제일 잘 만든것 같더라구요         시리즈를 제일 많이 한듯    
ROMANCE OF THE THREE KINGDOMS XI WITH POWER UP KIT,Posted  March         삼국지 시리즈 중    까지 해봤음  최고의 시리즈 코에이에서 정식 한글판 및 업데이트를 지속해주었다면    아쉽다     패치를 해서 더이상 플레이 타임 늘어나는걸 볼 수 없어서 더욱 아쉽네요   
ROMANCE OF THE THREE KINGDOMS XI WITH POWER UP KIT,Posted  May          세이브가 안됨
ROMANCE OF THE THREE KINGDOMS XI WITH POWER UP KIT,Posted  February          꿀잼
ROMANCE OF THE THREE KINGDOMS XI WITH POWER UP KIT,Posted  February    코에이의 그시절 낭만 삼국지는 딱 여기까지  
ROMANCE OF THE THREE KINGDOMS XI WITH POWER UP KIT,Posted  February          일본어 읽고 쓰기 되는 유저입니다만 절대로 추천 못합니다  일본어도 아니고 중국어도 아니고 뭐 이건 쓰레기 입니다  비추합니다 
ROMANCE OF THE THREE KINGDOMS XI WITH POWER UP KIT,Posted  October          세이브가 안되요 환불받으려니  시간이 지나서 안된다고 하네요 절대 구매하지 마세요 스팀 이 사기꾼들
ROMANCE OF THE THREE KINGDOMS XI WITH POWER UP KIT,Posted  February         한글이 안되는건 신경안쓰는데 적어도 세이브는 되야되는디 윈도우   이 나온지 얼마 안된것도 아니고 삼국지          만들 시간에 호환성이랑 한글화나 해결했으면        
ROMANCE OF THE THREE KINGDOMS XI WITH POWER UP KIT,Posted  April          스팀판 설치 후 삼국지 도원결의 카페에 올라온 한글패치 모드를 깔고 실행하니 오프닝과 게임 동영상이 나오지 않았습니다  같은 증상을 겪으신 분들에 따르면 엔딩 동영상도 안 나온다더군요  영상이 뜨면 사운드는 들리는데 화면은 먹통상태가 됩니다  클릭으로 넘어가서 게임을 플레이할 수는 있지만요   관리자 권한 실행  호환 모드 변경  해상도 창모드로 조절  삼도에 올라온 레지스트리 파일 설치까지 다 해봤고 저 중에 하나는 맞아 떨어져서 문제가 해결된 분도 많은 것 같은데 저는 한 시간 가까이 씨름해도 끝내 영상이 출력되지 않아서 결국 환불 신청했습니다 
ROMANCE OF THE THREE KINGDOMS XI WITH POWER UP KIT,Posted  May          한글 지원도 안되고 무장얼굴도 편집이 안되고 그냥 개망겜 환불 좀
ROMANCE OF THE THREE KINGDOMS XI WITH POWER UP KIT,Posted  February   코에이 삼국지의 마지막 명작  후속작들의 잇따른 부진으로 매번 다시금 찾게 되는 게임 
ROMANCE OF THE THREE KINGDOMS XI WITH POWER UP KIT,Posted  March          어린시절의 향수와 추억이 이곳으로 이끌었고 지금 두 번 천하통일을 해냈다 
ROMANCE OF THE THREE KINGDOMS XI WITH POWER UP KIT,Posted  July          b
ROMANCE OF THE THREE KINGDOMS XI WITH POWER UP KIT,Posted  February          듀토리얼 깼는데 할만하네요 조금더 즐겨봐야겠어요
ROMANCE OF THE THREE KINGDOMS XI WITH POWER UP KIT,Posted  December          코에이 삼국지 시리즈 최후의 역작  세세하게 들어가면 밸런스 문제 등 여러가지 아쉬움은 보이지만  이후의 작품들을 보면 최소한 문두의 문장은 성립하는거 같다 
ROMANCE OF THE THREE KINGDOMS XI WITH POWER UP KIT,Posted  October          삼국지 시리즈중 단연 최고인것 같아요
ROMANCE OF THE THREE KINGDOMS XI WITH POWER UP KIT,Posted  July          한글 없음
ROMANCE OF THE THREE KINGDOMS XI WITH POWER UP KIT,Posted  May          세이브가 안되네요 방법좀 가르쳐주세요
ROMANCE OF THE THREE KINGDOMS XI WITH POWER UP KIT,Posted  April          It s Sucks 
ROMANCE OF THE THREE KINGDOMS XI WITH POWER UP KIT,Posted  February         시리즈중에서 가장 재미있다고 함
ROMANCE OF THE THREE KINGDOMS XI WITH POWER UP KIT,Posted  November          아니 부장 주장 좀 잘 조합하면 상대방이 지략등을 못쓰네    석벽황충 재밌습니다  해보세용    삼국지 좋아하시는 분 좋아하실겁니다  그리고 한글패치는 안되어있으니 도원결의 에서 찾으시면 편합니다 
ROMANCE OF THE THREE KINGDOMS XI WITH POWER UP KIT,Posted  June         코에이 삼국지중 가장 재밌게한 작품
ROMANCE OF THE THREE KINGDOMS XI WITH POWER UP KIT,Posted  December         처음 접해본 삼국지게임      년이 넘도록 계속하게 되는 게임이죠 
ROMANCE OF THE THREE KINGDOMS XI WITH POWER UP KIT,Posted  November          게임 저장도 안됨 방법 찾아보다 이것저것 윈도우 환경 바꿔야하고 별의 별 랜섬웨어같은 파일들 다운받아야해서 그냥 환불해버림   
ROMANCE OF THE THREE KINGDOMS XI WITH POWER UP KIT,Posted  July          패치도 힘들고 실행도 멈추고 환불하네요 wish we have korean language support any time soon  
ROMANCE OF THE THREE KINGDOMS XI WITH POWER UP KIT,Posted  August    역시   이 최고 명작인것 같다   어떻게 설치해도 중국어만 설치되서 난감했는데 우측 톱니바퀴 속성으로 들어가면 중국어 번체   일본어 설정 가능하다   일본어 배워놔서 다행이지     
ROMANCE OF THE THREE KINGDOMS XI WITH POWER UP KIT,Posted  January          한글판 좀 제공해주세요   
ROMANCE OF THE THREE KINGDOMS XI WITH POWER UP KIT,Posted  November          세이브가 안됩니다  이걸 돈주고 받아먹고 진짜 스팀 나쁜 사람들이네  전략 게임에 세이브가 안되게 해놨어  그래놓고   년전 게임을 거진  만원에 받아먹고 도저히 상도의가 하나도 없네  진짜 고발하고 싶다  절대 하지 마세요 
ROMANCE OF THE THREE KINGDOMS XI WITH POWER UP KIT,Posted  November         실행을 스팀으로 실행하지 말고 다운받은 실행파일로 실행해보세요 https   cafe naver com sam          내문서에 koei 파일 꼭 넣으시고요 
ROMANCE OF THE THREE KINGDOMS XI WITH POWER UP KIT,Posted  November               
ROMANCE OF THE THREE KINGDOMS XI WITH POWER UP KIT,Posted  February    삼국지 시리즈 중 탑클라스
ROMANCE OF THE THREE KINGDOMS XI WITH POWER UP KIT,Posted  September         이거 절때 받지마세요    별 생쇼를 다했는데도 저장이 안되네요   
ROMANCE OF THE THREE KINGDOMS XI WITH POWER UP KIT,Posted  April          많이 해보지는 않았는데 뭔가 할게 많은 것 같아요
ROMANCE OF THE THREE KINGDOMS XI WITH POWER UP KIT,Posted  July          나온지   년이나 된 게임을 이제서야 해봅니다  내정도 적당히 복잡하고  개인적으로 삼국지  처럼 맵 위에서 전투하는걸 좋아하는데    도 삼  같은 방식이라 매우 마음에 듭니다  카페에서 한글패치랑 밸런스 패치 등  가지 정도만 했는데  컴퓨터 세력들 엄청 공격적이라서 재밌네요   정가에 사도 괜찮다고 봅니다 
ROMANCE OF THE THREE KINGDOMS XI WITH POWER UP KIT,Posted  May         한글지원도 안해주고 심지어 세이브도 안됨  아직까지도 지원을 안해준다는게 어이가없네
ROMANCE OF THE THREE KINGDOMS XI WITH POWER UP KIT,Posted  December          good bye koei 
ROMANCE OF THE THREE KINGDOMS XI WITH POWER UP KIT,Posted  August           시간 걸리는 게임
ROMANCE OF THE THREE KINGDOMS XI WITH POWER UP KIT,Posted  August          전투페이즈가 따로 없고 맵에서 보드게임 하듯이 전투가 이루어지기에 이 부분에서 가장 큰 호불호가 갈릴듯하며 필자는 불호 쪽  내정 및 전투가 한 맵에서 이루어지고 행동력에 제한이 걸려있는데 턴당 주어지는 행동력에 비해 할 수 있는 게 한정적이라 사실상  도시 외에는 군단편성 AI 위임이 강제된다  AI도 매우 멍청해서 기껏 최적화해놓은 내정건물들을 뽀개고 의미 없는 구조물들을 왕창 짓는걸 보면 짜증이 나지만 어쩔 수 없음  개인적으로 코에이 삼국지의 매력이라 하면 삼국지 인물들의 개성과 이벤트  육성과 같은 요소라고 생각하는데 삼국지   은 내정  전투  행동력 제한까지 해야 할 게 많고 한정적이라 많은 부분에서 자동 편성을 강제하기 때문에 삼국지만의 매력을 느끼기 어려웠다  삼국지         과 같은 장수제를 좋아했던 유저라면 비추천 
ROMANCE OF THE THREE KINGDOMS XI WITH POWER UP KIT,Posted  May    삼국지 시리즈 중 원탑이라고 평가 받으나 출시 당시기준에 한정된다 생각함 쉽게말해 추억보정뽕빨임      년에 하기엔 너무나 구린 ui  한글화 미지원   낮은 ai성능 그리고 내정요소가 너무 노가다임  이게 전략게임을 하는건지 노가다 게임을 하는건지 구분이 안됨 예전에 하던 삼국지의 추억을 느끼고 싶은 유저들만하는거지 처음 접하는 유저에게는 매우 비추천함
ROMANCE OF THE THREE KINGDOMS XI WITH POWER UP KIT,Posted  March         한국어가 아니면서 왜 나옵니까  유저패치로 하는데엔 불편함이 있습니다  팔거면 한국어로 판매해야지  한국어가 아니면 판매하지마라 
ROMANCE OF THE THREE KINGDOMS XI WITH POWER UP KIT,Posted  August    이거 윈  에서 플레이가 안되는데 방법 아시는분 
ROMANCE OF THE THREE KINGDOMS XI WITH POWER UP KIT,Posted  November         너무 그래픽이 구시대적   역대급이라고 해서 도전했지만 제 스타일이 아닙니다 
ROMANCE OF THE THREE KINGDOMS XI WITH POWER UP KIT,Posted  October    명불허전
ROMANCE OF THE THREE KINGDOMS XI WITH POWER UP KIT,Posted  September    잠깐 해봤는데 재밌네요
ROMANCE OF THE THREE KINGDOMS XI WITH POWER UP KIT,Posted  July    개꿀잼
ROMANCE OF THE THREE KINGDOMS XI WITH POWER UP KIT,Posted  July    재밌습니다 역시 삼국지  
ROMANCE OF THE THREE KINGDOMS XI WITH POWER UP KIT,Posted  April       갓겜 근데 가격은 사악
ROMANCE OF THE THREE KINGDOMS XI WITH POWER UP KIT,Posted  March    재미남   보다
ROMANCE OF THE THREE KINGDOMS XI WITH POWER UP KIT,Posted  March    곡아항
ROMANCE OF THE THREE KINGDOMS XI WITH POWER UP KIT,Posted  January    재밌어요
ROMANCE OF THE THREE KINGDOMS XI WITH POWER UP KIT,Posted  January   재밌어요 
ROMANCE OF THE THREE KINGDOMS XI WITH POWER UP KIT,Posted  January   잘 우려낸 사골국물 같은 구수한 맛
ROMANCE OF THE THREE KINGDOMS XI WITH POWER UP KIT,Posted  December          구관이 명관이라고 삼국지는 역시 삼국지  pk
ROMANCE OF THE THREE KINGDOMS XI WITH POWER UP KIT,Posted  November          명작
ROMANCE OF THE THREE KINGDOMS XI WITH POWER UP KIT,Posted  November         지금처럼 세일할때 사라   산지 얼마 되지도 않았는데 할인하네     
ROMANCE OF THE THREE KINGDOMS XI WITH POWER UP KIT,Posted  September         클라스는 영원하다
ROMANCE OF THE THREE KINGDOMS XI WITH POWER UP KIT,Posted  September         한 번 빠지면 못 헤어 나옴 
ROMANCE OF THE THREE KINGDOMS XI WITH POWER UP KIT,Posted  September         굿
ROMANCE OF THE THREE KINGDOMS XI WITH POWER UP KIT,Posted  August          
ROMANCE OF THE THREE KINGDOMS XI WITH POWER UP KIT,Posted  July          삼국지 시리즈 중 가장 명작
ROMANCE OF THE THREE KINGDOMS XI WITH POWER UP KIT,Posted  July          good
ROMANCE OF THE THREE KINGDOMS XI WITH POWER UP KIT,Posted  July          역시 삼국지 전시리즈 중에서는 단연  등이라 할 수 있다  강추    
ROMANCE OF THE THREE KINGDOMS XI WITH POWER UP KIT,Posted  June          그래도 이만한 게임이 없어요 여기 게시판에 한글패치 방법 자세히 나와있고 어렵지 않네요
ROMANCE OF THE THREE KINGDOMS XI WITH POWER UP KIT,Posted  June         일어판에 세이브가 안되는 치명적 오류가 있음 
ROMANCE OF THE THREE KINGDOMS XI WITH POWER UP KIT,Posted  June         응기잇
ROMANCE OF THE THREE KINGDOMS XI WITH POWER UP KIT,Posted  May          so hot
ROMANCE OF THE THREE KINGDOMS XI WITH POWER UP KIT,Posted  May         개꿀잼
ROMANCE OF THE THREE KINGDOMS XI WITH POWER UP KIT,Posted  May                  
ROMANCE OF THE THREE KINGDOMS XI WITH POWER UP KIT,Posted  May            자동전투로 만들거면 좀 역동적으로 재밌게 만들던가 시스템이 다르다는건 그렇다쳐도 보기 재밌게 만드는 것도 힘드냐  어휴 진짜 그따위로 낼거면 이거 리메이크나 해라   맵에다가 제발  이거 한글화 얘기하는 사람 있는데 당시 한국에 복돌만 존나 널려서    원본판  천장은 팔렸나       해서 pk 한글판 안낸거임 한글화 요구할 자격 읎음   
ROMANCE OF THE THREE KINGDOMS XI WITH POWER UP KIT,Posted  April         다좋은데 그나마 알아듣는 언어가 일본어인데 일본어로 설치하면 세이브 안돼는거 왜그런거임    중국어설치는 저장 잘만대드만
ROMANCE OF THE THREE KINGDOMS XI WITH POWER UP KIT,Posted  March          지겨울정도로 했다고 생각했는데 조금만 지나면 다시 생각나는 게임    년을 즐겼는데 아직도 재미있네 
ROMANCE OF THE THREE KINGDOMS XI WITH POWER UP KIT,Posted  March                Patch PLZ
ROMANCE OF THE THREE KINGDOMS XI WITH POWER UP KIT,Posted  March         good game
ROMANCE OF THE THREE KINGDOMS XI WITH POWER UP KIT,Posted  February          맵 스크롤   시설 설치할 떄 잠깐 멈추는 현상 있음  환불 해버림
ROMANCE OF THE THREE KINGDOMS XI WITH POWER UP KIT,Posted  February          장점     Ost가 너무 좋습니다  Ost 들으려고 일부러 군대를 출정시킬 정도로요      매니아층이 두터워서 각종 패치가 넘쳐납니다  다만 출시된지   년도 넘은 게임이기 때문에 각종 정보가 너무 많은게 오히려 문제가 되기도 합니다  찾다보면 윈도우xp시절 자료도 나와요        전체적으로 게임을 잘 만들긴 했습니다  약소 세력을 키워서 조조같은 거대 세력과 힘겨루기를 하는 재미도 있고  인재를 얻어나가면서 특기와 능력에 맞춰 다양하게 굴려먹는 재미도 존재합니다      세력을 성장시키는 맛이 있습니다  원기옥을 모아 대군을 일으켜서 수송부대와 함께 도시 여러개를 쓸어버리며 원정을 다닐 수도 있고  좁은 입구를 틀어막은 뒤 벽력 연구를 마친 투석기로 공격하는 우주방어를 펼칠 수도 있으며  잘 키운 책사 하나로 설전을 이끌어서 반강제로 협정을 맺어버리는 것도 가능합니다      나름 깊이있는 전투 창병  극병  기병 간의 상성이 존재하며  숲에서는 활 공격이 불가능하고 모래땅에서는 창병 전법을 쓸 수 없는 등 나름의 디테일이 존재합니다  또한 극병은 방어력이 높고  기병은 기동력이 우수한 등 나름의 특징도 있기 때문에 전투 상황에서 이걸 써먹는 경우가 자주 나옵니다  전체적인 재미를 더해주죠      AI가 지금껏 해본 모든 게임을 통틀어 제일 구립니다  형주  군을 먹고 금  병량만 생산하는 병참기지로 도시를 개발해놓았더니 군단장이 조폐를 부수고 대장간을 깔질 않나  후방에서  만명 수송부대가 왔건만 병사제한이 꽉 찬 성에 들어가서  만명을 통째로 날려먹질 않나  방금 막 점령한 도시에 온갖 장수를 불러모아서 가뜩이나 부족한 금을 장수들 월급으로 다 써버리질 않나     아군은 물론이고 적군도 멍청하긴 매한가지라   개 세력이 성 하나를 놓고 전투를 벌이다가 한 쪽이 성을 빼앗게 되면 다른 두 세력은 그냥 돌아가버립니다  조조와 손권이 동시에 유표군의 강릉을 공격하다가 만명도 채 되지 않는 손권군이 성을 차지하니  수적으로도 훨씬 우세한 조조군이 바로 퇴각해버리는 쿨함을 보여줍니다   또 타세력이 인접해있으면 내 성으로 원정군을 끝도 없이 보내는데  횡스크롤 비디오게임마냥 약해빠진 적들이 지치지도 않고 계속 몰려오니 피로도가 장난아니게 쌓입니다  모기가 앵앵거리는 느낌이에요   도시를 방어하는 것 역시 문제입니다  사람 지나갈 때마다 짖어대는 개 마냥 도시 영토에 진입만 하면 부리나케 뛰쳐나왔다가  다시 영토를 벗어나면 바로 성으로 복귀해버립니다  낙양에서 허창으로 수송부대를 보낼 때마다 진류에서 군대가 뛰쳐나왔다 사라지는 꼴을 보고 있노라면 헛웃음이 납니다   심지어 성을 차지하며 세력을 늘려나가는 게임인데도 불구하고  바로 옆에 주인 없는 공백지가 있어도 차지할 생각을 안합니다  바로 옆에 개발지가   개가 넘는 알토란 땅을 거들떠보지도 않는 AI를 보다보면 내가 대신 먹어주고 싶다는 생각까지 들 정도죠     이 게임에는 화공을 할 수 있는 함정이 존재합니다  기술 연구를 마치면 위력과 범위가 증가되기도 하구요  하지만 활용도가 많이 떨어진다고 느낍니다  거의 항상 아군도 같이 피해를 입는 데다가  의미있는 타격을 입히려면 후반부에 가서 기술 연구를 모두 마친 상태여야 하는데  이쯤되면 그냥 이름 있는 장수가 전법으로 후려패는게 훨씬 딜이 잘나오거든요   자  내가 두 개의 부대를 지휘하고 있을 때   번부대가 화구를 설치하고  번부대가 창병 전법으로 적군을 이동시켜서 전법대미지 화염대미지를 입히는게 나을까요  아니면 두 부대 모두 그냥 전법으로 뚝배기를 깨버리는게 나을까요  참고로 전자의 경우 함정을 설치하는 데에 부대의 금을 소비하며 화구를 설치한  번부대 역시 같이 화염 대미지를 입기까지 합니다  어느 쪽을 고르시겠어요   심지어 이런 상황이 자주 나오는 것도 아니에요  건설불가 지역에서 전투가 펼쳐지는 경우도 많은 데다가 적 부대를 강제로 이동시키는 전법이 실패하기도 하거든요  게다가 이렇게 전법이 실패하게 되면 내가 설치한 함정은 다음 턴에 상대가 고스란히 역이용해먹기 때문에  내돈내맞이라는 기가막힌 상황이 연출되기도 합니다   이외에도 강가 근처에는 제방  산맥 근처에는 돌무더기가 존재하여 수공과 낙석 공격이 가능합니다  다만 제방을 통한 수공의 경우에는 아군 적군 상관없이 부대를 전멸시켜버리고  낙석의 경우 써먹을 수 있는 상황이 정말 제한적이기 때문에 얘는 천하통일 할 때까지 구경조차 하기 힘들죠  앞서 말한 함정같은 경우는 AI가 비효율적인 상황에서도 죽어라 써대면서  정작 함정보다 훨씬 위력적인 제방을 이용한 수공은 활용하질 않는다니 아쉬울 따름입니다  적군이 강가에 위치한 성을 공격하러 오는데 근처의 제방을 부수러 달려든다면 성 뿐만 아니라 제방을 둘러싼 전투가 벌어지며 공성전에 한층 깊이를 더해줄 텐데  그렇지 못하니 너무나도 아쉽죠     도시를 발전시키기 위해서는 개발지에 시장  농장  대장간  조선 등 다양한 시설을 건설해야 합니다   이 단점이 더욱 적나라하게 드러나는 순간은 적군의 성을 점령한 직후입니다  성을 빼앗으면 그 도시의 시설물들이 대부분 증발하기 때문에 개발을 거의 처음부터 진행해야 하는데  문제는 이게 시간을 엄청 잡아먹기 때문에 도시 개발을 끝마칠 때까지 적군이 성을 탈환하러 오는 공격을 끝도 없이 막아내야 합니다  도시 개발에 인력을 몰빵해도 모자랄 판에 적군을 막을 장수까지 출격시켜야 하죠  한술 더 떠서 도시 개발지 옆에 적군이 있다면 건물이 올라갈 때마다 적군이 칼같이 부숴버리니 도시 개발 인력은 손가락 빨고 기다리는 수밖에 없습니다   도시 개발과 적군 방어를 둘 다 해내려면 다른 성에서 인재를 불러와야 하고  성에 소속된 장수가 늘어나면 그만큼 봉급도 많이 줘야 하고  여기서 줄어든 금 만큼 도시 개발 비용 또한 줄어들어버리고  금을 충당하기 위해서 상인을 이용해 병량으로 금을 구입하면 병량 부족으로 방어부대를 보낼 수 없게 되는 총체적 난국이 발생합니다  이런 상황을 막으려면 관문이나 항구  좁은 길목을 틀어막고 싸울 수 있는 지형이 있는 성까지 한꺼번에 쭉 밀어버리거나  공격을 갈 때 수송부대에 금을 잔뜩 싣고 가야 하는 플레이가 요구되죠  물론 그 수송부대가 적군의 공격으로 전멸한다면 금은 증발하는 거구요     먼저 특기의 경우 대부분의 장수들은 고유한 특기를 가지고 있으며  연구를 통해 특기를 해금하여 장수가 습득하게 만들 수도 있습니다  다만 특기라고 말하기도 부끄러운 것들이 종종 보입니다  일제 공격을 통상 공격으로 방어한다던가  병력     미만일때 피해를 회피하는 등의 특기요  그리고 대체 왜 순욱 특기가 탐색인거야       아이템 시스템 또한 아쉬운 점이 많습니다  소유한 장수의 부대의 공격력 상승  이동속도 증가    같은게 있으면 어떨까 생각해봅니다  너무 밸붕이려나       년 전 게임인데도 가격 인하는 죽어도 안하는 코에이    엄밀히 말해서 가성비는 구린 편입니다       원이면 이것보다 훨씬 게임성 좋은 갓겜들  개  개는 살 수 있을 겁니다     장점에 비해 단점을 정말 많이 늘어놓긴 했습니다만  그래도 할만한 게임이긴 합니다  유저패치로 극복할 수 있는 단점들도 많고  저도 이렇게 안좋은 소리를 구구절절 적어놓으면서도    시간이나 했잖아요  삼국지 좋아하시는 분들이라면 해보실만 합니다  아님 마시구요  문제는 삼국지 좋아하는 분들은 이미 이걸 해봤을 거란 거죠   
ROMANCE OF THE THREE KINGDOMS XI WITH POWER UP KIT,Posted  February            충차로 오는 여포    AI 개선    획일화된 아이템    아이템의 다양화    매 도시 점령시  단 내정시설 노가다    내정시절  단 합체 삭제    능력연구로 인한 실제인물들의 가치가 하락함  인물 유니크성이 떨어져 재미가 없음    능력연구 삭제    대신기교의 다양화  요 정도만 개선했으면   
ROMANCE OF THE THREE KINGDOMS XI WITH POWER UP KIT,Posted  January          시간도둑
ROMANCE OF THE THREE KINGDOMS XI WITH POWER UP KIT,Posted  January          갓겜  이거 할 때마다 어릴 떄 향수병 돋아나네
ROMANCE OF THE THREE KINGDOMS XI WITH POWER UP KIT,Posted  January         예전에   한글판 오리지날만 하다가 이번에 pk로 한글패치해서 게임중인데 꿀잼이네요
ROMANCE OF THE THREE KINGDOMS XI WITH POWER UP KIT,Posted  October          레전설
ROMANCE OF THE THREE KINGDOMS XI WITH POWER UP KIT,Posted  October         삼국지  D그래픽 증 하나만 사야겠다하면  이걸 추천합니다       는 비추천 
ROMANCE OF THE THREE KINGDOMS XI WITH POWER UP KIT,Posted  June          턴제라 생각 할시간도 많고 전략적이라 재미있음
ROMANCE OF THE THREE KINGDOMS XI WITH POWER UP KIT,Posted  May          도시 기껏만든거 부셔지는게 좃같긴한대 그거뺴곤 괜찮음
ROMANCE OF THE THREE KINGDOMS XI WITH POWER UP KIT,Posted  April          역시 명작입니다
ROMANCE OF THE THREE KINGDOMS XI WITH POWER UP KIT,Posted  April          당신의 시간을 뺏는 훌륭한 악마의 게임
ROMANCE OF THE THREE KINGDOMS XI WITH POWER UP KIT,Posted  January          삼국지 시리즈중 돈이 안아까운 몇 안되는 명작임 근데 한국어 발매가 아니라 한글패치가 필수고 템포가 느려서 시간을 좀 많이 잡아 먹는게 흠임
ROMANCE OF THE THREE KINGDOMS XI WITH POWER UP KIT,Posted  December          good
ROMANCE OF THE THREE KINGDOMS XI WITH POWER UP KIT,Posted  December            
ROMANCE OF THE THREE KINGDOMS XI WITH POWER UP KIT,Posted  May          삼국지   부터   까지 즐겨본 유저입장에서는   이 가장 좋았음       는 못해봐서 논외  타 게임을 비교해보자면 신장의 야망이 같은 코에이사 게임으로 서는 더 재미있음  혹시 토탈워를 아는 유저가 있다면 코에이 삼국지 보다는 토탈워   삼국 이걸 즐겨보면 감동의 눈물이 넘쳐나는걸 경험할수 있을듯    극히 개인적 취향의평가이므로 태클사절  사정상 오프라인으로 많이 하다보니 플레이시간이 조금밖에 안나오나 실제론 거의    시간 가까이 즐김  
ROMANCE OF THE THREE KINGDOMS XI WITH POWER UP KIT,Posted  September          아    이거 삼국지   pk 버젼말고 오리지널 삼국지   로 즐길수 없나요 
ROMANCE OF THE THREE KINGDOMS XI WITH POWER UP KIT,Posted  August          잼남
ROMANCE OF THE THREE KINGDOMS XI WITH POWER UP KIT,Posted  August          재미있어요     그런데 일본판이라 패치 필요함       
ROMANCE OF THE THREE KINGDOMS XI WITH POWER UP KIT,Posted  August          옛날에 불법다운로드로 하다가 컴터포맷할때 없어져서 오랜만에 하고싶어서 불법다운 찾다가 잘못다운받아서 컴터 터지고 다시 포맷해서 컴터 고치고 그냥 사면 포맷하던 뭐하던 할수있으니깐 사야겠다 생각하고 사고 재미있게 하고있다
ROMANCE OF THE THREE KINGDOMS XI WITH POWER UP KIT,Posted  August         삼국지 시리즈 중 가장 박진감이 있다 
ROMANCE OF THE THREE KINGDOMS XI WITH POWER UP KIT,Posted  June          정식 한글판이 나오면 좋을텐데 하는 아쉬움은 있네요 
ROMANCE OF THE THREE KINGDOMS XI WITH POWER UP KIT,Posted  May          그저 꿀잼
ROMANCE OF THE THREE KINGDOMS XI WITH POWER UP KIT,Posted  May          No support Korean
ROMANCE OF THE THREE KINGDOMS XI WITH POWER UP KIT,Posted  March          역시 고전 명작
ROMANCE OF THE THREE KINGDOMS XI WITH POWER UP KIT,Posted  December         very good   thx
