title,review
地牢100,Posted    December       EARLY ACCESS REVIEW I think at it s core this could be a very fun game  however it s main gimmick is also it s main downfall  Every    floors you fight a boss and the first time you defeat a boss on any of those floors the character you currently have becomes the new boss  This means if you make a really strong build it s just super difficult or next to impossible to proceed with the other characters afterwards  It also incentivises you to not make good builds  but just kinda ok  barely good enough builds  Basically anytime you put a really strong build together and having fun you re worried you re putting a big obstacle in your way in the future   tld dr anti fun main game mechanism in an otherwise good core setup for a fun game
地牢100,Posted     December       EARLY ACCESS REVIEW In contrast to the top critical comments  I actually love the idea of having to try and out whit my last build  I m keeping a save for my first attempt to continue going back and trying to beat   broken bosses in a row all toward floor      I keep saying and thinking  There s no way I m going to be able to beat that  and then end up beating it after a few hours of tinkering and head scratching  It s fun  fast paced  and way too easy to lose a nights sleep to   Can absolutely use some visual updates and there are a few cards that are meant to give you    to a class that some times don t trigger  As generous as the possibilities seem to be with the imbue card  I wish some things worked a bit better  Like summoning a totem with the card to it s right within the     card range of imbue   Can t wait to see how this game develops  Vampire Survivors felt like the best game I d ever purchased for     this could join that same club at    but almost didn t pick up the game due to the price tag          with room to move either direction
地牢100,Posted     December       Product refunded  EARLY ACCESS REVIEW While the game has an interesting and novel concept  it actively works against itself   Every time you reach a new    floor milestone  your run ends  and your current character becomes the boss that you must now kill to reach the next    floors   The problems with this are two fold  One  it disincentivizes powerful builds  If you get on a roll  rather than being able to enjoy the good run  you re worried that now you ll create an insurmountable gate preventing you from continuing further in the future  Second is that the game is class based  but each time a character becomes a boss  that class is locked out   Add on poor optimization  extremely rough translation  and poor formatting that makes some cards literally unreadable  Dungeon     is a novel pass 
地牢100,Posted     August The real final boss is trying to parse the extremely bad Chinese translation
地牢100,Posted     January EARLY ACCESS REVIEW its fun to play until you make a build thats is literally too powerful for you to kill and such stuck playing only one class
地牢100,Posted     January EARLY ACCESS REVIEW Auto Chess for friendless people like us  We should buy and play 
地牢100,Posted    December       EARLY ACCESS REVIEW Incredibly addictive game for people who like    Roguelikes   Deckbuilders   Figuring out synergies  The main problem is that the translation is bad and it s hard to understand skill descriptions   mechanics   but despite how janky the game is  it s an amazingly fun and deep game with insane build potential 
地牢100,Posted    January EARLY ACCESS REVIEW Well done  Highly adictive game  Ideas for Improvement    Better translations  Wording needs to be clearer  Cardtexts overlap the Cardframes  Co Op options missing  Different Dungeon floors  Stats like Damage per Minute or Crit Chance etc missing   Customizable Hero  i my personal oppinion  these changes could improve the Game alot 
地牢100,Posted     July EARLY ACCESS REVIEW TLDR  It s a hell of an idea for an autobattler  but the translation issues mixed with the length of a run creates this artificial       hour ceiling before it gets annoying to play   Dungeon     bills itself as an autobattler mixed with Diablo  It certainly has the Diablo  closer to Torchlight IMO  aesthetic  but that s pretty much where the Diablo comparison ends  I d describe Dungeon     as a deckbuilder with a unique gameplay loop where you re goal it make a better build than your last successful run   The Good Building a  deck  is fairly diverse despite all of the classes share the same deck of cards  There are bonuses for matching professions  so for example  having three cards with a shaman tribe on them will give an extra boon to your summons  three rogue cards will give extra crit chances  etc   Cards are cast in order from left to right and certain cards are able to combo this  left to right  turn order in different ways such as when a card to the left crits  the combo card will immediately cast the card to its right  This is more challenging than it looks because of the translation issues  but overall it s really satisfying to arrange your deck in such a way that it logistically works perfectly   As you go along  you ll get access to higher tier cards as well as allow a larger deck size so you can create even more elaborate skill chains   Finally  the gameplay loop itself is unique in the deckbuilder space  Your goal is to climb floors  and each   th floor is a boss  The unique thing about this is that after you beat a boss for the first time  your run ends and whichever character you used to beat it is now the new boss of that floor  So in effect  to successfully beat the run meansyou have to beat six of your prior builds   The translation is steaming garbage  Expect the first five or so hours to be spent learning how to translate the messed up translations into something understandable   Since your aiming to beat your prior builds every    floors  the bulk of the game time is just going to through floors with throwaway enemies  I know the goal of these floors is to add and tweak your current deck  but even on the fastest speed  they still take awhile to get to the real challenge of the game   If the price seems reasonable for a       hour experience  then Dungeon     is a great purchase  There s something really cool here  the gameplay loop as well as the translations just need some additional work 
地牢100,Posted     January EARLY ACCESS REVIEW I ve never done a guide before but this game is so new I can t find anything so I figured I ll start the ball rolling   Tip     Tavern up  Shop s up  Up your tavern tier early  Unlike Hearthstone Battlegrounds  you need to reach tier   ASAP  When you have only   coins a turn  up the tavern once  When you have   coins per turn  up the tavern every round if you have two cards you want in the shop  When you have   coins  always up tier before refreshing shop  Freeze and you can up tier and buy the card  Do not buy two cards at   coins  Always prioritize raising tier for efficiency  When you have   coins  consider double tier up whenever you do not have any cards you see in shop or need a card urgently   Tip     You already have the Legendary Card  When you have two gold and one normal card  you already have the legendary  You just need board space to put the gold and pick the normal card  This can save gold and is important mid game   Tip     Sometimes gold is free  Card that refunds   coins will give you   extra coins or a higher tier card if you gold it  Buying a gold also can help with coin efficiency   Tip     Offensive vs Defensive  To beat yourself  just build around countering yourself  You can try alternating between offensive and defensive every round  E g  First hero   all out offensive  second hero   all out defensive  Tip     Have a back up plan  By round    or so  your build should be fixed  more or less  Start building alternative synergies and strategies so you can swap them out in case you fail  Contrary to some comments here  there are tier   cards that are very imbalanced  Some of them are so strong they became more important than synergies  Be sure to keep some of them if you suspect they might help you win the game   Tip     Don t make your life difficult  After you have defeated yourself  just skip through the next    rounds and you should be able to defeat the boss  Don t make your life difficult by continue upgrading especially past round    
地牢100,Posted  November          EARLY ACCESS REVIEW game doesnt work  gigantic char model with always miss  the char model covers my whole screen and turn this into a black screen 
地牢100,Posted  January    EARLY ACCESS REVIEW It feels free form  allowing many combos  But after a few runs  it s all a bit bland and combos are vastly reduced to what was designed 
地牢100,Posted  January   EARLY ACCESS REVIEW gets boring quick  kinda sucks that you have to beat your previous build  no story  no real progress  just a auto walking simulator 
地牢100,Posted  December         EARLY ACCESS REVIEW Fantastic addictive game that is completely ruined by one feature  If you have a run or build that is the best then you get owned by every other build you try  This game is frustrating designed so you just beat your old run by a bit and continually use every increasingly strong builds  Imagine Hades where the end boss is your previous runs  some runs you totally own and some you just make it  They need to remove your previous runs as bosses and just make the runs a bit harder as you progress 
地牢100,Posted  September    Product refunded  The only game that will punish you for having an optimal build  The min maxer in me hates this element of the game even though most people are all about how  unique  it is  This game is also auto play with no choices  once you pick your next ability  that s it  nothing more to do  everything is done automatically  The  strategy  part of this game is a very loose interpretation  given that the only strategy is to choose from a few abilities and try to max them out  Synergies  Almost non existent  I am genuinely confused how this game is rated very positive 
地牢100,Posted  August    I don t know why I expected a Vampire Survival like and not Hearthstone Autochess  but it s just auto chess with janky  mistranslated text  stolen artwork  settings that won t save  Such as unmuting itself despite being set numerous times  the game even warns you that using the speed up button to sit through the auto combat will miscalculate your damage  and not in your favour   I have no idea how this is rated Mostly Positive  it s an absolute crapshoot of a game  and it s not worth half the price they re asking for ON SALE 
地牢100,Posted  November          EARLY ACCESS REVIEW This is a pretty good game  Only problem is I beat the   th level on my first run thinking I had a powerful build but on my second run I made a character that is absolutely broken and I know I ll never beat level    now  Good job there is a dungeon reset  I don t know if it has a huge amount of replay ability but if you are looking for a decent solo player auto chess game with a difference this is pretty good as it has interesting potential builds 
地牢100,Posted  December         EARLY ACCESS REVIEW This game has a lot of potential as an extremely casual idle game combined with the ability choices of a game like vampire survivors  It really isn t what i d label a roguelike or roguelite though   In it s current state there are features that need some real work for the game to last longer than a couple hours   You don t really get any improvements like as in a roguelike  You go through the dungeon until you beat a boss on a level and then your character assumes the role as that dungeon boss  You are then locked out of that character class and have to start again as a different class and you have to beat your last character and move on to the next boss  When you beat that boss this character also replaces the boss and the cycle repeats   The classes don t differ much  they get a minor bonus to their skill types but that s all   I made a hunter character that blocks my level    in my dungeon that i couldn t get past not moatter what i tried  Until i created a summoner with summons that summon other summons that summon other summons etc etc   This tanks the games framerates but i beat my level    toon  But now i have this summoner as my level    boss   You see the problem here  You can t do anything to improve yourself aside from just making different skill choices and maybe some RNG  It s fun  it just hits a wall and stops   I think this will get resolved with time  I can think of many ways to fix this  So yeah i got almost   hours out of a     game and i d say it was certainly worth it 
地牢100,Posted  August   EARLY ACCESS REVIEW Dungeon     is a fun game with a couple of different modes of play  The original premise was to make a character out of one of the available classes  beat the dungeon  and then become a boss for future characters to beat  This was cool as it was kind of like a cross between a dungeon delver and Boss Monster but the more OP you got the more impossible it was for the next character  I found this to be fun  but not really what I was looking for   When the second mode came out  I fell in love  I wanted to    every character on the speed challenge and it took me a good bit of time  I had a bunch of fun and would recommend it 
地牢100,Posted  February    EARLY ACCESS REVIEW It s Path of Exile without the grind but also without the gameplay  You get the dopamine hit of clearing a room in the blink of an eye with some crazy epilepsy inducing builds  All that within minutes rather than hours or weeks of grinding for gear in PoE  brought to you by Grinding Gear Games    It has a lot of potential still  but first  I hope the devs will soon make their own card art instead of stealing it from other games  such as some very obvious ones from Across the Obelisk  another game I recommend  
地牢100,Posted  January    EARLY ACCESS REVIEW This is a tough one to review  I really like the game  but its equally frustating to play  So many things are unclear abut game mechanics  Theres absolutely no help or explanation from the game itself  Just the frustration of understanding the  cool down  on cards and whenever a card is triggered or played is really confusing  Some cards are passive skills  some spells  and some are weapons  and much more  Mechanics are awesome as soon as you discover their uses though  which usually happens by accident      Much of the cards translated text doesnt fit on the cards  and you cant even read the complete text   I know this is early access  and hopefully will be fixed  or patched sooner than later   As the games state right now  hold your bucks and wait for some updates  Games early acces is tooo early to my likings 
地牢100,Posted  January    EARLY ACCESS REVIEW If it wasn t for the fact that the game punishes you for a good run by making you become the boss for the next run i would absolutely love it   But as is  you basically create an impossible raidboss by having too good of a run and might smash your face against that self built wall of yours over and over and over again until you re eventually  maybe  lucky enough to be able to beat it   which is about an hour or longer per run  And remember you ll have to be just that lucky every single run if you want to prevail in future ones   Also some classes and therefore strategies do just work better than others and you cannot play a class twice  ever   Therefore unfortunately i can only advise you to wait for either an update that introduces metaprogression to deal with that issue or until that incredibly stupid feature is removed from the game before you buy it 
地牢100,Posted  October    The game isn t in Early Access but it SHOULD BE  It doesn t feel balanced or complete in any way  shape or form  The content present in the game isn t well polished and the build variety dies there   The main idea of the game is to  create innovative builds  but it lacks diversity  There is no reflect  armor  negate  spellshield  hard crowd control  etc     It s a decent game if you get it for like     more than that is basically theft   game use a ton of assets  I wouldn t call it an asset flip because the main game loop is original but anyway  avoid buying it full price   Oh  and the worst part of all  The dev doesn t have a community server where he could take notice of community feedback  Which means that he does what he think it s good for the game and that can be wrong  frequently   
地牢100,Posted  December          EARLY ACCESS REVIEW A nice time waster for multitasking   only a mouse and left click are needed  There are no timers or fast reflexes  play at your own pace  However  I d suggest using a PC stronger than their suggested toaster specs  as it struggles to hold     FPS on my decently specced Ryzen      Nvidia      setup   Rules summary   You start with   gold each room  with no banking interest  spend it or lose it  Cards always cost  g to buy and sell for  g  regardless of their level or upgrade status  Once a card is put into play  it can only leave play through tripling  third card to your hand  or through selling  You can have a number of cards in play equal to your current starting gold  which goes up by one each time your player levels up  This exp meter is shown at the top center of the screen  goes up by   floor passively  and goes up by   each time you pay  g with the arrow button in the shop  The ice button locks a shop in for next floor   Get three of the same card and it ll upgrade  get three of that upgraded card to upgrade it a second time  max   When you put a single upgraded card into play  you get a single bonus card selection consisting of three cards of your level   rarity or a basic version of the card you upgraded  When you put a double upgraded card into play  its similar  but the cards to choose from come single upgraded  and they too give a bonus if put into play   Cards that you have in play contribute their rarity  star count  towards your character s raw stats  and the star count is doubled tripled if upgraded once twice   Enemies on normal floors exist mainly to ensure that you re not overly greedy in ramping your exp up  Every    floors  fight a boss and if it was your first time killing that boss  your build becomes the new boss for that floor  This creates a scaling challenge where you know what s coming  but have to weave in tech cards for your build to make sure your newer runs can defeat all of the older bosses   I haven t cleared my first full run yet  but I m a few bosses deep and having fun  That s enough for a positive review  though I ll update if needed 
地牢100,Posted  May    EARLY ACCESS REVIEW Best solo autobattler  have to beat your own build  perfect when you re too high to play any active game 
地牢100,Posted  October    Addictive  but often made myself to strong and unbeatable for subsequent runs 
地牢100,Posted  December         EARLY ACCESS REVIEW I really like the idea and presentation here  but there s one design choice that just absolutely kills it for me  You have to fight your previous builds every    floors  If you happened on some really good combos early on  you re setting yourself up for failure on future runs  You can reset your save file  but then it becomes a game of making builds that are strong enough to get by  but not as strong as you can  That s just not fun 
地牢100,Posted  March   EARLY ACCESS REVIEW This one is a diamond in the rough  but it is rough  It is early access so maybe it will lose some of its rough   The game play is  Outfit your hero with abilities  Watch them fight the next level  If they survive  use gold to buy up your level or buy new cards  Unspent gold is lost   Some of the things unexplained or explained poorly   You have a hand of unplayed cards  It can be quite large  I never ran out and went over    cards   Three of a card will level a card up  It will be pulled out of your active cards if it is there  When played again you will get a bonus card that always includes the card that is being leveled up  This makes it a bit easier to get   of the same leveled up card which gives you a legendary  As far as I know there is no higher card    Most Important  The rules say  the cards play left to right   They  helpfully  reiterate that twice so you know it is important  But  when you play  you can see the cards in your hand being activated  some are never being activated and it is not going left to right it is just hitting a few cards and often repeating them  The forum seems snippy  they go left to right   Well  the answer is that the character always takes the left most ready card  which is not  in my opinion  the same thing  If you start with a card with   cool down you will never go further   Explaining which cards are played  Cards might not be played because  as explained above  you might not reach them in the queue  But  some are passives and are never activated  Some will assign the next card to a creature  or something like that  and the assigned card may be deactivated   though it may still be contributing  You can watch your spell activations   it just tells the state of what YOU are doing  not your critters   When you have nothing to play you do a basic attack   Anyway  once the above is understood  the game play is fun and fast  The combos are powerful and satisfying  The graphics aren t special  but  the designer has made the characters grow with buffs and it is pretty cool to see absolutely giant creatures  so big only their lower body is left on screen   A little tactical advise   The attributes are super important  Keep track of them  they are on the left  You can often do better dropping in a useless card just to bump certain attributes  Also  unlike many games  repeating a card does repeat the attributes  The standard set by Autochess was  only unique  characters added to the attributes  That is not true here  I think that decision works well   It is not important to get a long string of things you are actively playing  Some of my better characters even got by with one or even nothing being actively played  When you are not actively playing something you engage in a basic attack  There are many cards that upgrade your basic attack  and these wont do anything if your hero is always actively playing cards 
地牢100,Posted  August    Product received for free  Written By Hidden Gems Review   https   store steampowered com curator            Follow me    Dungeon     it s a autobattler roguelite game   The concept it s pretty original it s based on skill builds then you go out there to in a autobattle mode   But for me at the floor    already get pretty bored  not saying is a bad game but isn t for me   I will give a positive review because of his innovation  prefer see new things than a copy pasted games   Also the price I consider a bit up so wait for a discount 
地牢100,Posted  September   Interesting builds for those of us that find experimenting interesting  Just remember to slightly weaken your build right before becoming the floor boss  You will have to struggle with minor translation issues and poor wording  causing some failed builds 
地牢100,Posted  February    EARLY ACCESS REVIEW Game is completely broken  unbalanced with junky visual effects        would purchase again
地牢100,Posted  January    EARLY ACCESS REVIEW Verry fun  but need some iprovments 
地牢100,Posted  January    EARLY ACCESS REVIEW Game s incredibly fun  i did the same thing as a different commenter did  however  and created an incredibly busted character for my level    boss  and am now sufferering for it  The CPU usage could stand to be a bit lower  and the translation could stand to be a bit more complete  Animations are shared between genders of characters  so maybe later add different animations for different classes   All in all  love the game  love the concept  keep improving it 
地牢100,Posted  December          EARLY ACCESS REVIEW Sadly i m kinda hard stuck in this  because my previous build was too good and I can t kill it   kinda sad rn     Would only recommend  if they fix that  because IT IS really fun to build op builds  but there is no way to beat them yourself after   
地牢100,Posted  December         EARLY ACCESS REVIEW The game has a LOT of potential so much potential  However it NEEDS A LOOOOOOOOOT OF WORK     Cant read the cards properly  the text is going beneath the card and hidden behind  Cooldown seconds     Some cards are not activating properly and the character is just hitting melee    The fact that i have to face my previous built characters as boss is completely S T U P I D   it just means dont build too good build something trash that can survive and thats it  where is the challenge in this     no indication if a certain skill is working properly or not with the cards that have activate left or right   I really dont recommend it with this price that it has unless these cases have been resolved 
地牢100,Posted  December          EARLY ACCESS REVIEW This game is interesting for   reason  On your first playthrough the max level you can reach is     on the second      rd is    and so on  Once you beat the monster on a   th floor that character becomes the boss of that floor with all the skills you chose and becomes locked from playing it  This adds an interesting set of strats that you need to follow  because not only do you need to build a character to beat the bosses  but also try and hold back so you can beat said character on your next playthrough  It s not hard to lock yourself from surpassing a boss because you built a character that was too strong for you to beat  I like the game  but I keep locking myself out from progression because of this mechanic 
地牢100,Posted  December         EARLY ACCESS REVIEW Edit   the power balancing patches are fine but the game is broken on a design level  As other commenters pointed out already   the stronger your build  the harder it is to beat your last build  This is not something you can rebalance   the game needs to be rethink   Edit   shovelwave  avoid  Edit  So apparently the devs do listen to our responses  which is very good  I deleted my first point because the dev updated the game with the a new slider  Hopefully I will be able to change this review to positive soon   I like the game  but giving it a negative review for now so the devs and improve on it   A few suggestions      Allow us to keep our equipments by moving it into our hands  It makes no sense that we can only swap our hand to equipment  but not the other way around  If we bought that card  we should have the freedom to choose what to do with it     The current economy can be bad  Upgrading from lvl   to   takes a long time  and that s if we skip a few rounds of buying cards  Maybe give us some ways to gain even just one extra coin in the fights as a RNG drop  like a coin we must spend or it disappears  or cards we can pick up from the ground that goes into our hands as a random drop  i e  from a boss fight  like opening a lootbox   This would make the fights more interesting and more Diablo like     There s no way to avoid dmg even with summons  since bosses tend to use large area attacks  Meaning that your summons can t draw attacks away from you because everything  including yourself  is inside the attack area  This is not a good design because the reason we have summons is so that they d draw aggro from the caster  not to mention most of the summons don t live that long  dogs and doppelganger die in   secs    IF we have to keep recasting summons  why not give summons cards a startup effect  like      dmg shield for   secs after summon     A lack of sound effects for spells  Another minor thing but buying and selling cards should have its own sound effect     Maybe a personal choice  but I believe maybe some cards can have more than   effects  Like the Lighting Bolt should be Lightning  Projectile and Mage  This would make balancing our build more fun and allows us to mix and match more   I ll update this review in the future  In the meanwhile  I see good potentials in this game and I hope the devs can keep working on this to make it better  This is by no means a negative review  but a hopeful one 
地牢100,Posted  October    The game isn t exactly optimized  So some builds it won t even try and push decent frame rates for  while still not actually using any CPU GPU power  It just goes  nah   Think like   frame per    seconds   But other than that  if you enjoy Autobattler Roguelikes as well as creating ARPG builds  Then this game is for you   Challenge Mode gives effectively infinite replayability and the ability to test your builds against the most degenerate meta builds Reddit can muster  most aren t actually that good as of writing this review    Fast mode puts your ability to manage your gold  and luck  Level   does require some pretty good RNG  to the ultimate test as well   The one thing  from a design perspective  that I really dislike  Is that you are FORCED to use either Shaman or Rogue for your L    Boss  Then forced to beat it with the other  This means that if you are making a Challenge mode save that requires Rogue for the optimized build  and that can only be beaten  to make it a valid Challenge mode save  by another Rogue build  Then well  you re SOL  Because you have to beat it with Shaman  But it just so happens no Shaman builds can beat that build  But when people play Challenge mode against your save  They are allowed to use any class they want   It just doesn t make sense  The purpose of Challenge mode is to Challenge players  yet you aren t allowed to make your saves as competitive as possible due to arbitrarily being locked into   of   characters to beat your own L    Boss with  When no one else has to abide by those same limitations while playing your save 
地牢100,Posted  January    EARLY ACCESS REVIEW a fun little game  deff not worth the price tag tbh  if this had the price tag of Vampire survivors i would give it a        as it stands  it aint worth the     
地牢100,Posted  December         EARLY ACCESS REVIEW Saying the gameplay is boring is pretty generous since there s barely any gameplay  confusing UI  the game provides no information on how anything works 
地牢100,Posted  April    EARLY ACCESS REVIEW The best game you ve never heard about  Don t listen to the haters  they just didn t l p  The ratings speak for themselves 
地牢100,Posted  August    It s solid  needs some work with translations and clarity but very fun deckbuilding
地牢100,Posted  December         EARLY ACCESS REVIEW I wish I didnt literally fall asleep playing it because now i cant refund it
地牢100,Posted  September    Product refunded  a lot of potential  I would consider a dungeon        but i wont recommend this 
地牢100,Posted  December         EARLY ACCESS REVIEW This is a good game  Worth about a dollar an hour   I suppose you could play through it more  but you don t unlock anything new by playing it   There is a ton of build diversity though 
地牢100,Posted  January   EARLY ACCESS REVIEW I love the concept I had fun for a few hours The game is way too easy I Hope it improves Don t buy unless you love this kind of game and are capable of looking past a lot of flaws
地牢100,Posted  December         EARLY ACCESS REVIEW imo this game is not worth     at all  It wasn t even that fun while I played it for little more than an hour  I think I saw every single card that exists  I got to floor    which is apparently farther than most other reviewers  Also getting any kind of combo going is actually super hard  I have no idea how the gameplay videos on the steampage are possible  I maxed out my card slots btw  The issue is the global cooldown  somehow it always messed with the other cards  A card has a cooldown of  sec and yet none of the other cards trigger  At most I can really only ever get     cards to trigger before the cooldowns for   cards just start looping  I guess I dont get how this game is played but there isnt that much card variety  most spells are kinda the same  Also on top of that  you kinda never want to experiment with another card during the run  Partly because of the cooldown issues  you slot a new card in and suddenly nothing works anymore because it s so hard to tell how the cooldowns interact with each other  Partly because there is no way to tell if a card is even going to be better  I dont know how much health I have  yet the card says each attack would deal    of my max health  Huh  How am I supposed to know if that is good  Also there are very few cards to increase health  it s basically super hard to get a build going   I just went with   curse warcry spell     pretty basic missile slam attack and then just add shield growth spells later which constantly keep me alive easily  Not because I wanted to  but the curse warcry spells always have   sec cooldown and then you can do your basic missile slam which has  sec or  sec cooldown and the rest is auras  At most you can add a summon on the far left because those have    sec cooldowns so they dont interfere and still trigger correctly   But my overall point is that this is definitely not worth      Also warning  this is btw an auto battler  They should really add that to the steam tags because I thought I was going to fight cool battles but you really just watch your little guy autobattle the same exact   types of tiny monster groups again and again  On every level  it s practically identical  Not that it matters  you cant do anything anyway  The bosses also seem to just be hp sponges  not sure where the hook here is supposed to be  Basically  The core gameplay loop is not good enough  the cards dont combo well together  the shared global cooldown is weird and sometimes doesn t even make sense why the other spells dont procc when the ones on the left are actually on cooldown currently  Many card descriptions are also hard to comprehend whether the card is going to be any good  Most high tier cards sound kinda crappy if you think about them a little bit compared to the basic combo I got going  Not that you would ever try using them during a good run because you don t want to risk ruining your cooldown mix somehow and then you die for no good reason at all   Btw I was able to easily beat my former self on every run  so that wasn t an issue for me at all  I have no idea how some people play this game for   h  hours  You are maxxed out on cards at some point  what else would you be buying or doing  there is nothing to do 
地牢100,Posted  January    EARLY ACCESS REVIEW This is early access  so keep that in mind as some things are liable to change in the future   That said  there seems to be a fundamental flaw with the core mechanic of this game  That is your previous builds are the bosses in the dungeon and progression is blocked until you beat a previous build you made  then you can climb through    more floors of the dungeons  However how you make these builds are completely RNG based  so as you learn the game game and the skills you ll make better builds and be able to climb  That sounds great and challenging   However at some point you will get lucky  and you will get a    build with legendary cards and you just blow through to the last character you made and boom  that s it game over  You will have to get luckier in order to beat that build  You will continuously slam your new builds into it until they die and you have to start over from scratch   If you got lucky particularly early in the game you might find yourself unable to pass floor    or     And the game will feel incredibly shallow  If you got lucky late in the game you will invest an hour or more to get to floor    or    only to be sent back to the beginning and it will feel unforgiving  As there is no skill in the game where you can dodge or attack faster this becomes essentially Totally Accurate Battle Simulator   Things like translation errors  and monster variety may or may not get fleshed out and fixed in patches  The game also feels like it is missing a form of Meta progression where you re rewarded for your runs with unique skills or something so they feel different  But none of that really matters if the core aspect of the game is that you are crushed against a brick wall of your own making 
地牢100,Posted  January    EARLY ACCESS REVIEW tier   cards are a huge disappointment  after     plays its not fun  also the fact your level is dependent on your cards is just dumb as hell  could be on level    and your level    for example  
地牢100,Posted  February   EARLY ACCESS REVIEW Cool idea but the balance is insanely whack  Some builds are so bad they are unusable and others are so good they just break the game  This isnt a problem for a lot of rogue likes because you can just do weird runs for fun to see how far you get  But in this game  after you beat a run  your winning build becomes a boss  If you want to get past any point where youve previously beaten  you cant run new whacky builds because they will always lose to your previous winning builds  it really cuts down on the replayability  So many options could be fun  but are otherwise cut short  core loop is fun but just tuned horribly 
地牢100,Posted  July   EARLY ACCESS REVIEW Pretty fun   challenging
地牢100,Posted  November          EARLY ACCESS REVIEW                                                                   ng    
地牢100,Posted  June   EARLY ACCESS REVIEW If you like rave parties you might like this light show of a game  Gameplay is bland 
地牢100,Posted  November          EARLY ACCESS REVIEW This not even Pre alpha  nothing works  the concept is very boring  You can have Hades for the same price which is an Indie master piece
地牢100,Posted  November          EARLY ACCESS REVIEW Its auto chess diablo dungeon runner  the UI is a little confusing at first but already now it has tons of combinations that seems interesting 
地牢100,Posted  August    Very unclear UI and instructions  The wording of each card is unclear  You have no idea what s going on or how the cards are interacting with each other 
地牢100,Posted  May   EARLY ACCESS REVIEW Big MEH 
地牢100,Posted  October    Hard to understand how the cards actually work  Feels like you re not really playing  you re watching animation mostly 
地牢100,Posted  August    It feels like the games you see in facebook ads where  Literally noone can get past level      is accompanied by dumb gameplay  The game is almost objectively bad  but it somehow gets the important things right in a way that makes it great 
地牢100,Posted  May    EARLY ACCESS REVIEW I find it odd that this game is so positively rated  to the point where I m suspecting something fishy going on  and here s why      Polish is very lacking     Tutorial is unclear     Clear UI  What is that     Assets are bland  dull  and boring to look at     Balance is off     Animation and gameplay are as exciting as chewing a paper flavored gum   Can t recommend it to anyone 
地牢100,Posted  January    EARLY ACCESS REVIEW ktbfbiytfibytfgn
地牢100,Posted  November          EARLY ACCESS REVIEW Doesn t work at all  Only huge charackter model and misses 
地牢100,Posted  November          EARLY ACCESS REVIEW very addictive 
地牢100,Posted  January   EARLY ACCESS REVIEW     of my playtime was trying to beat my lvl     build  This game will drive you insane using your own builds  would recommend 
地牢100,Posted  December         EARLY ACCESS REVIEW gud
地牢100,Posted  December         EARLY ACCESS REVIEW The game is buggy as hell   I couldn t even get to be able to attack as the character decided it didnt want to move from spawn   and after it did decide to move a few meters   the mobs proceeded to be Neo from Matrix evading each and every hit my bozo of a character threw at them  
地牢100,Posted  December         EARLY ACCESS REVIEW So now  the game is playable    but still no explainations about anything and full of bugs  The most tilting bug is that some spells can be suddenly desactivated without any reason when you change something in your build  It happens a lot with the warlord not summoning his creatures anymore  making you lose instantly the run 
地牢100,Posted  December         EARLY ACCESS REVIEW Janky  clunky  buggy  poorly optimized  horrible translation  but still addictive lol   If you have some tolerance for jank  there is some fun to be had  get it on sale 
地牢100,Posted  February   EARLY ACCESS REVIEW This is a         mobile game  The artstyle is just a bunch of free assets and aside from picking skills  you literally have not agency over the game  I don t get why the reviews are so good  because this is the very epitome of a cash grab
地牢100,Posted  December          EARLY ACCESS REVIEW The game cannot handle some of my build and became every laggy meanwhile my gpu and cpu not even      They do not issue a refund because of this issue  Just very poor performance but i see potential if they use a different game engine 
地牢100,Posted  January   EARLY ACCESS REVIEW Fast and fun and makes you think  I like how there is more than one strategy to win the game  Keep up the good work 
地牢100,Posted  April    EARLY ACCESS REVIEW Yes
地牢100,Posted  December         EARLY ACCESS REVIEW I CANT PLAY THE GAME   
地牢100,Posted  January    EARLY ACCESS REVIEW Barely interactive mediocre deck building game 
地牢100,Posted  December         EARLY ACCESS REVIEW Fun   the complex builds of path of exile without requiring hours of grinding to get there
地牢100,Posted  November          EARLY ACCESS REVIEW Doesn t work at all  Only huge charackter model and misses  Nothing else 
地牢100,Posted  December          EARLY ACCESS REVIEW It s like combining   of my favorite genres  ARPG dungeon diving and theory crafting meets Vampire Survivors chill farming and fast flowing upgrades  Can t stop playing 
地牢100,Posted  November          EARLY ACCESS REVIEW Update  Technical issues have been mostly fixed   Edit    Wish  a lot of times  I had a  neutral  score  Game is fun  but the issue mentioned below is pretty obnoxious  Also the translation is not good enough  It s not even about the little funny typos  it s just that     of the time you don t have a single idea of what does synergize and what doesn t because keywords are beyond inconsistent    Edit  Fixed it by changing OS region format to Chinese  but that s a pretty dumb inconvenience that should be fixed   Does not work  Huge character  flickering screen  screen spammed with  miss   Something is wrong with the game 
地牢100,Posted  December          EARLY ACCESS REVIEW The whole fun of this kind of game is to find the best possible build  In this game you then have to fight against this optimized build  This just removes all fun from the game  and tbh  it just feels lazy  The developers should have made progressively more difficult bosses  preferably proceduraly generated  so progression feels natural  Instead you get a situation where every    th floor is almost impossible  and every other floor is a non issue   Also the trading upgrade screen is incredibly stupid  You get a set amount of coins    lvl   cards cost    upgrade cost    reroll    You can t save money  you can only freeze all cards  This all means that in most situations you will be unable to use all until you are at least getting   income each turn    is max   I think it s a great idea of a game  but execution falls flat at the moment 
地牢100,Posted  February   EARLY ACCESS REVIEW I realize the game says early access but this game is      complete to my opinion  Its a amazing game  its pretty great you know and I just love this game  I recommend it for everyone and hope you all enjoy the game  Now I hope that the game developer reads this review and  please add more spells I love it its in depth but Id love more spells still  If you need add some DLC s even though its early access I don t care I will buy them     I love this game so continue your hard work    
地牢100,Posted  November          EARLY ACCESS REVIEW         TFT POE                                           
地牢100,Posted  January    EARLY ACCESS REVIEW You pick some cards then it plays itself  you have no control after you hit start
地牢100,Posted  December          EARLY ACCESS REVIEW just play it  you know you want to  some great fun builds  this is not some generic game 
地牢100,Posted  July    EARLY ACCESS REVIEW Nice
地牢100,Posted  August     
地牢100,Posted  September    gogo gaga baby pilot
地牢100,Posted  September                                           
地牢100,Posted  January    EARLY ACCESS REVIEW first off  the monsters are a little bit too hard  Levels are not match with your current level  The cards to upgrade your stuff is wack asf  This seems like another Cash and Grab game where you wont get anywhere close to any other floors  Getting my refund unless the monster and everything is fixed the right way   
地牢100,Posted  February    EARLY ACCESS REVIEW TLDR         Not a game   Endorphins are great tho    It s better than Diablo Immoral   First the term  Game  is a little strong for what this is  A  Game  is something that you play  This is not one of those  This is a bright flashy endorphin triggering system  You click a button or two  Watch some flashing lights for a moment and then you win  It s like a VLT  Except with this you win more than you lose  There is a slight bit of strategy to what powers you pick  but this lottery simulator doesn t  do much at all to let you  Play   What is it like  you might be asking  Well  It s like if Diablo was an auto chess game  You make a couple choices  then you just watch it play itself out  The concept of your own characters becoming the boss of the dungeon is really cool  You get in this groove of your character being super bad ass and awesome  only to realise you have to FIGHT THIS GUY on your next play through  One of my characters had an all pet build  With an insane amount of max pets  I breezed through the game until I beat that section and that character became the boss  I was stuck on that character for like       runs through the dungeon  The  Bad guy  version of my pet master also lagged the game down  I was playing at x   but it was running at like  fps just by the amount of rendering and calculations that had to be ran  It was amazing   If you want the experience of a mobile game that s actually fun without needing to constantly feed micro transactions into it  this is the  game  for you  It does an amazing job of letting you not play but still feeling like you win something  It helps your brain give you all those super good happy happy chemicals for no effort at all  All in all  Worth      and you ll have more fun than playing Diablo Immortal and spending only that same amount of money 
地牢100,Posted  February    EARLY ACCESS REVIEW absolute worst game ive ever played  completely unbalanced and unbeatable  the rogue class is locked to late game runs and its by far the weakest  even with a build over lvl     and all legendary  i cannot get half way passed the first possible boss for the class  much less if some poor sap ran the other characters first    you HAVE to run adventurer hunter not exactly the hardest but out of the options  he is  shaman warrior rogue and the rogue one is a major bust  completely impossible  even if u ignore all rogue cards and build off class  you jsut lose  its like the rogue gets half dmg and half hp and half cast and atk speed or soemthing  u legit lose wave   most runs if u dont find a combo 
地牢100,Posted  November          EARLY ACCESS REVIEW I will defett them  I will drag forawrd 
地牢100,Posted  November          EARLY ACCESS REVIEW Game dosen t work  When you press play you can only see the  menu  button up in the right hand corner and not the game 
地牢100,Posted  November          EARLY ACCESS REVIEW Pog 
地牢100,Posted  September    odd but addictive xD
地牢100,Posted  September    It s a good game for the side  when I want to turn my brain off and just see flashy animations 
地牢100,Posted  September   Pretty cool autobattler 
地牢100,Posted  August    it cheap fun
地牢100,Posted  August    Kind of a unique idea  feels like satire  Rough translation here and there  making some mechanics confusing  Wait for discount 
地牢100,Posted  September    This was a lot of fun and rather addictive  Dungeon crawler auto battler  There is definitely a learning curve to how to construct your build  but its not difficult  the variety makes it interesting   I would disregard the comments about translations   yes the tutorial is a little hard to get through but once you understand mechanics its not even noticable 
地牢100,Posted  August    Twenty seven hours  I guess I should put in a review here   It s a roguelike autobattler  but what that MEANS is that your duder draws cards that have abilities  active or passive   with synergies attached  You can have X number on your duder  and the order matters  In the default game mode  once your duder beats a big boss  that character replaces them  To progress past that point  you have to beat yourself   As in  defeat  It isn t that kind of game   That kind of challenge  where you have to figure out how you did so well in a run and try to find ways to counter yourself  is really unique and both fun and frustrating  Luck matters  but at the rate of play you will find yourself going for one more try   The other mode is Fast mode  which is more of a time trial DPS check  No bosses  just more powerful baddies   There s also a multiplayer element  and a way to pass around your save file so others can challenge you  but I didn t try that   Overfall  For the price especially  totally worth 
地牢100,Posted  August    Hardcore    This is FIRE    I enjoy every moment of every run
地牢100,Posted  August    REAL GAMERS ONLY 
地牢100,Posted  August    very addicted game  love it It good that graphic not too good  because it will make game play much smoother  And the gameplay is pretty fun
地牢100,Posted  August    Mindless fun for when you don t want to think too hard about playing a game  All you need to do is pick your cards and watch the carnage  making this almost an idle game 
地牢100,Posted  June    EARLY ACCESS REVIEW pretty much exactly the kind of game ive been looking for lately  extremely good  fully recommend  looking forward to more content
地牢100,Posted  August    Great game  Awesome concept and pretty addictive  Hopefully it will be updated with more descriptive EN texts and perhaps some stats and new cards  By the way  there are few different game modes and they all are challenging and slightly different   I highly recommend 
地牢100,Posted  August    Whilst the game still has a few quirks  one or two cards with slight translation issues and some of the sound mixing is a     tad loud   The gameplay itself is absolutely fantastic and addicting  A rogue lite  deck builder  where you try and create a perfect  hand  deck  which is then taken over by the AI player  autobattler  who casts everything left to right  so it s all about maximising your synergy and ordering your cards correctly  building up to a final powerful build that will carry you to the end   The really fun gimmick comes into play with  every time you defeat a boss  the character you used for that ascends to demonhood and replaces that boss  meaning any future runs when you get to that same boss  it will be replaced by your previous run  meaning you have to beat them   plus the visual clutter can reach eye searing at times  which is half the fun     However with the amount of cards  class types and synergies there are so  so many different viable builds you can make  with plenty of cross over between them all  It s always a blast to try out new combinations or strategies   Incredibly enjoyable and even after finally completing the game with every character  I m now looking forwards to tackling it all over again 
地牢100,Posted  August    This is a great game  The game can be casual or a menace to your mental health  I can not stress how much I love the simple concept of Auto Chess  but you have to battle your previous builds  I had to reset my file many times before I finally completed my first casual run   Overall Rating        Pros   Love the concept   Love the strategy   Love the difficulty of having to outsmart your previous builds   Love how a small change from each class makes a massive impact on the build you run   Cons   Low frame rate at times   Depending on the build and speed you are running the game   The game is super specific about vocabulary without much guidance   I m still unsure about what a Trigger Elf  triggers    Suggestions   A highlighted box or some indication for when a skill is being affected by a card in your hand   Example  Dual Cast  if a card to the left is a projectile it highlights the card to the right if it is a projectile as well   A way to search for types of cards in the card catalog  Ex  Search for Spells  Attacks  Projectiles  Summon  Triggers  Buff  etc    If you enjoy auto chess please give this game a try  The developers did a fantastic job and I can t wait to see what it develops into 
地牢100,Posted  August    It s a pretty fun game  I d recommend  but it really needs more cards in the total card pool  By your  rd or  th full run you ve seen it all  I ve played  h and I don t think I m playing anymore because there s no more new cards   Some additional issues that could improve the game   The levels are the same with maybe   or   variations  Have some sort of statistical breakdown of the current character  Some sort of quality of life info  or highlighting to show which card is affected by a certain card  There s a lot of synergy  and comboing  but it s hard to really know unless you trial and error 
地牢100,Posted  August    Very fun game with interesting mechanics  Although it s auto combat  you are able to have some control by being able to have an order in which your character can use skills  Not to mention you can combine skills together to make them more powerful  The only issue I have had with it is that my audio cuts out occasionally  but I don t know if that s the game or just my computer  Overall  it s a great game I plan to spend countless hours on 
地牢100,Posted  May    EARLY ACCESS REVIEW Beat yo self
地牢100,Posted  April    EARLY ACCESS REVIEW Fun strategy game that seems very difficult in  Normal  mode  DO NOT GIVE UP  I thought I could not defeat my self made bosses  but I learned how to 
地牢100,Posted  April    EARLY ACCESS REVIEW The definition of a hidden gem  rough around the edges but the concept is great 
地牢100,Posted  March    EARLY ACCESS REVIEW This game is extremely fun  I have over     games on Steam and i can tell this game is worth it
地牢100,Posted  March   Product received for free  EARLY ACCESS REVIEW Replayable 
地牢100,Posted  April    EARLY ACCESS REVIEW This game is super fun and addicting  Simple but amazing strategic possibilities  Still very early but if they manage to add a nice meta game  unlocks and progress  it will be fantastic  A bit more difference between characters would be nice too 
地牢100,Posted  March    EARLY ACCESS REVIEW Fun game  a little bit rough around the edges but once you get use to it s enjoyable and clearly has great potential  You should know progressing can be difficult  Because your characters will become the future bosses  if they have broken builds it will be hard to beat them  But your going to need to beat them to progress  So be careful not to make a build so powerful no other build can beat it  The card mechanics are close to hearthstone battlegrounds TFT  if you like those games then this is like a single player version of them and you will probably like this game 
地牢100,Posted  March    EARLY ACCESS REVIEW Pretty fun combination of autobattler  deck builder  roguelite and arpg     Required a bit of strategy  ultimately I just messed up for a while when my necromancer with explode on death just had this insurmountable meat wall  That took me considerably more time to progress past the character  who was a boss at a later stage   but figuring out stronger builds was half the fun  Wish there was more content and more character customization  the gameplay is great  Still solid for this price  finished the game with roughly    hours  has replayability  but the novelty your characters becoming a boss for your next ones to kill  has worn off on a second playthrough 
地牢100,Posted  March   EARLY ACCESS REVIEW Fun little auto battler with a lot of builds available  though some summon builds will cook your PC so be careful  Translation can be a bit hit miss  but the concept is really fun  and hopefully more content is added rebalanced    If updates continue it is more than worth its price 
地牢100,Posted  March   EARLY ACCESS REVIEW I saw this game and found the concept interesting and went ahead and purchased it  I didn t realize how much of a challenge I would be making for myself  I love that I have to work against my old characters  trying to make stronger builds to proceed  The only complaint I have is some incorrect translations to English  some cards are confusing  but besides that  it is a great game
地牢100,Posted  February    EARLY ACCESS REVIEW I have no idea how to even rate this game  On one hand it s a very unique fun and addicting concept that you can play for hundreds of hours  funner if you live with family or friends who game with you as you can each try to out do each other  On the other hand all the cards are in engrish poorly translated  some cards say things like  the pets your also the buffs you can   I feel like I need a PHD to understand how cards interact with each other and you will need      hours to understand the  left to right  system  in     of your builds you will only activate   or   of your    spells  the other   are just there because having X cards that are X class gives you a class passive  This is one of those games that needs a comprehensive wiki that you can consult when trying to make a build  It doesn t feel like your own intellect or creativity is stopping you from making a cool build  it feels like the terrible translation and un intuitive game system makes it impossible to determine if a build or cards will interact in a certain way or not   All in all it s a fun and addicting time waster so I say go for it  I think 
地牢100,Posted  February   EARLY ACCESS REVIEW TL DR auto chess   MC   fun  fun game  good card and class synergies  My floor    boss knocked me down a bunch of times but finally just got my first total clear  I think it does a couple things well  it lets you live out several sort of OP power fantasies well by giving you a range of powers and having decent animations  vs card battlers and other autochess where it s an entire team   It also gives you interesting problems to solve by making you beat your last build  while also pumping you up as you charge though the mob levels  It also feels well balanced as you progress through the levels and are encouraged to take higher star cards even if you like your low star build the levels just aren t usually enough  so it encourages you to evolve 
地牢100,Posted  February    EARLY ACCESS REVIEW super fun 
地牢100,Posted  February   EARLY ACCESS REVIEW This game is great for those that like skill synergies and auto battler type games
地牢100,Posted  February   EARLY ACCESS REVIEW Crazily addictive game with solid bones but lacking somewhat in execution    looking forward to seeing where the game ends up 
地牢100,Posted  February   EARLY ACCESS REVIEW good
地牢100,Posted  February    EARLY ACCESS REVIEW Saw a few random youtube vids about it decided to pick it up  its pretty solid    ish hours to beat the game could have been   but didnt know the runs you do prior became the bosses for each floor needless to say my floor     boss was a nightmare  overall decent game no real issues with it for the price its worth it 
地牢100,Posted  February    EARLY ACCESS REVIEW Took me     hours to fully complete the game  Definitely a fun sit back and chill game  lots of different builds to try out  I like how there are different characters to choose from  though it would be nice to have a bit more of a variety then a    to their type of character stat  maybe something along the lines of health and damage adjustments 
地牢100,Posted  February   EARLY ACCESS REVIEW Taking the essence and distilling it into a very addictive challenge  Problem I have now is   I can t beat the  me  that holds Floor     I enjoy it too much  Very time consuming  I m learning it is FAR more complex than I first thought and experimentation is key  Enjoyable  I d give it a solid         And talk about full screen explosion coverage 
地牢100,Posted  February   EARLY ACCESS REVIEW so the game has the flaw of not being able to replay things and whatever  but for what it is  its a fun build tester  I ll tell you the strongest builds are golems casting things 
地牢100,Posted  February   EARLY ACCESS REVIEW Not super easy to progress but not too bad either  Very addictive  and I love all the possible combinations to make different builds 
地牢100,Posted  February   EARLY ACCESS REVIEW Crazy combo fun
地牢100,Posted  January    EARLY ACCESS REVIEW very good
地牢100,Posted  January    EARLY ACCESS REVIEW pretty good game  just have to be careful to not make your  boss  level builds too strong so you can continue later when you verse it later
地牢100,Posted  February   EARLY ACCESS REVIEW    hours to complete my first run   What an absolute banger of a game  TFT Auto chess class system  hearthstone deck building style skills spell book  fights like diablo autobattler   Played probably well over    class variations before winning  doesnt seem to be one size fits all  so many insane comps  Combat  strategy and progression all great  Difficult but keeps you coming back  Cant wait for more content 
地牢100,Posted  February   EARLY ACCESS REVIEW This game is very challenging   it really makes you think  Only downside is that it is maybe a bit too punishing in the early game and that there is some bad translation errors 
地牢100,Posted  February   EARLY ACCESS REVIEW Just beat the game for the first time  Its a pretty good challenging little game  You can do some pretty crazy builds like i made a build with warlock that had     skeleton warriors for example this made the game lag really bad but it never froze or crashed  I think its worth the    bucks 
地牢100,Posted  January    EARLY ACCESS REVIEW It was good fun for about six hours   The card synergy and upgrade system feels a lot like Dota Chess  Autochess and similar autobattlers  each card has two classes  you get class bonuses if you have a number of cards in each class  you combine three cards to get an upgraded version  and you combine three upgraded cards to get the ultimate version    Instead of units  the cards are active and passive abilities that your character uses in each automated dungeon floor run   I found the different synergies and card interactions quite interesting and it felt like all classes had powerful combos  although I haven t played the game enough to be able to do a power ranking balance review   The problem is  you don t get a sense of meaningful progress once you hit max card capacity  currently     which happens around round    or so  At this point  your build is pretty much done and the other floors feel meaningless  So  I beat floor    and felt like I was no longer interested in the game  It feels like it needs more content and lategame progression mechanics   A minor issue I had is that there s basically no tutorial and very little information  which makes some of the game systems opaque and it will be difficult for a new player  especially one unused to similar games  Nothing tells you you can combine cards  for example  I just stumbled on that and had a lightbulb moment   I m not sure if the current price tag is worth it  it felt more like a sub    euro game  However  I did enjoy the six hours I put into it quite a lot and I expect the game will improve over time  so it gets a thumbs up 
地牢100,Posted  January    EARLY ACCESS REVIEW D    is a pretty excellent experience  It s ultimately an auto battler with your character s spells in the form of cards  Each card has stacking classes  like most auto chess derived games  It s quick  and there s a ton of interesting ways to build your character   The most contentious point about D     though  is that in order to progress  you need to get better THAN YOU USED TO BE  I find this to be very rewarding  you know when you ve learned more about the game because your previous character is the next highest level boss every    levels  I think this kind of progression is really interesting  although especially as you reach the deepest parts of the dungeon  it becomes harder and harder to beat all your previously best builds   The first playthrough is definitely the best  even if you get stuck eventually   but the game definitely encourages you to start over in a new save slot dungeon and try to create  barely viable  builds for progressing and save your strongest builds for later   I really enjoyed playing it and there were definitely a lot of really strong builds that were super interesting and fun  but then I found something even faster and stronger to progress further  But I also understand that a lot of folk won t enjoy competing against their own previous creations  and don t enjoy experimenting with new and different build concepts  and for that kind of person  definitely stay away from this  but for everybody else  it s probably my top single player auto battler and you should give it a go 
地牢100,Posted  January    EARLY ACCESS REVIEW The game has a great concept   If dev continues to work on this he has a sure winner   Currently its not realy worth the price tag but i can see the game becoming VERY VERY successful   So i give it a solid recommendation  Now onto the game play   Card based auto battler with Team fight tactic leveling concept is what i would best describe it as   There are some bugs to be expected from an alpha game  the game runs extremely good even in potato pc considering the amount of particles that it uses in the later stages of the game   I played the game on a   year old laptop using an i      u and    mx and i only had slowdowns on x  on stages    and above were i would be spawning wolfs on wolfs or using multiple split spells and stupid fun stuff    So should you buy this   Yes its fun BUT because i havent seen the dev post in over a month  written as of            i would wait until he updates  
地牢100,Posted  January    EARLY ACCESS REVIEW Well  wasn t at all what I expected  but ended up being a ton of fun anyway 
地牢100,Posted  January    EARLY ACCESS REVIEW Ok so you ll eventually beat yourself up over it  but it will all be worth it 
地牢100,Posted  January    EARLY ACCESS REVIEW Fun but short game right now
地牢100,Posted  January    EARLY ACCESS REVIEW I forget how much I paid for it  but if you want a fun  mindless  dungeon rpg thing  this is kinda not bad 
地牢100,Posted  January    EARLY ACCESS REVIEW    hours in  I finally beat my level     build  I felt bad now I feel good 
地牢100,Posted  January    EARLY ACCESS REVIEW Fun   Just wish the transition from languages was slightly written better 
地牢100,Posted  January    EARLY ACCESS REVIEW I gave this the thumbs up as it is both a very relaxing game and addictive  However the game is very hard at end levels as it s soley dependent on your understanding of the various level   cards and how they work across the various buffs  You have a number of different type of characters with unique skills some more OP than others  Still its worth the cost but you will fall flat after about     hours unless you have OCD will to finish to level     or watch a few Youtube videos 
地牢100,Posted  January    EARLY ACCESS REVIEW Lots of fun and has potential to grow  Fun time finding synergies and exploiting them  Very challenging to beat bosses that you leave behind after prior wins 
地牢100,Posted  January    EARLY ACCESS REVIEW If your going to say the druid is affected by the pet buff when its in bear form  it should deliver instead of just being blatant lies  Because of this  druid is by far the worst character  the only thing that it might ve had doing for it is the bear form but it doesn t even work 
地牢100,Posted  January    EARLY ACCESS REVIEW You are like a coach but for a dungeon  You have to put cards in the right order otherwise when they auto battle in the dungeon they might fail  Make cards stronger by combining three of them and you will get a higher tier bonus card  Then you can combine   again to make a legendary  You get bonus s for matching class and elements as well as other powers  Like a Diablo hearthstone puzzle game   Only bug i found was that if you do the dungeon speed at x  sometimes it bugs and your characters does not hit anything  If you see that happening lower the speed to x   x   and you should be good to kill 
地牢100,Posted  January    EARLY ACCESS REVIEW fps go brrr
地牢100,Posted  January    EARLY ACCESS REVIEW all the fun of Diablo set building without the grind
地牢100,Posted     August 과거의 나야   생각 없이 너무 쎈 녀석을 만들어냈구나    
地牢100,Posted     August 어디서 맞고 다니지 말라고 남 부럽지 않게 키웠는데   불효를 하기 시작한다  
地牢100,Posted     August    이게 왜 재밌지  
地牢100,Posted     August   층엔 괴물이 산다   
地牢100,Posted     August 장점    조합 맞추는 재미  내 캐릭터를 상대하는 재미  단점    직업간의 특색 X    할 수 있는 조합의 수가 생각보다 적음    특정 시간 넘어가면 지루함  결론 딱  시간 재밌음 그래서 환불 못함      원이면 살만할듯
地牢100,Posted     August 던전     플레이 타임    시간 클래식모드    층 클리어  본문 전투는 자동으로 진행되며 매 층마다 자신 레벨에 맞춰진 코스트로 카드 혹은 경험치 구매하여 카드 조합으로 여러가지 전투방식을 만들수 있음  카드 조합은 최대  장  좌에서 우가 기본 순서  기본적인 클래식 모드는                             층에서 보스가 등장      직업은  가지 있지만 직업 시너지  개 추가 이외에는 다른 차이는 없는듯함  번역은 번역기돌린 정도의 번역이지만 게임하는데는 전혀 문제 없음  한번이상 본 카드들은 도감에서 확인 가능하며 모든 카드의 도감 자체는 금방 언락됨 그 이후는 자신이 먹을 최종 카드 조합  장 미리 정하고 게임 플레이하면 쉽게 깰 수 있을 것임   던전 중간에 잠시 저장하고 나가는 기능은 없는듯 함  못찾고 있는 걸수도 있음  이 패시브 카드가 현재 적용이 되고있는건지 어떤 카드랑 시너지로 액티브 카드가 패시브로 바꼈는지 등의 표시가 없어서 직접 확인해봐야함                           할인         구매
地牢100,Posted     August 시간가는줄모르고 가볍게즐기기좋음 덱종류가 더 많았으면좋겠고 뭐가연계되고 활성되는지 보여줬으면좋겠음
地牢100,Posted     November       EARLY ACCESS REVIEW 순수 재미
地牢100,Posted     August 캐주얼하게 즐기기도 깊게 파고들기도 좋은 게임성
地牢100,Posted     August 균형   카드 등급마다 카드 왼쪽위에 별개수를     개로 맞춤    성 카드가 주력이면 레벨뻥이 가능하지만     성 카드가 주류라면 손해가 될수도 있는 카드   스킬연계를 가능하게해주는 카드 부여   소환수에게 스킬사용하게해서 본체가 다른스킬도 사용할수있게해줌  소환의 소환의 소환도 가능   듀얼캐스트   투사체스킬을 동시에 사용하게 해주지만 투사체스킬이 강요됨  정의 카드 와 함께 사용하면 투사체 개수증가와함께 연계된 투사체 스킬이 모두 사용됨   공격시 시전   말그대로 적을맞추면 옆에카드를 바로 시전 다른 연계스킬보다 조건이 널널함  치명타시 시전   치명타만 터진다면 오른쪽에있는 액티브카드 모두 시전  궤도   투사체 스킬이 모두 동시시전 하지만 자신을 돌면서 시전됨
地牢100,Posted  December          EARLY ACCESS REVIEW 재밌긴하지만 카드도감에 태그도 보여줬으면 좋겠음 카드설명 중에 긴문장은 카드에 가려져서 잘 안보임
地牢100,Posted  August    생각하던 것보단 자유도랄까 조합법이 많진 않음  막 조합도 안되고 스킬마다 충돌이 많음  조합 단계에서 발동 안되는 스킬이나 연계 중인 스킬 표시가 됐으면 함 
地牢100,Posted  November          EARLY ACCESS REVIEW 내가 기대한 것   POE 같은 스킬 조합형 핵 앤 슬래쉬 실제 플레이한 게임   오토체스류 덱빌딩 오토배틀러  근데 재밌음  한국어 없는 게 조금 아쉽긴 한데 영어가 쉬워서 다행 
地牢100,Posted  October    시간이 살살 녹음  
地牢100,Posted  October   재미있음 퀄리티가 좋은건 아닌데 내가 만든 덱 내가 만든 캐릭을 격파하는 재미가 쏠쏠함
地牢100,Posted  September         
地牢100,Posted  September    등골 빠지게 키워놨는데 내 등을 반으로 접어버리네   
地牢100,Posted  August      층을 못깨겠어    겜 밸런스 좆망인듯     저걸 어케 깸      
地牢100,Posted  August    하 게임은 괜찮은데 씨발 버그가 존나 많음  일정 구간마다 거기까지 도달한 캐릭터가 보스가 되는 형식인데  렉 개쩌는 기술 쓰는 놈을 보스로 만들어놨더니 내 딜 판정은 들어가질 않아서 일방적으로 쳐맞는 상황이 되었고 이펙트를 끄는 등의 옵션이 하나도 없어서 그냥 다시 처음부터 하던가 해야함   아오 강제적으로 몇회차씩 시키는 구조인데 이런 어처구니 없는 일이 터지면 처음부터 다시 해야함   
地牢100,Posted  August    리뷰에 누군가  시간용이라 했습니다   저에겐  시간   분이었구요  그냥    층 클리어 시 내 캐릭터가 던전 보스였으면 괜찮았는데 이게   층 간격으로 이루어지는 듯 합니다  즉 초반에 뭔가 잘 풀린 거 같을 때 게임이 끝나고    그러다가   층이 넘어가면 아 이제 템포 막 오르는 데 갑자기 팍 끝남 or 기존 내 캐릭이 너무 강력해서 특정 층을 못 넘어감 이때가  시간이 막 넘었을 때    환불 마려웠는데  시간   분이라 욕 나왔습니다 
地牢100,Posted  October      층엔 마왕이 살아요
地牢100,Posted  August    시간 때우기 좋아요
地牢100,Posted  September   네가 강해지길 바랬지만 이 정도로 강해지길 바란 건 아니었어       상당히 잘 만들어진 인디게임   오토체스와 비슷한 시너지 방식을 채용하고 있는데  속성의 수는 그다지 적지 않아서 클리어하는 동안 계속 다른 방법으로 시도해볼 수 있다  다만 밸런스가 그다지 좋다고 말하기는 좀 어렵다   게임의 특징이라면  일단 적이 굉장히 약하다  그리고 카드가 굉장히 세다   이런 류의 게임 경험이 있는 사람이라면 못 깨는게 오히려 이상하다  거기까지만 만들었다면 평범한 쓰레기 인디겜이지만     내가 만든 유닛을 다음 회차의 내가 잡는다는 설정이 독특하다  그래서  적당히 강하게  만드는게 중요하다  다만  약간의 팁이라면    게임이 시너지보다 그냥 레벨이 압도적으로 중요해서  레벨만 높으면 걍 딜이 안박힘  보스 레벨만 기억했다가 그거보다 높게 잡으면 아주 무난하게 깬다     밤새서 재밌게 했고  도전모드랑 빠른모드도 해볼거지만  다 깨면 더해보진 않을듯     올 업적 후 수정 도전모드는 뭐 유저가 올리는 거니까 그냥 그런데  빠른모드가 밸런싱이 미쳤다      이야 쉽지만   나  쯤 되면 상당히 어려운데  약간의 운과 숙련도가 받쳐주면 깰 수 있는 난이도다    층으로 플레이타임이 짧기에 끝에서 죽어도 분노하기보단 아 아깝다  정도의 느낌이고  이번엔 이렇게 해볼까  같은 생각이 들어서 정말 재밌게 했다   이미 가능한 거의 모든 덱을 해봐서 더 먹을게 없어 아쉽지만  갓겜이었다 
地牢100,Posted  August    강한 덱을 만드는 것 보다 보스를 아슬아슬하게 이길 정도로 힘을 조절하는게 어려운 게임
地牢100,Posted  August    게임 난이도 내가 조절하기 너무 빡센데 그게 재밌다
地牢100,Posted  August    흑마법사는 신이고 드루이드는  임   층 흑마법을 못뚫어    
地牢100,Posted  August      층     층에 안죽는 망나니가 살고 있어요 미치겠어요
地牢100,Posted  August    단순한데 재밌음
地牢100,Posted  August    good game
地牢100,Posted  August    시간 날때 하려고 받아놓고 시작했고 내가만든 내 보스를 잡는 재미가 쏠쏠했으나    층 잡으면 끝인줄 알았지만    층잡고    층보스가 된 나의 망나니를 잡기위해 잠도안자고 내래 달렸다 혹  옥시나 해서 좀덜 쎄게 만들었으나 이 망나니를 잡기 위해 별의별 조합 다해보고 쌩쇼를 다함    결국 잡아냈고 이제 좀 자야겠다
地牢100,Posted  August    SDFDSFSDFDS
地牢100,Posted  August    소리좀 줄여라 인간적으로
地牢100,Posted  August       층 용가리만 잡으면 끝인줄 알았던 나의 최종결전병기는    층의 보스가 되어 있었다      세이브 데이터를 초기화 시키며 
地牢100,Posted  August    단순 시간 개 잘감
地牢100,Posted  August      층까지 갔는데 전사가 남았다   난 망했다   
地牢100,Posted  August    아니 내가 대마왕을 만들어놨네   하                      
地牢100,Posted  August    아 광역딜 디지게 만들어뒀더니 흑마로는 답이 없네      
地牢100,Posted  August    올 풀강 평타강화    평타원거리    투사체      물리저주    평타시저주   외로운늑대    늑대인간    사냥꾼오라   치피          이덱가진 캐릭터 이길덱좀       평타덱 정점찍고   층에서 장기집권중    
地牢100,Posted  August    이런 시발   층에 괴물을 만들어놔서 세이브파일 삭제헀다
地牢100,Posted  August    키운 캐릭터가 보스가 된다는 컨셉은 나름대로 신박하고 플레이타임 늘려주는 요소도 되긴 하는데 내 캐릭터가 보스가 되는게 그렇게 큰 의미가 있나  그렇지는 않다고 생각됨 물론 잘키운 애일수록 강한 보스가 되지만 스탯은 너프된 상태로 보스가 돼서 고점을 찍었다면 아무리 잘키운 보스라도 어렵지 않게 깰 수 있고 반대로 한 캐릭터로 한번 깨면 그 캐릭터는 엔딩볼때까지 강제로 못쓰게 되는 점이 아쉽게 느껴짐 그래도 그냥 싱글플레이 덱빌딩 로그라이크 장르로만 봐도 충분히 나쁘지 않고 추후 카드 수나 캐릭터 수도 많이 늘려주면 좋을듯
地牢100,Posted  August    스킬 하나쯤은 뺄 수 있잖아  
地牢100,Posted  August    아 맞다 보스되지  
地牢100,Posted  August    내가 무슨 괴물을 만들어 낸거지 
地牢100,Posted  August    신선한 소재로 초반에 재미있으나 컨텐츠 부족으로 쉽게 질림 
地牢100,Posted  August    좀 군데군데 아쉬운점은 있지만 재밌음
地牢100,Posted  August     성  성 찍는 오토체스의 뽕맛과 목마름은 해결했지만  단조로운 던전 구성을 피하고 싶어서인지 플레이어를 다음 보스로 만드는 방식은 덱의 고점을 제한하고 오히려 캐릭터 플레이 순서를 고정시켜 버린 것 같아서 별로임  가위바위보처럼 상성이 순환되는 것도 아니어서 무조건 이전 보스보다 강해지는 수 밖에 없음  그래서 생각하면서 도는 재미도 있겠지만  리트하기 싫어서 고점 찍고 싶은 재미를 버리고 억지로 내 캐릭터를 약하게 만들기는 아쉬움  애초에 캐릭터 한 번씩 해보고 게임 더 안 할거 같은데 뽕맛만 채우는 게 낫지 않았을까 하는 생각이 듦   캐릭터 순서는 리트하기 싫으신 분들을 위해 남겨봅니다 
地牢100,Posted  August    순수재미 인정
地牢100,Posted  August    이겼어   내가 이겼다고   
地牢100,Posted  August    그래픽이나 사운드가 대단하거나 그런건 아닌데 왜 재밌지   
地牢100,Posted  August    진짜 시간가는 줄 모르고 하는 게임    가격도 저렴한편이고 게임성은 최고다     덱빌딩 오토 배틀러 게임 클래식 모드가 단계별로 마지막층이 해금되는데  그 층의 보스가 자신이 클리어했던 캐릭이 보스가 되버림  운이 좋아서 엄청난 덱을 만들어서 클리어했다  그 운이 악운이 되는 게임   내가 만든 캐릭 덱 으로 인해 절망감을 느낌  카드  번 업글 가능 노말 개    황금 개    드래곤   추천하는 덱은 투사체 공격기  개와 보조스킬들로 몰빵을 추천   소환은 나중가면 녹아버리고  투사체가 늘어남으로서 데미지가 배수로 늘어남과 달리 근접은 그런 기술이 적어서 힘들더라  솬수  부여 카드로 업글 노력은 해봤으나  덱칸 낭비하는 느낌
地牢100,Posted  August    무슨 게임인지 설명하기 쉽지 않은데 아무튼 정신 차리니까  시간 정도 지나있었고   층을 지키고 계시는 과거의 나는 너무 심하게 강하셨는지 태산이 되어있으셨다   
地牢100,Posted  August    재미는 있는데 대체   층 어떻게 깨는거임 
地牢100,Posted  August    오토체스 시너지 겜을 기다렸는데 드디어 좀 해볼만한 게임이 나옴
地牢100,Posted  August    주술사 좆구려요
地牢100,Posted  August    tlqkf 중앙 카드 영역에 가져다놨는데 왜 팔리냐 tlqkf
地牢100,Posted  August    일단 잡숴봐 재밌고 중독성있고 이게 카드덱 빌드로 자동사냥하면서 층수를 올라가는건데 자신이 클리어한 덱을 자신이 계속 이기면서 올라가야함    숙련도가 올라가서 최강덱을 만들어도 그걸 넘어서야 다음층을 갈 수 있음 결론은 자신과의 싸움을 계속 이겨야함 재밌음 만원값은 충분히 이상하는거 같음
地牢100,Posted  August    나 자신을 이겼다
地牢100,Posted  August    사기도 양심상 적당히 칠걸   
地牢100,Posted  August    아니 왜 재밌지  자기가 짯던 조합의 클리어 캐릭이   층 단위 보스로 박히기 때문에 새 도전할때 자기의 빌드를 보스로 만나고 상대하던 적의 기분을 느낄 수 있다  한글화가 되어있긴 한데 번역이 미묘하게 이상해서 스킬 간의 연계를 짤 때 주의가 필요하다
地牢100,Posted  January    EARLY ACCESS REVIEW POE 경험자라면 스킬 이해하는 데 도움이 될 듯 합니다  POE에 오토체스 향을 섞은 덱빌딩 게임입니다  작년 말부터 보고 있는데 꾸준히 업데이트도 하고 있어서 좋네요 
地牢100,Posted  December         EARLY ACCESS REVIEW 재미 원툴
地牢100,Posted  December         EARLY ACCESS REVIEW Korean PLz  조합좀 알면 더 재밌을거 같은데 아직도 머가 먼지 감을 못잡겠음  근데  게임은 재밌음 
地牢100,Posted  November          EARLY ACCESS REVIEW 시스템이 흥미롭습니다  추천드립니다  재밌어요  하지만 단점은 조금씩의 버그가 있으며  애매한 문장과 도움말의 부재로 세부적인 판정을 이해하기 어렵습니다 
地牢100,Posted  November          EARLY ACCESS REVIEW 원초적 뽕맛
地牢100,Posted  November          EARLY ACCESS REVIEW 존나 재밋음   
