title,review
로드모바일,Posted    June       I don t understand why pay to win mobile games land on Steam 
로드모바일,Posted     April       Mobile PAY TO WIN Garbage  copy and paste Developer Responses has absolute no place on steam
로드모바일,Posted    December       Totally P W   Not worth invest your time 
로드모바일,Posted     March       Whats this mobile      doing on my steam store 
로드모바일,Posted    September       no 
로드모바일,Posted     September       Why is this here  How is this here  What is this mobile filth doing here  This garbage kept bugging me with its existence for a long time  even if I didn t play it  This is Pay to Win Mobile garbage in the flesh  We cannot allow this here  Google Play is already filled with s    like this  If this is encouraged we will have a second google play here  I ve downloaded this filth only to give this review  They didn t even bother to change the  mobile  in their name  Its cringe to have S    like this here 
로드모바일,Posted    December       Mobile garbage should stay mobile  The ads as you can see above are hyper misleading  which is a crime in Singapore itself but goes unchecked online  I played this on my phone and it s seriously a pay to win game  The power difference is so immense you are better off going to Geylang  google  than spend money here  However  if you are looking for friends       I have to say the guilds in this game are extremely friendly and supportive  I would recommend actually playing this game just to get to know people  They are great  Game wise  I hope this burns in purgatory 
로드모바일,Posted    July       The game is PURE P W  You have no chance of playing this game as a F P  Higher spending players will totally devastate you  So your only option is to stay shilded       Once your shield is gone all troop will be open to attack and they DIE     No matter what you do the infirmaries will not be able to hold whatever you can build  If you don t build troops you can t attack   Also having the highest tier troops takes at least  months as a free   play considering you do all stuff right   Money hungry company  loot boxes and TONS of gambling  ALMOST everything is gambling  Even combat  You have no numbers to calculate the outcome of a fight  We just guess it  
로드모바일,Posted    September       THE DEVELOPERS ARE BAITING YOU TO SPEND ON SMALL PURCHASES  THEY ARE ONLY GOOD FOR THE FIRST     MONTHS  THIS GAME IS GARBAGE PAY TO WIN DO NOT WASTE YOUR TIME AND MONEY  SMALL ONE TIME PURCHASES ARE NOT ENOUGH  YOU RE THROWING MONEY AWAY BY SMALL      USD PURCHASES  THIS WILL GET YOU NO WHERE COMPARED TO WHALES SPENDING HILARIOUS AMOUNTS OF MONEY JUST TO GET AHEAD IN THIS GAME  THIS IS A GARBAGE GAME AND DOES NOT BELONG ON STEAM  DRIVE OUT THIS FILTH BACK TO ANDROID HELL 
로드모바일,Posted     October       I wrote this review in hopes to deter you from playing this game which shouldn t be on Steam in the first place   Game looks the same as the smartphone version  but without the benefit of notifications  Gameplay itself is not bad if you love these kinds of games  The best part is definitely the community  and if you find a good guild you will probably have some fun and that s what s going to make you log in over and over again  However  there are so many bad aspects of this game that completely overshadow these few good sides   Game is heavily p w oriented  Some people spend ridicolous amounts of money on the game  and get so far ahead of everyone else in matter of days  So  if you don t want to spend any money on the game  be prepared for the long  long grind while getting abused by those players  A lot of the content  like best gear and heroes  is available only through paying real money  So for example  to upgrade such a hero to the highest level can cost anywhere from      to       depending on the hero   Also IGG is a very shady company  don t be fooled by all the developer responses on reviews  they are just here to make you think they actually care about your opinion  but all they do care about is your money  There s an incredible amount of bots in the game  and they are often ran by those high spending players I already mentioned  They don t even try to hide it  actually you ll often see them in chat trying to sell resources for real money  You can report them all you want  but IGG is not going to ban them as long as they keep spending the money   My advice to everyone reading this review is to avoid this game like the plague  Don t support terrible companies like IGG 
로드모바일,Posted  September          Sold my car  wife and house so I can compete  still lost everything to a Chinese lottery winner 
로드모바일,Posted  January          Why tf is this on PC again 
로드모바일,Posted  July          Awful  its a terrible mobile port with no graphics or audio settings  stuck in windowed mode and nearly blew an ear drum when I first lauched this POS  Why do we have mobile games on steam now 
로드모바일,Posted  January         pay   win mobile game on steam this is the best timeline
로드모바일,Posted  May          COPY PASTE but true  Mobile PAY TO WIN Garbage  copy and paste Developer Responses has absolute no place on steam 
로드모바일,Posted  June         I fully recommend it if you won the lottery prize and want to get rid of the money in   hour  Very helpful game  bankrupt simulator 
로드모바일,Posted  April    Good way to burn your hard earned money while achieving absolutely nothing
로드모바일,Posted  October         Complete garbage  P W at the core  with a shady company at the helm  Look up worthy prince on youtube  a person that was a heavy supporter for years and spent thousands was scammed by IGG  All of these resource management war games are      p w  Better off literally playing anything else  other than mobile trash  I only spent     usd but wasted too much time on this  Never again mobile games 
로드모바일,Posted  July         Do not    I repeat DO NOT bother with this game   First off  it is PAY TO WIN  Now  it doesn t try to really hide that fact  They will say they try to balance  but that is a blatant lie that you realize within a few days  If you EVER want to compete at the higher levels of this game  it will cost you thousands of dollars   Second  is the bigger problem  If you spend enough time in this game   and I spent    months playing it  You learn that it is also PAY TO CHEAT  There are dozens of program that you can run to automate your tasks and make sure you castle is always working for you  These programs are forbidden by the TOS  However  IF you Pay to Win  they will overlook it  If you are Free to Play   you will get banned   I discovered an entire guild cheating during KvK by running bots that allowed them to gather without risk of attack  I showed it to customer support  recorded it and sent them a video outlining exactly how the cheat was working  I even followed up and sent them a link to the website selling the bot   The guild was NEVER disciplined and their behavior continued for   weeks  until I quit the game for good  The bot is still available  In short  As long as they are getting paid  this company doesn t care 
로드모바일,Posted  July          TL DR  Heavily P W          to max out the last updates within reasonable time        or more if you just wanna be able to keep yourself in the battle   Review  So IGG just decided to update their game  And at first glance the update looks pretty decent  but if you use just a bit of time to dig into the update  you will notice that it s just another cash grab    So they added familiar battles and i really was hoping this feature would be amazing as their first familiar update was  but boy was i wrong   The research takes        Archaic tomes  which if you want it fast it s over        and then you need resources and speedups on top of this   there is a slow way to get them  that is much cheaper but still costs          and then it maybe     months    every     days  and that s only if IGG doesn t remove the       x archaic tome pack   The next part is what makes me hate this update   They released a castle skin    which is     and then you have to spend an insane       to max it out aswell  furthermore they require you to max your familiars and then awaken them   In order to awake the familiars you have to use orbs   yellow ones for the biggest ones  Red ones for smaller ones    The cheapest ones are        to max out  which isn t too bad but they are weak and there is a lot of them the most expensive ones are        each  and there is   of them   My estimation of how much it would be just to have a few of the familiars and be able to defend yourself   you will need to spend        for some of the research and a few of the familiars   if you want all the best and max it all out           This is the reason why i cannot recommend this game  It s heavy Pay to win  and they are making the Pay to win players stronger and stronger so it slowly becomes impossible to play as free to play    Edit   th of July        IGG keeps saying that they value players feedback and don t even bother with their livechat support   it s completely pointless because they will always just  forward it to their team for investigation  and never have they helped  you always get a standard response saying something like  we found nothing wrong on our end  after     days  and that s if they even respond at all   So IGG how about you start showing that you care rather than making false promises 
로드모바일,Posted  July         Good way to burn your hard earned money while achieving absolutely nothing
로드모바일,Posted  December         Pay   play to extreme levels
로드모바일,Posted  July          Get this bitchass p w mobile garbage out of steam  mobile games dont belong on steam 
로드모바일,Posted  October          don t play it  IGG  the devs  only care about money  they got other game like castle clash  you can buy heros for more than                            don t let them conquer steam with their        games 
로드모바일,Posted  July         PLEASE STEAM  MOBILE GAMES NOOOOOOOOOOOOOOO
로드모바일,Posted  March          You will definitely get crushed by someone who pays more than you to play this game 
로드모바일,Posted  October          game is expensive  look at this instead                                                                                                                                                                                                                                                                                                                                
로드모바일,Posted  February          This game is geniunelly a scam  addictive  money hole  P W  I spent about       on it over a span of multiple months without even realizing it  and still was getting destroyed by people  People dump   s of thousands into it in a day  and dominate everybody else  It s an addictive mobile game  and gives         if you get destroyed  Ads are manipulative and fake  real game is manipulative and fake and pressures you to spend more and more to catch up  I had guildmates who still play and are so deep in they feel like they can t quit anymore so they just keep on putting money in  IT IS DANGEROUS  DO NOT GET TRAPPED  I am warning you now 
로드모바일,Posted  November         YouTube  Video  I Got SCAMMED By IGG  Leaving Lords Mobile  Views          What s up everyone  So I ve left Lords Mobile due to being Scammed by IGG  the company that I ve been promoting on my channel  All the details about what happened are in this video   One of the big boys in this game got scammed by this company  be careful   I had   mobile accounts  one was free play and other was Pay win  both  years old  The F P made it to    mil might and the P W made it to    mil might  What did I learn from this  Well this is one money hungry game  thousands and thousands of dollars has to be used monthly to upkeep your troops T  troops building healing eats so much resources and time  and research and familiars and castle and it s worse when battling for the base or forts in your kingdom millions of T  troops lots in few seconds   So as a P W player you ll need to spend thousands weekly  to stay competitive  No skill needed  it s basically the most dollars will win  The Top player admitted to spending         in his first year to be top player   For the F P side  it s a waste  you ll stay shielded through the game  when your shield drops you ll be zeroed by T  players  nothing you can do  Sorry this is not for people wanting F P  there s no fairness or matchmaking  Max levels can attack baby castles  You ll see millions of dead F P castles in every Kingdom  The F P players are just used to give the P W people some targets to hit  some of the  bil might players are to affraid to loose troops and will not even try to attack anything above    mil might  so they hit the low level players the F P players    So what can we then say  If you want to waste money and possibly get scammed too  try this no skill P W game  If you re a gamer with skill and  you ll watse your skill here  it only needs money  If you re F P  don t even install  you ll be bait for paying players  You can never EVER challenge a  bil might player with your  mil T  troops it took you  years to make while hiding in a shield   This company used fake reviews on Google play to bump up there rating there  you could easily spot the  one line  generic fake  star reviews  So would be interesting to see how they will deal with steam  probally pay someone to make billions of accounts and post POSITIVE reviews on STEAM
로드모바일,Posted  November          Pay   Win game definitely  Every single advertisement and even the one on steam is all FALSE ADVERTISEMENTS  I repeat  FALSE ADVERTISEMENTS      these little videos and sequences look great  every single advert I have seen makes me think I downloaded the wrong version of the game  after seeing it I went back to the store to look for the correct game because the advertising was so skewed  The PAY   WIN aspect was another problem  If you dont invest into some serious coinage  be prepared to never get nearly as high as the trolls youll be playing with  I have spent  stupidly  about      all together between steam purchases and google play purchases  its cross platform  and I still dont have a maxed out base level  Im level    the max level is     If you have a job  just quit  you will get these giant alpha guilds attack you all hours of the night  unless you get into a toxic guild you wont be defended very well  I have      million might and you may think thats good but the trolls that will hunt you daily will have    million or more might  they will show up every     days  wipe your entire guild out by themselves  sometimes with partners equally as strong  and if you forget to shelter your leader they will kidnap your leader and tell you to pay them to get it back  you can either pay the trolls or let your leader die but you wont see your leader for like a week if you do that  if they kill your troops at a higher level  it will take you a full day or more to resurrect the ones that arent dead permanently  For defense  you can bubble or you can shelter your troops and leader but you cant shelter them all so you have to send them to gather all day to avoid losses  At my level it takes a total of     days to upgrade one building or about   k Gems which equal about     maybe less or more depending on if you got a deal  There are also characters in this game you can only get by purchasing them for              by the way  if you try to bubble for defense  its expensive  for    hrs its  k gems  i have opted to just do that until im out of gems then maybe ill quit  DONT GET THIS GAME    It started off kinda interesting  some people are nice on there but ultimately its a money sink  the only decent thing I will say about it is it has a pretty good translation system for other langiuages 
로드모바일,Posted  November         Free to play but Pay to Win  Best part is the chat 
로드모바일,Posted  April          Don t waste your time
로드모바일,Posted  March          I remember seeing ads for this when I played Android games and think   Who can be dumb enough to pay for such crap   Now I see this  game  on Steam and think   Who can be dumb enough to pay for such crap  
로드모바일,Posted  May         Go back to your corral 
로드모바일,Posted  December                    PAY   WINNNNNNNNNNNN
로드모바일,Posted  April           Lots of possibilities to build   level up   attack   communicate  etc     The WORST pay to win  P W  game I ve seen so far  One can buy anything  The  player  who spends most money gets a HUGE advantage and wins     Not recommended 
로드모바일,Posted  August          Actually enjoyed this game while playing  Once you reach level    and join a good clan  you can really pick up some great tips from experienced players  like formations  different heroes  layout etc  You can either farm resources for the attackers or be an attacker yourself  this means training and healing troops  which costs a lot A LOT of money  People take this game very seriously  BUT at level     things take a turn  huge money involved   As a matter of fact this game is everything wrong with the gaming industry at the moment  Sheer and utter greed drives this game   IGG are sitting back  cigar in mouth and laughing their     off at all the suckers pounding     s and     s of well earned cash into this game   Avoid at all costs
로드모바일,Posted  August          Well where to start    game is f p for about a month or so     after that its very highly propable that you will see why you will need to start buying  in game packs    i ve plaied it for about  months or so and ive spend proapbly more then i should casue if you want to achive here something after a nice start you will need to  pay to win  game     is enjoable if you pay   the     is your luck or rather unluck of it     if your thinking about shouldi start palying it think at least twice cause if you dont pay you wont achive here something move to china or any other southeast asia regions where the cost of the packs is ridiculous cheap then in any other server region   if you think that if you spent       bucks in game and you wil lbe awesome   you wont    thats  normal  monthy cost here of playing   some  on r lordsmobile wrote that     is an expected price for a monthy  cost  of playing the game  i agree with that sentance completly    
로드모바일,Posted  August          Product received for free  This game      Pay   win seriously dont bother with this one  stay away from this game save ur bank accounts and ur money trust me u will thanked me later
로드모바일,Posted  June         Be aware this game is the shining example of Pay to Win  How much pay to win  Well wait years  in real time  to become competitive  Or pay   That said  it s also a straight mobile port  nothing changed  Graphic settings are resolution and full screen   If you re an avid existing mobile player this is likely far superior due to PC hardware and native code  not emulated   That s literally the only person who should play this   Real gamers run screaming  Seriously  don t waste your time   This has all the hallmarks of a mobile game  Horrible graphics and sound  relative to virtually all PC titles   Wait X amount of time to do something  Or spend tons of real money   EDIT   For anyone not familiar with this game  I do want to clarify I firmly support good free to play models  Developers deserve to make a profit  But this is not one of them   Off the top of my head an example is League of L        It s a popular free to play game where you can spend real money  if you wish  But anything you pay for can either be     attained for free over time or     doesn t give you a competitive advantage   This game has the bipolar opposite model  There are countless pay walls that give numerous advantages to paying players that free to play players can  never  get   My response to the developer s comment   I would change my review to positive only under the conditions that     free to play players can be as competitive as paid players somehow and     the PC port receives at least decent graphical support  post processing effects comes to mind as easy to add  
로드모바일,Posted  June          Mobile PAY TO WIN Garbage  copy and paste Developer Responses has absolute no place on steam
로드모바일,Posted  July          I have seen too many false advertisements for this game on mobile  depicting supposed game content that doesn t exist  on top of that it is also my experience that this is a pay to win game  where     victory
로드모바일,Posted  June         Can t open linked google accounts  only facebook and wechat so useless for me 
로드모바일,Posted  June          balls
로드모바일,Posted  December         No naked catgirls in this hentai game  Disappointed 
로드모바일,Posted  February          They took my wife
로드모바일,Posted  January          What is this trash doing on Steam  It s a mobile pay to win game  and if you are in China  SIngapore  or Japan  you start off with a maxed account  Absolute trash like this doesn t deserve to be on the face of the Earth  Go find something better to do than play this  It s a waste of your time 
로드모바일,Posted  December          Just wanted to try the game cause it baited me with hot a waifu  first red flag   and I just finished the tutorial part of the game   It can t decide what kind of game play it should go with  there s a tower defense mode and there s a automatic turn based rpg  like damn just pick one already   and the hud in the base camp is horrible  everything is cluttered and unorganized  there s  limited sales  everywhere  Heads up  it s also a pay to win game  HoW diD i nOt SeE ThAt COmINg    After all that  I still didn t get my free waifu skin 
로드모바일,Posted  November          Damn i enjoy getting farmed by P P scumbags  You know what s the worst part  The only limit is your bank account  You can have bilions of might in first days after a kingdom opened if you have the money for it  Average F P player can get        k might each day  average P P scumbag can get       milions might each day  If you can t invest at least      into your account then expect the worst  You can t have an army  you can t grow by any mean when     scumbags are camping your F P hive and farm you all day log       it  you can t progress even if you are in same guild with P P people because there is always one piece of      with more money than your guild mates who can farm you if he wants  The only thing you can do is shield       Leave your shield down for   minutes and all your progress made while you was shielded is GONE  The thing is you don t even have to be rich  for as little       can get you as much as   k gems  a bunch of speed ups and resources  There are P P OP heros  P P gear  and all sorts of things  you name it  they can buy it  You know how long does it takes to make   k gems even if you are in good guild where you can open hundreds of chests daily and you have a decent coloseum team and you are top     coloseum    Week  if you are lucky       YOU AND YOUR TRASHY SCUM GAME 
로드모바일,Posted  June         Tags are misleading      This is not RPG      Contains pay win rubbish stuff  heroes not possible to get just by playing and skins aren t just cosmetics      There is no limit on money spending so a hotel owner will do everything in   a day     It s riddled with gambling mechanics  lootboxes of different kinds   I m playing it because I promised to get more stuff in a month than a friend of mine who did in   months so far   You  DO NOT TOUCH  This is a typical phone scamware and I have no idea how is it possible to see it on Steam 
로드모바일,Posted  August          Came to say that your advertisements are one of the most annoying things ever   k thanks love you bye 
로드모바일,Posted  June          Do not get this game  There are so many lies that this game should never be on steam 
로드모바일,Posted  January          dont play they support scammers
로드모바일,Posted  June          Normally I don t write reviews of games but for this game  I will  I really do not recommend this game for the next reasons       It is heavily p w and I m not joking  a couple of heroes could cost    k usd to maximize  yeah    k USD        Even if you are a mid spender  the chest drop rates are awful  some of the items have like      drop rates  and also the packs in the store are really weird  for example pack A  Let s call it Tier    will cost you    usd it comes with X amount of items  as soon as you buy it  pack B Tier    will replace pack A  it has the same type of items but the amount will double  Here comes the funny part  if it s double size  then you would think that will cost     usd or maybe less to make you keep spending  NOO  it will cost you     usd  so you pay   times the amount of money to get twice as much items from pack A  and so on  then you can find Pack C that will cost      and so on  you pay more for getting less items overall      The game is full of bots that gather resources all day       the players that use bots  of course will have a huge advantage over the rest of the players  The worst part is that when you report this problem to their live support help  they don t do anything about it  they just ask you for an email to reply and then after    hours they reply saying that they will investigate more or that they will keep an eye on the player  of course  nothing happens  I have reported several times bot users  even when they are using the bots live and you could easily identify them  nothing has been done and they are still dominating the kingdom  making our experience of the game the worst one   In short  there are plenty better games that are either f p or not expensive like this one  tbh I will regret all my life spending     in this game  which didn t help at all  honestly I don t think that even with a      investment  I could have done it better  Please stay away 
로드모바일,Posted  November         Don t play this game 
로드모바일,Posted  December          best way to waste your money
로드모바일,Posted  May          Product received for free  I wouldn t recommend playing this type of game  but if you must  this is probably the best I ve played out of the    or so  These games are just insanely expensive  You basically compete with other people on who can spend the most money   It s a typical Lords of War style game where you build a city and people who shell out cash raid it endlessly for the lulz  This one was    fine I guess because it had some extra layers like heroes and higher production value  I ve played about    of these types of games and although they re all money sinks this one at least had a decent amount of things to occupy your time versus some that have you run out of things to do after   minute before having to close it and wait 
로드모바일,Posted  December          Are you insanely rich that you don t know where to spend money at  Do you like spending money without H ney  Do you like your hard work destroyed in   night  Then Fear Not  this game is for you 
로드모바일,Posted  July         P P  isnt fun and sucks your life away
로드모바일,Posted  October          Sold me a broken product and threatened to close my account down if I didn t give them the money back after I got a refund  Their systems couldn t detect the issue  so there for I am in the wrong for wanting my money back  Don t waste your time with this company 
로드모바일,Posted  July          Pay   win  don t play it  I spent a lot of time on this on mobile phone  pls help 
로드모바일,Posted  October         Full p w game  unless you are chinese then you don t need to pay  you allready start with a max account 
로드모바일,Posted  December          paid to win game  Unless you have million of dollars or years to give to this game its trash 
로드모바일,Posted  February          Downloaded to downvote  Pay win piece of      
로드모바일,Posted  January         utter trash lmao
로드모바일,Posted  July          unless you have about a million dollers to spend on this game your not gonna get very far  it is a pay to win game be aware of that before you start 
로드모바일,Posted  November         didnt play a lot  but would not recommend
로드모바일,Posted  December          OVERALL SCORE       GAMEPLAY       GRAPHICS   MUSIC        COMMENTS  This is definitely not a game worth your time  effort  and money  This game gives a really big boost to players who buys their bundles making the gap between f p and p p players wider  There s not much strategy nor tactics required  The game will bait you by presenting cheap bundles at start then slowly increase its price making you spend more  Even if you can down some money there will be others who can outpay you  Play at your own risk 
로드모바일,Posted  October          This is a game where its a purely pay to play   Its not free to play  Free to play players once after protection cannot even play PVE  this was my experience as mostly free to play player    PVE Rating       PVP Rating       Pay to win rating        Free to play rating       Day    Joined a new world which was   days old  Free to play players where all using tier   troops with numbers in the hundreds of troops  Pay to win players already had tier   troops with numbers in the    s of thousands  Day     Reach tier    paid   usd worth of in game items to enable myself to travel through time to gain a few days of virtual time advancement so as to get tier   units  Day     Had        troops  felt i was doing ok  Day     A tier   pay to win player  teleported his city right next to my clan  Attack me and the entire clan with tier    k tier   troops  wiped out the entire clan of free to play players  and teleported his city to another location no one could find  Day     Did the maths and Found out that the cost of healing the       troops would take an estimated   months of real time resources  Did calculations that you need   months of real time playing the game to get tier   units  Day     Another pay to win player teleported in  cleaned out the entire clan of our troops and resources while taking next to no losses  Game calculation favors overwhelming odds an allows paying attackers to take no losses most of the time  Also  with real money in the game  whoever pays more  is the winner  There is no way a free to play player can even compete even in PVE  As the PVP player can capture your heroes  preventing you from even engaging in PVE    In summary  with real money  your resources are limitless and you can travel through time infinately with no restrictions 
로드모바일,Posted  May         I ve played this game on Mobile and trust me  I played this for months everyday trying to get an army to protect myself  I have done everything I could that isn t pay to win  I even made sure that when people raided me they literally had no purpose to do so  Take a guess what happen doing this  I get raided      with the enemy getting no resources but killing off my army  No gains for the enemy at all  I tried so hard to get good and every time people just raided you and shut you down for the entire time  The only way to actually join high ranks in this game is by giving your wallet to these devs  Even if you do so  you are not guarantee to get very far with it  The game is very unbalanced and people will do what ever they can to make sure you can t get far at all without always paying for a protective shield for month s  Lastly if you think getting into a team will help you survive it won t  You would have to get in a top tier team to even secure your stuff  but even that won t protect you from getting attacked constantly  Trust me they wont let weaklings join  and if they do consider yourself lucky  Don t waste your time and money on this game unless you really want to  That s at least   months of my time wasted playing this game  only to get no where 
로드모바일,Posted  June          Nobody reads the reviews for sure  so I ll say I m gay
로드모바일,Posted  November          This game should be named  Pay the money to IGG  The one who payed more  wins  
로드모바일,Posted  February          The game is      pay to win  people have paid in the millions of dollars to be top tier  and thats american money  Don t waste your time with P P games they are the worst kind    
로드모바일,Posted  September          HIghly Pay to win  P W  game  If you value your time and money  AVOID this game at all cost 
로드모바일,Posted  March         Pay to win does not describe this game enough  This game is THE ONE THAT PAYS MOST WINS  And this is not about spending           It s more about spending over several thousands or hundred of thousands  My advice  STAY AWAY  STAY FAR AWAY 
로드모바일,Posted  June          the worst pay win game i ever tried  i play because a couple of my friends play  except that   whoever has more points than you  will always and i mean always will be over you  spend money get kills and furthermore you cannot capture a castle  just kill random stuff and log in every   hours for random useless rewards  potato game for potato pc and people
로드모바일,Posted  January          A f p  p w game  one that constantly promisses that if you just keep evolving  the experience will become super interesting at some point ahead    yup  its another mobile game   In the game s defense  it IS possible to play without putting money  but make no mistake  its absolutely impossible to be even remotely competitive if you dont spend money LOADS of money  enough to buy the all the DLC packages of DoA  many times over   It is possible to play  but for players who dont put high quadruple digits of dollars into the game   play  will for a loooong time mean stay hidden behind your shield      and just keep hoping your real life dont prevent you from renewing the shield or else some chinese dude will reset your troops count in very short order  it s just a chore and that part of the game will last a VERY long time for free players   I happen to be one of the players who persevered and achieved     ish million power and even helm sigil playing for free and thing is  the promissed land where you dont have to hide all the freaking time is not much better  since combat in this game is automatic and the skill involved is little more than just making sure the troops composition is okay and the formation is the correct one  even when you are strong  the game boils down to bully targets who cant fight back  hide behind a shield when you are outpowered or will be offline for a long time  and keep looking for people offline for an easy padding to your kill count  its not interesting or challenging   And forget about events in the royal ground if you dont pay  no amount of patience will ever get you there  even if you somehow make it to the   billion power mark  youll be up against people with   familiars and full mythic gear  its impossible to contest wonders unless someone on your guild is a p p player and if thats the case  all you will do is reinforce the rally  And no  youll never catch up  Each update with new content  mythic gear  familiar in battles  wonder researches  you name it  none of those really add much deph to the game and every update with new content is nothing more than yet another thing free player takes will forever to grind and paid players will have instantly  Another p w layer to the p w onion that is lords mobile to put it simply    In short  its a game of bullies and bullied  You either have nothing to fear or you cant fight back at all with not much in between  If you pay you can freely harass the people who paid less than you and if you dont  youll just keep hiding  maybe attacking troops harvesting and something of little effect like that  Prob fun if you have tons of money to trow and like to torment people who cant fight back  but if you enjoy challenges or dont enjoy these  iddle  type of games there s nothing for you here  Oh  And if you  like me  just like progress for the sake of progress and completion  maybe you can squeeze something out of the game  but dont hold the illusion that it will become interesting  more complex or engaging at one point  it really is a very simple and basic game 
로드모바일,Posted  September         REVIEW EDIT  So I played another month because neither bank steam or game would refund   I might add  that this game is NOT good for you if you have an illness that ever makes you go manic  As I mentioned in an earlier review  they HEAVILY push sales  in the last month I spent over         which brings me great shame to admit in public     Some things I think everyone should know before buying this game  LOOK AT STEAMS LINK TO THE GAMES OFFICIAL SUPPORT SITE  Https  lordsmobile igg com   this is the link given directly from steam if you look at the game instore  That link has no button anywhere to contact anyone  including support   The only links are for privacy statement    where to download the game   This game is maintained in SINGAPORE and their copy paste in game support reflects this     Prequel  i do not mind paying micro transactions for most games   Most would call this game predatory   Here was my personal experience after   days  I wanted to join the game and have a new player experience  The game has these things called  Kingdoms  and after it fills with   k players a new kingdom is created  If you happen to be lucky enough to join the game at the beginning of the kingdom  you might have the experience I was looking for  I however  joined with only a few days left in the kingdom s  newbie  mode  This meant all the valuable  gem  nodes had already been gobbled up  players were already max castle level  huge guilds were already established  and there were also these  bonus coupons      that the kingdom gives out daily while it s in this  newbie  mode  I was only able to use this   times  for micro transactions  before the kingdom stopped offering them   Early in the game you realize you have to join a guild with at least one other person to access some of the nodes on the map so I found the first guild near me and hit join and was automatically accepted  Right off the bat  I had this pressure that I had to make micro transactions to keep up and stay in the guild or get kicked out because they were expecting me to put up high level troops and donate large quantity s of resources  I just wasn t able to do this and before I knew it I had spent      trying to keep up   On top of this  apparently  the game is rife and blatant  even in chat   their discord  with bots exploits   even selling in game items for RL cash  one report i heard was    k for an account   which brings in the scammer element  I had my guild leader outright ask me in discord if I would let him log into my account to help     I realized once my newbie shield expired   on that  th day when I didn t get a     bonus coupon  that I had been taken  I started to research a bit more and learned about all the content I missed  I was basically forced into endgame content right off the bat  When complaining and asking to move to a new kingdom  their support was less than helpful  I ve asked the game to delete my account if they can t refund it or start me in a new server that hasn t already been established  but I ve heard nothing back  I m waiting now for steam to refund my purchases   My last resort in this case  I ll be submitting a dispute with my bank  This game does not belong on steam with their predatory sales 
로드모바일,Posted  June         I cringed seeing this on Steam  I played this game on my phone for   years  It s an absolute cancer  and everything wrong with mobile phone gaming  The people I met and chatted with were amazing and why I used to play  Some information to know going in  Non Chinese players pay a premium  The exchange rate used is favored heavily for Chinese players   The dev is correct  all players are treated fairly  just some more fairly than others   You re starting half a decade behind in a heavily Pay   Win game It takes right around   years of steady play to break into the  end game  portions with T  troops if you re Free   Play   I ve seriously can not advise more against anything  ever  Take up Meth  it s cheaper  and less demanding of your time 
로드모바일,Posted  April    Yes  it is pay to win  Yes  it is a mobile game port  Yes  it is extremely unoriginal   All bad things  but not unforgivable   But you know what is unforgivable  Tagging your game as NSFW and not having any sex in it  I was prepared  weapon in hand and a tissue box ready  and what do I get  NOTHING  ALL THE CHARACTERS ARE CLOTHED  WHERE ARE THE NIPPLES I WAS PROMISED     
로드모바일,Posted  November          Full p w game  bots are ruining the game  would not recommend this  only if you want to spend a lot of money to have a maxed account  then you will have fun for sure 
로드모바일,Posted  January          game is so bad boooo this game sucks
로드모바일,Posted  December         Tell me why the fk i need to start the game and the first thing i see is if i wanna spend money on a bundle
로드모바일,Posted  October          Piece of      pay to win game  Devs are money grabbing ass hats  DO NOT  waste your time with this game 
로드모바일,Posted  September         Go get a job then buy a PS   an Xbox One or a Nintendo instead of playing this troll filled crap 
로드모바일,Posted  December          A sub par Gacha with LOTS of popups 
로드모바일,Posted  November          Downloaded it only to make a bad review    It s pay to win crap and you have to create an account for that
로드모바일,Posted  February          best way to waste your money and time
로드모바일,Posted  March                            Are you paying for                      this  son                                                   You take after                            your mom                                                                                                                                                                                                                                                                                                                                                                         
로드모바일,Posted  March             m Might Player here   This game is a Massive scam  Huge HUGE Pay to Win  And let me just show you what i mean  usually there are  x        packs   DAILY  There is no spend limit  You could easily spend        in a single day if your heart desired it   You can spend thousands of pounds and still not even be strong in the game  and I m being serious  Many big players will spend         just to be a titan    And even at that stance  you can t really sit offline unshielded because you WILL get rallied some times by    guilds at once   If you play  pay to play very wisely  do your research  know your expectations    T  has just been released  a Free to Play player would take around   years to just get T   Want T   No   HOWEVER  if you play proper and go for a T  trap  you can cap rallies or solos and make people bleed lots of real life money  One of my alts double capped a T  player who both lost   k T  each and had to heal    k too  I lost no troops and it was a low might f p account   That said  if you re caught off guard  you re going to get destroyed  Even a    bn might player isn t safe  You re gonna spend the majority of your time under a shield  attack wise  you won t be able to attack anything   Totally new to the game  Expect the chinese to dominate  Expect Bot Guilds who will move to the newest kingdom with lvl   castles and already spent at least        to quickly turn your new low player kingdom in to a total wreck fest   The game is hugely unbalanced and unbias  Support don t care    all they want is MONEY 
로드모바일,Posted  September          dont waste your time downloading this game  false advertising   
로드모바일,Posted  July         pay   win
로드모바일,Posted  November          The game is still trash    years after original review 
로드모바일,Posted  March          One whale can take out your entire     person guild and knock it back to the stone age  This is a P W garbage game that is completely unbalanced  Do not spend a dime on this game unless you plan to spend thousands  
로드모바일,Posted  July          P W
로드모바일,Posted  August          Player since April          Heavy P P  Pay to play   constant P P updates and contents  This game favors players who are willing to spend at least    k Over time to be competitive  which is the majority of Lords Mobile community  which is the AVERAGE  and not to mention the whales and titans who spend from     k to   Mil  Support team is horrible  and usually does not take any suggestions  rarely helps fix problems or issues with the game  only adds more P P content   Lords Mobile is an addiction  the more you spend the more you get sucked into it  even if you start as a F P  Free to Play   the game is not even fun  and the advertisements are misleading 
로드모바일,Posted  February         This game is only about money and has nothing to do with skill or strategies  The guy with the biggest wallet can buy fastest upgrades  most armies and by bullying all others dominate the game  It s as pointless as for any ordinary person to try and be a Formula   driver  NEVER pay any money for anything in this game  It is not worth it and you will never get your money back   Also there is so much cheating  so much fake accounts  so many bots and so discriminating price differencies between contries that you better live in an asian country to afford to play this game at a reasonable leve  Live anywhere else and you have to pay twice as much or more for same stuff   IGG are just putting out nex crap for the game to get people to pay money for useless stuff  This game should be banned from Steam and Google Play  as they support the dictatorship of China s economy 
로드모바일,Posted  April          don t really reccomend unless really bored
로드모바일,Posted  February         This game is pay to win garbage  However  I have made good friends and am part of a decent guild so it is really fun  Unfortunately that is on my phone  I can t play my existing account on steam because its possible to login through whatever the hell we chat is but not google of all things  Because of this  as much as I would enjoy playing this on my computer  this port is absolutely useless to me  Thanks for nothing
로드모바일,Posted  May          HAHAHA           THEY REALLY DID ADD THIS PAY TO WIN TRASH ON STEAM     ahaha ok  i have an overall positive view on this game because of its community  but lemme try reviewing the actual game  but first lemme gush about its community   review of the game itself is somewhere below  it will be underlined  i m a retired free to play veteran of this game  as stupid as that sounds  i played this game years ago  and MAN this game has given me so many great memories  im gonna go ahead and assume that everything im going to talk about hasn t changed one bit  because it sure seems that that is the case   this game s community is honestly great  the people in this community take      so seriously in this game  from making alliances between guilds  revenge  trash talks  in game politics between guilds and their members  friendships and betrayals  you can be apart of so many great tales of great empires  the rise and fall of guilds  you get to experience genuine in game drama  and so on  this community can also be hella toxic  but that s because they take things wayyy too seriously    back in the day i played this game for about a year nonstop  despite how tediously long it took for my builds to level up  simply because being apart of the community was a lot of fun  even though it was hella toxic  i kept playing because it was fun to see how everyone was taking everything with the utmost seriousness  i have been apart of many stories  made friends and enemies  have been in drama with a guild leader cus of them betraying an entire guild  being kicked out of a guild cus i called out the chinese overlord on their bullsh t  have seen guilds migrate from place to place and even merge with others  have been apart of daily routines  etc  so many golden memories to treasure from this game   BUT im gonna give it a thumbs down  cus im here to review THE GAME ITSELF     the game is HEAVILY pay to win  you can play this game without spending a single coin  but it will take you weeks  MONTHS and even YEARS before you get to reach a level where you can compete with most of the other players in your realm  that is because the higher you level up your assets the longer it takes to reach the next level  sure you can buy boosts  but then you have to buy a lot of boosts  and buy buy buy until you boost yourself to a level where you can actually defend yourself against random invasions  there s also a lot of high level players that sunk hundreds of     and even thousands into this game just to get strong enough so that they can be called a  big boy  who spent their already dying credit card trying to show off to their online friends   the gameplay is also very  very  slow  most of what you see in the screenshots are battles over territory  which is really boring  it s just you sitting back and watching as your troops do the infiltration for you  and the screenshots that involve your characters fighting other characters  is also very boring because the only gameplay in those parts is you picking which ultimate to release at what time  so that you can get that win   the chinese also rule the majority of the game s realms and are also the game s biggest spenders  they can also be quite aggressive if you attack even one of their members  because if you attack one of their members  that member you just attacked will go cry in their guild chat and then   or    high level chinese players will teleport to your location and rob you of all your resources  haha your hours of spending and waiting is gone      you either play this game by contributing a huge amount of money almost daily to reach a level where you can fend for yourself  or you play by not spending single coin but end up waiting for weeks  if not months to reach a decent level   P S  having a might of   or   or even   mill is considered weak by this game s standards  also you re basically trash in everyone s eyes if you decide to talk back to a higher level player and you got a might of below    mill   on mobile  at least  not sure if the same thing happens on the pc version   EDIT  sorry but i forgot to mention that you also have to be pretty damn dedicated to the game daily if you dont want your guild to kick you out  since most of the guilds in this game require their members to be very active 
로드모바일,Posted  February   pay to win game
로드모바일,Posted  October         Pay to win  People are cheating with robots and IGG just doesn t care 
로드모바일,Posted  November          Its a biggest piece of donate sh t 
로드모바일,Posted  September          Gross Chinese spyware 
로드모바일,Posted  February    Great waste of time 
로드모바일,Posted  November         This is the only game I play on my phone  I ve tried lots of other games but this is the one I keep coming back to  I personally enjoy it and while it s possible to play this game      free  it is super heavy p w which is why I m hesitant to introduce this game to new players  I recommend playing it casually if you can but stay away if you have an addictive personality 
로드모바일,Posted  June          Chinese dominated game  They crush every kingdom so don t waist your time with this game unless you are willing to sink tens of thousands of dollars into it  Very VERY P W and the Chinese has a huge advantage over everyone else as the cash shop packs are cheaper for them   Set aside the Chinese pretty much dominating the game it is fun  Its a timer based game so you build things or train troops and wait for the timers to count down  Attack other players or dark nests with your troops and you can also use them to farm resources from the map 
로드모바일,Posted  November                                                                                                                                                                                                        This is a pay to win game  Free gamers can never compete with paid gamers  For keeping competence  you have to pay thousands of dollars The game designs many traps to make you pay money  This game company creates power accounts and some shills use these powerful accounts to pretend to be gamers in the game and guide you to pay money  If you exposes this to other gamers  you will be banned  Don t play it  It will waste your money 
로드모바일,Posted  January    This game is an obvious  pay to win  scam  In order to complete some  quests  you have to spend at least    bucks  That s not a quest  THAT is called a SCAM  children   For example  in the events there is a  stratagem quest event   In this  quest event  there are   objectives    of which you can complete by just playing the game  however right at the SECOND objective you have to BUY  special bundles  in the store  TWICE  That s called a carrot on a stick tactic  a typical SCAM ARTIST trick   Also  people who spend money can just teleport right next to you  raid you and piss off again  Essentially turning you into a FARM     Ban this SCAM from Steam      Why are people recommending a game which is an obvious scam  Because they are paid employees of IGG posting fake reviews  Ignore those      WHY oh WHY does Steam allow these scams on their platform  
로드모바일,Posted  October         All the flashy  money grabbing  psychological manipulation of a slot machine without any of the annoyance of a possible return for your investment  This game s idea of  going on a quest  is to click on  go on quest  and then wait    real time minutes  That s it  Quest done  Or you can finish it right now with this helpful item  just step right this way into the cash money store sucker  ahem  I mean great friend and hero   Do not play this  Even if you are morbidly curious  please go play it on Android and keep this hot garbage away from Steam 
로드모바일,Posted  June    Error Code       
로드모바일,Posted  January          I only play this to harass some random guy and his clan
로드모바일,Posted  February          Typical Money grab game  If you want to spend thousands this is the game for you  You can work without spending just to get demolished because you work    hour days and most people that play do not have lives 
로드모바일,Posted  June          I can t         believe this  Pink from  Among Us  ruined my marriage   A couple months ago  my wife said she was going out for a ladies  night  She asked me to take care of my son  so I immediately obliged   Yes Ma am   I told her  After a while of waiting  she finally left and I could play my favourite game  Among Us  I hopped on my laptop  booted it up and my desktop loaded  complete with the  Red Sus  background and all my Among Us Impostor fan art  I was shaking in excitement  I slowly dragged my finger across the track pad  and watched the cursor as it glided over to the Among Us icon  Among Us  My absolute favourite game of all time and quite possibly the best and most well made game in the entire world  As I clicked the button my body twitched with joy at the thought of being the impostor again  My fingers drummed impatiently on my desk as the Innersloth logo faded in  and then out  Then the main title appeared  I immediately looked at pink as she slowly floated across the screen  Oh  how I wish I could feel those luscious  soft asscheeks  Pink is my queen  The real woman in my life  My wife could never be as sexy as Pink is  her soft footfalls in electrical as I peek at her curvy form from inside a vent  waiting for the right time to strike  I could never get close to Pink  however  as if she had some kind of sixth sense  she would always leave before I could reveal myself to her as the impostor  I press Practice  to warm up my fingers before my first intense game of Among Us  I hit Blue in Comms  then cross the hall and vent to Specimen  murdering Green in cold blood  The thrill of killing an animated character in an online game has never been such a rush  I then move towards Reactor  stabbing Yellow in the back and then running down the corridor to the right to access Decontamination  I move quietly through the halls  like a snake about to strike its prey  and I see  Oh no  It s Pink  Standing there motionlessly as I face her directly  Her visor shows no emotion  But she knows  I can feel it in the air  I can t kill her  She is too beautiful  too angelic  the light reflecting off of her pink bodysuit  like stars on a voided sky  She doesn t run  I am moved to tears as I caress the screen  kissing it tenderly   Goodbye  Pink  See you soon  It will all be okay   I whisper in a soft  reassuring voice  Then as my cursor hovers over the kill button  I hesitate  Thoughts of love go through my head  Red having reddish pink sus children with Pink  But I have to  As the impostor  it is my duty to kill  I press the  Kill  button and watch as my character beheads Pink silently  All I hear is the spurt of blood  There is no rush  There is only Red  standing by himself in Fuel  Pink s lifeless body laying on the floor beside him  I feel nothing at first  then immense sadness  like I m at a loved one s funeral  My son knocks on the door  interrupting my brief moment of mourning  He asks   Dad  Are you going to make me a snack   I tell him to shut up  and my voice cracks  I break down sobbing  I killed her  I killed my one true love  God  forgive me  I open the door to my son  and he has a confused look on his face  I say nothing  and walk to the kitchen to make him a sandwich  Tears roll off my face into the bread as I lay it onto the counter  Lettuce  cheese and meat  followed by a sad swirl of mustard on top  My son is quiet  He sits on the couch  and stares at the floor  There is a depressing air around us  I serve him the sandwich and walk back to my room  contemplating life  If I killed Pink  how am I to be trusted around my family  I cry for hours  and finally my wife comes back  She sees me bawling on the bed like a child who dropped his ice cream  She then asks me why I m crying and mutter   I killed her  I killed my only love  Pink  in Among Us   She is filled with rage and slaps me across my face  I feel numb  She asks for a divorce  I don t reply  Instead  I take my laptop and get into my car  driving to a nearby hotel  Fast forward a few months to the divorce  It was quick and painless  After court  I ask my former wife to take me back     I can t take you back  You ve always been this way  I was sus of you from the start  
로드모바일,Posted  June          Sold my        kidneys to get to   M might then got wiped from the face of the planet by the Chinese          would have organ failure again 
로드모바일,Posted  January         My favorite LGBTQ  Dating RPG Souls like  Truly one for the ages 
로드모바일,Posted  July          remember to keep your kids away from this mess it can develop addictions and it s      useless it only teaches how to waste money
로드모바일,Posted  November         I m sorry  but I don t recommend playing a mobile game on steam  It s just isn t right
로드모바일,Posted  July          Horrible game now with the newest update  Players that hope to match with the top spenders that without a doubt spend millions of dollars have absolutely no chance anymore  I have experienced and seen players with    million troops to get destroyed by a rally which should not happen  Even before the introduction of familiars  IGG had released a function that the majority of players could unlock or eventually unlock  This update now costs thousands upon thousands and is heavily favored those that spend huge amounts to crush and defending castles now  IGG claims they listen to their players  but nothing at all have been implemented to help Free to play players or even mid tier spenders  This is actually one of the worse updates that many of us have ever experienced  I heavily no longer encourage players to join this game as the developers don t care and pretend to care about any balance or fairness 
로드모바일,Posted  September          if you have money you are the best in this game  Highly p w game  Dont play dont waste your time 
로드모바일,Posted  November          Best p p money eating game ever
로드모바일,Posted  September          coulda bought a car instead of playing this        guess im gonna keep walking
로드모바일,Posted  December          the game itself sucks but the female models of some of the characters are    VERY interesting
로드모바일,Posted  June         I have two main issues with this game   You cannot connect to your Google account  meaning you can t access your old progress that you have on your phone  I m not about to start all over again   It is just another cookie cutter  pay to win mobile game  A paying whale player can progress in minutes what takes years for non paying players  You stand absolutely no chance against these whales  regardless of what you do  Even if you manage to kill a few of their troops  it s just a drop in the ocean for them and they can just pull out their credit card and buy everything back  This is the kind of game we ve come to expect on mobile devices  and it is always disappointing to see them being forced onto Steam  Absolutely in this game can be bought with real money  Troops  research and building speedups  you name it  A free to play player has to wait weeks and even months for some researches to be finished while whales can skip that entirely 
로드모바일,Posted  May          This game is definitely not Free to Play  You have to spend money to win 
로드모바일,Posted  February          Worst decision of my life
로드모바일,Posted  October         its only a mobile game nothing special
로드모바일,Posted  July          only for those who are rich  develops bait you to by showing small purchase at starting of game which is good for starting months after that you will get addicted and will make big purchases on this game and after spending a lots of your hard earned money you will realise that there are big dogs who spends more than    k   and you are nothing so it s a scam this game is full of P P and if you are F P then my friend you are just wasting your time you cant catch others without spending money  even though you can spend more than year still it is not sure you will get t  unlocked
로드모바일,Posted  April         Product received for free  An EXCELLENT Pay To Win game
로드모바일,Posted  June              Pay to Win  and don t bother paying because there will be someone out there that will outspend you  and its really not worth your time either  Ignore my hours  I just left it on to click around and chat  It was fun to start off but when you realize that it takes actual years to remotely touch anything end game  its best to not even get started 
로드모바일,Posted  July         Its ok as a free to play user  for occasional play   but if you want to get serious and fight large battles   it very much becomes pay to win
로드모바일,Posted  January          waste time
로드모바일,Posted  November          P W
로드모바일,Posted  December          L
로드모바일,Posted  February         I have a gambling problem
로드모바일,Posted  February          Game is pretty fun and works out pretty well free to play for the first month or so then after it s sucked you into spending some money it becomes a super toxic game where players with hundreds of times your strength will endlessly farm you for kill count and resources  At this point you either stay in your castle forever  spend tens of thousands of dollars on a basic mobile game or just spend all your time farming resources for your merciless overlords  Until they come up with some way to balance the game so that people infinitely more powerful can attack you all day long without any cost it will continue to be limited by a handful of ultra wealthy players paying more than you could or should to keep up  Play for a few months free to play and have fun  but don t give your money to this company that tries to gouge money from you in every facet of the game 
로드모바일,Posted  May    dont buy this lmao what a scam
로드모바일,Posted  March          poop
로드모바일,Posted  February          too expensive
로드모바일,Posted  December          THE DEVELOPERS ARE BAITING YOU TO SPEND ON SMALL PURCHASES  THEY ARE ONLY GOOD FOR THE FIRST     MONTHS  THIS GAME IS GARBAGE PAY TO WIN DO NOT WASTE YOUR TIME AND MONEY  SMALL ONE TIME PURCHASES ARE NOT ENOUGH  YOU RE THROWING MONEY AWAY BY SMALL      USD PURCHASES  THIS WILL GET YOU NO WHERE COMPARED TO WHALES SPENDING HILARIOUS AMOUNTS OF MONEY JUST TO GET AHEAD IN THIS GAME  THIS IS A GARBAGE GAME AND DOES NOT BELONG ON STEAM  DRIVE OUT THIS FILTH BACK TO ANDROID HELL 
로드모바일,Posted  October         STOP RIGHT NOW  TURN AWAY AND NEVER LOOK BACK   This game may be one of the most predatory P W games ever made  Though it s F P  don t expect to to have much fun in this game until you play for       years  making the same progress that a P W person can make in about a month   For the price that you will have to pay to have a  competitive  advantage in this game  you could have a brand new       PC  with the top of the market accessories  and the top     AAA game s on Steam  That still won t even let you compete against the Chinese Titan guilds that rule this game   Also  as other people have mentioned  the company WILL SCAM YOU  One of this game s most influential and largest Youtubers was scammed by this company  Look up Worthy Prince on Youtube   after he spent an insane amount of money on this game  I ve bought a wrong     pack before  untouched  no chest s opened  and customer service said too bad  Since they been spotlighted as a predatory  scamming company  I have stopped spending on this game  I have   heroes that are each        packs away from gold tier  and so what  I will no longer support this company   TLDR  IGG are predatory  scamming company  and TBH this game isn t even fun after   months of playing  Temple Run is more fun than this game 
로드모바일,Posted  November          Product received for free  This game is  free to play  meaning you can download it  open it  and technically play it at no cost to you  That being said the developers have grossly unbalanced it by making many things so unrealistic to obtain as a free player as to basically make them paid for  Some noteworthy things to mention here are archaic tomes  which are important for higher levels of research  tier   troops  and tier   familiars  If they would make these more readily accessible to free to play players I would be more willing to call this game free to play but as they seem adamant that there is nothing wrong with it I doubt that will change despite all the reviews I have seen that have the same issue 
로드모바일,Posted  September          Amazing game if you are a masochist  Really puts the pain in painful  Can t stop playing tho
로드모바일,Posted  March          If you not chinese or an IGG employee don t waste your time or money   Screw IGG Screw China  Taiwan also number one 
로드모바일,Posted  August    just don t
로드모바일,Posted  May         dont do it  its not worth it  run while you still have a chance 
로드모바일,Posted  December          bad mobile game
로드모바일,Posted  July         Product received for free  pay to win
로드모바일,Posted  June          this game suks
로드모바일,Posted  April    my wife divorced me because I had    million power  now you see she has    million power because she chose Rome when she started out and used it s gathering bonus to acquire resources and train troops  The roman infantry has a movement speed buff and a defense bonus  With this combo it s easy to steal from other players  During the mid game you can unlock techs and train advanced Roman legionary  With Commander Julius Caesar you ll conquer territories quickly  Within   days your power can surpass   million 
로드모바일,Posted  May   Pay to win micro transaction nightmare 
로드모바일,Posted  November         got money to spend  here you can  p w  with p w and a little more p w 
로드모바일,Posted    July       전투력  억까지 무과금으로 계속 해봤습니다   급 병력까진 다 뽑았고  급은 못 뽑았어요  보막 한번 안 쓰면 몇달 기록이 다시  이 됩니다  병력 백만 모아봐야 보호막 풀린  시간 사이   됩니다  그럼 뭐다  병력 다 날아가고 첨부터 다시요  아 네  연구와 건물은 남습니다  근데 뭐  그런다고 뭐 도움되는게 없음  성벽  연구 내구도 만땅 올려도  급 병력들이 톡 치면 우루루 부서짐   함정성  그건 화면 계속 봐야 할 수 있는겁니다  공격 들어오기 바로 직전에 내 영웅 장비 바꿔치기하는건데  그런 대비용 신화 장비 만드는 것보다  급 병력 뽑는게 더 쉬워요  아 물론 돈 갖다 쏟아부으면 쉽습니다  한 수천만원 정도  와 싸다 리x지에 비하면 갓혜자겜이네     이 생각 들면 당신 이미 늦은거야  전투력  억 이상은 되어야 쉽게 안 공격합니다만  그것도 케바케 섭바섭  길드 여러번 옮겨봤는데 어떤 서버는 전투력   억 넘는 사람 보막 풀렸다가 털린것도 봤어요  그 분은 투자한게 벌써 몇천만원이라 그냥 계속 하던데 참    그래봐야 자기도 뉴비라더군요  중국 놈들은 골드에 미쳐서 금광만 보이면 매크로로 계속 캐갑니다  금 많이 부족할 겁니다  돈 없으면 하지 말라는 게임이라는 평가는 여전히 맞습니다  그러니 그대로 비추   이 스팀판 부계정은 계속 돌아갑니다  얼마나 병맛인지 계속 테스트 해보려고요  쪼렙이 뭘 아냐 싶으실 분들 있을 것 같아 더 언급하자면 본 계정은 연구 열몇개 빼고 모두 완료   급 백오십만씩 뽑아놨습니다   년간 저도 기백만원은 썼습니다  근근이 시골섭을 돌아다녔는데   억까지도 가끔 집결공격 날아옵니다  독한 것들   차라리 여러분 라오진 하세요  눈도 즐겁고 무엇보다 속이 매우 편 안합니다                                    현질을 어마어마하게 유도하는 모바일 게임  보통 휴대폰 게임은 무과금 유저가 지갑 유저의 밑바탕이 되는 형식이긴 하지만 이 게임은 좀 더 심함  무과금은 바로 밥이 되어버림  뭐 하고 싶어도 맨날 털리고 영주 뺏기고 하면 내가 발전할 일이 없음  돈을 써라  는 식인데 심지어 스팀판은 휴대폰보다 소액결제 템들이    가량 더 비쌈  차라리 휴대폰으로 하고 스팀으로는 하지 마세요  물론 휴대폰도 액수  자리 쓰고도 잠깐 딴짓하면 털리는 무시무시한 세상입니다   내가 건물주다  하세요  내가 화장실에 휴지 대신 만원 뭉치를 쌓아둔다  하세요  내가 이 게임을 하지 않으면 알러지가 생기고 속에 홧병이 난다   하세요   이 이외에는 이 게임을 하지 않으시는 걸 추천합니다  아니 그냥 모바일 게임을 하지 마세요  남는게 없습니다   
로드모바일,Posted     June       반응속도 대박   폰보다 훨씬 빠르군요  예비뉴비분들에게 선발대로서 전하자면 게임은 참 재미있는데 현질안하고 버티기 힘듭니다  조작반응은 스팀이 훨빠른데  현질시 폰에서 결제하는게    정도 저렴합니다 
로드모바일,Posted     June       현질 살벌 유도하는게임
로드모바일,Posted     April       여전히 여전히 망 겜x      년에도 망겜
로드모바일,Posted     August       PVE 모바일 게임은 그나마 버텨지는데 PVP 모바일 탈지순이다 
로드모바일,Posted    August       맨날 켜놓고 있기 좋아요  로드모바일을 하고 계신분만 설치하세요  스팀에서 이거 보고 시작할 생각은 하지도 마시구요    
로드모바일,Posted     June       모바일계정과 연동되어 배터리걱정없이 할수있을것 같네요    가끔가다 접속이 잘되지 않아 방법이 없었는데 좋은것같습니다 
로드모바일,Posted     January       good
로드모바일,Posted     June       PC에 앉아서 로모를 큰화면으로 즐기니까 새로운 기분이네요  마우스로 조작하는게 조금 어색하지만 나름 편한 구석도 있네요  기존 구글 계정으로 로모 즐기던 분들은 페이스북 계정 추가연동한 뒤에 스팀으로 실행하고 페이스북 로그인하면 기존 계정으로 플레이 가능합니다 
로드모바일,Posted     September       평가만 작성하려고 다운로드함    어째서 구글 플레이와 앱스토어에서 쏟아지는 모바일 현질망겜을 신성한 스팀에서까지 봐야 하는가  대기열이나 추천작에서 눈에 띄는 것조차 극혐이다   영문 베스트 평가에서도 이미 언급된 점이지만  병맛같은 모바일 겜들이 스팀에 유입되기 전에 적극 반대해서 이런 추세를 사전에 차단할 필요가 있다고 본다  정 PC에서 모바일 겜 하고 싶으면 에뮬을 돌리시든 자체 플랫폼을 개발하든 에픽으로 가시든 하시고  스팀에서는 제발 꺼져주시길   Get the      outta Steam  P W is not welcome        심지어 영문 평가들에 간간히 달린 개발자 피드백도 흔한 모바겜 CS 대응팀의 매크로랑 판박이다  미치겠다 
로드모바일,Posted  June          드디어 스팀으로 서비스를 제공하네요  PC에서 보다 편하고 안정적으로 게임을 즐길 수 있어서 좋네요  재미있게 잘 즐기고 있습니다 
로드모바일,Posted  December          중소과금해도 재밌어요  그러다가 한계가 오면 현타가 오긴하지만 할만해요
로드모바일,Posted  June          역시 로드모바일이네요     스팀으로 나오니까 모니터로 크게 볼수도 있고 더 재미있는것 같습니다  더 디테일하게 보이네요  계정연동도 있어서 좋은것 같아요 
로드모바일,Posted  May   하지마세요
로드모바일,Posted  April   음    시간 지나면 다시 또 또 하고싶은 재미
로드모바일,Posted  January         절대 하지 마세요
로드모바일,Posted  December          과금  나 하면 개꿀잼 과금  도 안하면 개노답 망겜
로드모바일,Posted  October          Product received for free  이런 현질게임이라닠           
로드모바일,Posted  March         번역 오역 오타 있습니다  좀더 개선필요합니다  운영자님 
로드모바일,Posted  March         돈이 많이 드는 게임  무과금 유저가 지나치게 과금유저들의 눈치를 보는 시스템
