title,review
TERRASCAPE,Posted    July EARLY ACCESS REVIEW If we get the option to adjust the difficulty in a later update  I ll switch this to a definite recommendation   TerraScape is a perfect  listen to an audiobook and zone out after a long day  game  or at least it was until the last patch  which really ruined it for me  Balancing the game to be more difficult seems incredibly counter productive  I play the open levels because the game is cozy and satisfying  A lot of games do  challenging  just fine  but this is one of the few that does  relaxing  very well  If I want a challenge I ll play the scenarios  or more likely a different game   so why make the freeplay arbitrarily more difficult   Unfortunately now you can barely function in the end game  which is a shame because it s my favorite part  Instead of being rewarded for your efforts by getting to build out your cityscape the way you want  you have to cram a bunch of gardens around rivers just to be able to keep playing  Pretty disappointing 
TERRASCAPE,Posted    April EARLY ACCESS REVIEW Relaxing game   If you liked Dorfromantik  this game is for you  It is very similar  but yet different  I think for the price it is worth it  even though I might get bored of it quickly   But that is just me   I still like the look and feel of this game and will pick it up from time to time   Your buildings get points  based on the landscape and surrounding buildings you place it at  You can play in  story  mode  where you get medals  if you achieve a certain amount of points  The other is free game  But more modes are to come   Review from early access   So far I encountered no bugs and the game is easy to pick up and play 
TERRASCAPE,Posted     April EARLY ACCESS REVIEW Every minute i spend on games needs to be  at my time of life     NB  worth my efforts  Games come and they go as my now feeble mind struggles to keep up  then out of the ether like a flash of pure delight  along comes this game  Absolutely supercalafragalisticexpealiidocus it s brilliant  Curved balls googlies you name it this game throws it at you  It springs surprises at you and you can only laugh at what the game has done to you  Forget graphics and all that technical garbage which most of us pretend we understand  This game is so well put together in simplicity it deserves       just for the cheek of it  Bronze silver and gold medals are calling you  New buildings keep appearing because you are learning how to play as you go  I LOVE IT and in today s market the game is affordable to all 
TERRASCAPE,Posted    April EARLY ACCESS REVIEW fun but too simple for now  and needs few more mechanic to be interesting
TERRASCAPE,Posted    April EARLY ACCESS REVIEW Half Dorfromantik  half Islanders  It s only been out for a few hours at this point  but so far the funnest part has been piecing together how the bonuses work and getting into the triple digits  Overall  an enjoyable experience 
TERRASCAPE,Posted     May EARLY ACCESS REVIEW It s not a city builder game despite the description  The kingdom and the city are just a setting and have no functionality whatsoever  It s a puzzle game for placing the cards hexes in the best spots in the best order  The game is very pretty  but the UI is missing some info during the game  Placing the hexes feels very random at times  and the only way to win is to grind slightly different permutations until you guess the correct one  The puzzle part seems very light compared to the randomness part 
TERRASCAPE,Posted     April Product received for free  EARLY ACCESS REVIEW Civilization has conditioned me to have just a tiny bit of anxiety when seeing a hex based game  Dorfromantik has shown me that slapping down hexagons can be as fun as it is relaxing  TerraScape has now provided the opportunity to find a point between them that I didn t know existed   Abbreviated Review  YouTube  Video  TerraScape   Building Civilization Without the War Crimes | Abbreviated Reviews  Views          TerraScape uses several familiar mechanics if you ve played Dorfromantik  You re given several cards each representing a building or improvement you can place on the map and each placement provides points toward your total score as you do  The points generated depend on where you place those cards and how the card synergy with those already placed in the area  So  for instance  if you have a bunch of lumberjacks in an area  getting a sawmill card and placing it in the area will maximize the points you receive  Each card has numerous synergies though  and whether or not you are successful depends on how good you are at properly exploiting them   TerraScape currently includes two game modes that play fairly differently   the  puzzle  mode and  free play   The puzzle mode was where I began  and I think it s probably the best place to do so because it eases you into the experience with a limited variety of cards  These simply have you placing the cards they give you in such a way as to maximize your points to attempt to achieve a gold  silver  or bronze medal  You can retry it at any time and even the puzzles furthest down the winding path only take probably five minutes at most   The  free play  mode is much more in line with Dorfromantik in that the goal is mostly vying for an overall high score  However  instead of building infinitely into the void  you ll be selecting a map and working within the predefined space of an island to get the highest score possible  You ll start by placing a keep and using your starting cards to build your initial buildings  As the points come in  it fills a meter that allows you to generate new cards that you can select from two categories in the pool of things like  village    farm    forestry   and so on  It s up to you to decide which buildings will best fit the resources you have available on the map and will net you the most points  However  that s only the first step into the depths of what is initially pretty simple   Maximizing your score merely starts with getting a gold medal on a map  The ability to keep playing once you ve achieved that lets you fly by that metric for as long as you have cards to place  The game limits the number of cards you receive by making each additional hand require more points to earn  so it s also important to push for big points early if you want to keep going  This is where the game starts to add more depth   It s important to anticipate specific card synergies that unlock as you go and build your city around them  For instance  buildings like Markets and Chapels can net huge individual boosts of points if placed around the right buildings in their circle of influence  Correspondingly  buildings that benefit from their placement will also gain more points from their influence afterward  It may be the case that you build in a way that isn t the most efficient up front  but in a way that lets you gain more points as you unlock more structures for very satisfying explosions of points   There s also the benefit of buildings that combine to make new  better structures that will not only give you additional points but will also provide new synergies for future plays  Merging buildings isn t inherent though  you have to learn what are basically  recipes  for what buildings  and in what formation  create these improved complexes  The basic ones are intuitive like having four adjacent huts turn into a longhouse  Most will achieve this by accident  However  discovering some of the others requires a little luck  but they can easily add to your score chasing capabilities by creating new synergies for bonus points  They also add some diversity to the variety of structures you end up with  which is good both aesthetically and for keeping the game a bit more dynamic   I usually try to wait for the full release of early access games  but this one seemed polished enough to check out  The polish is present throughout  but the overall content is currently a little lacking  Without much diversity in biomes or the construction path you take in free play  TerraScape can feel a little repetitive  I also couldn t shake the feeling that I was in some kind of map editor for Civilization    which of course isn t necessarily bad   just odd  Also  just like Dorfromantik  the longer you play  the more likely you are to end up searching the map for the optimal place to drop a card on a hex  It s usually not that long  but it can be a bit annoying as your island world fills to try to find the last open spaces   What is here though establishes a fantastic foundation for a game that has several avenues for depth  Whether they add to the winding path of puzzles  provide more card options for buildings  increase the number of recipes for merging buildings  create biomes with different properties for buildings  or add whole new game modes  it will all benefit the game greatly and make it more replayable  As it stands though  it s an easy game to get into and enjoy in short bursts for a relatively relaxing city building score chasing experience 
TERRASCAPE,Posted     July EARLY ACCESS REVIEW TerraScape is often compared to Dorfromantik  even called a clone or a rip off  While the general idea is indeed similar   build a world using cards to score points that unlock new cards   it actually plays quite differently   In TerraScape  you have to work with the already existing  randomly generated  terra   Your cards come in different sets of related buildings and you can use the cards in any order  or even buy a new set before you have used all cards of the previous one  These game mechanics make for some interesting strategic decisions  because you can score more points if you plan ahead where to place future buildings and how to make the most out of the synergies between dependent buildings  You will get better as you get to know the different sets of cards  buildings and secret groups of buildings from session to session  If you make a mistake  you can still somehow make up for it by removing a building later   To me  TerraScape actually delivers the experience that Dorfromantik promised   a laid back  relaxing gameplay that has you create a pretty  peaceful world that feels organic  You get rewarded with points for placing the buildings in a layout that actually makes sense within the world and looks scenic  It is like a simplified  turn based version of an economic simulation game  The pretty graphics and the soothing soundtrack complement the experience   If I had to criticize anything  it would be that the readability of the visuals could be a bit better  Some buildings are hard to distinguish from the top down view and it can be a bit tricky to recognize free building spots  Also  it is kind of a bummer that in the free game  you are limited to   sets of buildings  so you can never build a terra that has everything   Still  I highly recommend the game to anyone who likes building games and is looking for a relaxing experience 
TERRASCAPE,Posted    April EARLY ACCESS REVIEW It s a great chill game that is actually quite pretty  There is some strategy to it while that s arguably not the focus of it  There is no time pressure  which is really welcome  You can choose whether you want to play puzzles or just a free game  which are both fun in their own right   Great game that s just really chill and exactly what I needed right now 
TERRASCAPE,Posted    April EARLY ACCESS REVIEW Throw  Islanders  together with  Dorfromantik  perfectly into your Magic Cauldron and say the Magic Word  Abracadabra     Plopp   You just got  Terrascape   but with it s own Special Flavour  Enjoy   
TERRASCAPE,Posted  July    EARLY ACCESS REVIEW I use it to make worlds for dnd settings  Its good
TERRASCAPE,Posted  June   EARLY ACCESS REVIEW Not the developers fault  but I bought the games journalism marketing on this one  and believed it to be kind of like  Dorfromantik    a game which I intensely like  It certainly isn t  Neither it is captivating in it s own way  yet   Especially at this price point this feels unimaginative  arbitrary and more like a mid range puzzle game with focus on randomness  which clashes with the puzzle aspect  than something resembling Dorfromantik  If not compared TO Dorfromantik  it brings very little to the table    making it just feel    vapid  as of now    So where did this go wrong then  It certainly LOOKS like a more involved perhaps  medieval themed version of  Dorfromantik    but it isn t really  I have to say that both the visuals  as well as ESPECIALLY the gameplay let this game down where I genuinely wanted it to succeed and fill it s own niche of sorts   The aesthetics although clean  are very bland and not very distinct  leading to placed tiles just blending together in a mush  requiring you to mouse over them to differentiate what even was placed there to begin with  even worse is that the aesthetic of the tiles just LACKS ANY CHARACTER in my opinion  It just looks    blah  There is nothing fun to it  nothing cute  quirky  DIFFERENT  just the same tile over and over   That is just the graphical design though   what is arguably WORSE is unfortunately the GAMEPLAY  which is the deathknell for this title  at least for me   I barely played   hours and I am already kind of checked out and feel like I have seen MOST of what the game has to offer at this stage  which is RIDICULOUS   The loop of gameplay consists of you just placing tiles in a way that gives you enough points  which are displayed above the tile as you hover over possible places to put it  to draw another set of tiles from a random deck of tile decks that you unlock by generating more points   not a bad idea  but it plays really boring currently  Placing your tiles feels arbitrary  there is no real THOUGHT OF COHERENCY to it  ALTHOUGH THE GAME ACTIVELY WANTS YOU TO TAKE COHERENCY TO OTHER TILES INTO ACCOUNT  Ultimately it doesn t feel like it MATTERS most of the time though whether you place a lumberjack NEXT TO another lumberjack  which is bad   as long as you are getting points  At some point you even start to place lumberjacks on forests  destroying the forest it is placed on  because that is more point effective than placing it NEXT TO another forest  The big feature of this game is that certain arrangement of tiles merge into another kind of tile   cottages forming into a city district for instance   which is again a great concept  but it is never explained HOW to merge these tiles  so it s random guesswork  or you ll read a guide  and then it just boils down to being a complicated chore  It feels so DIFFICULT and just UNNATURAL to create certain merges   cause you CAN T just  have  a forest settlement by placing cottages  lumberjacks and such in a SENSIBLE way on one of the RANDOMLY GENERATED maps  no   it HAS TO ADHERE TO ONE SPECIFIC LAYOUT  This  fit the square peg through the round hole  kind of gameplay mechanic leads to you either never merging ANY forest settlements  or for you to basically DESTROY THE TILES that would make the forest settlement make thematic SENSE   placing cottages on the remaining forests in order to merge the tile for instance   I REALLY wanted to like this game  but it feels just so vapid  Tile placing is a complicated chore that feels unrewarding and arbitrary at times  the graphical style is bland and just not evocative enough of something you d want to see and some stuff like upgrading your keep basically amounts to    nothing really  Sure it s EA and there might  hopefully  be some improvement  but for me it s bordering on overhauling this game from the ground up  in order to iron out it s flaws   for me at least   AND ESPECIALLY AT THIS PRICE POINT 
TERRASCAPE,Posted  April   EARLY ACCESS REVIEW Summary and praise The game is about placing buildings to generate points  which allows you to draw new buildings while also expanding every draw with new cards  Its an expanded version of Islanders  a bit more expensive too  but coming with far more content and features  including online play   The game plays mostly very well already  is fun  allows for a lot of puzzling thinking and experimenting on what you want to focus on  It looks ok  even good when zoomed out  gameplay isnt too complex  but works well to be fun and providing replayability  Theres a puzzle mode challenge mode  where you have to solve a puzzle to get medals  There are scenarios with limitations and specific goals and open games with   mapsizes and randomly generated maps  including an option to use seeds    All in all  its a good game  its fun  not too expensive  simplistic and interesting at the same time  The roadmap promises more and there are good additions  The multiplayer alone is already a big plus  If you like games like Dorfromantik or Islanders  its certainly a good pick    The visuals    Too stale  Theres no people walking around  wildlife is limited to static deer and an occasional bird  A bit more vibrance would help a lot     Lacking landscape variety  Some textures or hextiles are lacking in variety  leading to a quite artificial look of the maps  A few more variants of the tiles could help here  especially coastlines and mountains dont look good     Buildings variety  Maybe     models more for those you place the most  like huts  longhuts or cornfields     Presentation  Lighting  clouds  shadows  weather  Could improve visual quality and atmosphere  Some particle effects and visual effects would drastically improve the look     some buildings  like the Keep  could use some polish  some details and less object ground overlapping     Odd resolution or blurryness  Loading screen pictures are not using the assigned resolution  That means im playing at     p but the game often enough shows me stuff thats clearly lower resoluted and blurry      No quests  I liked them in Dorfromantik as they gave optional short term goals and a direction  Should be in here too     Modifiers  To customize map generation and your session     UI and controls  I often get no response visually or via sound when right clicking to deselect  Often right clicking doesnt even seem to work and i have to press the button several times until it happens     Information flow  Lets say i have a windmill and already placed    cornfields in a circle  When im now trying to find a good spot for the windmill  i only get a scoresummary when hovering above empty land  But since there are cards allowing you to erase buildings  i also would like to know how many points i would get if placing it on a spot currently occupied by a cornfield  But i have to manually count the score     Rewind Undo button  Was a big topic for Dorfromantik too because it comes with a few design oddities  potential exploits and pacing issues  But they found a good solution  so maybe this can too  Its a QoL feature that affects gameplay and balance in away  but its also a QoL feature that might add strategical depth as a positive sideeffect     Selecting a building doesnt give a proper response as to whether it now happened  Similar to the deselect problem  i sometimes am not getting a good response when clicking on a card to whether i now have it selected  I had several instances where i clicked on a card and happened to not have properly select it  Maybe thats a bit of an UI control bug too  but in general the game needs to communicate certain inputs and actions more clearly  Make more use of sound and visual effects  highlighting etc  Yes  this is a polishing topic often done in later phases of dev   but i felt its worth to note it down as i think it can be solved relatively fast  to create a better userexperience     Backwards informationflow  Sounds weird at first  means that i cant clock on buildings to see what they are  The game is generally ignoring what has already been placed  which is possibly why this hasnt been implemented  but i had moments in my short playtime  where i wanted to see what a building i see on the map  Is it a Woodcutter or a Hunting Shack  This is important for my next placement  Which leads me to the next point  Highlighting of the same buildings  See  many buildings score negative when in range of a similar building  Like a Windmill getting minus score if too close to another windmill  Now  i have a big map and already placed    cornfields and   windmills  when im selecting my  th windmill to be placed  could you please highlight them so i know where i dont have to consider placing it  Thats especially useful for woodcutters and other wood related buildings  They look similar or are blending in with the landscape so well  its hard to see what is already occupied   Highlight them    Im not too convinced about the idea of  place and forget   though  When im placing a woodcutter  i score points depending on the conditions at the moment of placement  Surrounded by   foresttiles     points  fine  Plunked down   But from that point on  this placement doesnt matter anymore  I can now safely plunk down huts on the foresttiles around the woodcutter  until no woods are left over for the woodcutter to cut  Now  this design decision makes sense in a way compared to a summary score system aka how Carcassonne works  placing everything first  then scoring   This  place and forget  design is a good choice in one way  because it encourages careful placement  while holding the rest of the games mechanics in place  However  it comes with two glarring design problems they maybe should address in future updates      logical inconsistency    intransparency on how you can generate the maximum score without trial and error   I already described what    looks like  A woodcutter generating    points only to have all surrounding woods be destroyed right afterwards is pretty stupid  I get it  its the essence of creating combos and technically having the woodcutter being there still has an effect on future placements  but there actually could be a solution to this problem  by changing scoring effects a bit more and possibly to implement a few conditions dependancies to certain buildings   Scoring could be changed in a way  that for example plunking down buildings on the woods  in this example  would result in a higher score penalty  which scares me away from touching them  The game knows its stupid to erase the woods because theres a woodcutter  but instead of changing the woodcutters score value in reverse  future placements on these woods should be worth less  while the game checks the dependencies of other buildings around my placement  Dorfromantik has a clever system where long ago placed tiles can still have an impact on later placed tiles   Now to Point    The problem is that when a building like  Huts  score more depending on how many adjacent huts are already there  it becomes a trial and error fest on the correct order of placing more huts and other things  I had several situations where for the life of me i couldnt anticipate in which optimal order i had to place Orchards to generate the most points  This resulted in me just plunking them down by the optimal order  but not really making an informed decision  Thats something they possibly cant solve  because due to the nature of the games design  the scoring cant know the future of my actions   This can be  solved with     the beforementioned  undo  or  reverse  function and     better overall informationflow 
TERRASCAPE,Posted  April   Product received for free  EARLY ACCESS REVIEW Ut sementem feceris  ita metes   As you sow  so you will reap   CICERO  Welcome to TERRASCAPE   Dear reader  imagine a world  A world of untouched nature  Forests  lakes  mountains  all in hexagon form  The last One got you  didn t it  Be honest  what where you thinking at this Moment  Panzer General  Battle Isle  Heroes of Might and Magic  Let me clear this from the Beginning  we are here not talking about a wargame  TERRASCAPE is about Creation  So  dear Reader  let s have a look at it   In the Beginning you can choose between   Gamemodes  The Challenge Mode and the Free Game Mode  In the first One you have to master tasks  Each Time there is a Goal you have to reach from minimum to maximum Requirements  From Level to Level it gets more and more challenging but never unfair  Think     before you move  In the Free Game Mode you have the Freedom to create what you like  Choose your Landscape and be ready to create your own City     So much to the Modes  now to the Gameplay  What is TERRASCAPE about  In TERRASCAPE you have to earn Points  You will get Points from the best Placing of different Structures  This Game works with Carddecks     You get a Deck  for example Forestry  In the Beginning you get a Lumberjack and must place it as good as possible to get the maximum of Points  Placing a Card is mostly a field of   Hexagons  one in the middle and   around  It goes without saying that you do not place something like that at the Beach  so try to get as much parts of the Forest to get the Points  The more you earn  the faster will your Keep  that you place at the Start  level  On this way you will unlock more and more Carddecks from different structures  In the Beginning it is easy  because the Landscape is untouched  Later when you set your Cards  they will overlap sooner or later and then you will have to deal with negative effects that will lower your Points  so think wisely   The Gameplay is wonderfull fluid and you can easily zoom or turn you card  The Graphics are also really  really wonderfull  So many details  so much to see and that guided with a nice Soundtrack without hecticness  There is no Timelimit  this is a turnbased Game  Take your time  think carefully and enjoy the Atmosphere     TERRASCAPE is similar to DORFROMANTK  but has it s own style  The Game is a clever Mix of Puzzle and Townbuilding  well balanced and never unfair  I enjoyed every minute and it has the legendary  Just one more Turn  Effect  TERRASCAPE is one of these Games that can make you addicted for it  And that for an absolutly fair Price  Yes  TERRASCAPE is in Early Access  so there is more to come  but there is already enough for many hours of Fun here   A very big thanks to the developer for inviting me to this addicting Journey   And thank YOU for Reading 
TERRASCAPE,Posted  May    EARLY ACCESS REVIEW A beautiful strategic city builder with engaging elements and a wonderful hands on dev team who have big plans and a whole load of talent  Finding TerraScape during its last wave of playtest was lucky  it played smoothly with charming details and is the perfect blend of relaxed And challenging  I ve seen the game flourish during the last   months alone   multiplayer  undo  new buildings  graphic improvements and countless changes and fixes based on feedback  This is the first phase of Bitfall s roadmap and with so much more on the horizon  plus their appreciation of community input  I m excited to see what the future holds for TerraScape  Thank you devs for your efforts and passion to share this gem with us   
TERRASCAPE,Posted  May    EARLY ACCESS REVIEW Beside some technical things like missing Anti Aliasing and overall mediocre performance the game is in its foundation so far pretty good and can be quite challenging  With more to come its worth the buy right now    
TERRASCAPE,Posted  April   EARLY ACCESS REVIEW First impression  Very impressive   Beautiful music  stunning graphics  intuitive UI and very enjoyable gameplay  The learning curve is very low but I can see that this game will become challenging once you set out to beat your own highscores  I really like the fact you have a lot of options when it comes to map generation and even though I just started  I already feel its a bang for your buck  For an EA game  it is quite polished already   If you are looking for a relaxing puzzle type building game  similar to Dorfromantik  you have found it     First edit    Still loving it  Recommendation for new players  Use the Singleplayer challenges as a tutorial  They are short but really teach you how to get the most out of each card 
TERRASCAPE,Posted  April   EARLY ACCESS REVIEW It needs said that this game brands itself as a city builder and it s not the first game of it s kind to misrepresent itself  This  to all intents and purposes  is a puzzle game with a point based system  To better put it  this game is a combination of Dorf Romantik and Homewind  more closely resembling the latter   You are given a random  limited deck of tiles to work with and the objective is to place the tiles in ways that yield the most possible points  Sometimes those tiles work in tandem to produce more points when placed closer together  It s mostly dependent on the type of tile and the resources on the map that tile pulls from  It is also possible to lose points by placing certain tiles too closely   It s a VERY simple premise  and it s important to understand that there is no actual city building happening in this game  If you are expecting deep systems and city building elements  you just aren t going to get that here  Just know what you are buying and you may enjoy it  I do 
TERRASCAPE,Posted  May    EARLY ACCESS REVIEW Steam achievement                 I dont think it s worth the money when there are comparable games out there cheaper  The multiplayer function seems unnecessary and redundant  I do think the learning curve is well paced given the genre and I liked the merging aspect  I never really needed to demolish so ended up holding just cards and cards of demolish on my deck  On a related note   didnt enjoy missions to demolish a certain number of buildings  Just build  demolish  build in same spot  Dont like being rewarded with points doing that  Didnt use the rotate function either  Seems like a lot of work has gone into aspects that arent really needing when I m just keen to have more than   sets  Glad they are coming soon  Until then the early access is a bit too early to be rewarding 
TERRASCAPE,Posted  April   EARLY ACCESS REVIEW this game has potential but there is a long way to go before the puzzles are engaging  it s actually kind of hard to tell what you ve placed where because everything just blends in and you can t click on things for details or a reminder as to wtf it is  pass until no longer EA
TERRASCAPE,Posted  April    EARLY ACCESS REVIEW The game is a visually appealing score optimization puzzle  You basically select a building and then hover over each tile to see where it gets the most points  You do this with each building  checking each tile you previously covered again because you placed new buildings  which changes the bonuses   There is probably a lot of hidden stuff later in the game  but there isn t anything on the screenshots I haven t encountered in my first hour of playtime  actually  I saw a lot more than that    While overall it s an enjoyable experience and the graphics are very pretty  the underlying gameplay mechanics are very simple   If you enjoy catching the highest number as you hover over the map  you will like this game  If you expect an in depth city builder  there is nothing remotely close to that here 
TERRASCAPE,Posted  April   EARLY ACCESS REVIEW This game is more of a puzzle builder than a city builder  It took me a couple plays to realize that I have to plan my spaces for later in the game to maximize my points output  I m not a huge fan of city builders  but I love games like this  where you can get exponentially more points based on how you lay out your tiles  There is an element of   if you build these four buildings in a specific arrangement  they will upgrade  I like the strategy element  In its current beta state you can see that there is more to be fleshed out in the game  and I look forward to that 
TERRASCAPE,Posted  April   EARLY ACCESS REVIEW TerraScape is an amazing city builder that has a great sit down on your Steam deck and just chill feeling  While the concept the game has isn t      new  the graphics  sounds  and amount of challenges the game has already in Early Access at the time of this review is amazing   I ve been enjoying the free play mode now since I finished the campaign puzzle mode that not only teaches you about each card  but it has a bit of a challenge to each level when you get closer to the end  which was a great time  No world is the same too during free play mode since the game has a seed system  unlike other games where it s a blank board and you fill it up  TerraScape has the world made  and you build within   The only questions issues I have are     Is there an indicator I m not seeing where it says if the cards at hand are about to merge together   Other than knowing it s   of the same cards near one another that ll merge once you place the fourth     And the only  issue  I ve come across was around optimization  which I can see from the devs current roadmap is on there  The game runs great  but at times zooming out can lag the game a bit  and placing a few cards in the same area around the same time can cause lag too   I only have a few suggestions     Would like to see a new variety of map tiles for the world being around the animal game ones instead of just deer  and the same goes for the trees  etc  Maybe a weather change system within the seed that can be winter  spring  fall  etc     Some card and world tile addons I d like to see would be characters people on the cards walking around or doing their tasks as a farmer  hunter  etc     The ability to click on an already placed card and see its grid like you can before placing it down  At this time you can only see it s name     Have the houses and villages change a bit too when you upgrade your keep  Just seems strange when the keep changes to a whole new looking card castle and the ones around it or connected to it don t
TERRASCAPE,Posted  April   EARLY ACCESS REVIEW Even in its current early state  this is a fun game and worth the price  imo  The puzzle mechanics are strong  the game links the building synergies together in a web and the building transformation mechanic is fun  The demolition mechanic is good  and allows you to in a remodel your city with more advanced relevant buildings  Exe deleting town squares in favor of markets and chapels  Or as your town center expands destroying lumber camps that were once out in the wilderness to make way for more houses  It makes it feel like your city is growing organically  I will say it can feel a little cheesy to be able to just demolish a building and replace it with another copy of itself to get more points  The game does require planning and strategy  but its not punishing about it  making it a pretty relaxing experience   I can definitely see areas of expansion and improvement  though  as to be expected for early access   There s a lot of room for additional buildings  perhaps ones that are placable on river tiles or do well on the coast  those tend to be blank areas on my maps   Also  more higher level buildings like the monestary and chapel  Plenty of ideas occur to me off the top of my head  lighthouses  bakers  bridges  water mills   and the core gameplay is strong  so I think the makers of this game won t have a problem adding interesting buildings that don t feel repetitive mechanically   I also think the aesthetics could use some improvement  The art style is nice  I just think it needs more detail  Part of the fun of these games is to sit back and admire your work  I will spend plenty of time on Dorfromantik or Cities Skylines just watching my city   So I think more detailed animation would help make this game more immersive  Like  have little people with the buildings  or add weather 
TERRASCAPE,Posted  April    EARLY ACCESS REVIEW Fun little  puzzle builder  most similar to games like ISLANDERS and Dorfromantik  like others have said 
TERRASCAPE,Posted  May    EARLY ACCESS REVIEW As you progress and lay more tiles  the game crashes too many times  Until that is fixed  I could not recommend this game  It could be a nice way to burn a few hours of time playing  but the constant crashing takes the fun out of the game 
TERRASCAPE,Posted  May    EARLY ACCESS REVIEW Fantastische puzzle citybuilder met erg mooie graphics en erg gevarieerde gebouwen   Wel jammer dat er geen dag en nacht cyclus  geen weer effecten en geen mensjes te zien zijn  Maar wie weet komt dit nog wel ooit in de nabije toekomst   Tip voor mooie screens   H  om de UI aan en uit te zetten  Met de middelmuis kan je de camera kantelen en draaien naar jou ideale foto  
TERRASCAPE,Posted  July    EARLY ACCESS REVIEW Super casual city   settlement builder with deck driven mechanic which keeps this interesting  Not challenging  but perfect when you re looking for     hour chill session with Dorfromatnik vibe but with a little puzzling to it  Graphics are average  nice animations Audio is great Maps and tile sets are really creative
TERRASCAPE,Posted  April    EARLY ACCESS REVIEW   hours already  times fly in this kind of games  This is a good strategic builder game and for around     you will spend some good time  You will need to place your card in the correct order and spot to get the maximum of it    Between you and me do not hesitate to use the demolition card sometimes     
TERRASCAPE,Posted  June   EARLY ACCESS REVIEW This is a very fun and relaxing city builder game that almost reminds me of Catan  Highly recommend if you re looking for a chill and slightly strategic game to kill time  Can t wait for more content
TERRASCAPE,Posted  April   EARLY ACCESS REVIEW Okay  so I picked this up at release  and I ve only played it for less than an hour at the time of writing  I can t give this game a comprehensive review by any means  What I can say is this  TerraScape is all that I wanted from Dorfromantik   One of my biggest problems with Dorf was the absolute lack of control you had over what tiles the game gave you  It was entirely up to RNG what you got  and you had to use the tile immediately in normal gameplay  If the game gave you a load of four way railway tiles with no other features on them  then tough sh t  You better find somewhere to dump them that doesn t mess up the challenges you were working on  and it ll gimp an entire corner of the playable space for the rest of that game  Who cares if you had a strategy  or were trying to expand out to an unlock  or just wanted to build a nice looking world  You can shove all that where the sun doesn t shine   So I when I watched some preview gameplay for TerraScape  I was quite pleased to see that it actually gave the player some agency when placing buildings  You choose a card pack  and the contents of that pack are randomised based on what you ve unlocked  Enough RNG to provide you with a challenge  but you can still strategise and work towards certain goals  No beating your head against a brick wall trying to work with solely random chance   Anyway  I give this a      so far  will update this review when I ve experienced a bit more and got some concrete opinions 
TERRASCAPE,Posted  April   EARLY ACCESS REVIEW  
TERRASCAPE,Posted  July   EARLY ACCESS REVIEW Great chill puzzle game 
TERRASCAPE,Posted  May    EARLY ACCESS REVIEW The new merger buildings give it a few more twists and turn and ofcourse fun
TERRASCAPE,Posted  April    EARLY ACCESS REVIEW it is nice game but there is no drawback in the game  whatever you do you continue developing your village town  or i could nt encounter 
TERRASCAPE,Posted  April   EARLY ACCESS REVIEW Cozy city building game  Looking forward to more buildings and perhaps a Sandbox Mode 
TERRASCAPE,Posted  April    EARLY ACCESS REVIEW like everyone else already said  it is a very relaxing Game which is exceptional at taking the wind out of a otherwise maybe busy day  Challenges aren t too complicated and everything is quite pretty to look at  also very lovely music 
TERRASCAPE,Posted  April    EARLY ACCESS REVIEW I ve played many hex shaped building games and this one is most fun trying to top your own design and building the best possible city  The game can be a bit stressful trying to figure out placement  but maybe you re not into strategy but aesthetic views  The game gives you a variety of construction 
TERRASCAPE,Posted  June    EARLY ACCESS REVIEW This is a lovely game with a lot of promise  but in its current state there is no where near enough content to keep me coming back  Additionally  for such a simple game it has some real slowdown issues when moving tiles around 
TERRASCAPE,Posted  September   EARLY ACCESS REVIEW I love this game  I was looking for another game that gave off Dorfromantik vibes and this is similar but with enough differences in gameplay that it s a unique challenge  I ve gotten to the point where I ve unlocked all scenarios maps and will be continuing to better my scores and work through the achievements  Solid game 
TERRASCAPE,Posted  April    EARLY ACCESS REVIEW Not bad  Not great  Puzzle game  Has nothing to do with a builder  Also lacking some depth  Looks nice and for an EA version it seems pretty solid 
TERRASCAPE,Posted  October    EARLY ACCESS REVIEW Nice music  Nice artstyle  But just not that fun 
TERRASCAPE,Posted  August    EARLY ACCESS REVIEW Very fun game so far  Ran into a few bugs  but it s in early access so it s to be expect  All in all  very much looking forward to the full release 
TERRASCAPE,Posted  April    EARLY ACCESS REVIEW I m not giving this game a positive review until they include an undo for accidental clicks  I hate having to restart because of a double click 
TERRASCAPE,Posted  September   EARLY ACCESS REVIEW relaxing hybrid of Dorfromantik and ISLANDERS
TERRASCAPE,Posted  October    EARLY ACCESS REVIEW I have played this about seven hours now and it is quite a fun game  the challanges go from easy to slightly hard  the puzzle mode is nice and gives a look on the things you can play open in the main game  For me though the multi player isnt working at all and shows a empty field   But overall a very nice game in early access  relaxing music that fits the game  graphics are pretty nice and with the Halloween update adds a bit of diversery but kinda had hoped on some Halloween themed building but sadly that didnt happen
TERRASCAPE,Posted  April   EARLY ACCESS REVIEW I ve only played single player so far  starting to work my way through the various challenges  Chill enough game with just enough challenge to make it fun  The merged buildings are kinda neat to build  still trying to figure out the  th one   but it s fun  It would be cool if there was a way to turn on various  layers  to more easily identify the different buildings   like a mining or village layer   or even be able to highlight the various building types themselves   quarry  fishing net  house  etc    by the hexagon 
TERRASCAPE,Posted  April   EARLY ACCESS REVIEW Pros    Half Civilization Hex City Building   Half Islanders points system   Okay progression system to getting new buildings   Fun map layout   Interesting idea with building merging   Fun puzzles  although I wish it was longer  because the puzzle mode  I think it was the puzzle mode  only covers a handful of the buildings  But it was good to show the relationship between the buildings and the points   Cons    Albeit this is an Early Access game  there are not enough building merges  total four at time of review   Once a building is merged  it cannot be demolished   All other buildings can be demolished using a demolish charge that you get from two of the building merges     Demolishing buildings feels really weird  Currently there are two reasons to do it     you can demolish a building to instantly place a new building or the same building there and get the same  or more  points     you can demolish a building in you need to make room for some strategy  like if you re trying to merge buildings and you have something in the way   Personally  I don t like the demolish system  This game doesn t have an undo command  so the demolish is the closest thing  but it feels really weird to just destroy a building in this kind of game    The buildings are far  far too similar in visuals  I mean  it s really hard to tell what buildings are which  Islanders gets around this by coloring their buildings and making them visually distinct  In Terra Scape  that is not the case  I could put down a Hunting Cabin  Lumber Mill  Orchard  and Cottage all next to each other and I would have to take a second look just to tell them all apart  This is most to do with the fact that all the buildings use the exact same color schemes  which is uh  well  brown and yellow    Some of the buildings are dreadfully boring to utilize  like the town square  while other buildings are conflicting in a not fun way  For instance  taverns want to be by houses  but they also want to be by breweries  which want to be by hops fields  But Hops fields benefit greatly from mountains  fresh water   The problem is that the hex system doesn t support the same kind of set up that Islanders does  Islanders uses a radius around the building  including in the X Y Z coordinates  since there are multiple levels   So using the example of Taverns  it s just not feasible to have a set up where you have a brewery which overlaps and gains points from enough hops fields  while simultaneously being in reach of a tavern that also is in reach of houses  Like that s the ideal  Max points  scenario  but it s impossible to utilize because of the hex system  This is easier to see in game  but basically  the best brewery placement would be in the center of   surrounding hops fields  But hops fields want to be between mountains  so you can t have mountains surrounding a hops field  while also having a brewery in the middle of them  And so it causes a lot of sacrifices to points that makes the whole synergy thing feel rather useless  I think a lot of this could be alleviated by simply increasing the number of hexes that some of these buildings gain bonuses from  but that s also tricky because then those buildings suddenly are getting more points than other buildings that already have larger hexes 
TERRASCAPE,Posted  April   EARLY ACCESS REVIEW Its an interesting gameplay  not sure how long my motivation is for replay the challenging campaign but its nice and have cute medieval village graphics  i like the free   endless mode  its a little bit like Dorfromantik  smooth  chilled and without timeevents  its early acces and got    achievements  from     in   hour  maybe some new modes or models get into it  have fun
TERRASCAPE,Posted  April    EARLY ACCESS REVIEW You don t need to play long to understand that this game is very addicting  and very fun  I don t know what else to say  I could compare it to other games but honestly  that s a disservice  This game is unique and actively fun  Smoke a Bunt  relax  and enjoy 
TERRASCAPE,Posted  April   EARLY ACCESS REVIEW Fun and relaxing  the reason we play video games  right guys 
TERRASCAPE,Posted  April   EARLY ACCESS REVIEW Really nice start to this early access game  It s like a new spin on Dorfromantik  but it s different and challenging enough to stand out on it s own 
TERRASCAPE,Posted  April   EARLY ACCESS REVIEW Relaxing but with enough challenge to keep it interesting  Similar to Dofromantik in gameplay  I love the aesthetics 
TERRASCAPE,Posted  June   EARLY ACCESS REVIEW This is fun  distracting and terribly pun y  Miscellaneous puzzle city builder ish  It s fun  still in early access  but solid so far 
TERRASCAPE,Posted  June   EARLY ACCESS REVIEW Delightful  Exactly the right mix of challenge and chill 
TERRASCAPE,Posted  May    EARLY ACCESS REVIEW Yea
TERRASCAPE,Posted  May    EARLY ACCESS REVIEW Cozy and interesting game I hope they put more content into it because after     hours you saw everything 
TERRASCAPE,Posted  April   EARLY ACCESS REVIEW Very interesting game  Kind of reminds me of Concrete Jungle  The more recent parallel of Dorfromantic has been made alot  but I think  especially with the multiplayer  Concrete Jungle s competitive card placing mechanics are the best analogy  Obviously  the theming is pretty different  so if you like medieval ish better than modern  this might be a better choice for you 
TERRASCAPE,Posted  June    EARLY ACCESS REVIEW Can only praise this game  It s small  but fun and engaging  It s a perfect pick me up for a short        minute session as well as having the  just one more go  vibe that a truly good game can hit you with  It is soothing  the systems and decks are rather limited at the moment  but that does not stop it from being enjoyable  trying to max out the score by finding that correct placement order and location for each building combo  Very good   it s like a more  serious  mix of Dorfromantik and Islanders 
TERRASCAPE,Posted  May    EARLY ACCESS REVIEW a great tile placement puzzler  distinct from Dorfromantik   more focused on upgrading tiles through careful placement combos  there are small puzzle maps and bigger campaign maps with distinct objectives as well as free play so I m quite occupied trying to get all the goals  It also recently added some QOL stuff which makes it a lot easier to track what s going on 
TERRASCAPE,Posted  May    EARLY ACCESS REVIEW Super relaxing 
TERRASCAPE,Posted  May   EARLY ACCESS REVIEW Very relaxing fun puzzle game 
TERRASCAPE,Posted  April    EARLY ACCESS REVIEW It s pretty  it s relaxing  it s got programmed instruction to ease you in  Looking forward to seeing how it develops 
TERRASCAPE,Posted  May   Product received for free  EARLY ACCESS REVIEW THIS IS MY NEW FAVORITE PUZZLE GAME HANDS DOWN and i want to see it grow big and strong and healthy  literally addicted to playing it between stints of my Paid Polar Bear Job  i am waiting with Bated Breath  whatever that means  for updates  even new  skins  on the Maps that are purely cosmetic would be very welcome
TERRASCAPE,Posted  April    EARLY ACCESS REVIEW This game needs more reviews  so here I am   In a word  fun   In more words  I wanted something similar to  but not identical to Dorfromantik  This ticks that box  In comparison to the aforementioned game I appreciate how the deck based system gives one multiple choices of what to place next  Maybe I m weird but this makes the game feel a lot less claustrophobic  Also  this art style is real gud   Anyway   scape that Terra 
TERRASCAPE,Posted  April    EARLY ACCESS REVIEW Relaxing puzzle game  The first time around the different maps introduce some new elements  but generally not too challenging  The early access versions runs smoothly  I didn t see any bugs  Might be a bit short for the time being  but more decks are announced already 
TERRASCAPE,Posted  April    EARLY ACCESS REVIEW Love this  It looks great  feels a little old school nostalgic  in a good way   has great music and overall a very cozy  relaxing vibe  Perfect with a cup of tea   Hoping they ll add bigger and more diverse landscapes  more challenges and more building types 
TERRASCAPE,Posted  April    EARLY ACCESS REVIEW A nice game  well worth the price imho  As other reviews stated pretty much a combination of  Islanders  and  Dorfromantik   But the replayability is much higher due to the scenario s and puzzle challenges  I am enjoying it so far   Points of improvement    See what score you would get on locations which are already occupied  especially when you have a demolition card in your hand    Being able to see where the same type of buildings are already placed  as they often deduct points    Maybe also highlight tiles which give points  so there is better visual indication where a good placement would be   More location variety would be good  now sometimes certain areas look really  really similar    Would be nice to have some sort of option to dredge water or destroy mountains  That would give another strategy option    More decks and puzzle challenges would be nice  but they seem to be in the making
TERRASCAPE,Posted  April    EARLY ACCESS REVIEW Really beautiful and relaxing city builder   puzzle game with plenty of visual detail to admire   Love the music  the general aesthetic and the gameplay of building and puzzle elements to go for that ever more optimized building placement   I hope this will get plenty of more content to come as you go through the upgrade chains fairly quickly 
TERRASCAPE,Posted  April    EARLY ACCESS REVIEW My fianc  and I both picked this game up last night  and played the PvP mode together for almost   hours and had a great time  Relaxing  competitive and a very fun concept  Can t beat it for the price either   For a newly released Early Access game  there s actually quite a bit of content available and it is very playable in it s current state   Can t wait to see how the developers evolve and add to the game further 
TERRASCAPE,Posted  April    EARLY ACCESS REVIEW You use cards to place world tiles and wing points and get a high score Great game if you like relaxing and beautiful puzzle game 
TERRASCAPE,Posted  April    EARLY ACCESS REVIEW I just played this for an hour and already decided I ll be playing this for years  Please buy this game 
TERRASCAPE,Posted  April   Product received for free  EARLY ACCESS REVIEW Walkthrough   YouTube  Video  TerraScape Gameplay Walkthrough Part      Views        We re playing TerraScape in this video  In this part  we ll be playing through the levels and covering everything that s important  About the game   In TerraScape you build your own dream city    It s a great City Building game but there is a massive learning curve to it   You will fail a lot but that s only way to learn in this  It s You can place buildings on a tile but each tile has some effect that will impact the other types of tiles around it   hence you must very carefully choose what tiles to place and where   It has   game modes  one with small challenges while the second one is a free mode where you can play at your own pace  That one is more fun   Rating          Good Game  
TERRASCAPE,Posted  May    EARLY ACCESS REVIEW Great casual game for strategy folks  Good mix of deck management and city building  Love the game  cant wait for more decks and layouts
TERRASCAPE,Posted  April    EARLY ACCESS REVIEW Solid game  Needs more content to be a great game 
TERRASCAPE,Posted  April    EARLY ACCESS REVIEW This game is good  unlike my math 
TERRASCAPE,Posted  May    EARLY ACCESS REVIEW Really nice  IMHO better than Dorfromantik  There is only one problem that keeps me from playing it for longer  It utilizes my PC  Nvidia RTX       to      even on lowest graphics details  so that all fans get very noisy  wasting a lot of energy  I hope this problem gets fixed soon  so I can play it more 
TERRASCAPE,Posted  May    EARLY ACCESS REVIEW Being very picky on colony sims and city builder  Terrascape shines entirely different than Dorfromantik or Paranoma for example  Its a cozy game with amazing graphics  but I would love to see if they added a but more life to it  I meant clouds  a little population and weather or may be day night cycle  But so far a good start for this kind of game  Looking forward to updates 
TERRASCAPE,Posted  June    EARLY ACCESS REVIEW This game needs more     there s plenty of potential for the game to grow to something really lovely and offers replayability but right now as it stands   Not worth it 
TERRASCAPE,Posted  May    EARLY ACCESS REVIEW Interesting puzzle game  with card decks and hex tiles   Fails to have any real depth  same deck of cards same approach to game play  with some different maps   Due to this  sadly I will have to thumb it down 
TERRASCAPE,Posted  May    EARLY ACCESS REVIEW After you play a couple of games  it gets very boring and samey 
TERRASCAPE,Posted  May   EARLY ACCESS REVIEW It appears pretty  but it s essentially a mobile game at heart  I really can t justify anything more than a    purchase for something like this 
TERRASCAPE,Posted  April    EARLY ACCESS REVIEW nice city puzzler  after    hrs I ve done all challenges and completed all scenarios on gold level  more content is needed and leaderboards would be great  more complex than dorfromantik but still as beautiful 
TERRASCAPE,Posted  June    EARLY ACCESS REVIEW Cool game  but it keeps crashing  The save function does not seem to work correctly either    if I try to save my progress as I go  in case it crashes  which it inevitably does   it s never the latest save the the game loads  
TERRASCAPE,Posted  September    Product refunded  EARLY ACCESS REVIEW It looks very nice  it plays well  it requires a decent amount of planning  It s a good game if you like this type of puzzle city builder  I don t  but someone certainly will 
TERRASCAPE,Posted  April   EARLY ACCESS REVIEW Overall really enjoyed what time I ve spent with the title thus far  I enjoy the various combos and the fact that there are nuances to the rules that makes multiple play throughs more enjoyable given you opportunity to discover new things each go around  I also like the demo system that rewards you even more so for making smart moves   If I had one negative for the game that I hope the dev s tweak is the board visuals for identifying which spots are open  It can be hard to find an open spot as you progress because there is no visual telling you what s available that doesn t require you to be moused over the tile 
TERRASCAPE,Posted  April    EARLY ACCESS REVIEW For what it is it s well done but after    hrs of play I now find it boring and won t be going back soon  The graphics are great  the game play relatively user friendly but not particularly challenging and  after you grasp the principles it quickly becomes boring  Most of the AI generated maps are similar  In fact  I kept thinking this looks familiar  The challenge  best placement of homes and businesses  simply isn t that great or interesting  There are no  people  moving about so every town you create is a ghost town  There are deer that stay in one spot and feed and the ships move about a little  It has a nice look but  in the end it s boring  I did not play multi player but I really didn t feel that would add any interest  The game is a work in progress and I ll check back to see what s been added but the basic premise isn t that interesting   IMO 
TERRASCAPE,Posted  April    Product refunded  EARLY ACCESS REVIEW The game is way too simple  I played   hour  and I pretty much saw everything the game has to offer   Like Islanders  this game give you a deck of new pieces to place on the board every time you achieve a certain number of points  If you don t get enough points  it s game over   But different from Islanders  there are few buildings in total  so there isn t much going on here  The game also added a demolition option  which makes it very easy to score huge points later on the game   The idea of the game is good  but right now  with one hour played  I didn t felt like I m gonna invest any more time playing it  so I asked for a refund  Maybe later the developers will include way more stuff and make this game more interesting and more challenging         dollars for this is way too much  If the game was around     dollars  I could keep it in my library 
TERRASCAPE,Posted  September   Product refunded  EARLY ACCESS REVIEW My friend who I play CS GO with said if I post a review on TerraScape and it gets    likes and    Awards that he will buy me a RTX      and   Kilo of Lemon   So im just gonna leave this here  Help a brotha
TERRASCAPE,Posted  April   EARLY ACCESS REVIEW When I start a multiplayer and play with a friend  I win with like     points  I just build like   houses and   lumberjack and had a bit more points but the game is over and I won  The game didn t even started  Dont know if its a bug or not  But this makes the game for me unplayable  There are no settings for the multiplayer  with win conditions or something  My first impression was bad  I think I will wait till the full release 
TERRASCAPE,Posted  October    EARLY ACCESS REVIEW Nice Game  but some Performance issues with big Maps   
TERRASCAPE,Posted  April   EARLY ACCESS REVIEW I love it  looking forward of upcoming contents 
TERRASCAPE,Posted  April    EARLY ACCESS REVIEW A mix of Islanders  Dorfromatik  and Zen World  with some of the feel of Foundation thrown in  The right mix of ambience  puzzle solving  and longer term strategy to play something that s relaxing but not brain dead  The progression system within each run both feels immersive and gives a nice challenge  There s enough RNG to prevent things feeling overly repetitive too quickly  but it doesn t feel unfair either   There is however not that much content in the game yet  Frankly  it feels like an extended demo more than anything as there are limited number of map tiles and buildings  I don t think it would take more than  h to get gold medal for every scenario and challenge  and less than half of that to see all the game content  While it runs smoothly  if a little laggy  for a game just into EA  there are quite a lot of QoL improvements that are needed   As it stands  it s easily worth the       currency of your choice for the state it s currently in for someone who really wants a relaxing  moderately challenging  and pretty puzzle city builder  For everyone else  wait until there s more content and it s been balanced a little better 
TERRASCAPE,Posted  April   Product received for free  EARLY ACCESS REVIEW I Recommend This Game   Gameplay  YouTube  Video  TerraScape | City Builder Puzzles | Indie Game Highlight |   
TERRASCAPE,Posted  October   EARLY ACCESS REVIEW This game was fun at first but became downright just boring and blah after awhile  For one the locking at six decks simply makes the game not fun   I would love to see my map with all sorts of industry and buildings not just corned by six  The map really at first seems great but after awhile you realize you can t see the cliffs all that easy because of others things on the map  if they had a way to filter layers or something   The cliffs really matter and can really mess up merging  Here you think you are going to merge a settlement  oh wait  nope you didn t see that cliff hidden by trees  to bad so sad  wrecked your map and score  start over since you can only undo one turn back   The other problem is that there is more content coming that is obvious but until that time I have no intent on playing because it is a game once the newness is gone  it is gone  I got in the     on the kingdom scoreboard  I wasn t trying  It seems if you get a good score once the map goes out of it s way from then on to never give you a good map again   That is the other thing  the map generator simply sucks  The little islands on the edge that only make it so those spaces are point losers and sometimes there is a bunch  or a ton of rivers  or a ton of cliffs or lots of water or no water  I would love to see some way to be able on the kingdom mode to have a bit of control about what you have and don t have  This is a casual game so make it casual  I would love to see some kind of item so you could add to the edge of the map like an ultra special piece if you do this or that  Nope nothing like that   It just seems like it is a wonderful incomplete unfinished early access game put out there to be beta tested by me 
TERRASCAPE,Posted  May    EARLY ACCESS REVIEW after   game it just collects dust  refunded
TERRASCAPE,Posted  April   EARLY ACCESS REVIEW Terrascaping in TerraScape is fun 
TERRASCAPE,Posted  April    EARLY ACCESS REVIEW A puzzle game  disguised as a city builder  No management of any kind  no people  no sociality  no moving parts  It s just a nice looking tile placement puzzle 
TERRASCAPE,Posted  April    EARLY ACCESS REVIEW Simple enough game with a relaxing quality  you simply place tiles from a deck to gain synergies with other tiles and score points from good placement   but I ve requested a refund as there are many other games like this and this one doesnt offer anything more than an alternative genre  the medieval townscape  
TERRASCAPE,Posted  April    EARLY ACCESS REVIEW WOW   after   min I thought I wouldn t like it and I regret the purchase But than Then I found myself addicted to the game   very uniqe game and relexing game       
TERRASCAPE,Posted  July    EARLY ACCESS REVIEW Its a cool concept  I really like the game BUT it really lacks depth  really needs more combos and deeper unlocks
TERRASCAPE,Posted  May   EARLY ACCESS REVIEW zdsASDASD
TERRASCAPE,Posted  April   EARLY ACCESS REVIEW Nice game 
TERRASCAPE,Posted  April   EARLY ACCESS REVIEW gud 
TERRASCAPE,Posted  July    EARLY ACCESS REVIEW Check out the game ISLANDERS if you want to play this but cheaper and cuter  with a Tetris element   
TERRASCAPE,Posted  July    EARLY ACCESS REVIEW You got ADHD   Try this game  it s the perfect medicine  Put on  Nordic Logde com  and relax your brain  I love it  Already addicted 
TERRASCAPE,Posted  April   EARLY ACCESS REVIEW Its fun for a little bit for a puzzle game  But it will need way more mechanics to play around with and isn t really much engaging at all to play versus other players  But I believe in the potential with right decisions making it more deep  The style and immersion is already great 
TERRASCAPE,Posted  September   EARLY ACCESS REVIEW Do you love the district system in Civ or similar systems like Endless Legends and want to obsessively min max every possible adjacency bonus  Buy this game   Do you want to play in a more relaxed mode and get the satisfying chill city builder vibe that you get from Dorfromantic or similar games  Buy this game   Do you like both  and sometimes want to min max the living daylights out of something just for the sake of it  and other times you just want to chill and place tiles  Why are you still reading  Buy this game already 
TERRASCAPE,Posted  September    EARLY ACCESS REVIEW The game needs more polish  there is no feature to destroy build over buildings   Das Spiel muss noch ein wenig weiter bearbeitet werden bevor es Spa    Sinn   macht  Man kann keine Geb ude abrei en  berbauen 
TERRASCAPE,Posted  September   EARLY ACCESS REVIEW The game started crashing about   hours into playing and continues to do so  Tried to get a refund but Steam refuses  saying I hit the   hour limit  No consideration that the last hour of game play was getting the game to reload since it kept crashing  Therefore I cannot recommend this game   and Steam can    better not say  Bottom line   purchasing this could be a gamble and don t rely on Steam to do right by customers who ve spent hundreds upon hundreds of dollars on this website 
TERRASCAPE,Posted  April   Product received for free  EARLY ACCESS REVIEW Yes   YouTube  Video  Dad on a Budget  Terrascape Review  Early Access  
TERRASCAPE,Posted  April   EARLY ACCESS REVIEW It looks pretty but that s about it
TERRASCAPE,Posted  August    EARLY ACCESS REVIEW super boring  No real game loop  Waste your time  sponsored by german taxes 
TERRASCAPE,Posted  October    EARLY ACCESS REVIEW Best so far out of the current available puzzle and build games  Dorfheim Pan orama  in my opinion 
TERRASCAPE,Posted  October    EARLY ACCESS REVIEW Unfortunately I was quite disappointed by this game      I seem to be in the minority of people who just don t find the game mechanism entertaining  At its core it s roughly like this  There are numerous structures that can be placed on the map  and potentially upgraded  Each structure occupies one cell of the hex grid exclusively  You score a few points each time you place or update a structure  The score depends on what is in the six surrounding cells  The total score for placing the same structures in the same grid will be different depending on the order in which you place them  This would be an extremely poor basis for a game if you were completely unrestricted in what to place and where  It s a mathematical optimization problem with an enormous amount of freedom  and certainly not fun for most normal persons  To turn it into a proper game  severe restrictions are imposed  You draw cards that tell you which structures you are allowed to place at any moment  Apparently this works for a lot of people  but it doesn t for me  I think I would find it so boring that even the great graphics and atmosphere of the game can t make up for it      Normally I would have given the game a better chance to convince me  playing a few more hours  But it keeps crashing on me  When I reported this  I learned that the note on the store page that the game is playable on Steam Deck is misleading  The developers don t feel responsible for making the game work on Steam Deck yet  and in fact  in the short time that I tried it  it once froze my Deck so that I had to reboot   I also had two crashes on my Linux laptop  It does not quite satisfy the minimum video card requirements  and Linux is not officially supported anyway   I was also told that the game requires a video card at this time  The game clearly still needs a lot of optimization  and will hopefully get it before leaving early access  I found it rather sluggish on both computers I tried it on  While that is OK for early access  what is not OK is the promise on the store page that this game runs on Steam Deck  when the developers cannot actually ensure this yet  Feedback from the developers is that they have no influence on this  as it is added automatically by Steam based on user feedback   Presumably  a previous version ran more stable  causing Steam to add what is effectively false advertising   They are a small team that can t afford to immediately fulfill the promise that Steam is making in their name   Based on the combination of circumstances  I will  unusually for me  ask for a refund 
TERRASCAPE,Posted  October    EARLY ACCESS REVIEW Pretty good so far
TERRASCAPE,Posted  October    EARLY ACCESS REVIEW enjoyable  relaxing fusion between deckbuilder  townbuilder  and puzzle games  enjoyed the visuals  the planning  the scenario progression  and easy pace 
TERRASCAPE,Posted  October    EARLY ACCESS REVIEW It s interesting to reflect upon how beautiful the landscape is at the beginning of the game  and how comparatively ugly it is at the end when the people have exploited and destroyed the nature     I hope Terrascape   will be a gardening game 
TERRASCAPE,Posted  October    EARLY ACCESS REVIEW I was buying too quickly and not reading enough  I was expecting a different kind of city builder than is offered here so I m refunding  but I don t think it s a bad game  The game is great for what it is  I love the visuals  and the gameplay is well done  But even though I also think Dorfromantik and Islanders are cool concepts  I don t enjoy the actual gameplay and they just collect dust in my library  This would have the same fate  but for anyone who does play Islanders I would definitely suggest this game 
TERRASCAPE,Posted  October    EARLY ACCESS REVIEW Very nice  very chill game  That said  the multiplayer mode could use some more polish  so maybe stick to single player for now  A way to ping a hex and say  I m planning to do something here  please don t mess it up  would have prevented me from accidentally messing up a Trade District my friend was trying to establish  and there were a few other instances where one or both of us was confused as to what the other was trying to draw our attention to  Though  that might just be me being dense 
TERRASCAPE,Posted  October    EARLY ACCESS REVIEW I m enjoying this game in its early access state  Its fun and beautiful  Excited for the full release   I do wonder why points aren t lost when buildings resources are destroyed   Maybe I m not fully understanding the developers logic here  but something seems unrealistic and overly cumbersome about how this mechanic works   Also  how come I can t upgrade cottages into city buildings  And wouldn t it be great if tiles developed further when like tiles were developed around them  like in games like Panorama where when you put like tiles next to like tiles they level up   I m not talking about the  merge  feature in this game although I do like that    Keep up the good work dev team 
TERRASCAPE,Posted  September    EARLY ACCESS REVIEW Not great  Mostly seems like Islanders but with a hex grid  Maybe this will change as the game develops  but right now it doesn t seem to be doing much different aside from the puzzle maps and more complicated building adjacency scoring  The textures could also use some work  it s difficult to tell all the wood colored building apart at times  there s no overlay for buildings to help with this issue   and this also means everything starts look kind of the same after a while  The game doesn t have enough visual appeal or game play variety  At this point  I would say just play Islanders instead 
TERRASCAPE,Posted  September    EARLY ACCESS REVIEW I love this game much more than I anticipated  It s a chill game where you don t feel like you are punished for mistakes  but if you do plan ahead it can be really satisfying  The graphics are beautiful and fit the vibe perfectly  The music is good too   normally I turn off in game music to listen to my own stuff  but this game I keep it on  I also like that if you have a couple hours you can play a big map but if you only have   min you can play one of the puzzles  which I m working on getting gold on all of them   Trying to figure out the optimum order to place buildings and also discovering new merged buildings has been really fun for me  but it doesn t require crazy amounts of brainpower either  Looking forward to further updates 
TERRASCAPE,Posted  October   EARLY ACCESS REVIEW Solid game 
TERRASCAPE,Posted  October   EARLY ACCESS REVIEW I really enjoyed playing TerraScape on my PC  I only wished it was optimized for my Steam Deck too 
TERRASCAPE,Posted  September    EARLY ACCESS REVIEW Pretty good cozy city builder to chill 
TERRASCAPE,Posted  September   EARLY ACCESS REVIEW Nice cozy game 
TERRASCAPE,Posted  September   EARLY ACCESS REVIEW It s like comfy Tetris with villages and apple orchards 
TERRASCAPE,Posted  September   EARLY ACCESS REVIEW no conflict
TERRASCAPE,Posted  September    EARLY ACCESS REVIEW Each time I play the scenarios i enjoy the progression although the gameplay is slightly repetitive after    hours    out of     Pros   like seeing the cities build up and finding good combos    the random seed is a nice feature   decent art and okay interface   runs good on older laptop  Cons   the scenarios are repetitive after   games adding one new deck each time is tiresome at some point   after   games i find myself wishing it was harder   game is a little frustrating at times
TERRASCAPE,Posted  August    EARLY ACCESS REVIEW Really fun
TERRASCAPE,Posted  August    EARLY ACCESS REVIEW Thumbs up  keep it up
TERRASCAPE,Posted  August    EARLY ACCESS REVIEW Really fun game  not done yet though so do keep in mind it is under developement
TERRASCAPE,Posted  August    EARLY ACCESS REVIEW sure
TERRASCAPE,Posted  August    EARLY ACCESS REVIEW Great relaxing game  great developers who listens to the community  Newest update adds a lot of great stuff  Highly recommended 
TERRASCAPE,Posted  August   EARLY ACCESS REVIEW if you are into boardgames the game is for you
TERRASCAPE,Posted  July    EARLY ACCESS REVIEW Nice  casual  simple yet complex in its own way 
TERRASCAPE,Posted  August    EARLY ACCESS REVIEW A really nice and cozy game that you can just zone out and relax to  I like the graphics more than games like Dorfromantik and it makes the world feel alive and beautiful  It can me challenging but not over the top  It s still in early access but I am excited to see what else what else TerraScape has in store forward 
TERRASCAPE,Posted  August    EARLY ACCESS REVIEW Plays a lot like a combination of Dorfromantik  Anno      and something like Townscaper  Villages develop into lovely little hamlets during gameplay and should one forsake a few points for a more aesthetic appeal TerraScape provides a wonderfull visually pleasing little deck and citybuilder   For its current price  A well worth investment for any fan of the puzzlebuilder genre 
TERRASCAPE,Posted  August    EARLY ACCESS REVIEW After waiting for the devs to add more content  they have delivered  The game is a wonderfully relaxing puzzle city builder  with a chunky amount of content and achievements to keep you interested 
TERRASCAPE,Posted  July    EARLY ACCESS REVIEW if this was a board game  I d buy it
TERRASCAPE,Posted  July    EARLY ACCESS REVIEW Super chillin but brainy  love it   Devs  keep going  whole lotta potencial in hereeee
TERRASCAPE,Posted  July    EARLY ACCESS REVIEW relaxing puzzle game with beautiful graphics
TERRASCAPE,Posted  July   EARLY ACCESS REVIEW chill little city building puzzle game
TERRASCAPE,Posted  July    EARLY ACCESS REVIEW Great game with nice progression and beautiful graphics  The game mechanics are simple to understand and hard to master  I only with the game world would show some humans walking around and doing their medieval life
TERRASCAPE,Posted  July    EARLY ACCESS REVIEW Fun little tile based builder  I like that I can just play at my own pace while watching Twitch or sports on the side  There are interesting synergies to explore when you want to dig into the challenges  Overall I like the game and aesthetic and I look forward to see how it develops 
TERRASCAPE,Posted  July    EARLY ACCESS REVIEW really fun game  with a lot of games like this coming out right now there s definitely some competition that I hope this game can manage to stand out from  but currently I m not  entirely  sure if it does   The random elements are fun but currently do not feel impactful  How to solve that problem in development I m not sure  but when the main gimmick of the game lacks impact there is a problem to solve   I like the art style quite a bit  there are some clarity issues in forest tiles but this is largely negligible  The UI is good I m a fan of it quite a bit  Really clear despite a few mechanics happening simultaneously  the main menu could use a little flare  as it doesn t exactly draw one in to have a column menu on left side  and a huge negative space for the rest until a UI element is clicked  Some illustration or looping video would help that a lot  as well as some engaging music   I m gonna play the rest of the scenarios and then check back every now and then  I m excited to see what the developers end up releasing as I think they have a decently clear vision for a game  and as some ironing comes out approaching release then we might see something great 
TERRASCAPE,Posted  July   EARLY ACCESS REVIEW Great game already but since it is still in Early Access it is definitely noticable that content is missing  I feel like after   hours you have seen almost everything there is to see so far  Of course you play on and hunt for high scores but the diversity of what you can so far is limited   A wish of mine would be that there should be some people running through the city and workers on the farms  The game looks pretty but when you zoom in  the town looks dead and a little empty  Doesn t change anything about the gameplay but it would make it feel more like a miniature world you build than a static landscape 
TERRASCAPE,Posted  July    EARLY ACCESS REVIEW Fun and relaxing little puzzle game  Replaybability is based on improving your high score  Not tried multiplayer yet  so not sure how much that will expand your play time  Would say its roughly    hours of play time right now between puzzles and  free play  
TERRASCAPE,Posted  July   EARLY ACCESS REVIEW Fantastic chilled out card city builder game  Completed basically everything within    hours of game play but non the less it is a brilliant game game play wise and graphically  I wish there was a totally free mode where you could place what you wanted anywhere without restrictions 
TERRASCAPE,Posted  July   EARLY ACCESS REVIEW i am at peace
TERRASCAPE,Posted  June    EARLY ACCESS REVIEW      
TERRASCAPE,Posted    April EARLY ACCESS REVIEW 시티빌더를 표방한 로그라이크형 퍼즐게임  아마 이 설명이 그나마 가장 적절하지 않을까 싶다  재미는 있으나 심시티 같은 시티빌더 게임을 찾는 이라면 추천하지 않는다 
TERRASCAPE,Posted     April EARLY ACCESS REVIEW 컨텐츠 부족
TERRASCAPE,Posted     April EARLY ACCESS REVIEW 시뮬레이션 게임 아닙니다  전략적으로 건물을 조합해서 고득점을 목표로 하는 퍼즐 게임입니다  건물을 짓고 때로는 부수며 점수를 얻어서 다른 플레이어와 경쟁할 수도 있다는 점에서 보드 게임의 느낌도 강합니다 
TERRASCAPE,Posted     April EARLY ACCESS REVIEW 문명에서 인접 보너스 많이 먹기 느낌만 가져온 것 같은 기분 좋음이 있네요 그냥 숫자만 보면서 막 손 가는 대로 눌러도 되는 가벼운 퍼즐 게임 하는 느낌이라서 부담도 없네요          멀티 플레이를 하면 전략성도 나름 좀 더 생기고 심리전도 있고 좋네요  ux만 더 좋아진다면 가볍게 하기 좋아보여요
