title,review
MECHABELLUM,Posted     July EARLY ACCESS REVIEW Kind of like Starcraft or Command and Conquer battles but for old men with no reflexes   I am an old man I highly recommend this game 
MECHABELLUM,Posted     May EARLY ACCESS REVIEW I m old and I can be good at this game  Nice 
MECHABELLUM,Posted     May EARLY ACCESS REVIEW Finally  a game where you can throw ridiculous robot armies at each other  but don t need to commit to RTS levels of APM or time commitment 
MECHABELLUM,Posted     May EARLY ACCESS REVIEW A strategy game that s actually strategic  Lightning in a bottle  I haven t played anything as good as this in a long time  Absolutely check this out 
MECHABELLUM,Posted     May EARLY ACCESS REVIEW Its like that SC  mod  but like better 
MECHABELLUM,Posted    August EARLY ACCESS REVIEW This will be a hot take  I enjoy playing against Bot rather than player  It feels satisfying  not stressful  I simply enjoy every rounds   I hope developers will think about improving PvE aspects more
MECHABELLUM,Posted     May EARLY ACCESS REVIEW Old Man s RTS  While loving strategy games and playing them versus other players it became more and more stressful doing so over the years with all the micro and macro management needed   I really dig Mechabellum with its deep tactical options and it just being an autobattler which I m able to play even if I m not      focussed and energetic  It s an easy to get in and hard to master game and I strongly recommend you to give it a try if you are into strategy   Doesn t feel like an early access game  they need to add more music and different environments though in my opinion 
MECHABELLUM,Posted     May EARLY ACCESS REVIEW I love this game and I hate that   All I ever looked for in a new RTS I so desperately craved I seem to have found in an auto battler    Everything  is here  Economy  tech levels  veterancy  tactics  unit customization  lots of fascinating decisions which make every round of every match feel like it s the big showtime of your life  all the while ignoring all of the issues with APM  interface  lag  and other annoyances  There s even roguelike elements which somehow work to the game s comptetetive benefit  Tons and tons of depth and fun        All in an autobattler with cheesy robots   So disgusting 
MECHABELLUM,Posted     June EARLY ACCESS REVIEW In the center of a Venn diagram between autobattlers  Starcraft  and CCGs  lies Mechabellum   I ve always been too hip a dog to play the lowly autobattler genre  but now I can play Mechabellum AND keep on looking formidable canine cool  Because dozens and hundreds flashy exploding mechs make any genre cool  Much better than its autobattler peers  But how could I be the judge of that without having ever played any other autobattler  Simple  I m a hypocrite  On top of that  the game heavily borrows complexities of RTS  every counterplay and unit placement feels like it matters  Which brings us to the second point   I ve always been too geriatric a dog to dip into Starcraft multiplayer  I just don t have APM for it  But now I can play and be terrible at it without the low APM excuse since the game is round based  indirectly controlled  However  SC influence can be seen not only in a very solid counter system  but in the unit designs  familiar battlecruisers and zerglings very much live on in Overlords and Crawlers  Typical match lasts around    minutes  but close affairs go on longer  Lategame comebacks are very real  so one rarely feels hopelessly trapped in a  lose more  situation   Finally  I ve never played a CCG  that s a lie  I ve played an unhealthy amount of them   so is my first  CCG part comes into play between rounds  both opponents pick one power card  Cards are anything ranging from unit power ups to ion storms and  indeed  nuclear launches  Pool of cards between rounds is the same for both opponents  so          RNG factor is mostly kept in check   Aside from  v  and  v  PvP  there s a survival mode  both single and coop  I probably wouldn t recommend the game if you aren t interested in multiplayer  however   there s just not quite enough PvE meat  Currently  the playerbase is very healthy  matchmaking is instant  You re mostly matched either against people with anime girls Steam profile pics  using the cheesiest  cheapest tactics imaginable  or against people with dog profile pics  usually strategic masterminds and chivalrous warriors   Game looks great  has like a grand total of two music tracks that will get you demonetized on YT  feels fully polished in EA  reasonably balanced for the most part  There s a bit of meta progression in the form of unlocking extra tech upgrade options for units  but it takes    matches tops to unlock everything  Hopefully  will keep on getting more stuff added over the year and reaches the success it deserves  However  if the game  for whatever reason  turns sour  I m coining the name in advance  So the devs better watch out  better not mess this up  I m serious here 
MECHABELLUM,Posted    June EARLY ACCESS REVIEW it s like chess with a bunch of goofy ahh robots that all counter each other in some way or another  so when you set up things efficiently and steamroll the enemy lineup it gives you the big brain
MECHABELLUM,Posted  May    EARLY ACCESS REVIEW All the fun of a RTS without any of the micro  Just what I ve been wanting 
MECHABELLUM,Posted  June    EARLY ACCESS REVIEW Watched brickys vid  Liked the look    Its SO MUCH FUN
MECHABELLUM,Posted  May    EARLY ACCESS REVIEW a game where I actually win against people with Chinese character names
MECHABELLUM,Posted  May    EARLY ACCESS REVIEW I had to uninstall this game  i found the game too addicting and my wife was getting mad 
MECHABELLUM,Posted  May    EARLY ACCESS REVIEW Mechabellum is excellent  I always wanted to like RTS games but could never keep up with what was going on  This suits me as I can focus on the tactics and strategy without worrying that my click rate is letting me down  Worth a look 
MECHABELLUM,Posted  July    EARLY ACCESS REVIEW Do you love RTS but hate the APM needed to play  Welcome to Mechabellum  This autobattler allows you to enjoy the strategical and tactial decisionmaking akin to RTS games in a turn based  calm and collected manner  Love it
MECHABELLUM,Posted  May    EARLY ACCESS REVIEW Played a bunch on the test server before launch  Was positively surprised by the price discount  well worth grabbing at the current price now if you enjoy strategy games   And most importantly  understand that it s an autobattler  though way more strategic and less RNG ridden than games like Teamfight Tactics and Dota Underlords  and it contains visuals and themes akin to games like Supreme Commander or Total Annihilation   If you absolutely despise the genre then skip it  and don t clog up the forums with posts asking the devs to remake the game from scratch as a different genre game 
MECHABELLUM,Posted  May    EARLY ACCESS REVIEW It s good  Still a lot of balance issues but the strategy is there and only minor complaints  There are a lot of dynamic strategies that hard counter each other and a well placed unit can completely turn the tide even from a losing position  Quick game play and lots of fun mechs   Pros    Dynamic game play   high levels of strategy but doesn t tax your APM  great for old farts like myself    Mechs    customizable layouts of the different mechs from an unlockable skill system which leads to more builds   stable with some slight network hiccups after prolonged playing  Cons    Community is saturated with barely pubescent children who think it is cool to drop slurs and talk about rectal orifices seriously  let us mute people or start moderating the public channels    Unit AI is flawed  It will only prioritize that which is CLOSEST and not everything that is in range even if two units are within range but only one can deal damage  It leads to some really cheesy builds that can thwart counter builds so I hope the devs fix that issue   Good game so far  I am looking forward to the finish product        
MECHABELLUM,Posted  May    EARLY ACCESS REVIEW I was hesitant to buy this because its early access   then i played some rounds and realized the gem here  After the tragedies of redfall and sour news about Overwatch    I thank God for the indie developers doing it right and that the future of gaming is really in the hands of smaller developers 
MECHABELLUM,Posted  June   EARLY ACCESS REVIEW Edit             Changing my review to negative  As much as I loved this game  for the last    months with the introduction of the horrible MMR system  some balance patches that encourage the exact same builds meta  etc  it just isn t fun anymore  Check out some of the other negative reviews to get a better idea  but it seems like the player base declining has correlated entirely with these few issues   especially the broken MMR system   shadow mmr system   Really hoping these issues can be fixed because it was a genuinely fun game                                                             Awesome  one of the best auto battlers I ve ever played  Insanely additive  incredible replay ability   To my understanding there really is no other game of this quality that has absolutely ZERO MTX that doesn t allow for some sort of in game advantage     No power is gained through any in game mechanics or credits  all players are always the same exact power with the same options     Only cosmetics  coming  July          Road map for future game plans such as new units  cards  QoL improvements  new modes  etc    Every game has great opportunity to counter play your opponent   Easily understandable mechanics and visuals  not overly complex but complex enough to allow for infinite replay ability   Queue systems already work great  get opponents extremely close to your rating within seconds  and are implementing an ELO system next month  July        Devs have stated game will be F P once it s complete and out of EA  EA owners will receive credits for skins and some rare EA skins   and are committed to never allowing money or in game credits to ever translate into power in any way  shape  or form    Overall amazing game  hope more players continue to join 
MECHABELLUM,Posted  June    EARLY ACCESS REVIEW BOAT  my beloved
MECHABELLUM,Posted  September    EARLY ACCESS REVIEW Watching mechs explode each other just doesn t get old  I m not even mad when I lose  Mechs explode either way  so every game feels like a win 
MECHABELLUM,Posted  May    EARLY ACCESS REVIEW This feels like an autobattler for people who like Battletech or Mechwarrior  There are a lot of degrees of control you have over your game experience  which makes it a pretty solid title for me   The single player content   tutorial give you a decent grasp of the basics  Effectively unlimited time to decide is nice when you re learning the game or simply have a lot of distractions in your life   Permanent mech placement means you re committed to what you do  have a play counter play dynamic with your opponent  and only need a limited amount of things to focus on each turn  Mechs leveling up based on the kills they make is both a resource sink  upgrade costs money  and a way to snowball a bit   Random upgrade card pools to pick from each round  but which are the same for all players  provide another strategic element that s not deterministic  Same as the starter bots and upgrade perk  where you pick one bundle from   options   Meta progression in the form of expanding the available upgrade pool for mechs  but you can only bring   upgrades into a fight  means you can customize things  and try out different strategies   Edit  the survival mode is a nice twist  giving you a changing random pool of   mechs each turn to pick from  as well as pitting you against a different random army each turn  Your mechs stay  the enemy changes  This means positioning and counter play options are very different from the regular game  Mechs getting durability and permadeath when it runs out  with     credit refund on death  again changes your setup and the decision  when  you upgrade  because level upgrades reset durability to full    This mode reminds me strongly of Magic  the Gathering draft game mode  but with mechs   Thanks to Quill   and Cohhcarnage for showcasing this game 
MECHABELLUM,Posted  June    EARLY ACCESS REVIEW This game is deceptively addictive  It feels so simple at first  You pick your units  arrange them on the field  and hit  go   Then they rush about willy nilly and blast the ever loving crap out of each other until one side is out of angry robots  Then the next round starts and all your robots return to do it again  except you can now upgrade them or add more robots  Turn after turn  you and your opponent will try to counter whatever changes the other guy made between the rounds to see who eventually gets the W   It s a very basic  yet very addictive loop  There are a lot of different mechs to place  and each one does a good job blowing up certain kinds of other mechs  It s rock paper scissors machine gun  missile launcher flamewthrower   There are some frustrating elements that you ll have to manage  I ve had moments where I wanted to throttle my mech pilots for doing objectively stupid things  For instance  not every mech can shoot airborne targets  and one might hope that those mechs that CAN shoot flying bad guys might PRIORITIZE them  if only to save their own lives  But no  If your anti air mech is engaging a ground target  it will ignore the flying mech shooting the everlovin          out of itself until it s done with the ground pounder  But even that is part of the charm  You have to place things carefully  and then hope   If you are looking for a fast paced  easy to pick up game that lets you play in a fun toybox of fighting robots  you can t go wrong here  Minutes to learn  and many hours to master  Mechabellum is a ton of fun 
MECHABELLUM,Posted  October    EARLY ACCESS REVIEW Absolute cracker of a strategy game here   Great price  games feel really satisfying and quick   No          that I can see  if I lose it s because I ve been straight up outplayed  which given games are    mins tops usually that means losing doesn t feel bad at all  and winning makes you feel like a smug Napoleon   Plays great solo  plays great with a friend   Side note  this is my   year old daughters favorite game as the auto battle nature of it just means she has to pick her favorite robots and where to put them then count down to  Go  and watch the spectacle and celebrate with her dad 
MECHABELLUM,Posted  July    EARLY ACCESS REVIEW Mechabellum is the unholy union of Totally Accurate Battle Simulator and deck building games that everyone needs in their life   PVP games take between       minutes  the longest I ve ever played was       The built in spectator mode for high rank games is a very fun community building feature  The player base is friendly and interactive   My only real complaints are some poor UI decisions  the chat box is always in the middle of the screen  and cannot be moved  and clunkiness with moving units   Best value I ve gotten from money spent since      
MECHABELLUM,Posted  May    EARLY ACCESS REVIEW Has more depth to it than you d expect when hearing  autobattler    It s a bit of a chessgame and it s actually excellent      hours and possibly     rounds into it i wasn t able to identify any big balancing issues  Seems well rounded so far   The game itself is very fun and is a delight to watch   Easy to learn and hard to master   Only problem it has  ugly UI and lacks some QoL features  Could also have more of an ingame library with infos on the units   Despite that i d still give it a      because otherwise the experience is masterfully crafted   Essential buy for strategy fans   GOTY material  certainly for its genre                        Edit after     hours of play    Unit balance isn t all the way there but they are working on it and they seem to listen to feedback   Big issue with spectator exploits  Ranking system isn t what it should be  Have to lower the rating to      until spectator exploit and ranking system is fixed because it takes away from the longterm replayability  It s not a major issue but it s still below expected quality and i am sure it will be fixed in time   But as is  it s an      in the end of the day  Does not yet make the   
MECHABELLUM,Posted  August    EARLY ACCESS REVIEW Honestly this game is a steal for it s price  I ran into a bug this patch and got in their discord to share it with people  Talked to a dev who spectated me recreating the bug and it was hotfixed in about    hours  That s amazing  The game is incredibly fun  I have a small gaming group and everyone in it thinks this game is fantastic  We ve been spreading it by word of mouth  I would love to see this game grow and thrive  If you like strategy games at all give this one a shot  you won t regret it 
MECHABELLUM,Posted  May    EARLY ACCESS REVIEW Great game  one of the biggest achievements is that all of the units feel equally balanced as they all have their counters  there s no op units per say  Feels good man  been a long time since there s been a game that I m itching to play whenever I m away from it  Really not much to say bad about this game  the lobby UI could be polished a bit  having an agreed fast forward button near the end of the match would be nice as well  In the future maybe factions and more units 
MECHABELLUM,Posted  May    EARLY ACCESS REVIEW Surprisingly well balanced and deep StarCraft custom game mode pvp autobattler  especially for an early access game  If you enjoy stuff like autochess  or rts games without realtime micromanagement this is definitely worth checking out   It will become F P in the future  which is concerning for how this game will be monetized  But it looks very promising 
MECHABELLUM,Posted  May    EARLY ACCESS REVIEW Fun Game After some Development there is less Snowballing and more Rock Paper Scissors Character
MECHABELLUM,Posted  May    EARLY ACCESS REVIEW gratuitous mech battles 
MECHABELLUM,Posted  May    EARLY ACCESS REVIEW I initially bought and refunded   simply couldn t find rhythm  Bought re bought on sale and again was at the  hr   m and considered refund  but pushed through  The game shines at multiplayer either PVP or PVE  horde mode  
MECHABELLUM,Posted  June    EARLY ACCESS REVIEW I never write reviews for games on Steam but Mechabellum deserves it   The game is such a unique take on RTS Autochess  Usually I love base building creating an economy in RTS  and although Mechabellum isn t an RTS in the purest sense    It scratches that itch of big armies going toe to toe with all the joy and chaos that comes with that   If you like RTS games  give it a try  If you like TFT  give it a try  If you just want a game that isn t some twitch shooter or high APM strategy game  give it a try   Can see hundreds of hours being sunk into this already  Can t wait to see what changes they make too 
MECHABELLUM,Posted  May    EARLY ACCESS REVIEW This is by far my favorite entry in the auto battler genre  I played TFT quite a bit in the early seasons but always hated how much RNG was involved with winning  Mechabellum has essentially no randomness  Every unit has a counter and you can always come back  Feels much closer to chess than anything  You figure out some openings you like and your game evolves from there learning how to counter mid and late game plays  For     this is an absolute steal  The strategy is deep and fulfilling with endless replay value  For a game so young in its early access life I m very impressed with how balanced and polished it feels  I m sure there will be some hiccups along the way to full release but I can t recommend this enough  The community is also very helpful when it comes to asking questions or getting some advice  If you have ever been curious about the genre pick this game up 
MECHABELLUM,Posted  May    EARLY ACCESS REVIEW Best game of the year for me and thats why       You can play it    minutes in a hurry or spend a whole weekend day    Cool rating system    Spectate mode with predictions is another way to enjoy  Srsly its good     You can enjoy it at all ages  Everyone will find something for themselfs    Auto tournament system  Holy moly someone finally did how it suppose to be done     Devs are in love with their game and in contantact with every player  Theres many more thing to write   just buy it and you will spend  k  hours in it for sure   My own release of the year        
MECHABELLUM,Posted  August   EARLY ACCESS REVIEW This is a very well done strategy game that has many faceted nuances to it  It takes a bit of getting used to all of the various ways in which you can use  and upgrade units  I m still learning   Also  upgrades can mitigate counters or otherwise change units to fit other roles than their un upgraded form does   Unit positioning is also very key as placing a unit in the correct position can make the difference between winning and losing  Units can t be moved and they will attack the closest unit to them  Thus  it can get frustrating when you want your crowd control unit to target the numerous small  weak units but they end up targeting the big unit since it was the closest   Having said all of that  unit balancing is very well done  I m impressed they are able to make each unit have a purpose and can fit a role  They also do balance patches frequently to try to further even things out   Games are quite quick so it works well for those of us with busy schedules who just want to hop on for a game or two   Overall  I can t say too many negatives about this game  It can get frustrating when you lose battles and you aren t exactly sure why  this can happen frequently in the beginning   The unit placement issue can also get really frustrating at times  nothing worse than not placing your units exactly correctly and having them attack the units you don t want them to attack  this is a skill that comes with practice   However  if you can overlook those issues and learn to play the game well  it is a well done strategy game 
MECHABELLUM,Posted  May    EARLY ACCESS REVIEW This game is tightly designed and addictive as hell  Endless strategy without the need for any reflexes other than quick thinking  If you like the idea of RTS games without the micro  this is made for you 
MECHABELLUM,Posted  May    EARLY ACCESS REVIEW tl dr Don t buy this game for the PVE at this time  but its still a very good game for its price   WARNING  In the early access post they ve announced their intentions to eventually offer as a f p title  Not sure how that will work  but keep in mind your paying     for early access and founders pack essentially   Game is pretty good  with cool aesthetics  robust balance  and fun gameplay  but the PVE modes are seriously lacking  Buy only if you plan to play online and competitively 
MECHABELLUM,Posted  August    EARLY ACCESS REVIEW The launch was promising  but a few months after the start of Early Access there is no progress in the game  The MMR system is atrocious and feels like a matchmaking system from the early days of multiplayer games  Every now and then there are updates  but there is nothing new  just minor tweaks to damage  range or other unit abilities  For a game in Early Access  this is far too little  Small changes are necessary for balance  but at such an early stage of Early Access you would think the developers would have more ideas than changing the speed of a unit by   metre per second  The user interface also needs some attention  The menus are clunky and not very intuitive  Player numbers are also steadily declining  Where  k players was normal in the first few weeks  we are now at less than    k and I can t see the decline stopping until they fix the MMR system and bring new interesting content like new units or unit synergies  I will probably take another look at Mechabellum next year  I hope the developers realise that the current state of the game may not be enough to keep most players motivated in the long run 
MECHABELLUM,Posted  October    EARLY ACCESS REVIEW This autochess reinterpretation captures the old school feel of some RTS games  A great experience 
MECHABELLUM,Posted  May    EARLY ACCESS REVIEW A complex autobattler for once 
MECHABELLUM,Posted  May    EARLY ACCESS REVIEW Let me turn off chat permanently 
MECHABELLUM,Posted  July    EARLY ACCESS REVIEW Worth playing if you enjoy the genre  that being said would not recommend this to a casual audience  I had my fun with it  reaching about top      in the leaderboard which felt like enough time to see how the game would play long term  Also  most of my issues could be remedied with patches  so take the thumbs down with a grain of salt   Main issue is that game s are often determined at the outset as leveling units comes with kills  which results in a snowballing advantage from the outset  While clever play can theoretically get you back in  any experienced player will typically build in a way that doesn t lose this advantage  Given games can take     minutes  it can be extremely tedious to both slowly whittle down an opponent or yourself without any hope of a comeback  An easy fix to this would be to significantly reduce the amount of stats gained by leveling units  as it is far and away the most cost effective action in game   Second main problem is unit balance is somewhat nonexistent  While theoretically each unit has niche applications  some are basically unusable while others are so centralizing you will see them every game  and use them yourself half as much  While all games are imbalanced by nature  the extremely limited number of units means this results in an extremely stale play experience 
MECHABELLUM,Posted  August    EARLY ACCESS REVIEW Currently I wont recommend to buy this game anyone  The Gameplay experience  got after few hours       of Learning   Exploring everything  somehow boring more and more for me  Winning lets me feel just okay and if there was a close fight it s a    Phew  Finally it ended    Relief Feeling  A bit exciting to see if a counter works but mostly neutral experience   What s more  the balance of this game doesn t feel right to me  It s playable  yes  It s just  By countering Opponent  with Tech especially  it rapidly escalates in extreme dimensions letting the game feel often enough really one sided  It s like playing Chess but with the difference that you really feel forced to allready Check your opponent in first   every following turn  It s barely enjoyable this current type of fast build up and get smashed completely down  rethink anew Gameplay Experience  At least those are my clear impressions I can confirm 
MECHABELLUM,Posted  July   EARLY ACCESS REVIEW Before the MMR system was implemented I recommended this game to multiple friends and genuinely loved the game  Since MMR has been implemented the system has decided that I should be matched against people extremely above my skill level  I got started out at      MMR and I am relatively new to the game  I am now on an epic losing streak and haven t been enjoying the game because of how unmatched I am  Before the system was implemented I enjoyed a healthy mixture of wins loses  but it is extremely hard to get better at a game when you are frustrated every time you play it 
MECHABELLUM,Posted  June   EARLY ACCESS REVIEW I have   wins and    losses          when I win though its addicting because I know it isn t RNG completely rockets fly randomly so can t say its completely rng free   but my god when you planned to lose the first   rounds to set up a steamrolling army and you re opponent falls for it is so thrilling
MECHABELLUM,Posted  May    EARLY ACCESS REVIEW Basically a well executed mechwarrior auto battler tower defense  I m not used to that type of game tbh so I cant really compare to similar games but still really enjoying that one 
MECHABELLUM,Posted  September   EARLY ACCESS REVIEW its like all of those star craft user made maps and modes but everything is slick  intuitive  informative  balanced  and the english is only somewhat broken
MECHABELLUM,Posted  July   EARLY ACCESS REVIEW Great autobattler with Mechs  Summon units onto the board and massage your tactics with each turn in accordance with what your opponent expects you to put down as a counter  and what they put down to counter you  Use points to either level up your current units  or buy newer ones   Community isn t bad  everyone I ve played so far gg wp like a sportsman should and seem well behaved   Well worth checking out if you re into mechs and autobattler 
MECHABELLUM,Posted  May    EARLY ACCESS REVIEW Absolutely the best autobattler out there  But it s so much more than putting down some units on a few squares on a tiny  chess board   No  this game is a bigger battlefield  and you are making an army composing of multiple units  in an attempt to either stay ahead  or counter your opponent  This is close to how a combat focused RTS game would feel like  except you position and place your units between the rounds  and then watch the battle unfold   The depth of this game is so much more than first meets the eye  Each unit has multiple tech one can unlock and chose from  plus multiple choices on what exactly to do each round when in a match  All while having limited resources  so what do you choose in any current situation   Great game  and look forward to what more will be added down the road 
MECHABELLUM,Posted  September    Product received for free  EARLY ACCESS REVIEW Very fun game   This is a turn based RTS that kind of plays like a free form game of chess  It has vibes that remind me of the old Supreme Commander series  The gameplay is very adaptive as each turn your opponent will try to counter your attacks so you ll have to reassess and re counter his   Playing with a friend is great too  You can do PvP and PvE matches or play in a survival mode as well  Once you have a decent understanding of the unit types and can fight off the  Insane  difficulty bots you should be able to hold your own in a  v       recommend   Works perfectly on Linux   no tinkering needed 
MECHABELLUM,Posted  July   EARLY ACCESS REVIEW Great game in the lower tiers  Rock  paper  scissors format with upgrades and additional variable play options  That said  once you reach upper tier  they match you against people way above you  that play cheese     Expect unbalanced game play followed by relentless curb stompings     You may go a day where you win back to back matches  You may go a full week without winning any  Played   games a day for four days in a row  losing all    games back to back     I don t mind losing  and I consider myself to be of average intelligence  but once something becomes overly skewed  it ceases to be fun  If you are a masochist filled with self loathing for yourself and others  you will love this game  Otherwise  invest your time and money elsewhere  This is one of those games  that after you ve uninstalled it  you ll feel glad you did  All the best 
MECHABELLUM,Posted  May    EARLY ACCESS REVIEW Great game  Low barrier to entry  but with deep mechanics and well balanced units allowing for many viable strategies  Highly recommend 
MECHABELLUM,Posted  August    EARLY ACCESS REVIEW my robots are so big and they re doing so good im very proud of them   
MECHABELLUM,Posted  May    EARLY ACCESS REVIEW This game is everything I was looking for and then some  An auto battler with serious depth and awesome units gameplay  Has a bit of a learning curve for sure but there is a lot here to sink your teeth into for a long time  and all for      Seriously impressive work by these devs  will put a lot of time into this one 
MECHABELLUM,Posted  May    EARLY ACCESS REVIEW Game is fun but the chat is crowded with toxic ppl and dumb stuff spammer  And you can t really deactivate it  It just comes back  even when you choose to deactivate it  And it sits right in the center of your screen  When they fix this  so I don t have to read the dumb and toxic stuff ppl spam all the time  this will be a thumbs up 
MECHABELLUM,Posted  May    EARLY ACCESS REVIEW Addictive  exciting  deliberate and masterfully executed  There is not much else to say  If you like the excitement of seeing tactical combat play out in real time in an RTS like fashion but you don t really crave the hassle that comes with the genre  fast movements  build orders  stress  this is the game for you   In its current state  it s easily worth the early access entry fee  The game is supposed to go F P after it leaves EA  however  so the final judgement will have to wait until that transition has been made successfully 
MECHABELLUM,Posted  May    EARLY ACCESS REVIEW Interesting auto battler  There is a lot of strategy that goes into this one and you can usually turn around even a losing game   Games are segmented into rounds  where you buy and place your units  who then battle it out  Once placed  most units cannot be moved  so a lot of the game is about countering enemy placements  trying to surprise your enemy by your placements etc  Units themselves can be leveled up for overall stat boosts and upgraded with unit type based perks which can usually also help counter your enemy   Most units have somewhat strong counters  Some units only attacking ground and thus being countered by air  Some units having big damage single target dmg  thus being countered by many small units  who in turn are countered by splash dmg units  Of course this stops being simple rock paper scissors when more and more units get added  so you usually stop having these clear matchups  with a lot of units mixing in   There are also perks you gain after each round  adding some variety to games  All from general stat boosts for your units to special  powers  which have a cooldown  like artillery strikes etc  There is also meta progression with unlocking new unit type perks  each unit has   slots  so you have to remove something to add new ones   I have not played too much and already got plenty tech points which unlock these  so do not be afraid the game is stingy in this regard   Overall definitely recommended  especially when you want to play a more  chill  pvp game  A lot of the game is watching how your strategy is working out  looking for weak spots in your and enemy forces 
MECHABELLUM,Posted  July   EARLY ACCESS REVIEW Players immediately optimized fun out of a promising game  Save yourself the stress from hyper competitive PvP only game and do something else than grind with meta comps over and over just to see your MMR number get slowly higher 
MECHABELLUM,Posted  October    EARLY ACCESS REVIEW Its a fantastic auto battle game  Good Balance  Dont be concerned about it being still in development  Its a       game
MECHABELLUM,Posted  June    EARLY ACCESS REVIEW Look i ll admit i was a little hesitate on this game but bricky said give it ago and i needed a new game  Let me tell you i m not disappointed this game is fun simple but challenging and a great game if you like watching TV youtube etc while you game 
MECHABELLUM,Posted  August    EARLY ACCESS REVIEW Not usually a big fan of auto battlers though this one is actually pretty cool   it does need a ton more units and customisation to really get there   Happy to support it 
MECHABELLUM,Posted  May    EARLY ACCESS REVIEW So the ancient game of Go is renown for its abstract strategy and fluid like nature  You and your opponent are essentially floating down the river of white and black stones where things like build order  apm  and game state doesn t matter  You make a move in an tremendous amount of possibility space  your opponent reacts with their own tremendous amount of possible moves  then you go again  and so on until an outcome emerges  Well my friends  lemme tell you about Mechabellum  the auto battling  large scale mecha version of the game that is thousands of years old  Go   You and your opponent make your moves at the same time  and then witness the battle play out  Standard auto battling stuff so far  but what makes this unique is your pieces are locked in position on the board every turn thereafter  yes  I know there s eventually ways around that  but I m keeping this review at        feet   So if you got whipped in the previous turn because your right flank died early  in the next turn you could add some tankier units to that side  Or if your opponent lacks good air defense  start throwing up some additional air units  That s just two examples of the countless ways you can act and react during a normal game  There s also unit upgrades  unit specialized skills  customizable skill load outs  and even additional bonuses from buildings that are on your side of the map   The only complaint I have is there s no fast forwarding through some of the later game battling  but the animation is well done and it s giant mechs fighting in large scale battles so it could always be worse 
MECHABELLUM,Posted  August    EARLY ACCESS REVIEW I got this game because I like mechs in general and autobattlers to a degree  After playing for some time  this game is just frustrating  Major balance changes invalidate strategies between patches and the  meta  switches to     builds that dominate every match due to poor unit balance  There are however    major problems with the game beyond that   RNG and snowballing   RNG   how the game works is you pick between   cards at the beginning and between every round  The   cards at the beginning are the hero and   units you start with   you do not get the same choices your opponent does  This means they can get options that are strictly better than yours and basically just win the game right at the beginning  The other problem is with the   cards   you get a choice between   every round and you and your opponent get the same card choices  The cards have different powers  equipable items  or upgrades  Based on what you and your opponent are building  some cards can decide the game as soon as they appear  If you draw giant hunter     credits every time you kill a giant      cost  and your opponent has   giants while you have    enjoy being able to spend         more credits than they can every round after that  You can only sell a maximum of   unit per round  using a technology that costs     credits to unlock  so it isn t like they can rapidly adapt to you getting that  I get the reason behind limiting how much you can change your army setup  but it leads to a ton of relatively even games being decided by an rng mechanic   Snowballing   this is when you or your opponent wins the first few rounds and becomes strong enough to where you can t counter them  Honestly most games I play are decided like this  They get a better hero   unit pick at the beginning and then they upgrade their units and you can never come back  There is no good way to reliably come back if you are evenly matched because upgrading a unit  which costs half of the initial unit cost  doubles their health and damage  This leads to whoever is winning early to pull further ahead  since their units get more kills    more xp    more upgrades  and any  counter  you think of can get countered the next round by them  In other autobattlers you face a random opponent each round so there is a chance for you to catch a break  in this one you face the exact same person the whole match   All together  this leads to a very frustrating playing experience  I would say probably     of my games are decided by whoever gets the better unit hero picks right in the beginning      are decided by some lucky card draw  and only the remaining    are due to superior strategy   Final edit  I ve finally uninstalled the game  I kept playing hoping it could be a good  competitive  outlet but was just constantly disappointed  The matchmaking is bad so you get matched with people       MMR  or worse   patches are slow to come out  terrible balance so you face the same   strategies every game  and you get horribly punished for trying anything outside the small meta since skill in this game is     knowing what is meta and what counters what   The first couple dozen hours are decently fun since you  hopefully  get matched with newer people and can try out new stuff but then it all converges and just gets extremely repetitive  The  cool factor  of mech battles wears off pretty quickly with all the flaws  For a non free competitive game  the  staying power  is too poor   just look at the player count over time  I definitely do not recommend 
MECHABELLUM,Posted  May    EARLY ACCESS REVIEW played  h in basically one go           if anything changes to suddenly make the game un fun i ll prolly update the review but cant see that happening  very satisfying auto battler with lots of setups you can mess about with and see what works
MECHABELLUM,Posted  October   EARLY ACCESS REVIEW This game is amazingly balanced with tight  v  gameplay  If you re craving a head to head multiplayer ranked experience this game is absolutely for you  Plus it has robots 
MECHABELLUM,Posted  May    Product received for free  EARLY ACCESS REVIEW Written By Hidden Gems Review   https   store steampowered com curator            Follow me    Mechabellum is a Strategy Auto Battler game   For me this game is the best Auto Battler game ever made  probably it has it all   I m not go to say what it s obvious about this game like it has a great graphics and gameplay  you can see it in the videos already  what I want talk it s about the strategy part   There are    units which in the battle you can level up and unlock his skills  each skill can change the strategy        it s so deep on strategy that any position of the unit or any unlock you made can be so brutal on the fate of your victory or lose   After you win you earn some points  rank and also some tech points for unlcok new skills on this units   There is a solo mode where you can see a campaign tutorial  Survival and practice but this game meant to be played on multiplayer againts other players for rank up or just for participate in tournaments 
MECHABELLUM,Posted  July   EARLY ACCESS REVIEW Mechabellum has a deep strategic feel that makes the game feel hard to master and keep you coming back for more  Nuances in positioning matter  the cards you choose and the tech you use around them  the timing in which you opt into a unit or a counter  Constantly it feels there are multiple ways to address a problem  and when played at its highest level it never seems entirely clear how the game is supposed to play out    I ve played for     hours and still think with proper play I m not entirely sure how a matchup is supposed to go  That s where quick thinking comes into play  taking advantage of opponents positioning  using flanks  and cheeky combat spells to keep them on their feet  You might away with the win  but you ll be left thinking  Well  technically they could have done this and onto the next to try again 
MECHABELLUM,Posted  June    EARLY ACCESS REVIEW TLDR  Even if you don t like Mechabellum  try this game  It s oozing with strategic depth and every match keeps you at the edge of your seat despite being a very slow paced game  No bugs AFAIK and you can easily play one or two matches before the   hour refund time period to try the game yourself   As someone who spent money on the premium version of Direct Strike  I am so happy to see a game capture the essence of DS in a fresh and innovative way   Mechabellum is a game for people that enjoy auto battlers  but wish they had a larger amount of strategic play and relied slightly less on RNG  Instead of creating the right team comp or min maxing your odds of getting the right items  Mechabellum encourages the player to enter the game with a strategy and constantly revise it based on a multitude of factors   What are my starting bonuses  choice of   every game  What are my round          etc bonuses   choice of   every round  What did I open with  What did my opponent open with  Which bonuses did my opponent pick   All of these questions and more will be going through your head when you start a Mechabellum game  Every game plays out very differently even if you are going for the same opener every time   Graphically  this game is really nice to look at  It could have gone with that bland  modern flat texture cartoonish style every game seems to be copying  but it didn t  It looks a lot like C C or Starcraft    Very visually pleasing and immersive  Runs really well on my relatively mid grade PC too   This is how you do an early access game 
MECHABELLUM,Posted  August    EARLY ACCESS REVIEW It is not a simple auto battler  which is a GOOD thing  It has tactical gameplay in which you unlock units per round  placing them out around the map and deciding what to upgrade  unlock  powers to get  when to use it and how to counter and attack  It is surprisingly strategically stimulating to play  If you lose it isn t just based on where units where placed but whether or not you added new units to counter opposing units  or upgrade them to counter it  or boost your army  or when you use an ability  or what unit gets an item or if you want to flank them  Overall  it is a nice game 
MECHABELLUM,Posted  May    Product received for free  EARLY ACCESS REVIEW This is an Early Access Day   Review  so take things with a giant grain of salt if you re reading this a few months after release   Mechabellum is quite good  very well balanced for an Auto Battler  the visuals are reminicant of Supreme Commander  to the point where I kinda hope that this is a jump off for something similar   However  the game does miss something rather important  A proper progression system  These type of games need unlocks and ways to keep things interesting  which is simply way too shallow here  I m also unsure of the monetization model  a Pay to Play game does filter out a lot of people  but I m concerned that the match making is going to die out due to population issue  A Free To Play model with a battlepass and cosmetics would have made more sense to me   Overall  it s quite a lot of fun and you should try it out 
MECHABELLUM,Posted  September    EARLY ACCESS REVIEW I ve put a lot of hours into Teamfight Tactics  Hearthstone Battlegrounds  as well as several other auto chess variants  and this one is definitely my favorite  It s easily the most skill based game out of the ones I mentioned  but still has just enough RNG through cards between rounds to keep games from playing out exactly the same or being too deterministic   Being able to customize the available techs on your units is great  allowing you to create your own play style  And because you can build whatever units you want  and can afford  on any given turn  you can actually play out your desired strategy instead of hoping that   other people in the lobby aren t doing the same thing and preventing you from getting offered the units you need   The balance is pretty decent as well  It s not perfect  but everything does have a counter  Balance updates happen fairly regularly and are handled very well   they use minor tweaks one way or the other  as opposed to the Blizzard Entertainment strategy of buffing to S    tier or nerfing to the point of being unplayable in a single update   And finally  the most important positive feature of the game  big stompy stomp robot make monke brain happee
MECHABELLUM,Posted  May    EARLY ACCESS REVIEW As a long time gamer  I ve been wanting to try an auto battler for some time  I saw an article out there somewhere  singing the praises of Mechabellum  and decided this one was worth a closer look  even though it will eventually be free to play and early access requires payment of actual cash money  I cannot tell you how many times I have gambled on some indie darling with tons of buzz only to be horribly disappointed  Mechabellum is one of those rare gems that gives me reason to keep trying new things   I have always been a fan of the RTS and turn based tactical genres  and it took me a little while to get used to not being able to actually control my units once the battle started  In this game  positioning  unit composition  and upgrading units with tech and higher levels are all important  After you make your choices  the chips fall where they may   and that is a highly addictive game loop that has kept me up well past bedtime every night since I downloaded  As the old saying goes    easy to learn  but difficult to master   I understand that Mechabellum is probably more of a mobile game than a PC or console game  but it is still engaging enough to hold my interest playing on PC   Surprisingly for an early access game  the AI is quite good and you can learn a lot by skirmishing against bots  You have to ramp things up to the insane difficulty setting  but then you will be faced with opponents who use a variety of different strategies and units rather than depending on a single tried and true strategy or unit composition  Sometimes  you will be facing armies of high powered giants  and other times  nasty swarms of highly upgraded crawlers will overwhelm everything you have got  Sometimes they come with air power  sometimes not  Sometimes you will get bombarded by artillery  screened from artillery counterattack by Mustangs  and sometimes not   Rounds are over quickly  and then you get to respond to what you saw during combat for the next round  I like how you get more and more resources each successive round  It becomes super easy to convince yourself that bedtimes are for losers  Winners try just one more match   A COUPLE OF QUICK SUGGESTIONS FOR THE DEVS   It would be nice if units would return fire when fired upon  Too many times  I ve watched powerful units at the end of the game get destroyed because they are firing on something that cannot fire at them  such as air on defenseless ground  while some other dinky unit slowly wears the attackers down simply because they never return fire  All units within a certain area should sense the need to fire on active attackers versus units that cannot attack   Another nice addition would be the ability to select between a focus on air versus ground targets  All units of a type could have one designation for all  or players could decide for each individual unit  The large flying fortress units  Overlords   will often sit there shooting at ground targets while a couple of enemy Phoenix aircraft blast them to pieces without ever receiving a defensive shot in return  It s a similar problem to the one I mentioned above about the need to return fire when fired upon 
MECHABELLUM,Posted  September    EARLY ACCESS REVIEW TL DR  If you love the part of RTS games about where you re trying to constantly counter the opponents units you ll love this too  It s highly addictive and you get into games very quickly   I don t care much for autobattlers  They are usually very RNG heavy  and rotating between different opponents means you have to focus on building a well rounded comp rather than playing specific counters  This is a completely different experience   Ironically  even though Autochess was a originally a Warcraft arcade mode  this spin on autobattlers has much more appeal to a RTS lover like me  That s because this game focuses on units rather than heroes  It sort of remind me of Nexus wars from SC arcade if anyone remembers that as fondly as I do   Being a game about units rather then heroes with crazy abilities  it s very visually clear and easy to tell where your comps are failing  There is a constant back and forth of trying to pick the hard counters to the opponents unit comp  but also trying to preemptively guess how they ll build to counter your eventual counter and so on and so on  It s really fun in the same way that trying to have build an army composition that counters your opponents  in an RTS is  but without the hell of having to maintain your APM  The dopamine levels when you pre guess what your opponent is going to place and you already have the counter down is insane   It s quite polished for an EA game  I have yet to run into bugs and I get into matches within seconds  Probably my only complaint is that there s only one repetitive song for each gameplay phase  so I muted music almost immediately   I think anyone can have a great time with this game if they love strategising and having that feeling of hard reading your opponent  It s fun and addicting in a extremely basic level and I can t recommend it enough 
MECHABELLUM,Posted  May    EARLY ACCESS REVIEW Not what I expected in terms of multiplayer   v  has split maps so it just feels like a  v  with side effects 
MECHABELLUM,Posted  September    EARLY ACCESS REVIEW As far as Auto battler goes  it s a fine little game  Definitely recommend if you enjoyed mods like Direct Strike on SC  Arcade  Game is intended to go F P  but the price tag is pretty acceptable for the experience  so don t complain if you buy it then your friends get it for free in a year    Matchmaking system is a bit odd at times  but it s linked to the limited amount of people playing it  expect to stomp and be stomped on a regular basis  Also  get EMP 
MECHABELLUM,Posted  May    EARLY ACCESS REVIEW Robots go boom         After an additional    or so hours  I can say this game is excellent  especially for early access  No two games are the same  there s no clear meta  and the in game tournament system is a nice touch  Look forward to what comes next for this hidden gem 
MECHABELLUM,Posted  July    EARLY ACCESS REVIEW This game is for people who like PVP  the tactical placement of units on a battlefield  making choices between upgrades new units and or battlefield manipulation  The possibility to  jump into  a mech itself while it blows up enemies by itself looks pretty good as well 
MECHABELLUM,Posted  September    EARLY ACCESS REVIEW Great autobattler  Good blend of randomness and determinism  Snowball mechanics arent income related  so you wont really be starved for  gold   but you can get behind in Exp   A lot of units are very rock paper scissorsy so you can recover from an exp disadvantage  but when you have    games of rock paper scissors at once  thats where the depth comes in 
MECHABELLUM,Posted  May    EARLY ACCESS REVIEW It feels very strategic  which is usually not how competitive autobattlers come off  Positioning and countering predicting turn by turn against the enemy forces is great   That said   v  mode doesn t feel like you re cooperating with your partner at all  your leftover units just go attack their enemy when you win your side  Battles also get really drawn out when something like  I have an air unit  and the enemy has no anti air units left  and you wait for   minutes as it slowly kills everything   Those two issues were enough to make the game feel like a slog  If they were fixed though  it would be pretty fun 
MECHABELLUM,Posted  May    EARLY ACCESS REVIEW I keep losing but still playing
MECHABELLUM,Posted  May    EARLY ACCESS REVIEW Holy hell  this game is amazing  lot of promise already for early access 
MECHABELLUM,Posted  May    EARLY ACCESS REVIEW I love this game  lot of fun 
MECHABELLUM,Posted  May    EARLY ACCESS REVIEW It s a great game  just tired of steam asking me to rate it 
MECHABELLUM,Posted  May    EARLY ACCESS REVIEW Absolute recommendation  If you want strategy but don t want to compete with      apm south koreans in StarCraft  this is your game 
MECHABELLUM,Posted  May    EARLY ACCESS REVIEW Cool game  fun  Large amount of combos and combinations  without making the game too complicated  It seems very well balance the skill ceiling appears to be pretty high  I am very glad that the game has added a tournament mode  even though i havent played it yet 
MECHABELLUM,Posted  July   EARLY ACCESS REVIEW This game may be fun in the future  but as of July    it s worth avoiding  A new MMR system has been implemented that replaces the previous combat power  CP  system  CP was a measure of approximately how many games you d played  so would match people of similar experience  not skill  MMR is a not overly transparent attempt to introduce an ELO esque system into the game  This is resulting in massively mis matched games   The game currently has   cliques around this    The first say that it s fine  good  even perfect and you just need to play    or so games to get your MMR to where it should be  then you should be at around a     win lose ratio   The second say that they ve played  x  x that number of games and still get a massive discrepancy in their matches  with the MMR not at all being a reflection of skill and the resulting matches being far worse than the previous approach   The third group say that they re casual  want to play for fun and losing    games to be matched with people their own skill level is not acceptable  so they uninstall  The PvP mode is the only mode worth considering  PvE is a lazy attempt where you can plan for and counter nothing because the opposing forces are random each round  When the devs have finalised what all these scoring systems are and people have played enough that the MMR is settled  it MAY be worth revisiting 
MECHABELLUM,Posted  August    EARLY ACCESS REVIEW Fun autobattler with good amount of tactics and strategy involved  Games rarely feel the same as you can do completely different approach to the game when you consider what the enemy has available  and on top of that has some random element to keep each match a bit fresher because you are incentivized to adapt to make the most out of the power ups you get each round  Very polished for an early access title and I d consider it already good enough to basically be almost as good as     release  so hoping the actual     release makes it even better to attract more people  especially since it will be F P at that point   It has a  v  mode too for those who enjoy playing with friends  but it is still in the process of figuring out how to make the most out of it and make it really a cooperative experience instead of just each fighting their own battle and then the survivors meet up  Overall quite a good game for competitive aspects  which will hopefully feel even better if the negative quirks get fixed in the future updates      Good depth of tactic and strategy   Enough customization and symmetric random elements to keep the matches fresh and still feeling mostly fair   Nice and clean visuals   In game tournament system   Has both  v  and  v  modes   Replays and sandbox mode so you can easily test things and seek out how to improve     Missing undo button so if you make a mistake during building phase you are stuck with it   Cannot reconnect to the match yet    v  playerbase isn t as big  at least in the high MMR  so you can often play against same people despite the bigger MMR gap    v  still has very little cooperation between players  but there were some improvements from the initial version so hopefully it gets even better in the future
MECHABELLUM,Posted  May    EARLY ACCESS REVIEW Big Mecha go Boom  mmmm metal shootey  Buy it  easily worth without a sale  Imagine the game  Totally Accurate Battle Simulator  but done right  Surprising amount of depth for an auto battler where you can decide to swarm your enemy or opt to upgrade existing ones  go for utility  go for giant units or just lots of small ones   Also a great game to play against your friends 
MECHABELLUM,Posted  July   EARLY ACCESS REVIEW Is good game  especially if you re old and used to play RTS games but now you ve got joint pain and tendon issues 
MECHABELLUM,Posted  July    EARLY ACCESS REVIEW Everything I want from an RTS  without the bits I d much rather do without 
MECHABELLUM,Posted  August   EARLY ACCESS REVIEW Mechabellum has a lot going for it  like the fact that it s a strategy game where you finally don t have to worry about your APM  Or that it s a neat autobattler where you get to see cool mechs fight  Or that there could be a lot of potential for fun and creative builds  However  for now  I still really don t recommend Mechabellum  It has a lot of potential  and it s still in Early Access  but it needs a lot of work in order for the fun parts to shine through   First  is that the overall balance is extremely bad  This results in some units upgrades combos absolutely dominating the game  The Marksman  the Steel Balls  the Arclight  the Overlord  these are just some examples  but honestly it goes far beyond just units as well  At a certain point  every match just boils down to the same handful of cheese combos and who can get them up first  Most of it can t even be fairly countered  and it s all just so boring and infuriating  On top of this  Mechabellum is also vulnerable to competitive players constantly  theorycrafting  the fun out of the game in search of overpowered strategies for cheap and easy wins    Making balance all the more important  Then there s the PvE survival mode  which could ve been very fun  if it wasn t for the AI getting a STUPIDLY unfair advantage over you in hard difficulty and above   Second  is that I m personally not a fan of this counter counter counter gameplay  I get why counters are a thing  but I don t get why it has to be so intense  where one unit can practically insta delete another  I would really like to see some more units that don t immediately get blown up by counters   Lastly  this game suffers from a snowballing win more effect  Once a player has a winning strategy going early on  then their opponent is just playing catch up after that  The winning player will have all the initiative  and their opponent will be stuck constantly trying to counter whatever they build next  with comebacks being rare  Unit leveling  where units can level up and get much stronger after getting some kills  is something that worsens this effect a LOT  All this results in way too many games being a total boring stomp  I really feel like losing players need a boost to be able to counter all this  like nerfed leveling and more supplies for every subsequent lost round or something 
MECHABELLUM,Posted  May    EARLY ACCESS REVIEW Yes 
MECHABELLUM,Posted  October    EARLY ACCESS REVIEW Really good  Kinda like the rock paper scissors of starcraft    but you don t have to micro or macro 
MECHABELLUM,Posted  September    EARLY ACCESS REVIEW more machine pls
MECHABELLUM,Posted  June    EARLY ACCESS REVIEW   hours non stop of playing it  It is a good game 
MECHABELLUM,Posted  October    EARLY ACCESS REVIEW Awesome auto battler   so good it may be worth     even if you re single player only   Though there s no campaign   little lore  More fun on multi player though  with nice quick games and easy match making 
MECHABELLUM,Posted  May    EARLY ACCESS REVIEW I have been looking for a game like this forever  Already sunk a good    hours into it and had a blast  Each game is different  every unit has a counter and a there are a lot of different strategies you can use  There are a few units that could use a tad bit of balance but as long as those patches keep coming ill be happy  It would be great to see a league system vs the combat power system  That way you get matched with similarly skilled players   You can farm combat power with a friend  Excited to see what they do next with this 
MECHABELLUM,Posted  July   EARLY ACCESS REVIEW Extremely addictive  I ve spent all day playing this game with my friends and it s so much fun  It s pretty well balanced  every time someone comes up with a new strategy  someone else comes up with a counter   Go on  let s play one more game 
MECHABELLUM,Posted  June   EARLY ACCESS REVIEW You tired  Wanna go smooth brain  If a GoldFish like me can play it then you can too and its pretty dope       
MECHABELLUM,Posted  May    EARLY ACCESS REVIEW May the force fields be with you 
MECHABELLUM,Posted  May    EARLY ACCESS REVIEW Mechabellum has a really strong start  it s got plenty of core features and deep mechanics which will keep players interested for a long while  It s visually very fun to watch all of the mech combat and with some minor improvement this game could have a chance at being one of the biggest strategy games in a long time  I would also like to note that the game is going free to play after launch  hopefully this just means simple cosmetics and maybe some very light pay to play features  I would say purchase this game as it currently stands  it s great however we just have to hope that the game moves over to free to play nicely  It s also worth noting that paid players will get some kind of early buyer reward   The general gameplay consists of two rounds  part one is building your side of the arena with mechs  the objective is to form a strong army that will be able to attack the enemy side  Part two of the game is where the mechs will fight and the winner will be the one with mechs left in the arena  The matches normally go one for around    to    mins and you can very quickly pile up a lot of time on the game  Auto battlers are not a new game  they have been around for a while now with quite a large audience and many of the current popular ones mainly focus on quite basic gameplay features  Mechabellum really adds a whole new layer of depth to the genre  there is so many little things in this game to operate and manage  this may put some people off and yes it can be a little tough in the early hours of play but you do soon learn how the game works and it quickly becomes a smooth experience  Of course there is some balancing to be sorted and general improvements to the overall fairness  The mechs are really cool  there is a rather large amount of them with all different purposes  The mechs even have these upgrades that you can add to your units to improve your units  As for other mechanics  there are upgrades for the towers  shields and missiles you can deploy  randomised upgrades  unit upgrades unique to each group mech on the arena  There are a lot of game modes and ways to play  you have  v  and  v  PVP  a survival wave based mode that supports  v  and  v   a tutorial  community challenges  tournaments and a whole lot more  There is also some out of game progress such as a levelling system with a prestige feature and interchangeable unit upgrades  The game is currently in early access so I expect some extra things to be added like achievements and cosmetics to be added later on  One small note on PVP is the ranking system  you have this power level that increases as you win matches however i cannot seem to get this number to decrease  currently you may find some matches are a little unfair due to player experience  hopefully this is something that can be improved upon   The art and visuals are pretty solid  the  D and general aspects are really the cool thing here  there are a lot of VFX explosions  laser beams  fire  bullets  With such large scale armies there is a lot of chaos going on during the battles and it is very fun and satisfying to watch the mechs battle  The mech design is good  simple and classic but they are all very readable and you instantly can tell them apart  The arenas environments are really awesome  they are not groundbreaking but they have a nice flair to them and all of the texture detail is great  One thing I would like to note is that there is a couple bits of UI that are not looking up to standard  for example the loading screen is this blurred jagged mess  it s clear enough you can see it s a screenshot render of a landscape but it just looks terrible  its minor but hopefully they will fix it  I would also mention that the UI is not too clear in the menus  it s all a little clustered and there are just tons of windows  it does make it quite hard to navigate screens you normally don t interact with  The UI in the matches is great  clean  simple and readable  The sound here isn t anything too special  it s not bad but serviceable  As for performance the game runs alright  it does run a little hot but it s passable due to the chaotic battles that are happening on the screen  i am running the game at maximum settings however there is some lower settings which i have not tested  you should be able to play the game quite smoothly on most middle to high end machines  As for bugs  I surprisingly experienced not a single issue  so far it has been a very smooth experience   In conclusion Mechabellum is a really great new auto battler with some great new ideas and some solid mech combat  it s fun and very rewarding with enough complexity to keep you entertained for a long while  It is well priced for what s currently on offer and hopefully the move to free to play later down the line has a positive effect on the game  I am looking forward to further updates and content 
MECHABELLUM,Posted  May    EARLY ACCESS REVIEW Best autobattler in      
MECHABELLUM,Posted  June   EARLY ACCESS REVIEW Fantastic auto battler  If you like games like Direct Strike Desert Strike on Starcraft    you will enjoy this game 
MECHABELLUM,Posted  May    EARLY ACCESS REVIEW Supper addicting  I think I spent about    or so hours in it my first go  and now I m here to type a review   I m terrible at this game  but it s fantastic  There is a opposite for almost everything and it s all about countering the other persons strat better than they can counter you  You place the troops and let them do their thing  Each time trying to get a little better   I have most definitely lost more than I have won  but it doesn t nearly matter as much as the rounds are nice and short  so you can get right back into the next game         would destroy my sleep schedule again for it 
MECHABELLUM,Posted  May    EARLY ACCESS REVIEW Got this game today at lunch time  and I ve already got  hrs playtime  Damn this is good   It seems so well put together and balanced  yet it s early access   I ve not experienced any bugs or issues with the game play  All the units seem very valid and balanced  with utterly tonnes of strategy  There s no way you can get everything  There s simply not enough  cash  to do so  There s also no chance to snowball either  It is quite literally strategy vs strategy  from round to round  I ve seen and been part of some crazy comebacks  I ve also been destroyed in the last two rounds  after dominating the first five  I m so bad at this game  yet I am having to force myself to stop playing  I ve got stuff to do   What a game   I like this one 
MECHABELLUM,Posted  September    EARLY ACCESS REVIEW Mechabellum is the kind of pure strategy game for those who hate micro that I ve been looking for for years  I can t play SCII worth a damn  Advanced Wars by Web takes       hours to play a match  Mechabellum hits that sweet spot  The balance is already impeccable even in this earlier stage  and it s only getting better  There is no single strat that will win most games  there is no unit composition that dominates to any oppressive degree  Every move has a counter  every play has an answer  and its up to you to figure them out  It s pure cerebral dopamine 
MECHABELLUM,Posted  June    EARLY ACCESS REVIEW Here I will leave the cat  friends who pass by can pet it and give it a thumbs up       |       l      x         |             | | |   |   | | | |                
MECHABELLUM,Posted  May    EARLY ACCESS REVIEW Very nice game and the community is very helpful   The new progessionsystem is very nice for new players and veterans are done with it in around    matches   My only complain is  that you do not get enough time to place your units in later rounds  if the situation is very chaotic i would like to get some extra time     For the negative reviews because stromcallers are op  Check the playtime  With      h ingame you are simple not experienced enough to stand against stormcaller Units  if your enemy abuses it  You will learn in time  that Stormcallers are not OP  Thats the magic of the game  that expierence change perception
MECHABELLUM,Posted  September   EARLY ACCESS REVIEW Mechabellum is optimized for FUN 
MECHABELLUM,Posted  June   EARLY ACCESS REVIEW A wonderful  well balanced auto battler that s supported by a developer with good communication with the players   Wholeheartedly recommend 
MECHABELLUM,Posted  September   EARLY ACCESS REVIEW Is it luck  Is it BS  Is it skill  Is it rock paper scissors 
MECHABELLUM,Posted  September    EARLY ACCESS REVIEW SC  for Boomers
MECHABELLUM,Posted  June   EARLY ACCESS REVIEW Sometimes you lose the game in the first round and sometimes you can lose   rounds in a row and still make a epic comeback  All in all quite balanced and rather addictive game 
MECHABELLUM,Posted  June   EARLY ACCESS REVIEW Great game  Is not just an  auto battler   I think that tag is a disservice   Its very smartly made with lots of interesting decisions to make every match  Also  importantly   the units and battles are cool 
MECHABELLUM,Posted  June   EARLY ACCESS REVIEW A delightful autobattler where each round you add more and more units to the battlefield to counter what your opponent has present while anticipating how they ll counter what you have present  Sitting at that magical  a complete play session takes about    minutes  investment point plus benefiting from the interactivity of multiplayer  this game is a great fit for just sitting down and getting some play time in whenever you feel like it   This     purchase has gotten me almost    hours of fun and counting  Would recommend 
MECHABELLUM,Posted  July    EARLY ACCESS REVIEW I have been an auto battler fan for awhile  mostly TFT   and mechabellum really hits the sweet spot for me   The level of agency with each team build brings an element of reading one s opponent as the primary strategy of the game  if you enjoy strategy and countering maneuvers  give this a go  There is also enough RNG to keep the game spicy  with different loadouts and specialists to change the style of each game played   The only improvements that I would implement would be better multiplayer  I will lay out each point in detail   Better lobby control   There is no option to make a friends only lobby  a small detail for sure  but that QOL update would be huge  Additionally  after making a custom game  there is no option to remain with the same group   I often play with   friends in  v  custom lobbies and it would be nice to have the option to stick together   Better bots for custom multiplayer games    Many times  I will have   other friends who want to play  which eliminates  v  as an option and one person is saddled with a bot  Having the ability to adjust the difficulty of that bot for fairer matches would be wonderful    Honestly  those gripes that I had are very small in comparison to everything that they are doing right with the game  and I will be playing this game for a long time for sure  hope to see you on the battlefield 
MECHABELLUM,Posted  November   EARLY ACCESS REVIEW Ok  when I first saw this I put it on a wishlist because the idea seemed mildly interesting  and because I hadn t seen a good mech strategy game since Supreme Commander  When it went on a     off sale my initial gut reaction was  that s hardly a sale at all     ugh I guess I ve got     to blow on this game  Lets try it out   This game is consuming my life  I love grand strategy  I hate micro managing  I m fine with macro managing  This game removes all managing  Its just what I love best about strategy  Build formations  counter your opponents  try to catch them off guard  The battles are beautiful  the units are straightforward   One problem that I have with most strategy games is that they usually aren t great at creating a natural feeling  rock paper scissors  effectiveness circle  Either their units are too gimmicky to really have a specific hard counter  or they create it with arbitrary  it deals xx  less damage against this type of unit  which feels fake to me  Mechabellum has the most natural and straightforward rock paper scissors I ve ever run into  If the enemy has a mech with a powerful sniper rifle  you counter with a swarm that can t be taken out with a single hit  If they have a swarm  you counter with a unit that does blast effects to blow away a swarm of weak units  If they are blasting your swarms of weak units  get a powerful sniper to target their mech that s doing the blasting  None of that was forced or has arbitrary percentage boosts you need to memorize  Its just a natural  logical   what do I need to do to counter that attack   It almost completely removes a need to know the detailed ins and outs of the game  and replaces it with the common sense  logical planning that strategy games SHOULD focus on IMO  Watching for things like  Oh  they don t have any air defense  lets take advantage of that and deploy some aircraft  works  because they haven t made every single unit a jack of all trades  Noticing that you don t have any air defense and anticipating your opponent deploying some also ads some fun strategizing   If I d have known that this would be everything I love about strategy games bundled together I would have bought it months ago  Now I just wish there was a   k Apocalypse version of this 
MECHABELLUM,Posted  May    EARLY ACCESS REVIEW Tis a good autobattler  Feels more strategic then games like LOL  Teamfight Tactics and other autobattlers  The randomization comes at the beginning when you choose your commander and in between rounds when you have the option of purchasing either items to place on your units or special effects to deploy to the map  The random part being this appear as cards and you choose one   Otherwise you decide what units to apply items to if you spend money to promote those units or if you want to spend money to upgrade units of that type  You also decide unit placement which is usually permanent with some exceptions  You can also customize what upgrade paths your units can go outside of combat which is neat  You also decide what units to unlock for placement  All of your choices are limited by round money and deployment barriers that can be improved based on your choices   This game has a very strong core at the moment and it could possibly get much better    I have a minor complaint about  v  pvp as others have said it does not seem like you can do much at all to affect your teamates fight and it would be nice to be able to support them in some way other than just playing mop up  It is fine now but I think it would be a huge improvement if there were ways to support your teamate  there is alot of room here to make  v  interesting and different from  v  in various ways   That s all  Thanks for the game devs  Easily worth the asking price  looking forward to trying out the in game tournament system as well 
MECHABELLUM,Posted  June    EARLY ACCESS REVIEW Great game very underrated
MECHABELLUM,Posted  June    EARLY ACCESS REVIEW Generally awesome auto battler  Easy enough to get into  but difficult to master 
MECHABELLUM,Posted  June    EARLY ACCESS REVIEW If you loves mechs  turn based strategy and big explosions then Mechabellum is for you  As an avid fan of March of War  rip   this game fills the void it left in my heart and then some   Truly a well developed and balanced game   with a ton of more features and dev time ahead  Devs are very responsive and dropping weekly Fortnightly updates  Love it  keep up the good work 
MECHABELLUM,Posted  June   EARLY ACCESS REVIEW Great game  creative  decisions within each game are very impactful and compounding and yet a game that is very easy to pick up and start from scratch  You don t need to look to do homework and research websites to act properly and yet has more in game decision making than most games that requires dozens of hours of browser research activity 
MECHABELLUM,Posted  May    EARLY ACCESS REVIEW Ridiculously fun and addictive gameplay  First time playing an auto battler and it s an easy recommend  Essentially  D chess with mechs  Upgrade  equip with gear  use on map call ins  buy and select new units each round until only one side is left standing  Seems to be a lot of depth of strategy and well balanced despite being so soon into early access  It will be free to play at launch in about a year  with the     pricetag in EA   play early and get cosmetic stuff at launch  Solo  multiplayer ladder  replays and built in tournament support are in already 
MECHABELLUM,Posted  July    EARLY ACCESS REVIEW It s a fun game  but it s weirdly ultra competitive  Which really hampers the enjoyment   My main problem really has to do with the playerbase  and that it s just toxic   boring  Most matches just devolve into  who can do their cheese strat first  which leads to unsatisfying games  New comers are also treated pretty badly the community   those have genuine criticism about the game are also treated poorly by the community  Note that I said community  as far as I know the Devs are pretty cool   Another problem I ve had with the game is just the snowballing of units  Leveling is a nice idea and I like it  but it s far too powerful in it s currently iteration   renders the rock  paper  scissor esque unit balance useless past the first few rounds   Will check to see where the game lands after more updates  but I ve put enough time into this 
MECHABELLUM,Posted  June    EARLY ACCESS REVIEW One thing I like  is that I haven t seen many bugs  so far  There a lots of things to like  like visual simulation of ammo travel  mech movement and more  I also like the POTENTIAL of the game  If they get balance right  I hope they can expand to big maps  where movement can be a critical piece of the planning and strategy  using different movement speeds as a key factor  But  I hope they ADD much more movement control  If they would NOT make the path of just a single unit as an upgrade  but rather make movement  instructions  part of ALL unit movement  They could add movement setpoints  where mechs auto shoot at whatever makes sense AS THEY MOVE  But  that leads me to another HOPE  I hope they allow prioritizing shooting  It s severely annoying when air units begin shooting ONLY crawlers  one at a time  while an enemy air is shooting them  That s just ridiculous  This is often towards the END of the battle too  when otherwise you d win  but your own units are prioritizing sooo poorly  that you lose   LOTS of POTENTIAL though  I hope they keep up the good work 
MECHABELLUM,Posted  June    EARLY ACCESS REVIEW Machines Create Machines Machines Create Machines Machines Create Machines Machines Create Machines Machines Create Machines Machines Create Machines Machines Create Machines Machines Create Machines Machines Create Machines Machines Create Machines Machines Create Machines Machines Create Machines Machines Create Machines Machines Create Machines Machines Create Machines Machines Create Machines
MECHABELLUM,Posted  July   EARLY ACCESS REVIEW Good Autochess mech game  MMR matchmaking isn t as bad as people make it seem  Takes a little bit to get the hang of things  but once it clicks it s incredibly fun 
MECHABELLUM,Posted  June   EARLY ACCESS REVIEW I like mechs and the tactic depth this game offers  Some say its like Rock Paper Scissors  but i think its more like chess  Very few bugs  but UI looks like it was ported from a early     s game  Matchmaking is fast  but not very accurat with skill  If you like mechs shooting each other to pieces without controlling them directly  this is the game for you 
MECHABELLUM,Posted  July   EARLY ACCESS REVIEW It s a fun strategy game that does not require quick reactions 
MECHABELLUM,Posted  May    EARLY ACCESS REVIEW TFT   Starcraft
MECHABELLUM,Posted  October    EARLY ACCESS REVIEW The game is so polished I had to lower my brightness        would buy again 
MECHABELLUM,Posted  May    EARLY ACCESS REVIEW Very fun Autobattler  with a good amount of different units to battle with  The game is very similar to  Direct Strike  a autobattler in StarCraft   arcade mode  Gameplay wise it works with  scissors stone paper  pricinple  looking what your enemy builds  then counter it  You even have the possibility to attack the enemy from the sides  to give more strategic advantage   TL DR Big mechs  huge boom  good game
MECHABELLUM,Posted  June   EARLY ACCESS REVIEW If you even kind of like RTS or Auto Battlers  this game combines them together pretty nicely  Its not as wild as TFT  but also less based on luck of board availability and more based on tactics and counter tactics  Big brains love this game 
MECHABELLUM,Posted  September   EARLY ACCESS REVIEW The game is nice but smurfers and MMR system ruin the game  When you find out there is a shadow MMR system that pushes smurfers into higher ranked players   And if you lose against those smurfers  you get punished double with large losses  as you played against a very low  ranked  player  who is in reality a high ranked player   but you also get introduced into a cycle of low MMR matchups because of those losses  So now you are forced to play at a     winrate  to not lose your MMR  We are not even talking gaining  just maintaining until you get out of the shadow MMR system   Its already a small community of players but the whole MMR system is just so bad designed  And it makes good games that are fun  feel like punishment on a loss if that player was lower ranked  but feel unrewarding on a win  But if the system does not give you higher ranked players  you are constantly stuck in a         cycle of losing MMR as your being pushed down   The system is just            Avoid for now  maybe in the future they will improve it but with a dwindling player base  maintaining a good MMR system is impossible   For now  there is no reason to buy the game until they fix this issue or at minimum attempt 
MECHABELLUM,Posted  May    EARLY ACCESS REVIEW       hours in beta    If i lose in this game the sole reason is that I suck  not autochess tft randomness   Matchmaking not using ELO while some kind of experience meter is still shown  Either i see someone with    times my rating and think  Nice  i can learn something  or i see a poor sod with     th my score and stomp him happily into the ground one is fun  one is educative  and both is better than  here take this guy who is exactly as bad as you so you both don t learn anything They changed over to  here take this guy who sucks as much as you   In a better state than most released games    An autobattler that is focusing on adaptive strategic decision making instead of luck while a minimum of randomness is ensuring that no   matches are the same 
MECHABELLUM,Posted  August   EARLY ACCESS REVIEW Don t buy this game  I ve actually played it a fair bit but the game is broken  If you want to get high ranked here is what you have to do      Spam stormcallers with a few tanks at the front    Watch the enemy try to counter you    Counter that counter with something half the price   laugh as they can t stop your storm callers with anything that cannot be countered easier which always leaves you ahead    I know some people will say  you don t know how to play but i m actually fairly high ranked if you can t get this tactic to work then you are to person who cannot play as it is simple  I ve done it and it works every time  You know the only thing that can go against you and have a chance      you guessed it the same sh t on the other team which makes a very boring game   Devs are slow to fix stuff and don t seem to focus on the correct things    v   is trash and may as well be  v   I mean how hard is it to put in a  v  map where you build with each other and work together    As it is I would avoid this game like the plague you will be upset you wasted your money 
MECHABELLUM,Posted  June   EARLY ACCESS REVIEW I recommend this game  It does not hurt the wallet and I still am enjoying the game     hours in  At least try it for a steam refund amount of time and make your own choice for a measly price of     dollars  Thats like    McChickens 
MECHABELLUM,Posted  May    EARLY ACCESS REVIEW This is a fun game that can only go further with more updates  content  and battle modes  The game play is simple and fast  and is the definition of  one more game  
MECHABELLUM,Posted  September    EARLY ACCESS REVIEW i like the tanks
MECHABELLUM,Posted  August    EARLY ACCESS REVIEW Love this game  A bit addictive  FUN  Enjoyable  Adaptive  Any level can learn  Very enjoyable game 
MECHABELLUM,Posted  August   EARLY ACCESS REVIEW Good Brain Itch
MECHABELLUM,Posted  August   EARLY ACCESS REVIEW Really good auto battler which looks great aswell
MECHABELLUM,Posted  July    EARLY ACCESS REVIEW Well designed auto battler with pretty good depth  Game is pretty easy to pick up and enjoy playing but has quite a bit to learn 
MECHABELLUM,Posted  July    EARLY ACCESS REVIEW This game is much more entertaining than i thought it would be  Its got some UI clean up to do  but the gameplay itself is quiet excellent 
MECHABELLUM,Posted  August    EARLY ACCESS REVIEW good game the graphics are really good and the mechanics are awesome  the only issue that i personally found with the game is that it gets somewhat boring after     rounds since its kind of the same every time but I still think that its a pretty solid game and you should check it out 
MECHABELLUM,Posted  August   EARLY ACCESS REVIEW Its a great turn based tug of war style game  Its like the mod desert strike but turnbased and mecha themed  It has some random elements  but both players get the same choice so its fair and keeps the games fresh 
MECHABELLUM,Posted  August   EARLY ACCESS REVIEW The ultimate rock  paper  scissors  etc   Like an RTS but you don t need the APM of an elite Koran Starcraft player to stand a chance   Test your mind  not your reflexes   At     it is a no brainer  Get it while it s cheap
MECHABELLUM,Posted  July    EARLY ACCESS REVIEW This game is fun but little growth after about    hours you have seen about all there is to see  if your interested there are videos on youtube that you can check out to see if this game is for you  the game runs through meta and when a new meta comes out the developers break their necks to Nerf the ever living hell out of that units to change the game play  The newest meta is timing all units so that they all meet the fire line at the same time  Wouldn t be bad except the targeting of the units is geared to focus on what is the worst target for your unit  Have a unit that is good against small units well don t you worry they got the biggest target they can find  Have another unit that deals mass amounts of damage to a single target well lets focus on the smallest weakest target we can find  Fun game for a bit but if its going to be free to play then don t spend the money on it now  but don t be worried i m sure there will be plenty of pay walls for you when it comes out  Note  storm callers are to big lets add an over powered missile defense add on that destroys them 
MECHABELLUM,Posted  July    EARLY ACCESS REVIEW this is amazing
MECHABELLUM,Posted  July    EARLY ACCESS REVIEW Fun autobattler  feels super big brained when you pick the perfect counter to your opponent s strategy 
MECHABELLUM,Posted     May EARLY ACCESS REVIEW 한국어 지원해줍니다 들어가면 알아서 설정됩니다  아직은 유닛이 몇개 없어요  하지만 재밌음
MECHABELLUM,Posted     May EARLY ACCESS REVIEW 데저트스트라이크   아트오브워 같은 전략 시뮬게임 입니다 한국어 지원됩니다 팀전은     까지 지원되네요 아직은 초보라 중국인 괴수들에게 탈탈 털리지만 천천히 적응 중입니다  
MECHABELLUM,Posted     August EARLY ACCESS REVIEW 버그 개많음
MECHABELLUM,Posted     August EARLY ACCESS REVIEW 버그걸려서 지는경우 자주있음 게임은 재미있음   그지같은 버그
MECHABELLUM,Posted     July EARLY ACCESS REVIEW 해보면 오   하게 되는 게임 유닛이 적다는데 여러가지 연구기술 이런거 생각하면 나름 적당한 편인 것 같다  TMI 스티키 오일 폭탄은 벌컨의 공격에 닿으면 불탄다 땅에 불 붙이는건 다 된다
MECHABELLUM,Posted     June EARLY ACCESS REVIEW 내 시간
MECHABELLUM,Posted    June EARLY ACCESS REVIEW 생각보다 운에의해 패배당하는경우가 너무 많음
MECHABELLUM,Posted    June EARLY ACCESS REVIEW 가성비 갑   판당 적당한 플레이타임이 매력이긴한데 유닛 이동속도만 조금 더 빨랐으면 좋겠다요 걷는거 넘 느려서 답답함  특히    는 한쪽 무너지고 도우러 갈때 답답해 죽겠어요
MECHABELLUM,Posted    June EARLY ACCESS REVIEW 이미 재미가 검증된 오토체스형 게임성을 메카컨셉과 잘 결합한  이 장르의 하나의 모범사례 
MECHABELLUM,Posted     August EARLY ACCESS REVIEW 게임은 재밌음 피지컬보다는 전략적인 요소가 중요한 PVP 게임을 찾는다면 딱 맞는 게임임 자신만의 빌드를 만들고 상대를 카운터 치는 재미도 쏠쏠함  그러나 현재 얼리 버전 기준으론 몇 가지 문제점이 보임     MMR보다 전투력을 우선하는 매칭 이기든 지든 결국 전투력은 결국 항상 우상향 곡선을 그리는데  전투력  만점대부터는 MMR이    인 사람부터 MMR이      이상이고 랭킹    위권 이내인 플레이어까지 다양한 수준의 플레이어가 매칭으로 잡힘  롤로 따지면 아이언 상대로 페이커가 매칭될 수도 있음      가족공유 게임 내 재화를 걸고 승패를 예측하는 시스템이 있는데  가족공유로 인한 조작 가능성이 있다는 게 가장 큰 문제이고 이런 온라인 PVP 경쟁 게임에서는 고인물 부캐  핵 사용 등등 방지를 위해서라도 가족공유는 제한하는게 맞다고 봄 
MECHABELLUM,Posted  May    EARLY ACCESS REVIEW 큰 기대 안했는데 굉장히 재미있음  유닛이나 종족이 추가되면 좋을듯 
MECHABELLUM,Posted  May    EARLY ACCESS REVIEW 상대 조합이랑 스킬보고 맞춰서 유닛뽑고 배치 맞추는 재미가 아주 좋음 롤체 비슷한 느낌이라 롤체 재밌게 했다면 추천합니다
