title,review
THE GAME OF LIFE 2,Posted    March       Just like real life  i m bad at it 
THE GAME OF LIFE 2,Posted     November       this is nothing like my life
THE GAME OF LIFE 2,Posted     December       Product received for free  It s essentially a shorter  dumbed down version of LIFE  Sure  it has  minigames  and crowns  but the novelty quickly wears off  Here s the real kicker  though  the online multiplayer is padded with bots  probably to make the game seem more active than it actually is  I ve had multiplayer games with three bots  What is the point at that rate  And this isn t even mentioning the cash grabbing DLC   If  for some reason  you hate yourself enough to want to play LIFE on a regular basis  buy Tabletop Simulator  You ll get a better LIFE game and maybe even some good board games if you re feeling spicy 
THE GAME OF LIFE 2,Posted     December       I know the game was first released on mobile with a certain format that fits that platform  although I got to say I was kind of hoping that a game would last at least a little bit longer than about    minutes on PC  Felt very rushed when me and my partner played it   I love the Game of Life in other formats and was really looking forward to this one too  It was fun  but it was too short  When you are able to get a    roll and almost skip entire sections it doesn t really feel like your choices of where to go matter that much  Like there s barely enough time to RNG your way into having a family or house for instance  Also it would be a nice edition to be able to rename local players   The game has potential  but I think it needs some game balancing in length to be more enjoyable and fit into the PC game style  So this review is mixed  but sadly have to give it a downvote for now due to these impressions 
THE GAME OF LIFE 2,Posted     July       Never go to college  
THE GAME OF LIFE 2,Posted     December       I failed at life  so it s pretty realistic 
THE GAME OF LIFE 2,Posted     December       I went bankrupt like   times and still managed to make  m  score a baddy  and a cat so life is cool i guess
THE GAME OF LIFE 2,Posted    August Banoss
THE GAME OF LIFE 2,Posted     March       The game is fun   for exactly    minutes  After    minutes  you ve completed a game on the first map and you find out that all other maps are locked behind individual DLC at    each  This is absolutely ridiculous and the developers should be ashamed of themselves   Like other reviews mention  the game is also very buggy  I went to edit my character and then found myself unable to leave the edit screen because  my name contains invalid characters  please try again    except the game doesn t let you change your name  Had to restart the game 
THE GAME OF LIFE 2,Posted    January       First  I love the set up and the take off the classic  The variety of worlds and their unique activities  However  no matter how well developed and how graphically pleasing that s NOT what makes me love this game   I have two children and they play this game with me  The conversational opprotunity that comes with playing this game is what makes me proud of my decision to purchase this game   First example  There s always a  winner  in the game and it always makes their little hearts sad if they don t see  winner  above their name  How did I turn that around  I asked them if they were happy with their decisions  if they had fun  if they would play again  and so on before I got to make final point  Stop comparing what you ve accomplished to others to determine your own happiness  There are a lot of unhappy people out in the world because they re always playing  Keeping up with the Jones  when what the Jones have might not even be what you actually want   Second example  Marriage equality has been a huge debate in our world  This game gave me the perfect opprotunity to show my children what it s all about  The first round we played my daughter said she had to marry a boy because girls cannot marry girls   That s what my friend at school said   So I said   Is that so   and moved on with the game  Then it became my turn to either  stay single  or  get married   Going against my original plan I went  get married   I asked my daughter  I m a girl    so I shouldn t be able to marry a girl   She nods her little head and I said   Well  I m going to anyways  and I clicked the pink character as she gasped and the wedding bells chimed  It was so scandalous for her  Then  I explained to her that    we think for ourselves  we can listen to what other people say and we can acknowledge how they feel on a topic  but it s up to us to use our own critical thinking  moral compass  and empathy for others to create an ethical code unique to us     If you want to marry in a traditional fashion  girl to boy  then that s okay    however  it s unethical to determine the course of action someone else takes for their own lives and happiness  Their life is theirs alone and maybe you don t agree with a girl marrying a girl  or a boy with a boy  it s just not YOUR thing    but you should support them because it s THEIR life and happiness and has zero effect on the quality of your life and happiness   This just a couple of conversations inspired by this game and I look forward to to having many more 
THE GAME OF LIFE 2,Posted  October          i hate my life
THE GAME OF LIFE 2,Posted  August   get in car  get wife  have no kids  and get only dogs and no cats  will end myself later
THE GAME OF LIFE 2,Posted  June           DIFFICULTY      My    year old grandma could play it   Easy   Multitasking Skill Required   Normal   Hard   Dark Souls    GRAPHICS      MS Paint   Bad   Meh    Graphics dont matter in this game   Good   Beautiful   Masterpiece   Real Life    MUSIC       No Music   Bad   Not special   Good   Beautiful    STORY       This game has no story   Like playing Temple Runners for the story   It s there for the people who want it   Well written   Epic story    PRICE      Free   Underpriced   Perfect Price    Could be cheaper   Overpriced   Complete waste of money    REQUIREMENTS      You can run it on a microwave    Low End   Average   High end   NASA computer    LENGTH      Replayable Levels   Very Short        hours    Short         hours    Average        hours    Long        hours    Extremely long         hours     No ending    FUN      I d rather watch paint dry   Hard to enjoy   Repetitive    Actually pretty amusing  With Friends    Ride of your life    REPLAYABILITY     It s a one time experience   Only for achievements   If you wait a few months years    Definitely   Infinitely replayable    WORTH BUYING      No    Wait for sale   Yes    Pay for extras
THE GAME OF LIFE 2,Posted  July   This is a glorified mobile game ported to PC  It is  nothing  like the board game  Matches are way too short and the boards are so small that you can skip entire sequences of a game by rolling high 
THE GAME OF LIFE 2,Posted  January          i used this to plan my future
THE GAME OF LIFE 2,Posted  February         This new version of The game of life feels very similar to the original  but the new board also brings many new features  as well as many new reasons to pay taxes   If you feel that you have to pay too much taxes  you will have the opportunity to take a new chane during the game and this new chance ensures that you can study again or get a whole new job   You can also choose a family and this time there are also pets available to expand your family  Speaking of family  do you have family members who are too lazy to come from the couch to the computer   No problem  now there is the cross platform function so that they can play with you via their smartphone  no excuses this time because they can play it from the couch with you   Online multiplayer game 
THE GAME OF LIFE 2,Posted  March          Product received for free  Now  you may be wondering why I have over     hours in a game where there s DLC and a season pass  It s not about the money  it s about the gameplay  I don t have any dlc as it s just the same gameplay but with different skins   PROS  Steal money from friends  bots  or others in online Have pets  just dogs or cats  Exploit the economy if you re lucky enough not to land on tax spaces You can be single just like real life When married  it costs nothing and you actually earn money from it There s no divorce papers so your partner doesn t take anything from you There s more retirement options in case the first game s options wasn t enough  CONS  Kids don t do anything  no benefits of earning money or anything There s no divorce papers so you gotta live with your partner forever You can t      evade taxes The first game was just about money  hence why the sequel won t be as good enough Why is there a button dedicated to just buying the season pass wtf Same thing with the first game  friends and family would question your spending decisions and how much you played it   TL DR The sequel won t be as good as the og game but it s a decent game  Would rate it as a        
THE GAME OF LIFE 2,Posted  August          Pay    dollars so they can give you a single extremely short map and then blue ball you with all these other way cooler maps that are    more dollars   Oh and when you do buy these different themed maps  they don t even change the life events  Have fun being a computer scientist in fantasy land  you know  the classic high fantasy character arc   This should really just be free to play
THE GAME OF LIFE 2,Posted  January          This is a game I bought  I bought it with money  Money that could ve gone towards actually fixing my life  But instead I bought this  I bought the Season pass too  Cause I have disposable income that I don t keep good track of  I did that  Voluntarily  On a whim  Played for over  hrs with friends        will continue to play inebriated with said friends 
THE GAME OF LIFE 2,Posted  February    The Game of Life           A adaptation of the famous board game that is overall a fine enough game that lacks variety and feels more like a mobile game than a PC title  There is also multiplayer with both friends and randoms however I never got connected to a match probably because the player count is incredibly low  It s essentially a single player title with co cop w friends   Pros    Easy enough achievements   Fun at the start         hours of gameplay  if you re achievement running    Minor customisation  Cons    No variety of locations  cards  or actions  It seems more content is locked behind DLC packs    Had only one crash  overall runs fine    Gets stale fast 
THE GAME OF LIFE 2,Posted  December          Unfortunately a barebones version of the actual game  Board is exceedingly short with very little variety to win the game since the most amount of money outweighs almost everything else except having a crown   Normally  for that price  i would say fine no problem but additionally this game tries to pull a fast one on you with dlc that is hilariously overpriced  A simple reskin of the board and a few more options for your avatars  for more the half the price of the base game  Clearly they are trying to make a quick buck here with zero effort   My advice  Get something like tabletop simulator or play monopoly plus instead  that game isn t perfect either but you can see that they tried a little harder there  D
THE GAME OF LIFE 2,Posted  August         Game of Life   is a fun online version of the old bord game with new choices like having a non binary partner and adopting a pet instead of children  but there are only like   Jobs  the Game lasts all of   minutes at best  There seem to be   maps in total  but you only get   of them and have to buy the rest of them one by one   You appear to have choices  but realisticly  you dont  Going to college is a must since not going to college is neither faster nor rewarded  There are no high paying jobs like rockstars if you dont go to college  And you get to change your job way to often  Also  kids are not rewarded  marriage doesnt matter  and there is no such thing as life insurance  car insurance or fire insurance   Basicly  its a get rich quick game with minimal effort for maximal profit   Quick Edit  The Job Rockstar does exist  but it pays   k  Less than a Hair Stylist Also  the   other Maps are just Re skins with no extra content  They didnt even change the jobs  so you are gonna be a solar engineer in the stoneage
THE GAME OF LIFE 2,Posted  December          I don t even pay this much in taxes for my real career  that s absurd  
THE GAME OF LIFE 2,Posted  March          Product received for free  Life is pain 
THE GAME OF LIFE 2,Posted  October          The game itself is alright  but having to pay for DLC s for new maps is not my thing so thats the biggest part of my dislike  the other parts are theres not much excitement to it as there was with Game of Life    I remember playing an old CD version of Game of Life and they had so much animations for anything you landed on with yer colored car I so loved that way better than these steam versions sadly
THE GAME OF LIFE 2,Posted  August    This game was fun at first  but the creators of the game are just looking for a cash grab by releasing re skins of the same map  No new game content has been added since the release and it s a basic version compared to the actual board game  It would be nice to see a new map with more twists  but that ll never happen 
THE GAME OF LIFE 2,Posted  August          Pretty fun if you have a max of   friends total  The fun only lasts about   games until you get bored of the same map   The DLCs need to be bought by all   players in order for the map to be available  Each one being   dollars is kind of too much compared to the actual game  But  it s the only way you d probably want to continue playing in general  Sucks     Had to refund since I don t see me playing more of this often unless my friends have all the maps too 
THE GAME OF LIFE 2,Posted  March              Graphics        You forget what reality is   Beautiful   Good   Decent   Bad   Don t look too long at it   MS DOS       Gameplay        Very good   Good   It s just gameplay   Mehh   Watch paint dry instead   Just don t       Audio        Eargasm   Very good   Good   Not too bad   Bad   I m now deaf       Audience        Kids   Teens   Adults   Grandma       PC Requirements        Check if you can run paint   Potato   Decent   Fast   Rich boi   Ask NASA if they have a spare computer       Difficulty        Just press  W    Easy   Easy to learn   Hard to master   Significant brain usage   Difficult   Dark Souls       Grind        Nothing to grind   Only if u care about leaderboards ranks   Isn t necessary to progress   Average grind level   Too much grind   You ll need a second life for grinding       Story        No Story   Some lore   Average   Good   Lovely   It ll replace your life       Game Time        Long enough for a cup of coffee   Short   Average   Long   To infinity and beyond       Price        It s free    Worth the price   If it s on sale   If u have some spare money left   Not recommended   You could also just burn your money       Bugs        Never heard of   Minor bugs   Can get annoying   ARK  Survival Evolved   The game itself is a big terrarium for bugs                                                           
THE GAME OF LIFE 2,Posted  January         I come from a family of hard core board game players  the kind that by the time I was around in the    s the inside lid for our      s copy of Life was scored ink black  full of the names and wealth of winners games past  We even played Ancestor rules  sometimes we d play a game christmas or new years eve for example  and the next day play again but with all your stuff from last game as the grandchildren   The Game of Life   is very cute  but the base gameboard is just too small  I think maybe a third the size of the physical board game at best  The only real agency you have when playing is deciding which fork in the road to go down  but almost every split reconnects so quickly you can breeze past them in one or two turns without anything meaningful happening  Even the system for choosing which stat option to increase  Love  Knowledge  or Wealth  doesn t give you any agency because they all are worth the same score at the end and there is no disincentive to just pick the card which gives you the most stats for the least cost aside from bonus points if you have the most in a stat   Maybe the DLC boards are longer and have more player agency  but if that is the case it s actually worse because then it shines a spotlight on how the base board was probably designed badly on purpose to get people to buy DLC   The best ways to fix this in my opinion are to double or so the size of the game board  add options that can negatively impact the whole board or other players  bring back mini games which were apparently in the last game but not this one  and introduce stat requirements and excluders for a lot of the stuff you can buy or upgrade  Don t got a lot in the love stat  Doesn t look like marriage is on the cards for you yet  but oh boy do you have enough knowledge for that Robotics pay raise   This reminds me a bit of  The Game of Life  Twists and Turns  as well  so maybe they can find some inspiration there if they haven t already  I can also see this game being a lot more fun with a looping style split path gameboard like  Twists and Turns  and a predetermined round limit or win condition to see who can get the most out of their LIFE   Good luck Devs  I returned my copy but I ll be keeping an eye on development 
THE GAME OF LIFE 2,Posted  June          Game where you live out your unrealistic fantasies of getting married  completing your masters  getting a high paying job  raising kids pets  and most importantly of all win the adoration of your friends as you show that you ve  won  at life   Totally not an escapist fantasy lol 
THE GAME OF LIFE 2,Posted  August          im bad at life
THE GAME OF LIFE 2,Posted  June          e
THE GAME OF LIFE 2,Posted  February          Itis a good game and I have lots of fun with my dad
THE GAME OF LIFE 2,Posted  March          i finally have a life after playing this game
THE GAME OF LIFE 2,Posted  October   Was fun until I started getting matched with players bots that would rig the spin wheel to land on whatever they wanted   There should be a report option     Ps  fk you LeslieAnn
THE GAME OF LIFE 2,Posted  November          fun with friends 
THE GAME OF LIFE 2,Posted  December          you can be gay in The Game of Life  
THE GAME OF LIFE 2,Posted  March   fun and mobile  wants too much money for dlc boards and things 
THE GAME OF LIFE 2,Posted  December          Here s the thing the game itself is fun with friends the first time you play it  I also thought that the dlc would actually make the maps bigger or even different     BUT NOTHING CHANGES it is the same map just a re skin of everything EVEN THE JOBS are just re skins its very disappointing  The game would be fun if there was actual different maps and fun new things   Its just too repetitive   
THE GAME OF LIFE 2,Posted  March         This is so buggy it is pretty much unplayable  Who thought this was good enough to release this as the final copy  The game language keeps changing  the random white screen of death plus buggy multiplayer  I would rather purchase the actual physical copy 
THE GAME OF LIFE 2,Posted  January          Was actually looking forward to chilling on this game  Aesthetically it looks great but that t about it for me      The board is tiny  you can skip most sections with a   plus spin on the wheel      Marrying  kids or pets does nothing in terms of your final reward so its pointless doing any of that     They ve added a new fate square  land on it and the only thing your gonna end up doing is paying taxes seeing as taxes take up most of the wheel  which is ridiculous   So don t bother taking the risky route  all you re gonna end up doing is wasting the little amount of money you have collected on the board      I think there s about   jobs to choose from in total to choose from      It is impossible to earn money  somehow the NPC s can generate some extreme amounts of money but you ll be very lucky to reach even    k tbh        There s no mini games  in actual fact theres no fun in this game whatsoever  the only thing i noticed was that the game is actually ridiculously irritating   don t expect to win because you won t  the NPC s will      On the last and final occasion i thought i d give this a chance i managed to get to the end with   crown  pointless new feature  and around    k which was great  but when it started counting the money at the end the game froze and i had to CTRL ALT DEL to close it down so actually if you manage to win at some point you won t get to bask in your glory  you ll have to close the game down and lose everything anyway   I hope to sh t they update this game  until then it will be staying in my library in the  f  k that  folder   It really was a pleasure watching everyone else excel in the game of life whilst i m sat in my front room contemplating sticking pins in my eyes  thumbs up  
THE GAME OF LIFE 2,Posted  December          I beat my friend so badly in this game he broke his keyboard and made me buy him a new one  Thanks Sean 
THE GAME OF LIFE 2,Posted  March          A fun new twist on Game of Life where your choices actually matter  Unfortunately every game is really really short so you don t actually do much  I really wish the board hard about twice as many tiles 
THE GAME OF LIFE 2,Posted  May          Very game  very life
THE GAME OF LIFE 2,Posted  December          brought this game to play with friends but even though im connected to the internet just fine when i try to access the online multiplayer the game states im not connected to the internet ive tried everything to try to fix this issue from disabling my firewall to port forwarding with no luck as such i have requested a refund and wont be recommending this game to anyone 
THE GAME OF LIFE 2,Posted  November         Finally got my last achievement and I can finally uninstall this    This game could have been good if map had some sort of a randomizer   It s only fun for like once  With friends maybe like   times   Now DO NOT buy the extra content stuff   It s only reskin of the original map and that s it  They should have change the map atleast but no    EDIT  Well I did spent a lot time in it so f    it I give it thumbs up  If you get it on sale and play with friends then I guess it s pretty ok for a round or two lol  Still don t buy the extra content  
THE GAME OF LIFE 2,Posted  July         this game is a great way to relax and kickback on any day  It can be played by a robot if you are away from the screen for too long  I enjoy the boards  the journey and how it s all family friendly  I would reccomend this game to all ages   D
THE GAME OF LIFE 2,Posted  March    The Game of Life    A really fun game to play with your friends  Your friends can play even if you are the only one that has the game  The games may be short but still the game is really fun  It may take some time but you can make it a perfect game   A really great way to lose your friends 
THE GAME OF LIFE 2,Posted  January         This is honestly a worse version of Life   in terms of enjoyment  There are not even minigames anymore  which was one of the main things I hoped for in Life    Overall  I am pretty disappointed  It seems like the creators are just trying to suck money out of you now 
THE GAME OF LIFE 2,Posted  December          The game has boiled down to an extremely smaller map  no mini games besides spinning the wheel to see who gets the higher number  and an absurd amount of taxes and stop signs  You can t get a high paying job until the very end of the game at which point it s pointless  and the only way to win is to fork out money every chance to get  attributes   This means there is a specific way to win that takes away the fun  You re better off getting the original Life because the RNG makes it a much more balanced and chill experience  as opposed to this half assed mind numbing experience with no creativity or elements of fun   Also if someone buys any of the other maps  they are purely cosmetic and don t change the board at all  Only the person who bought it can see it 
THE GAME OF LIFE 2,Posted  February     Maybe  if you get it for free or for   euro or so it can be worth it  Even then there s barely any content to speak of  The DLCs are just reskins and add nothing to the gameplay 
THE GAME OF LIFE 2,Posted  October          Can no longer sell your children
THE GAME OF LIFE 2,Posted  February          I want to die
THE GAME OF LIFE 2,Posted  June          No custom game settings  no changing the rules  only like   jobs  all the cards are the same its just so lacking content  wait for a sale or something lol
THE GAME OF LIFE 2,Posted  October   My life sucks
THE GAME OF LIFE 2,Posted  March          just go play on tabletop sim for free  and a less cut scene filled experience
THE GAME OF LIFE 2,Posted  April   i meeeeeaaaaaaaan its alright
THE GAME OF LIFE 2,Posted  December          Hi  I m Saul Goodman  Did you know that you have rights  The Constitution says you do  And so do I  I believe that until proven guilty  every man  woman  and child in this country is innocent  And that s why I fight for you  Albuquerque 
THE GAME OF LIFE 2,Posted  April          spent    quid on all the DLC  Yes  even the Scottish one  Every DLC is just a re skin of the same map  shouldn t be worth more than    pence each  absolutely bonkers yeah  Only plus is that if you get a pet before marriage  and the bird has to sit in the back of the wagon    Show me the bloke that made this game and I ll kick that smart ass  teeth in  This game keeps taking the piss outta me  got me throwing a wobbly every spin  First time I played I chose pop singer  and I got proper taxed more than what it s worth  I mean  I m not Rod bloody Stewart          me  I was skint before I even graduated  don t call it life   when it should be American Life    This game is pants  innit 
THE GAME OF LIFE 2,Posted  March         WAY TOO SHORT  The game was bought by a friend of mine  We both were expecting a fun time  and don t get me wrong  it was fun   for the first    minutes  Once they got to the end  I was just constantly roiling   s and   s  Which just made it pretty boring at that point  The choices honestly felt the same  no real difference in the choices you made  When you rolled high  you basically just skipped through the map and it was basically just a race to get to the end and hope the other players get stuck in mid game or beginning to gain attribute points or    k per spin  The map needs to be  x larger and definitely randomly generated  The DLC maps look like complete re skins  although I have not bought them  so this I am not      sure on   But it would not matter  you d play them one time and just feel done  Tabletop simulator has this game plus many other board games  And honestly  it is really sad seeing most board games that become real PC video games are just being rushed and not getting the actual feel of the original board games  Board games usually would last at least an hour to   hours long  Game devs have shortened the times of these board games in less than    minutes  There should be two options  long games or short games in my honest opinion 
THE GAME OF LIFE 2,Posted  August         Product received for free  At least its better than my real life   
THE GAME OF LIFE 2,Posted  January          College  Taxes  Gay Marriage  Steal Child from Hospital  Retire  action cards
THE GAME OF LIFE 2,Posted  November         Thank god life doesn t actually suck as much as this game   Buggy  overpriced and little content for way too much money  Marmalade has done it again
THE GAME OF LIFE 2,Posted  January          Product refunded  Played   rounds of this game and tbh it s enough
THE GAME OF LIFE 2,Posted  February          The game is      DLC based  When playing with   people every action is the same  you get the same jobs and the same choices  playing a round with a friend is basically the same as you playing by yourself twice 
THE GAME OF LIFE 2,Posted  November          I beat life and sold the kids
THE GAME OF LIFE 2,Posted  September          Hi  I m Saul Goodman  Did you know that you have rights  The Constitution says you do  And so do I  I believe that until proven guilty  every man  woman  and child in this country is innocent  And that s why I fight for you  Albuquerque 
THE GAME OF LIFE 2,Posted  February          Excellent game but it shows that the developers don t care about it and did it for a cash out from Hasbro  There are many simple broken things such as Achievements not triggering and randomly placed placeholder  Text here  text all over  It s been   months and not a single update has come out to fix these tiny simple things  For example  the placeholder text literally just needs someone to go into the Unity scene and press delete on it     Awful look for such a big company like Hasbro   I m sure they will ship out more DLC instead of fixing the game which is just a reskin of new models  not even new season themed jobs or anything  I m also pretty sure there are only like   jobs in this entire game overall  completely bare bones from the first game   Edit  It looks like they haven t fixed anything and released a DLC after this review  exactly what I said they would do   
THE GAME OF LIFE 2,Posted  April          Product received for free  Okay so this game is so aggressively limited it s kind of crazy   As far as I m aware  the pawns have   different outfits and that s all  There s only ONE map  with   more being locked behind DLC  which not only is just a reskin of the EXACT same layout with a different aesthetic  but if you want to play online  EVERYONE in the room has to own the DLC too   EDIT  Jumped the gun but it s still stupid  You can choose any skin you want when playing a game  but the others will only see the map skin they chose themselves  and only your jobs outfit   I mean  yeah  the game runs fine  it sure is Game Of Life  but    Content wise  it almost feels like a scam 
THE GAME OF LIFE 2,Posted  November          I bought this game for remote play together only to discover that the remote player can only view the screen but cannot play   the local co op is literally couch co op  they must be there in person to pass and play   The map is not randomized  it stays the same each time  and there s not a ton of content available in base game  It seems like a less full game of life game than the original one I played as a kid  and there are just enough changes that it doesn t scratch that nostalgia itch I was hoping for   That being said  it s a cute simple game to play with my husband  kids  or local friends who come over  There is an online option I haven t attempted yet  and the option for computer AI players  It s not something you re gonna want to sit and grind at for hours  but it s fun for every so often  I wouldn t buy it full price  but discounted is worthwhile 
THE GAME OF LIFE 2,Posted  July          it s one of the best board games ever made except better because its  
THE GAME OF LIFE 2,Posted  July   When you play with friends and get screwed by a game of rock paper scissors and then have   children in your bike  I love it
THE GAME OF LIFE 2,Posted  November         Product received for free  This game is great if you are looking for a very  very  VERY simplified version of The Game of Life  However  if you are like me and want a more authentic experience of The Game of Life  the first game by this company is much better   To start off  there is no insurance in this game  Which helps to highlight the lack of danger throughout the board  There is only one outright bad dangerous tile type to land on  which is taxes  There are Fate tiles that make you spin the wheel too and those have a chance to make you pay taxes as well  but other than that  there are no dangers across the entire board leading to a very boring experience overall  The jobs are also very repetitive  There are only a few different jobs that you will encounter so no career really feels all that special because most of the players will probably share a job   Logistically speaking  the  scoring  system that determines the winner of the game is completely different from the original  It feels like a completely different game at this point  Children have no effect on the score  The score is based on the players money and these  characteristics  which are wealth  intelligence  and love  To be honest  it doesn t really matter how much money you have by the end of the game  The winner is pretty much exclusively decided by who has the most of those characteristics  Those are the ONLY two things that have any effect on the score   Overall  I found this game to be quite boring and repetitive  If you are looking for a very simple board game to play with a couple of friends this will work for you  but if you want something that would take even an ounce of thought strategy to play  this is not the game for you 
THE GAME OF LIFE 2,Posted  July          I bought the DLC hoping it would be like most DLCs that when you host a game the other users can see the map but that is not the case I didn t realise all of the players have to purchase the DLC as well 
THE GAME OF LIFE 2,Posted  December          Only played it with the little one  Stay clear of the overpriced DLC as it just seems cosmetic  Good fun though
THE GAME OF LIFE 2,Posted  May   Fun  get to ride in a car for your whole life  Pretty similar to being stuck in traffic everyday after work looking out the front window thinking why did I choose this job  Should I have maybe followed my passion as a writer  You know what  I m going to follow that passion  I ll quit my job tomorrow and finish writing that book  Wow this game really makes you think  huh    Update  I did it  I quit my job and became a writer  I m moving to the middle of a forest  off the grid  Thankfully  my mother is only a    minute walk away so I can still play this wonderful game every Friday night  This game changed my life 
THE GAME OF LIFE 2,Posted  February    The short of it  It s way too short  and way too repetitive     You can easily spin eight    s and be done with the game    The game banks off of playing many rounds  because you unlock items for playing the game  many          times    There are probably like   jobs  Everyone that goes to college ends up with the same highest paying job  There s no chance about it    It s super easy to go into debt in the beginning  multiple times over  You start off with     k  college is     k  Land on an action life tile and want to get life points  Also     k  You now have       If a player gets high rolls they can get married in   turns  Other players are required to give you a wedding payment  No money left after college  You re in debt  congrats    After you get a job you re given the  lucky number  on the wheel  players that land on your lucky number have to pay you    k  One player rolled two    s and is halfway through the board  while you ve rolled two   s and are still in college  You re in debt  congrats    Going into debt gives you loans tokens in increments of    k  Repaying loans is only an option on  some   randomly  of the action tiles  Don t land on those tiles  Your    k loans are now     k to pay off at the end of the game  You lost  congrats   If you want to play this game  at least get it on sale  I got it from a bundle 
THE GAME OF LIFE 2,Posted  September          Really fun and you can lose hours to this game however it crashes A LOT  In around   hours of gameplay I ve experienced   crashes causing me to close the game and restart it  This is the only game I m having this issue with so it s not my computer  it s nit a huge issue just very annoying  
THE GAME OF LIFE 2,Posted  May          I grew up on The Game of Life      version  So many memories playing with my grandpa  I loved it  But this version is pretty mediocre in my opinion         It was fun for the first while  but after enough playthroughs it just lacked creativity for me  Kinda fun for a short time  but nothing amazing  Also  the game would freeze crash quite often  like every other match almost   I d recommend if it s on sale 
THE GAME OF LIFE 2,Posted  December          The game is fun  but there are no choices for length of game      of the time I don t get to even buy a house  have kids  or a pet  Then they have DLC maps that you can buy  but each map is just a copy of the first one with a different background  I wouldn t be so upset about that if they added new cards  but they are all just the same  Playing one round of the game and you already see all of the jobs available and actions that can be taken 
THE GAME OF LIFE 2,Posted  May         in most ways  it s still the same game most of us knew as kids  but they ve added some updated bits to it    an example is we re no longer restricted to just the same old  same old of the blue peg or the pink one  they ve added a purple peg  so if you don t like the blue pink choice  or more to the point  don t Identify as  pink  or  blue   they ve got you covered  and along with that  the choices of what you can marry has opened up  you have your basic bride  your standard groom but now there s an option of a peg dressed in a white tux with a pill box hat n veil  and these are just Some of the things to bring the game into the   st century  they ve broadened the choice for housing and job options as well  all following the various boards  themes  of course  and while i play it single player  there are options to play with friends as well as just whatever randos online if you want too  all in all  it s always been a fun game but now it feels a bit more inclusive    a bit more rounded        
THE GAME OF LIFE 2,Posted  March    Product refunded  the remote play does not work
THE GAME OF LIFE 2,Posted  June          played one game and got bored  Also extremely fast  no variation in cards
THE GAME OF LIFE 2,Posted  June   The game is fun  but don t buy the DLC s  The maps are exactly the same 
THE GAME OF LIFE 2,Posted  May                u can be nonbeanery
THE GAME OF LIFE 2,Posted  December          Just better to play this game as Life     on the table  as a board game 
THE GAME OF LIFE 2,Posted  May          Pros    It works    Has pets  which is cool  although you can t choose a cat or dog  it gives you a cat then a dog  Cons    Small board   Low job choices   Low house choices   Bots are rigged   Spinner is rigged  or my luck is so bad that I can t get a number higher than   most the time  unless it s gonna be a bot s number    Only has one map   DLC maps are      each  EACH        Season Pass  That s more than the game itself   The only reason I got it was to play with my friend  It works for that  but don t play singleplayer unless you want to get destroyed by the AI players 
THE GAME OF LIFE 2,Posted  November          Easier than the actual board game at least I can spin that roulette whitout having to dissamble the whole thing while trying to roll a           to not pay taxes and go bankrupt while my only child is starving and my wife is reconsidering our marriage because I don t have a stable job  LOOK MARY ANN I DIDN T WANT TO SPEND    K ON SCHOOL 
THE GAME OF LIFE 2,Posted  May         In this game  I had a husband  two children  and pets  I also got a job as a brain surgeon  This is a dream  I bought   wonderful houses and giant snails    I don t want to go back to reality   Definitely  a fun game to play with friends  Exciting casual gameplay and simple but nice graphics  Incredibly  online is live and there are a lot of players now  This game will keep you busy and having fun for hours  You can really tell that the dev team put a lot of effort into making this game the best it can be   
THE GAME OF LIFE 2,Posted  January          Great Game  They Need Better Devs Though   It s a great game that could be fantastic  but it s held back by lack of basic quality of life features and some minor coding choices that I d have to pass up as a lack of ability funding otherwise they d just be strange  Example  I just came out of an online game where everyone had to quit because I player up and left AFK for whatever reason and never came back  We were waiting for what could have been easily    minutes  I m not sure why this wasn t thought of during the design phrase of this game  but there NEEDS to be a way to deal with player inactivity  I ll make a post in the discussions area regarding ideas I have as well   Every stage uses the same board  and some even reuse the same jobs  The game needs more variety and I don t see why this is a hard thing  You ve already got the assets and code for all of these at the ready  all it takes is some planning and slight changes to the code  Every stage should have its own unique board layout  and unique jobs  I don t think that s asking a lot  Minor things like these only serve to improve your game greatly  I have some other ideas as well but like I said I ll hash it out in the discussions area later  All in all it s a great game with great ideas but it s brought together in a very   what feels like halfhearted manner  I recommend it but only on a steep sale in its current state  Due to the issues I mentioned  all the dlc are just basic reskins  There s no reason to buy them  I own all  but it was during a major sale where I got it for next to nothing tbh 
THE GAME OF LIFE 2,Posted  March    Fun game if you like The Game Of Life  I have only played it locally   pass the mouse  style  with family  A couple things though     The new  worlds  are the exact same map    there are only a few changes  The scenery  the jobs  and the vehicle outfit options  It would be nice to have a different course for each  world  instead of a reskin  Why  in the Age of Giants world  am I getting a LIFE tile for a flat screen TV    Apparently  despite having the exact same map  online multiplayer requires each person to purchase the  world  before any player can use it  as opposed to it being  hosted    Thus  if you want to use a particular  world  with your friend  you both have to buy it   Bottom line  Buy the base game and expansions  but not at full price 
THE GAME OF LIFE 2,Posted  September    This game is so cute and fun to play with a friend  We pick a  persona  and try to guide them through their life rather than playing to win 
THE GAME OF LIFE 2,Posted  March    This game is fun to play with your friends on just those random nights lol 
THE GAME OF LIFE 2,Posted  October         Overall Disappointing  Needs way more activity card and career options  Gets repetitive after one game as all of the same cards come out multiple times in a single game 
THE GAME OF LIFE 2,Posted  August    i be gay in game  got me husband woo
THE GAME OF LIFE 2,Posted  December          as much as i like the game it needs serious work on a couple of things like game length and well i played a couple of games then when i came back a couple hours later the game wont run keeps getting disc error so deleted reinstalled on second drive and it worked fine then again came back to it and it has the same error so at the moment have to reinstall it on a different drive to be able to play so until they fix that i have to give this game a don t bother getting it rating
THE GAME OF LIFE 2,Posted  August          This game is super cute  Granted I ve only played with bots because it s just me sadly    But that doesn t take away from the fun gameplay  You can speed up the game so it s not as long  I played my  st hame on regular speed and it took around    mkns to complete and about half that on fast mode  It took a little bit to get used to spinning the wheel  but otherwise it s a fun and easygoing game 
THE GAME OF LIFE 2,Posted  August          This game is very fun to play with friends and family becau  oh   right  I have no friend and my family hates me  What I was MEANT to say is that this game is very fun to play with frie  I MEAN BOTS and my bot family  that s right  I have a bot family now and they love me quite a bit  I RECOMMEND THIS GAME 
THE GAME OF LIFE 2,Posted  February          A nice casual game only ruined by the pathetic basement dwellers who feel the need to cheat at the most casual game in the world  You got the bonus    times in a row and won the       pension spin    times in a row  sure I believe it  Best just to play with friends 
THE GAME OF LIFE 2,Posted  September          Game of Life has always been one of my favorite board games  it s nostalgic for me   I ve played this a lot solo and with my spouse on the Nintendo Switch  My spouse  who didn t fancy it at first but now enjoys playing it only cause of how delighted I get    I decided to buy it a few months ago on Steam during a sale along with the season pass  this is a must and totally worth it     The remote play is a lie and does not work as it states in the game popup    My spouse was only able to watch me play alone when I initiated the remote play but not participate at all  My spouse ended up having to buy the game for himself only because it was     off   There were some issues during gameplay  My spouse wasn t able to see some of the bots moves and choices when we played together  I could however see everything as I was the one hosting the games  This is a bit upsetting and we definitely preferred playing it on the Nintendo Switch couch co op  The other thing that annoyed me with this game on PC is it s not very controller friendly  and spinning the wheel requires a mouse movement flicker which sometime still misses   Overall  I enjoyed my solo gameplays  The bots do love to go into debt and end up winning    at which my spouse said is the  American way  going into debt and winning  So now he does it too  LOL  Cheater  Hehe      I love the new maps and hope they release more of them 
THE GAME OF LIFE 2,Posted  March         Aight its fun for like   games  Plus the wheel is so easily manipulated  could get under       of the time
THE GAME OF LIFE 2,Posted  April          helps live
THE GAME OF LIFE 2,Posted  March          Really nice and fun game but its a little bit overpriced  not the game itself bit the seasonpass  why pay    euros for some cosmetics 
THE GAME OF LIFE 2,Posted  March          The game is really nice  but you need friends for having fun  I think the seasonpass is a bit overpriced  because it s     just for skins 
THE GAME OF LIFE 2,Posted  March          Product refunded   
THE GAME OF LIFE 2,Posted  October          Nothing like real life 
THE GAME OF LIFE 2,Posted  July    bro the first game had more stuff to do  this is just a scam for cosmetics      
THE GAME OF LIFE 2,Posted  May          Game is fun for like a few games then it gets boring  I like the concept but it s just a game with utterly basic rules 
THE GAME OF LIFE 2,Posted  July          The game is fun but I think the most disappointing thing about it is that you aren t able to do Steam Remote Play on it  I have friends in other states and I would love to be able to play it with them instead of coming up with work arounds to do it   Aside from that the game is really fun  its a little short for my preference 
THE GAME OF LIFE 2,Posted  June          The Game of Life   is a board game  where you have to start your life  collect money and achieve your dreams in order to beat other players   The game looks good  it really does seem like a tabletop game and I do like about it  The basic gameplay is fun in my opinion  you need to money and other attributes  which gives you points in the end  You can get these by taking different routes and make your decision between family  career and wealth  The round of the game is not longer than    minutes  so you can play it basically any time  The controls of the game is pretty easy  you only need to use the mouse  The sound is all right  but in long term  it can be boring to listen to     and this is the biggest flaw with this game  it s boring after a few games  You can try to mix it up  by taking different routes and gameplay  but you will basically do the same thing on the same map over and over again  What about the world DLCs  Those are just reskins of the default map plus adding piece skins  but nothing more  What about the online multiplayer  I tried to find someone to play  and I got   person so far in an hour of searching    and that person also left the game mid game  You can play the game on one computer  which is pretty good  but sadly the game don t have Play Together  which is unfortunate  There are freezes and bugs here or there  some of them even game breaking  but I only found   in my one and half hour of gameplay   This game seems and feels fun  but it lacks any long lasting gameplay  You can have fun for an hour of two  but you probably won t touch this game  except if you play with friends  I recommend you in general  but get it only  if you can get others to play with you  otherwise just skip this game  If you still interested in the game  I suggest you to get it for around        it doesn t worth    in my opinion 
THE GAME OF LIFE 2,Posted  July         pretty fun  nostalgia
THE GAME OF LIFE 2,Posted  December          I married the space man 
THE GAME OF LIFE 2,Posted  March          fun little existential crisis
THE GAME OF LIFE 2,Posted  October   kurt is cheating
THE GAME OF LIFE 2,Posted  May          No local multiplayer and no Remote Play Together options  No Controller support  Skip this title and find something else 
THE GAME OF LIFE 2,Posted  September    good game
THE GAME OF LIFE 2,Posted  August          The game is fun for the first two games but after that is gets boring and repetitive and got boring even with friends so the games fun but you need a big friend group like four people to make it fun would not recommend but if you like it have fun and buy it just giving you some pointer  ALSO IF U WANT SOMTHING NEW IT COST     which I am not paying for 
THE GAME OF LIFE 2,Posted  April          This game was very disappointing  I am not happy with it costing money it feels almost like a free mobile game thats badly made and once the lacklustre extremely short game of life story plays out you only get two endings to either stay on a pension or travel  In edition this paid for game only had one level the rest you had to pay extra for or get the season pass    All together would NOT recommend
THE GAME OF LIFE 2,Posted  January          Too short and too repetitive  I loved the board game as a kid and was excited to play  After just two games with my husband I am done  Not worth the price at all  Total bummer  It could have been so much better if there were more options 
THE GAME OF LIFE 2,Posted  July         Minimalistic but entertain  Not much content but is a cheap board game  Single player  host seat and online  Sessions between       minutes  up to   players   The DLC is just cosmetic so you don t loose anything important if you buy the base game 
THE GAME OF LIFE 2,Posted  July         This game is basically candy land   Compared to the Game of Life    this game has many features removed or replaced  Many of the mechanics of the original game have been replaced by simplistic versions  While Life is a very chance based game  this version of it is so random  that the player does not matter  You could have all   players controlled by the same human   For example  Jobs no longer have abilities or bonuses  they all have lucky numbers  which are not even job specific Jobs no longer have random salaries  they have a locked payday amount  with a very shallow raise system You can only choose from   career cards  rather than    reducing complexity Multiple people can be the same job for some reason  in one of my games we all had the same job Career spaces are just gone   Example  If you had to pay for a hospital stay  the doctor would get the money rather than the bank  This usually makes it so players have a choice of a more safe salary based job  or a risky spin and tile based job  You are not forced to buy a house  While this is an intentional change  those who have the random chance of getting a house are greatly advantaged  Buying a house is a random event  rather than a player controlled one      That being said I do like some of the features of the new game 
THE GAME OF LIFE 2,Posted  December          life
THE GAME OF LIFE 2,Posted  March         Great game  Play withh ur pals or alone haha  good good  it allows you to get a partner for those who cant irl 
THE GAME OF LIFE 2,Posted  December          pros  fun with friends  cute style graphics and concept   cons  once you play it   times there s no need to play it again  it s very short and nothing changes  it s the same short thing over and over again  I find it similar to pummel party  super mario party  and bitlife  and I wouldn t recommend this over any of them  the others are much more fun and much less repetitive  there are also issues creating joining with lobbies   monetary value  in it s current state I can t recommend it for how much it is  the games needs more free maps  mini games  and more players  limited to   currently  before it s worth what it is 
THE GAME OF LIFE 2,Posted  September          sam s seal of approval  D
THE GAME OF LIFE 2,Posted  July         I have always been a big fan of this as a board game when I was younger  I fully enjoy this version of this timeless classic  Excellent work 
THE GAME OF LIFE 2,Posted  October   I like that I can play this game with my family that lives with me and we can all have fun  IT A GREAT FAMILY NIGHT GAME 
THE GAME OF LIFE 2,Posted  December          A lot of fun  But the game feels way too short 
THE GAME OF LIFE 2,Posted  December          Its ok i would not buy this at the price its at now  this is the first game im ever refunding if it goes on sale i might buy it again but as it is now not worth it there is next to no game play at all the first one is way more fun  Update did get my refund
THE GAME OF LIFE 2,Posted  February    If you have the board game and somone to play with  stick with that  This is like Life Lite Jr  It looks like life but if you play more than one game you ll realize that the devs left out     of choices and didnt bother to ever add them later on even though it would be ridiculously simple  Not worth full price  Plays like your kids trashed the game and lost most of the pieces  not hard to still play but rather repetitive 
THE GAME OF LIFE 2,Posted  November          fun board game to play with your friends
THE GAME OF LIFE 2,Posted  May          i ran over a women in     
THE GAME OF LIFE 2,Posted  August         FUN TIMES LOL
THE GAME OF LIFE 2,Posted  July         Product refunded  the physical board game has like    x the content  this crap sucks  
THE GAME OF LIFE 2,Posted  May         its only fun for like   games
THE GAME OF LIFE 2,Posted  October   It was fun for two rounds but after that it gets old quick     plus the  DLCS  are just skins and don t change or add anything real to the game  So much they can do to make this game really fun    really feels like a cash grab especially consider the dev is hasbro 
THE GAME OF LIFE 2,Posted  July   its a fun game to play at first but theres isnt enough content to keep playing  as there are only few doable options and content  and new content is all dlc and are just cosmetics and not new content  ive played only this far and am already bored 
THE GAME OF LIFE 2,Posted  July          I ve had this game get stuck three times now right at the end  It counts the money and the pieces just stand there  moving their heads and jumping around  On top of that  all the maps except one are behind a paywall  Had I known I was only gonna get one map with this game  I wouldn t have gotten it  I figured since it was so based around having new maps  that there would be more than one available to play without paying  Ha  Nope  I bought this during the Steam Summer Sale and it still wasn t worth the discounted price  What a joke  Greed has gotten the best of this one   All this said  I plan on getting every achievement because I did it for the first Life and I think it s funny that my first two      games will be Life and Life    But let it be known I hate myself for this and what I m putting myself through   Edit  I ve finally done it    My first two      achievement games are The Game of Life and The Game of Life    I m certain this game took years off of my life  Don t be like me  Be better  Avoid this game for your own good 
THE GAME OF LIFE 2,Posted  February         This game is boring and nothing like it said it would be they said that teen years would exist well that didn t happen not at all  Collage is completely broken and pretty much ensures a win or second place  some more things the maps are complete trash they are just reskins and come    bucks for season pass  thats more than the entire game  also buying the dlcs gets you only of the skins you see  So just get the board game this game is all lies and garbage     
THE GAME OF LIFE 2,Posted  June   While it is decently fun to play with friends once in a while  there just isn t too much strategy to provide the player with a lot of replay value  The principle of maximizing   or   of the attributes and gathering money is quickly understood and the choices presented to the player rarely require much thought  Winning therefore consists of making obvious choices and hoping bad luck doesn t screw you 
THE GAME OF LIFE 2,Posted  December          Today when I walked into my economics class I saw something I dread every time I close my eyes  Someone had brought their new gaming laptop to class  The Forklift he used to bring it was still running idle at the back  I started sweating as I sat down and gazed over at the    lb beast that was his laptop  He had already reinforced his desk with steel support beams and was in the process of finding an outlet for a power cable thicker than Amy Schumer s thigh  I start shaking  I keep telling myself I m going to be alright and that there s nothing to worry about  He somehow finds a         outlet  Tears are running down my cheeks as I send my last texts to my family saying I love them  The teacher starts the lecture  and the student turns his laptop on  The colored lights on his RGB Backlit keyboard flare to life like a nuclear flash  and a deep humming fills my ears and shakes my very soul  The entire city power grid goes dark  The classroom begins to shake as the massive fans begin to spin  In mere seconds my world has gone from vibrant life  to a dark  earth shattering void where my body is getting torn apart by the    mph gale force winds and the     decibel groan of the cooling fans  As my body finally surrenders  I weep  as my school and my city go under  I         hate gaming laptops 
THE GAME OF LIFE 2,Posted  July          I am a    yo father  probably one of the oldest people playing this game  I am a single father to my Son  who is    now  My son got this game for Christmas in      from his uncle  so we installed it on his Ipad and he started playing  By the end of the week he had     hours on this game  This was horrible for me  as it was already hard for me to find ways to spend time with my son  as he is always out with his friends or just watching YouTube  So I decided to make a Steam account and get this game to see if I could maybe play alongside him  I loaded into the game  picked my character and started playing but I was stuck on what you where supposed to do  I asked my Son for help and he hosted a game for me to join  I loved it as it was the best time I had spent with my Son since my wife s boyfriend had died  This game has ever since brought me and my son closer again and now we actually spend time together outside the house together as well  This game reminded me that there s fun to be had in everything  and it has brought both me and my Son many happy memories 
THE GAME OF LIFE 2,Posted  April    Honestly not worth it  After playing it to     times it got pretty boring  There aren t that many job choices or pathways to take it  just a cycle of repeating everything over and over 
THE GAME OF LIFE 2,Posted  September   girlfriend approved 
THE GAME OF LIFE 2,Posted  August         Life
THE GAME OF LIFE 2,Posted  May   Don t waste your time  your money  or your life on this  The only game to be had here is the one being played on you 
THE GAME OF LIFE 2,Posted  January          The game is buggy if you play multiple rounds  Single player is slow even when using the fast forward button  This feels like a cash grab to me  I discourage anyone else from bothering with  The Game of Life    
THE GAME OF LIFE 2,Posted  August    DLC system  boo  I recommend to get it if you don t care about that though  I had fun  Need more friends though 
THE GAME OF LIFE 2,Posted  September          I refunded this after less than an hour  It got stuck during my second game and I couldn t play anymore  even after restarting 
THE GAME OF LIFE 2,Posted  March         I wish there were pay to win mechanics  maybe whenever EA makes theirs   But for real tho  to everyone whos played the real board game  doesnt this just seem so much shorter than the real thing   Idk I just wish it was a lil bit longer  maybe different size boards would be cool   n n
THE GAME OF LIFE 2,Posted  December          Yes    lovely game with friends anytime of the day
THE GAME OF LIFE 2,Posted  December         only one map  costs way too much for the game for what its worth  and for different maps you re required to buy expensive DLCs
THE GAME OF LIFE 2,Posted     July       Product received for free  개같은겜
THE GAME OF LIFE 2,Posted     May       아니 이건좀   아무리 그래도 아 이건좀      
THE GAME OF LIFE 2,Posted    April 아이와 하기 좋습니다 
THE GAME OF LIFE 2,Posted     February 보드게임 그대로 구현돼있음 영어도 그리 어려운영어 안씀 AI랑해도 재밌고 온라인 지원함 개추
THE GAME OF LIFE 2,Posted     September       솔플되고 게임성 좋고 다 괜찮은데 번역 없는 거랑 배속할 때 자주 겜 멈추는 건 좀 빡침  자동으로 저장되서 껐다 키면 되긴 함  그래도 배속 없이 게임할거라면 이만한 보드게임도 없는듯  멀티는 안 해 봐서 모름
THE GAME OF LIFE 2,Posted    December       가족끼리 같이 할만한 게임
THE GAME OF LIFE 2,Posted     November       It is very fun game but it will be very fun if you play this game with your friends 
THE GAME OF LIFE 2,Posted    September       이젠 친구들이 싫어  하지만 우리의 유대는 더 강해 
THE GAME OF LIFE 2,Posted    August       Life
