title,review
ANNO 1404   HISTORY EDITION,Posted    September For the new ones trying to find a tutorial or campaign   I bought Anno        History Edition but it didn t come with campaign or any tutorial  Couldn t figure out how to play the base game  the one with the campaign   tutorial   So for the people facing the same issue      Go to your Steam Library and right click Anno        History Edition    Go to Properties   DLC    Uncheck the Anno        History Edition Uplay Activation Box  Now every time you start the game from steam it will give you the option to play the normal version or the version without the add on  This is the version with the campaign   Hope it helps 
ANNO 1404   HISTORY EDITION,Posted     February        A Ubisoft service is currently unavailable  Please try again later   I only want to play single player  Why TF do we need to login via ubisoft in the first place if they shut down the servers sooner or later after releasing a game  Anno      HAD multiplayer support  Anno      venedig HAD multiplayer support  But servers were not available after some time and you had no way to play with friends unless you resorted to a janky  rd party software to emulate a lan connection   Several years later they launched this  They fixed some bugs and ported it to    bit version  AAAAAnd servers are unavailable again  Now you cant even login and play single player because you have to be verified via UBISOFT s premium servers   Re releasing the same game   times is already a joke  Cutting off any oppurtunity to even play them is borderline scamming   Don t buy this if you expect to play with your friends  Might as well pirate the game since the servers won t exist in the near future anyway 
ANNO 1404   HISTORY EDITION,Posted     December       Where was this game all my life  I have been playing city building and empire games since I first sat down to Civilization on the Super Nintendo  I was never exposed to Anno until now  I can t put this game down  It scratches an itch that I didn t know I had  The incredible music  graphics  and mechanics are amazing  The city building and trade management and production lines are amazing  The battles are unique and the ships are beautiful  Yes  I dear say  I will probably have     hours dumped into this game before I put it down for a little bit  Don t buy it unless you are ready to share a piece of your life with it 
ANNO 1404   HISTORY EDITION,Posted     June       Can t play with others who bought the original version   expansion  that disappeared from steam   We were forced to shelve out another    euros for a game we already owned just in order to be able to play together 
ANNO 1404   HISTORY EDITION,Posted     June       fantastic way to waste too much time lol
ANNO 1404   HISTORY EDITION,Posted     June       One of the best scams Ubisoft can give to people  Only a patch to the old game and   improvement of click and drag to build multiple house that could be given free to the loyal gamer of Annoverse  Very well done      gonna get scammed again 
ANNO 1404   HISTORY EDITION,Posted    May       You open the game  blink  and it s been several hours  Your eyes are dried out  You have three cities and your people still require bread  You wonder why it s taken so long to get to making bread  You should go to sleep  but you re so close to persevering  Just a few more minutes  you think   It will never be  just a few more minutes   This game is a drug  It s so seamlessly well made  you won t want to stop playing  Dead serious 
ANNO 1404   HISTORY EDITION,Posted    August       It s Anno      aka Dawn of Discovery  patched   They let Dawn of Discovery fall so out of date that even with a lot of tinkering  it was almost unplayable on modern systems  Then they finally patched it  and sold it as a new game  for an outrageous price   Yes  I like the game  No  I don t like that they made us pay for a patch to a game we already bought 
ANNO 1404   HISTORY EDITION,Posted    January Can t even play the game because of Ubisoft s broken launcher   Why do I have to make an additional Ubisoft accound and why is the MANDATORY launcher    mb  And most of all  for all that is holy  am I being prevented from playing a game I purchased because the launcher keeps failing an update  Never again Ubisoft  never again   EDIT  Ubisoft s elegant solution seems be for me to jump through a bunch of hoops  including manually  ending unnecessary background processes  so I can run an infinitely more unnecessary background process  I obviously aint doing all that for a launcher that has   utility apart from being an extra layer of advertisements on a game I already paid for  so I guess I m just not going to play the game  Shame  it looks pretty neat and I ve heard good things 
ANNO 1404   HISTORY EDITION,Posted    July       After so many years of that stupid         memory bug that you fixed you come here wanting    Euros for fixing a bug and adding dragplace calling it Remastered and even then the same              happens again after    hours GAMETIME we can t play anymore because a sandstorm bugged half of our islands making you unable to build ANYTHING on them  BOUGHT THE GAME TWICE IN OVER    YEARS NEVER PLAYED IT ONCE WITHOUT GAMEBREAKING BUGS
ANNO 1404   HISTORY EDITION,Posted  September         I started the game  I build a few houses  All over sudden it was  am  Thanks Anno 
ANNO 1404   HISTORY EDITION,Posted  November          need the next anno      on steam Y Y
ANNO 1404   HISTORY EDITION,Posted  July   ubisoft connect is absolute garbage and makes launching the game very hard  game quits after a couple of seconds to look for ubisoft connect updates  fails to find any after sevreal minutes and disconnects my ubisoft account 
ANNO 1404   HISTORY EDITION,Posted  January         Requires Ubisoft Connect 
ANNO 1404   HISTORY EDITION,Posted  March         I played this game when I was a kid  Still funny how this game is imo  better than strategy games made today 
ANNO 1404   HISTORY EDITION,Posted  December         Love the game but hate how you have to be signed into UbiSoft Connect  download their software as well as open up more ports besides steams to play this game  Because of that I don t play it anymore and deleted all UbiSoft content  I will also make a point of not buying anymore UbiSoft games due to this 
ANNO 1404   HISTORY EDITION,Posted  June          I love this game  I own the DRM free version  Dawn of Discovery  Venice   I stopped playing that one for good in      because of the well documented crashing to desktop memory related problem blah blah   That problem is now gone  I have loaded my old profile  I have loaded my old game  I have played for   hours straight without so much as an FPS drop on ultra settings  Nothing in terms of gameplay has changed  this is still a well balanced economic city builder that I can lose hours in  If you re new to Anno       I highly recommend this game for its resource management  quest system  endless game mode  and city building  If you re returning to Anno       it s as glorious as ever   So far  negative reviews are focusing on a few things     The game still looks pretty  though   This is one of the best economic city builders ever made  It was one of the Anno games that Luke Hodorowicz drew inspiration from when he made Banished  It s now stable on x   systems and has updated graphics  Once again  I recommend this   Patch     has corrected the DX  issue  the game can now run DX   and transparency effects are back 
ANNO 1404   HISTORY EDITION,Posted  September          The negative review doesn t concern the game itself  it is actually a lot of fun  But the fact that the amateurs at Ubisoft force you to sign into their useless online service ruins the experience because half the time I cannot log in and therefore not play the game  Steam should really establish policies that prohibit sellers on their platform from making additional services mandatory for using a product  A product for which I paid good money  mind you 
ANNO 1404   HISTORY EDITION,Posted  August         Remind me    why do I need an intrusive  always online  data mining third party launcher and account for an offline single player game   I should have read the requirements before buying  so lesson learnt  But Ubisoft s practices means I no longer touch their games with a barge pole no matter how good they may be 
ANNO 1404   HISTORY EDITION,Posted  May          This game  requires  players to install the game publisher s  rd party application AND create an account with them just to play the game   I even searched why the hell they would require the players to create an account and require log in to play the game  and the answer  albeit not from the developer itself  was something like  because online profile is required to allow multiplayer games   The developer did not explicitly acknowledge this comment  but it did not refute the claim either   As far as I know this game is not primarily marketed as a multiplayer game  so I see no reason why an online profile is mandatory where multiplayer is just an option to the game  Besides  there are a lot of games with multiplayer component that allow single player mode without requiring the players to create an account with the developer  So in my view this requirement is utterly unnecessary inconvenience to the players   Can t understand why they are selling the game on Steam with this policy in the first place   By the way  according to the developer any recent Ubisoft title requires a Ubisoft account along with Ubisoft Connect application  Guess I will never buy one of their titles in the future 
ANNO 1404   HISTORY EDITION,Posted  February          I purchased this game against the negative comments because I love city builders that don t force the fighting aspect  initially at least   I can guarantee you that this game is highly addictive and you really can lose large increments of time  EVEN with the silly voice telling you how long it s been since you ve been playing  and yet you won t honestly  feel  like that much time has passed you by     WARNING   Do not just expect the game to do the automatic saves for you  or leave it to the game to actually always do the autosaves  I suppose is what I m saying  as there will be scenarios where you either     run into an issue where you need to go back to your last save and it was actually  hrs past Or    the game froze crashed and your last actual save was    hrs back and you lost all of that work  essentially destroying all your motivation Or    you just completed a successful bunch of building and it s just smarter to SAVE  JUST  DO  IT  Save yourself the headache and heartache and be your own save    like when you go through a dungeon and save right before a boss fight    SAVE and you don t have to worry about loss  Period   You re Welcome  Happy Gaming 
ANNO 1404   HISTORY EDITION,Posted  July          Game is excellent  I guess with it being over    years old  it s a classic by now  but it s long been an excellent city builder and if you re into the genre  how have you not played this yet  And for those longing for that nostalgia  this release works on Windows    and widescreen resolutions  A word of warning though if you re buying this today  the game currently installs Uplay which is an issue because Ubisoft no longer supports Uplay so it gets stuck in a cycle of failing to update and wont let the game start  You have to go to the Ubisoft website and manually install Ubisoft Connect  then launch the game via Steam and Ubi Connect should see it and link it  then let you play it    It s a pain in the rear  but Ubisoft s DRM always has been a pain in the rear for paying customers  so no change there    But they definitely lose brownie points for abandoning their old DRM for a new one and then failing to ensure all their games start shipping with the new one   
ANNO 1404   HISTORY EDITION,Posted  February          English  I love Anno  and this Game is good  But Ubisoft are a bunch of peepee suckers  My friend has the Non History Edition  which was pulled from Steam  and there is no crossplay between literally the same game  He d have to buy the game he already owns again for another      Absolute crap  Buy only when on sale  Do not give Ubisoft money for this crap   German  Ich liebe Anno  und das Spiel an sich ist auch gut  Aber Ubisoft ist ein Haufen bl der Schwengelschlecker  Mein Kumpel hat noch die ganz normale Anno version  die Ubisoft aber von Steam gepullt hat  damit man nur noch diesen History Edition Schmutz f r     neu kaufen kann  und es gibt nat rlich kein Crossplay  So ein Schei dreck  Kauft den Mist nur wenn er runtergesetzt ist  Ubisoft braucht nicht noch mehr Kohle f r so nen M ll
ANNO 1404   HISTORY EDITION,Posted  December          this is the nicest most polite game i ever played
ANNO 1404   HISTORY EDITION,Posted  March    Everything i do is wrong  like in real life 
ANNO 1404   HISTORY EDITION,Posted  April         Graphics        You forget what reality is   Beautiful   Good   Decent   Bad   Don t look too long at it   MS DOS       Gameplay        Very good   Good   It s just gameplay   Mehh   Watch paint dry instead   Just don t       Audio        Eargasm   Very good   Good   Not too bad   Bad   I m now deaf       Audience        Kids   Teens   Adults   Grandma       PC Requirements        Check if you can run paint   Potato   Decent   Fast   Rich boi   Ask NASA if they have a spare computer       Difficulty        Just press  W    Easy   Easy to learn   Hard to master   Significant brain usage   Difficult   Dark Souls       Grind        Nothing to grind   Only if u care about leaderboards ranks   Isn t necessary to progress   Average grind level   Too much grind   You ll need a second life for grinding       Story        No Story   Some lore   Average   Good   Lovely   It ll replace your life       Game Time        Long enough for a cup of coffee   Short   Average   Long   To infinity and beyond       Price        It s free    Worth the price   If it s on sale   If u have some spare money left   Not recommended   You could also just burn your money       Bugs        Never heard of   Minor bugs   Can get annoying   ARK  Survival Evolved   The game itself is a big terrarium for bugs                                                           
ANNO 1404   HISTORY EDITION,Posted  January   Buy Anno      and remember why you fell in love with video games 
ANNO 1404   HISTORY EDITION,Posted  April    F| |cking ubisoft why I need separate launcher for the game  It works time to time  so many bugs
ANNO 1404   HISTORY EDITION,Posted  August          Fantastic game   i hope      is coming to steam 
ANNO 1404   HISTORY EDITION,Posted  September          Awful experience  Could not get through the UPlay login  alwasy getting the  A Ubisoft Service Is Currently Unavailable  Error  and there was no way to fix it  Worst DRM layer ever  Steam should not be allowing this kind of publisher practices in their platform   Refund asked 
ANNO 1404   HISTORY EDITION,Posted  February          Returned as Ubisoft has added their DRM to another single player game and their IDP ain t working so i can t login   Will have to find a version online without DRM   
ANNO 1404   HISTORY EDITION,Posted  June         Having to install a third party publisher to play a game you buy on steam is unacceptable 
ANNO 1404   HISTORY EDITION,Posted  March          I hate to log in into Steam and log in into Uplay  When the Uplay account is locked nobody support me  Even I did reset my Password I still cannot log in  Can t play  Annoying system 
ANNO 1404   HISTORY EDITION,Posted  January          Its an awesome game  i really liked it   all the more sad that Ubisoft support will completely screw you over if you purchased the game through steam and refuse to help you once their Ubisoft Connect feature starts to fail and give you a message that the authentication of the game couldent be validated  they claim its because I logged into a wrong Ubisoft account that differs from the one linked with my Steam    strange since the game ran fine for   weeks and Ive changed nothing and I do not have any other accounts to either Steam or Ubisoft Connect  they vere created for that game alone   To this day  still no sollution has been given  and frankly I find Ubisoft support rude  unhelpfull and a tad arrogant  once you acctually manage to get a responce from them    update  they fixed it after    month and    responces  Found out I wasent gonna give up and did the math that it was not worth thir workhours trying to make me rebuy the game 
ANNO 1404   HISTORY EDITION,Posted  July          I really like this game  but Ubisoft s practice of awful DRM makes this game a terrible value  Every time you start the game you need to wait for Ubisoft to load into their server and download some annoying update  I dislike but can live with DRM on AAA brand new games  but this sort of DRM on old     games is ridiculous  Either do the thing they re trying to prevent  or buy this from a seller that does not require awful DRM  If I had known how intrusive the DRM for this game is  I would not have bought it   I am    hours into a game  just got home from work  and am currently waiting a few minutes for the verification code needed to log into my Ubisoft account so I can play a game I bought and downloaded   This game is a lot of fun  As someone new to the series  I will definitely check out more of this series and will buy non DRM versions  unless they re new and really good   I recommend playing on a very easy setting if you re also new to the series  It s really fun watching your city grow and learning how to manage all the different resources is pretty fun  From what I ve played so far  there seems to be a pretty high skill ceiling too  Playing on hard would be much harder and would probably play way differently than easy 
ANNO 1404   HISTORY EDITION,Posted  December         Recommended System Specs    Hair sample   Urin Semen Blood Sample   Donger Size   Eye Color  Height  Address  Once you sled all that information to Ubisoft  they will gift you a shiny  fresh and awesome DRM that is required to be online  otherwise your    year old singleplayer   i repeat  singleplayer   game isnt working    Its a great game  made by awesome developer but led by a predatory publisher also known as Ubisoft  Anyways  if you look for the experience you got from Anno      and      you get exactly that with plenty of additions  No mentionable bugs  you get whats promised and a shiny Ubisoft DRM on top of that  Even tho  you never asked for the DRM  In fact  no one did  Further  A pirated version is more comfortable than the original you bought  Great times we live in   I don t want to advocate piracy in any way but it s a simple and sad matter of fact   TL DR Thumbs down because of the necessity of the Ubisoft Connect Launcher and what comes with it  That simple  If you ever read  Ubisofrt Connect required  on steam or whereever  dont purchase the game  save yourself a lot of headache  That is what i learned with this game 
ANNO 1404   HISTORY EDITION,Posted  March         Beware  you need BOTH Steam AND Uplay installed  loaded  and logged in to play this game  Get the legacy edition instead 
ANNO 1404   HISTORY EDITION,Posted  June   I loved this game  But Ubisoft Connect is so annoying that i dont like it anymore 
ANNO 1404   HISTORY EDITION,Posted  September         DO NOT SUPPORT UBISOFT S PRACTICES The only version of this game you can get requires a third party online application to run  When you buy a game  you should be able to play the game without any other interference  especially one this old 
ANNO 1404   HISTORY EDITION,Posted  March    The game is fun but connected to Ubisoft  which is a huge negative for me  Ubisoft makes loading a game a huge chore  Why have to verify your account with another game platform  shes a glitchy       at best  Just stupid  Not worth the hassle even on sale 
ANNO 1404   HISTORY EDITION,Posted  September          ubisoft if you want to get rid of the bad reviews then make it free for players who already bought the game before  edit  it seems the bug of people in the streets turning into gaints is still there as i recently encountered it while attempting the imperator scenario  speaking of which  the AI seems to cheat more then it used to as it now rebuilds towers and keeps instantly even if the area is under my control  also it disregards the cooldown of infultration and sends wave after wave of spies after the player  i can not bring myself to dislike my favorate game of all time but buyer beware  this isnt a re master  its a de master 
ANNO 1404   HISTORY EDITION,Posted  August   Fantastic game         Let s start with the bad  it needs Ubisoft connect to play for some reason  and that totally stinks  I didn t have any problem with it but many have  and it s a pain to create new accounts  have new passwords and launchers after buying it from Steam  just a big thumbs down   The good  I have about     hours on the original and I loved it so much I got the HE to play on high resolution display with Win    and I m now approaching     hours on this version too  I always have a blast playing it  it s complex  balanced  very well thought out  beautiful world characterization and it s the kind of game which is easy to understand but hard to master  Beside the campaign there is an endless mode in which you just do your own thing for as long or as little as you like  tons of settings before beginning the game  tons of random generated maps  AI  no AI  disasters  missions  objectives  monuments to your heart s desire  One of the best games ever made  hands down  Absolutely and utterly underrated and overlooked
ANNO 1404   HISTORY EDITION,Posted  September          Anno      is going to drain your time like no other   you constantly have more to do than you can  but its mostly tedious work after you have learnt the ins and outs of production   Main gameplay consists of building  expanding and maintaining supply chains under time pressure  The game throws you curve balls while you are busy with existing growth challenges   Main issues come down to missing information  again    like in all of these games    What size and how many fields does a building need   Counteracted by full refund when destructing buildings  only on easy  BUT time is your most valuable resource     How much wood does a woodchuck chuck if a woodchuck would chuck wood   even tutorial tip mentions some buildings requiring multiple sources  but    how many and which  You have to try it out    How many and where are XXX production buildings on the island whole map   all buildings look alike after a while    killing AI is like playing whack a mole as they generate resources out of thin air  When conquering their resource depots they will just build another one just outside your armies range  Only way to force them out of an island is to maintain area presence where the AI can not build   A lot of these challenges could be better if the game had better logistics simulation  In the grand year of      island wide quantum teleportation storage has been invented and all resources within an island exist in ALL of the storages at the same time and can not be destroyed unless the last building holding them is erased    Road connection is required in some cases  but for citizens it matters not how long said road connection is  there just needs to be a path   Thus building most efficiently includes having a storage depot in the middle and huddle all production buildings as close as possible to it  only logistics simulation is from storage to pick up resources from the production sites and back in a cart    I miss connection between population and production    manpower wise  As it stands  population exists only to consume resources and generate gold  They do not participate in work in any way  Production is always fully employed     The game is good  You will be working while playing  As the game mainly comes down to microfest I am not convinced this is an interesting multiplayer game for me 
ANNO 1404   HISTORY EDITION,Posted  November          great game  ABSOLUTE      Distributor  F C  U UBISOFT
ANNO 1404   HISTORY EDITION,Posted  June         i sat there for an hour or so wondering why do i need an account and connect to Ubisoft to play a single player game  Took me a second to uninstall and decide never to buy a game from that company again   Refund plz 
ANNO 1404   HISTORY EDITION,Posted  April         Best ANNO games for me were ANNO       then ANNO       then ANNO       last ANNO       spent many hours through covid lockdowns being amused by ANNO games thankyou
ANNO 1404   HISTORY EDITION,Posted  September                 Too easy to lose track of time with this addictive masterpiece 
ANNO 1404   HISTORY EDITION,Posted  October          Cannot start game due to Ubisoft Connect not working   A Ubisoft service is currently unavailable  Please try again later    
ANNO 1404   HISTORY EDITION,Posted  April          Love the game  hate Ubisoft  I bought the game on steam  yet it forces me to use the Ubi launcher with all kinds of problem  Have been in contact with Ubi support for   days now and the issue still isn t resolved  Just let me play through the medium i bought it through 
ANNO 1404   HISTORY EDITION,Posted  June          This piece of garbage comes with Ubisoft s Uplay software  Uplay asks me to login to play the game THAT I BOUGHT THROUGH STEAM  and has the audacity to tell me there was a problem with my account and to f    off  So now I m out     and still can t play the game  F you Ubisoft you piece of crap company 
ANNO 1404   HISTORY EDITION,Posted  October          absolutely disgusted with having steam forcing me to make a uplay account  would rather lick a tramp  just launching the game feels like having uplay sit on my shoulder and  inspect  my every move  wankers
ANNO 1404   HISTORY EDITION,Posted  February    Wow  Ubisoft Connect really is as bad as people say it is  Game barely ever launches and then when it does  it crashes constantly  Refunded  no game is worth this much hassle 
ANNO 1404   HISTORY EDITION,Posted  November          I have played every Anno game there is and this one is to me  the best Anno there is up to date 
ANNO 1404   HISTORY EDITION,Posted  September         Its really a shame  Anno      is still one of THE best buildung games out there  but in true Ubisoft fashion they  fixed  the game  in other terms its buggy  I had trouble starting the game at first  than it randomly worked  Now my friends game wont start  I was really hoping Anno      History Edition would turn out to be a great game to play with friends  but meh If you dont care about Multiplayer  go ahead and buy it  singleplay works fine  But for myself I can recommend the game   
ANNO 1404   HISTORY EDITION,Posted  July          The game requires you to have Uplay and a Ubisoft account which is annoying   Other than that  really  really excellent game  One of the best and most unique RTS s I ve ever played  If you can get over the above point then I highly recommend 
ANNO 1404   HISTORY EDITION,Posted  December             Graphics       You forget what reality is   Beautiful   Good   Decent   Bad   Don t look too long at it   Paint exe      Gameplay       Very good   Good   It s just gameplay   Mehh   Starring at walls is better   Just don t      Audio       Eargasm   Very good   Good   Not too bad   Bad   Earrape      PC Requirements       Check if you can run paint   Potato   Decent   Fast   Rich boiiiiii   Ask NASA if they have a spare computer      Difficulity       Just press  A    Easy   Significant brain usage   Easy to learn Hard to master   Difficult   Dark Souls      Story       Story not here   Text or Audio floating around   Average   Good   Lovely   It ll replace your life      Game Time       Long enough for a cup of coffee   Short   Average   Long   To infinity and beyond      Price       It s free    Worth the price   If u have some spare money left   Not recommended   You could also just burn your money      Bugs       Never heard of   Minor bugs   Can get annoying   ARK Survival Evolved   The game itself is a big terrarium for bugs
ANNO 1404   HISTORY EDITION,Posted  May          One of the best Anno games and probably a good starting point for those who are completely fresh to the series  as it s not quite as deeply complex as the later ones  This is quite a detailed game though with a whole lot of content to go through  it s the best series of games if you want your citybuilding to be a little more than just that  Acquire resources  set up trade lines between islands  set up your resource lines and so on so forth  Go through the population tiers and fullfill their needs step by step  ever expanding and growing further with more complicated needs  It s very satisfying  but build with efficiency in mind for your industry   Beyond this one i d recommend Anno       as well as probably the best one now  Anno       Anno      is a little different  i d look into it more if you re thinking about that one 
ANNO 1404   HISTORY EDITION,Posted  August         Instantly refunded when I saw the Uplay install itself without consent   Sad to not being able to recommend this game as I have fond memories of playing the Anno series but I wish Steam would stop adding games on their platform that require an additional program to launch and to make matters worse doesn t allow offline play   Great game but      service
ANNO 1404   HISTORY EDITION,Posted  July    Great game from what I can remember playing it originally on physical media but having Ubisoft Connect be a requirement to even play the game is a joke  Why even have it on Steam when Ubisoft doesn t even remember your password  try to many times it locks you out completely until you reset it  then to open the link you have to use a different browser because it doesn t work on all them  So frustrating to even open the damn game 
ANNO 1404   HISTORY EDITION,Posted  April          Seriously  You need to get a Steam account to buy and install the game and then you need to log into Ubisoft every time you play it  Come on    Don t we all have too many  rd party program installed on computer already  We don t need additional accounts just to play a game or be polled for stats 
ANNO 1404   HISTORY EDITION,Posted  March          Uplay is not able to connect  Tricking the firewall did not help  I cannot play the game 
ANNO 1404   HISTORY EDITION,Posted  October   Ubisoft Connect 
ANNO 1404   HISTORY EDITION,Posted  July   Game was on sale for       so I figured I would give it a try  An hour later  I still have not gotten the launcher to work  Requested refund 
ANNO 1404   HISTORY EDITION,Posted  January         Hate the  rd party account requirement 
ANNO 1404   HISTORY EDITION,Posted  January         Just an absolute pain to figure out how to play  having to download additional software and have yet another login just to play a game I purchased is an exhausting trend  What a waste of money 
ANNO 1404   HISTORY EDITION,Posted  January          one of the best and most addictive city builder there is  complicated enough to be challenging but not frustrating  and the graphics are still so good even in      
ANNO 1404   HISTORY EDITION,Posted  July    Ubisoft Connect is just a big pain in the a  
ANNO 1404   HISTORY EDITION,Posted  August          Requested a refund because of how utterly broken Ubisoft s Uplay is  The game doesn t allow offline play  so you have to register login to their platform in order to actually play the game  Login wasn t working for me because  A Ubisoft software is not working   and registering for a new account wasn t working because I  did not meet Ubisoft s requirements   although I m well over     Frustrating  really wanted to play the game 
ANNO 1404   HISTORY EDITION,Posted  February    Been a huge fan of the Anno collection of games since they released      A D   which was like    years ago now lol  but I really connected with this particular game  Huge wins for me were the immersive and complex economics and supply chains  the diverse and staunchly aligned role of various NPCs  and the surprising attention to detail and graphics quality  particularly for a game of such age  
ANNO 1404   HISTORY EDITION,Posted  June          Having never played any Anno series game before now  and not entirely sure what to expect I am enjoying it  A comment about Uplay has been mentioned  yes you do need to download uplay to play this game  but there is no additional charge to that  albeit inconvenient as you think you ready to play and then it pops up  I m enjoying and I d recommend it to people
ANNO 1404   HISTORY EDITION,Posted  February          Absolutely sucks you in  Lost     hours of my life on the first day
ANNO 1404   HISTORY EDITION,Posted  February    You have download Ubisoft snooping software  Uplay  To add to that  they ve started giving gamers details to the UK police  Don t be fooled  Ubisoft should not be trusted 
ANNO 1404   HISTORY EDITION,Posted  June          I see many negative reviews  It probably depends on what you expect  For me it delivers exactly what they said  It s not a remaster  They just fixed it so that you can run it on  k monitors  very welcomed  and it can now use   gb ram so that bigger cities dont make it crash  Otherwise the game is as good or as bad as the original  I have played the original many hours and love it  And so far this updated version is just as awesome to play   If you only expect what they advertised   k  more ram  mostly  then you will not be disappointed 
ANNO 1404   HISTORY EDITION,Posted  December         A wonderful classic that delivers exactly the same gameplay as the original using a new  more robust technical hull  No more  no less  Now as of patch      the game finally works well and the lategame crashes seem to have been fully eliminated  Supports    bit and runs better under DirectX    than the original 
ANNO 1404   HISTORY EDITION,Posted  June          Well  it s Anno      made suitable for current software  One of the greatest titles in the series  But alas  it comes with YET ANOTHER launcher  ye olde Uplay  And the map editor also comes with a sneaky watering down  You cant place the Venice island when you build a map  The custom maps were probably the biggest reason for me to keep coming back to this game  So why they had to do this  is beyond me  If you have the original      or dawn of discovery  stick to it  You gain nothing by buying this version   in fact it comes with the two irritations as mentioned above  Owning the old version and this version   the old version is more practical to play  Looks like remakes   touch ups these days are getting it up the rear end  looking at you too Warcraft    
ANNO 1404   HISTORY EDITION,Posted  January         Does what it says on the tin  its Anno      but runs gloriously on modern systems  Still the same addictive  charming and surprisingly challenging game it was in years gone by  In      Guy Forcas is still a snivelling coward and Richard Northburgh is still low key negging you all the time  Worth it 
ANNO 1404   HISTORY EDITION,Posted  April          One of the best strategic games  but this Ubisoft with Ubisoft Connect     ruined game for me  This is  nd time in couple of weeks where I lose all my achievement  gems and literally all stuff in the game  It s really frustrating and I must get pirated version  I cant take this anymore  If someone know how to solve this issue please tell me  Good bye Ubisoft Connect  hello pirates 
ANNO 1404   HISTORY EDITION,Posted  November          My first Anno game  heard this was the best one to start with  Wow this is a good game  The setting is what makes this game for me  Transporting  exotic  resources from the orient to the North to fuel the needs of more and more sophisticated citizens is such a fun feedback loop  If your into management games at all I would highly reccommend picking this up 
ANNO 1404   HISTORY EDITION,Posted  November          Well  one of the best games a have ever played  So what is problem           Ubisoft Connect is a problem  Hate to have        software installed only to play something I bought on Steam  Only to read there is problem with autentification of my game 
ANNO 1404   HISTORY EDITION,Posted  June          I played this game when I really young and didn t really know what I was doing but now playing this game as an adult its kind cool to see how far i got from when I was a kid up to now   This game is a bit time consuming and a little text heavy but none the less it is one of my favorite games 
ANNO 1404   HISTORY EDITION,Posted  December          Yeah  got stuck with Ubisoft  I hate signing up now days  Everyone want s email address phone numbers  The nyou get telemarketing ringing every night 
ANNO 1404   HISTORY EDITION,Posted  June   Mechanically different from      but in a good way  Cities feel more natural and the graphics still hold up quite well  Overall  id recommend the game even at     
ANNO 1404   HISTORY EDITION,Posted  May         Anno      is considered in top two in the Anno franchise and this game plays as good today as any game released in       the other in the top two is        TIP  When you start the game play WITHOUT ADDONs so you can play the campaign  If there is one thing they should have adjusted when they released this it is that  They released the DLC as the main game and it doesn t offer the Campaign in its menu so when the popup comes up in Steam select the second option  The campaign will teach you the basics and has a nice story along with it  This game is really fantastic and you can t beat the price   if you like this one  definitely consider others in the series      and      are next on the list 
ANNO 1404   HISTORY EDITION,Posted  December          Sometimes you need to listen to Christopher Cross s Sailing and sip warm  spiced mead to bring down the heart rate after cooking meth and blasting Slayer all day  Likewise  sometimes you need a relaxing game to give your adrenal glands a rest after frying them on an intense FPS streak  What you don t want is a game so relaxing that it s boring  Anno      has well paced challenges for mellower gaming sessions   I was expecting a mediocre game  and it was better than expected  Not my favorite  but glad I got it  Needs a tutorial  but it s not overly difficult to learn while doing the original campaign  To do the original campaign  you need to choose the second option when launching 
ANNO 1404   HISTORY EDITION,Posted  September          I was like  This is not a game for me    After   hrs game play i Love this game   
ANNO 1404   HISTORY EDITION,Posted  June    Imagine having the Vanilla version without Ubisoft launcher  Guess I am a lucky man  but stupid enough to buy this one again 
ANNO 1404   HISTORY EDITION,Posted  November          Classic Anno but be prepared to figure it out yourself no real trainer
ANNO 1404   HISTORY EDITION,Posted  May    Requires the stupid ubisoft spyware app to be able to play
ANNO 1404   HISTORY EDITION,Posted  May         UbisoftConnect  Sure  Another platform  And another  And why not another  It is not possible to start the game offline without using annoying UbisoftConnect  Seriously annoying and unnecessary  Useless  uterly useless  I bought the game at Steam  why the hell do I need another  service  to play  If you do not need a scaling to  k  buy a non  history  version without UbisoftCan tConnect   Great game though 
ANNO 1404   HISTORY EDITION,Posted  August          Game is great   Ubisoft sucks balls  Want to play with friend  but UPlay will simply not let him log in  Services down message constantly  Go and pirate the game if you re just playing singleplayer      EDIT  I will concede that Ubisoft s support has been very good in helping out two of my friends get their accounts up n running  and logged in  This doesn t change the fact that shoddy always online DRM is a cancer to our games  Imagine trying to play the game in the future and Ubisoft s service is just completely down  rendering your game unplayable 
ANNO 1404   HISTORY EDITION,Posted  November          I have found this revised version of Anno      a lot of fun and a really good way to relax  The soundtrack is beautiful and the graphics are so much better than the original games  which i both own  The added Multiplayer does work well  but after a few hours of gameplay  there is a current bug that causes your game to become unsynced  i really hope the devs find a fix for it  Singleplayer scenarios will keep you busy many hours as you can either play a continuous scenario or a campaign scenario  Campaign scenarios have certain targets you need to complete  Continuous scenarios are a little different  as you can edit the scenario by changing settings that either raise or lower the difficulty of the scenario  Lots of strategy to learn where building is concerned and managing tax rates so you can support your colony  The map is made of islands which have pre allocated resources and a   means you can allocate a seed to plant on that island by buying it from the relevant NPC  I have    hours of gameplay so far  mostly multiplayer and look forward to many more 
ANNO 1404   HISTORY EDITION,Posted  December          Game Good  Uplay Bad Price I paid         Hours Played at the time of review     Hours  Summary This game is a perfect example of a good game ruined by having to play through ubisoft  You will see most negative reviews talk about crash at start up or ubisoft issues  If you don t have those issues and like strategy  rts  city builder  and management games this like the other four games in the series thoroughly enjoyable  I have all   Anno games and I think this one is my favorite despite being the oldest  and with that having issues of its own  If you can see through the age the game itself has enjoyable mechanics 
ANNO 1404   HISTORY EDITION,Posted  December          Very fun and relaxing game  But you need Ubisoft Connect to play on Steam  for whatever reason  and that worked kinda wonky in the beginning but now I can t access this Anno nor any other of my Anno games anymore because UC is literally the worst      I have ever seen in my life   Edit  I ve been told that everything should be manageable  I somehow lost access to my old UC acc and made a new one to play again  wich didn t work  so after a bit of msg exchange I can delete the new UC acc so that the email is free to use again and than transfer my old acc to the new email and everything should work  but the deleting will take around   weeks so we ll see  fingers crossed
ANNO 1404   HISTORY EDITION,Posted  May         requires Ubisoft Connect and to be always online with an internet connection 
ANNO 1404   HISTORY EDITION,Posted  December          Ubisoft drm sucks  Avoid 
ANNO 1404   HISTORY EDITION,Posted  July          One of my favourite games of all times  and the best city building game out there  Even after    years it still looks amazing and the History edition makes it HD   Anno      is a perfect game  and this review is about Anno      and not about the  History Edition   Ubisoft decided for some reason to remove Anno      from the Croatian steam store    which i believe could be even illegal today since Croatia is in the EU  and this is the main reason why i decided to buy this version instead  I bought the Collectors edition in Germany when it came out but sadly coudnt play it online  nor play it with the Venice addon so seeing Anno      pop up on the Steam store was a really pleasant surprise for me   So  what is Anno       It s a city building and management game where you colonize islands and struggle to keep your population happy  the money flowing and production up  The game play goes something like this  You colonize an island  you need taxes to keep up with production costs  your citizens ask for more stuff  you produce more stuff  you colonize more islands  you produce even more and different stuff    you manage    different trade routes  have multiple metropoles and are currently finishing building the Imperial Cathedral  Anno      keeps you invested  you are constantly expanding and time just starts to flow   The big twist with Anno      is that you can colonize both European style islands with citizens of European culture and thus  European  needs  and also Arabic islands with Arabic culture citizens  For anyone starting out  id recommend playing without any other AI player  its much more relaxing when you dont have to worry about some guy stealing your islands before you can colonize it or suddenly declaring war and blockading your ports for no reason   AI players give another dynamic to the game  but if you ask me War is just plain out boring  Good as a challenge and it s nice to have another trade partner  but waging war should be fun and its not really fun in Anno       Luckily you dont need to play with other AI players or wage war at all   TL DL Building is really great  fun and quick  The management of trade routes and citizen needs is really enjoyable and relaxing  can be stressful but nothing that will make you quit or lose the game  just add another challenge   War is boring and should be avoided Overall a        Masterpiece city building game  Best game Ubisoft ever produced  Also f   k Ubisoft from ostracizing Croatia 
ANNO 1404   HISTORY EDITION,Posted  January   This is the worst game ever made  I will play it until I die 
ANNO 1404   HISTORY EDITION,Posted  November          The game is actually a ton of fun but is unplayable due to the developer and their BULLSh    DO NOT BUY
ANNO 1404   HISTORY EDITION,Posted  February    Cannot load game without sharing information with a third party  I understand the evils of piracy  but I think that Steam would have that security issue covered  Is this data mining  I don t know  probably not but I don t feel comfortable  Some would say that I   should stop whining   Fair enough but be warned if you feel as I do   My profile shows   hours played  No explanation for that 
ANNO 1404   HISTORY EDITION,Posted  April         If you want to play the game with friends  this version of Anno      makes it a lot easier to set up and get it working  However if you want the game for singleplayer only  it s not worth upgrading from the original version as the changes are pretty minimal at best  I would give it a neutral recommendation if possible as it really depends on what you want out of the game 
ANNO 1404   HISTORY EDITION,Posted  September   Fantastic game that is basically Anno      but better  but the experience is ruined by  I guess  can t find any other reasons   awful launcher     years old game with requirements from a system at   GB of RAM takes almost   GB  tends to crash from time to time at startup  sometimes the launcher takes all the power my CPU has  slowing down PC to the point it is impossible to do anything  As long as this launcher works in such way  tho I don t believe anything will change anytime soon  I won t recommend any Ubi games        instead you can just  set sails   become a real  buccaneer  and start looking for  booty  hidden in all these old  bays  
ANNO 1404   HISTORY EDITION,Posted  May    I don t know about the game but I can t not leave a negative review because I ve been trying to access Uplay  Ubisoft connect or whatever that crap is called these days for a         hour and nothing works in that f   ing piece of trash bloatware   I m just trying to play an old game for fun single player why do I have to ruin my evening trying to recover a non sensical login and password five times with recovery emails that never arrive and then find the new account I made with a different email locked already on my very first login attempt    GRRRRRRRRRR     Save your sanity  stay away from Ubisoft products 
ANNO 1404   HISTORY EDITION,Posted  September         I haven t played ANNO in a long time  It s addicting on a CIV level  I like the animations  sounds  graphics are great  Problem is I restart maps all the time cause I wanna make it  perfect  Fun game 
ANNO 1404   HISTORY EDITION,Posted  November          Addicting  I used to play this on my old pc  left it running to build up money overnight 
ANNO 1404   HISTORY EDITION,Posted  May   game worked good for       days   now it starts no more   nice  
ANNO 1404   HISTORY EDITION,Posted  February          Best city builder ever 
ANNO 1404   HISTORY EDITION,Posted  April          Ubisoft connect causes so many issues  Yuck 
ANNO 1404   HISTORY EDITION,Posted  July          Hate to leave a negative review for such an amazing game    However  thunderstorms cause crashes every single time in the very late game     want to play but can t 
ANNO 1404   HISTORY EDITION,Posted  February          Bought the game and played for    minutes  Then all of a sudden my Ubisoft account was breached hacked  Had to delete the account and make a new one  only to find out that now my Anno      cannot be played due to it being linked to the previous account  Terrible design choice to make the game only playable with the account 
ANNO 1404   HISTORY EDITION,Posted  March          This game scratches so many itches  It s a city builder  an RTS  Logistics management   If you like Cities Skylines Sim City AND Dyson Sphere Project The Settlers  Original through to number    AND RTS games in general  then this is the best game to give you all three 
ANNO 1404   HISTORY EDITION,Posted  June   Takes me literally over    attempts to launch Anno        Ubisoft launcher on a steam platform whatever this is it doesnt work 
ANNO 1404   HISTORY EDITION,Posted  July          Great game  bad publisher  You will never know the game that YOU owned is delisted or unplayable on digital platforms in the future 
ANNO 1404   HISTORY EDITION,Posted  January         Better than     
ANNO 1404   HISTORY EDITION,Posted  July   I played for   hours straight
ANNO 1404   HISTORY EDITION,Posted  October    They implemented Ubisoft Connect   it broke the game  It has so many glitches   crashes  it feels like you spend more time fixing them  that actually playing the game   having fun 
ANNO 1404   HISTORY EDITION,Posted  July          game is telling me I don t have a valid activation key  Steam won t provide a refund 
ANNO 1404   HISTORY EDITION,Posted  May    You start game  Game hard  People attack  They steal your boat things  You stop playing game  You start new game  Turn off AI  Now you are most powerful in game  It just you and islands   But game still hard   Relaxing though 
ANNO 1404   HISTORY EDITION,Posted  July    Anno      is my first try at a city building game  and  as expected  I am struggling to understand everything but I am having fun  The games looks very nice and runs beautifully on Windows      I see a lot of comments about Ubisoft Connect  personally I just let it do its thing and forget about it  Everything runs just fine 
ANNO 1404   HISTORY EDITION,Posted  August          Bought the game but needs a Ubisoft account which I do have yet wants a verification code which it doesn t send to my email or my phone so I have no code to give yet it wants one  I ll be refunding now after owning the game for   minutes maybe sort out the way people can play the game instead of forcing them to have accounts which they do have yet asked for verification codes which they don t send     
ANNO 1404   HISTORY EDITION,Posted  December          Played Anno      for the first time in       Among the best RTS games I have played  I am a huge fan of the Age of Empires Series and even though Anno follows a very different formula  It offers the same charm with a lot of content 
ANNO 1404   HISTORY EDITION,Posted  April    Back in the days  way before i had a steam account  around the time this game was released i got it on my old PC as CD and played the heck outta it  It also is still my favorite part of the Franchise 
ANNO 1404   HISTORY EDITION,Posted  December          I ve been looking for something reminiscent of the old Caesar franchise for years  and this is it  Don t know how I missed it  but they pretty much stole everything and then upgraded with more options 
ANNO 1404   HISTORY EDITION,Posted  July          lose that uplay  the worst                                    
ANNO 1404   HISTORY EDITION,Posted  October          The best Anno 
ANNO 1404   HISTORY EDITION,Posted  July          Will probably be deleted when Ubisoft decides so  buy at your own risk    The game was very good  but Ubisoft is not trustable  I do not recommend 
ANNO 1404   HISTORY EDITION,Posted  August          This game is awesome  Not over complicated  This game is like factorio  your imagination is the limit  Buy this game to fast travel a week into the future  because time will literally melt away playing this 
ANNO 1404   HISTORY EDITION,Posted  December          What could have been a great game is completely destroyed by Ubisoft s U Play and Ubisoft Connect data grab  Ubisoft Connect is a buggy spyware that collects data from you but makes life very difficult if you re actually trying to launch the game  Getting a refund on this
ANNO 1404   HISTORY EDITION,Posted  December          The game is good  but ubisoft connect can go f themselves  You cannot play that game without an account or even logging in  not even offline  Unfortunately  ubisoft is unable to provide a stable version of their      software  so I can log in just fine in the browser  but not to play the game  I would not buy this game again  and I will stay clear of ubisoft in the future 
ANNO 1404   HISTORY EDITION,Posted  December          I d love to give this game a better rating but the first three times I fired it up it crashed while making it s way through the launcher and the other two just minutes into game play  That really sucks because from what I played it looks amazing with a really satisfying amount of depth  I m stoked at the prospect at maybe someday being able to play this thing    but when will these companies learn these two things      When we buy your game on someone else s store  we don t want to be stuck with you crappy DRM launcher      The tougher you make your DRM attempt the more the cracking community will relish the challenge  you are only alienating your actual customer base   I hope I m able to change this review at some point in the future but I have no illusions that will ever likely happen 
ANNO 1404   HISTORY EDITION,Posted  December               was the first Anno I discovered in college  Many all nighters were spent playing this game  And now it is finally here on steam and they did a great job with the remaster  The Anno franchise is amazing and      still holds a special place among the ranks 
ANNO 1404   HISTORY EDITION,Posted  April               is a good entry level Anno game       was also a banger 
ANNO 1404   HISTORY EDITION,Posted  September          Huge nostalgia pump for any that enjoyed the first ANNO games  Some nice new elements to the game without being too complex  I was done with it after   longgg custom game though
ANNO 1404   HISTORY EDITION,Posted  August   Its still the best Anno so far  Grab it if you are a Fan  
ANNO 1404   HISTORY EDITION,Posted  July    Eat sh t ubisoft  Your freaking launcher crashes the game every    minutes  money wasted 
ANNO 1404   HISTORY EDITION,Posted  September         Can t play online with my friends who have the old version of Anno       which was the main reason why I bought it 
ANNO 1404   HISTORY EDITION,Posted  December          I played this game years ago when it was called Dawn of Discovery  So happy this is on steam just to sit back and enjoy a fun eco game from the past  Still looks good  runs great 
ANNO 1404   HISTORY EDITION,Posted  July          Favourite RTS game of all time  It s just so perfectly balanced  Play to just build and chill on easy or compete hard  it s absolutely perfectly weighted for novice to experts 
ANNO 1404   HISTORY EDITION,Posted  November         The procedure entry point CreateDXGIFactory  could not be located in the dynamic link library dxgi dll  Refund  Problem solved
ANNO 1404   HISTORY EDITION,Posted  July          I finished the campaign  and I must say  anno      is a very fun game  It combines both historical and city building mechanics  so if it sounds good do you  I recommend you giving it a try 
ANNO 1404   HISTORY EDITION,Posted  April          Absolutely terrible that you need to log in to Ubisoft to play this game  I ve been trying to create an account for the past hour  If I create it through the game it tells me that I can t right now and I should try later again  I have created one through the website and if I put in the details in  it tells me that I have to log in at least once to use the offline mode  FFS that s what I m trying to do  Can t believe that in      they still can t manage to do it more user friendly  Wish I could get my money back
ANNO 1404   HISTORY EDITION,Posted  May         Need to login to Ubisoft too to play this game  what a joke      
ANNO 1404   HISTORY EDITION,Posted  November         What      just happened to that    hours  This is a warning  This game is perhaps too good  It s almost a cross between simcity and civilization but realtime  Do not start a game unless you have hours to burn 
ANNO 1404   HISTORY EDITION,Posted  February          A really good buy if you feel like saving some money over Anno       Despite the original version releasing in      the graphics impressed me on my     p monitor on maximum settings 
ANNO 1404   HISTORY EDITION,Posted  October          The build up in this game is so well done  start slow and as things get more complicated suddenly you control half the map  On every playthrough you gather more tricks  learn new things  new ways to organize buildings  new layouts to try out  who to trade it  what to sell  what to invest in  and so on   In addition to the great gameplay and graphics  the music is so nice to listen to and as the OST songs scroll by you really get the atmosphere of the world  A must play for real time strategy lovers 
ANNO 1404   HISTORY EDITION,Posted  June          Dont bother buying this game unless you want to download uplay launcher aswell or at least sing into uplay wont run whithout and does little to advertise third party the fact or i don t know where this info is displayed still  would recommend getting an older anon no bs   just click and play
ANNO 1404   HISTORY EDITION,Posted  February          Hours fade away as a city is built  This game is so well done in so many ways that I consider it a MUST play for anyone who enjoys city building managment or strategy games  the charming art style and soothing soundtrack make for an extremely relaxed experience even during those anxious times of a peasant revolt or an enemy attacking your trade ships  The routing and automated trade system is done simply but extraordinarily well        
ANNO 1404   HISTORY EDITION,Posted  March   Since Anno      is no longer available in the Steam Store  This is the way to go  But it comes with a caveat  Ubisoft Connect   One of the best Anno Titles in the long running Series       for the History Edition       for the original NON Connect Version    Anno      The Origianl Version  runs just fine on modern Systems up to Windows     So this version is unnecessary for myself 
ANNO 1404   HISTORY EDITION,Posted  November         First of all  you should know that you can skip meals such as breakfast  dinner  etc  You had started the game at   pm and when you remember to break  the watch could show   am  The music  graphics are the one of the best Anno series  About the gameplay  i think it is very good to make fast or slow gameplaying  There could publish some patches for adding more ships or decorations in game   The game is very enjoyable  When you reach the high settlements  degree of difficulty could be getting harder for the control of your city  This makes the game more enjoyable  Anno            etc is not good after       I love to play historical era  I think  the best anno is      then my first game      for my heart  include game music and gameplay   I have not been playing       Gameplay  story and graphics of      are better than      and       D
ANNO 1404   HISTORY EDITION,Posted  October          I hate haven a third party on this game or any other game   you pay for the game but yet when you haven t play ed in a while you have issues signing in   it says i does  nt recognize your email address its the same address as well as the pass word tired of this junk i do not recommend this company or game  
ANNO 1404   HISTORY EDITION,Posted  January         OK yeah  everyone was right  it s addictive  Only played for   hours so far but that was   hours straight without even realising  It s got a good mix of strategy and visuals and interesting little quests and builds up at a nice pace too  The music s not bad either  I recommend this game 
ANNO 1404   HISTORY EDITION,Posted  April          The game itself is fine  A tip for new players  To play the campaign play the game without add ons  by launching it from the steam app and clicking play  otherwise you will just be thrown in the deep end 
ANNO 1404   HISTORY EDITION,Posted  December          Brilliant Game  Played    s of hours of Dawn of Discovery through Steam through Ubisoft launcher over the years  Its currently free on Ubisoft Connect until Dec     Go and claim it 
ANNO 1404   HISTORY EDITION,Posted     November       좋아요 근데 한글이 안되다니
ANNO 1404   HISTORY EDITION,Posted     March       이 게임은 고전 하지만 명불허전 유료지만 충전 컨텐츠에 본전 맘에 들면 도전
ANNO 1404   HISTORY EDITION,Posted     November       한글이 안되   
ANNO 1404   HISTORY EDITION,Posted    July       이상한놈들이 자꾸 평판 내릴때마다 개빡침
ANNO 1404   HISTORY EDITION,Posted    January       게임을 하면 할 수록 멍청한 AI때문에 재미가 없어짐  
ANNO 1404   HISTORY EDITION,Posted     March       심시티에 전투를 겸한 느낌의 게임   그냥 쥰내 재미있음 
ANNO 1404   HISTORY EDITION,Posted     February         
ANNO 1404   HISTORY EDITION,Posted    January       한국어 지원이 안되고   anno      인즐 알고 구매했습니다  다른게임으로 변경가능할까요 
ANNO 1404   HISTORY EDITION,Posted     December       옛날에 하던 추억에 생각나서 살라고 검색했더니 지금까지 나왔던 확장팩이 포합되어서    할인된 가격에 판매하니 지갑을 안열수가 없었다    이번에 구매해서 다시 플레이 해보니 정말 노래 하나만큼은 끝내준다  난 개인적으로 정말 후회하지 않는 선택을 했다고 생각한다  장점   좋은 사운드트랙과 중세를 배경으로 하였고 아노시리즈 특성상 게임을 하면서 배울 수 있는 경제와 무역의 중요성 등이 있다  단점   한판에 소요되는 시간이 너무 길다  단점은 이거 뿐인거 같다 
ANNO 1404   HISTORY EDITION,Posted     December       한글패치는 검색해서 다운받으시고    튜토리얼은 시나리오가 곧 튜토리얼입니다  보기보다 보통 난이도도 빡시게 느껴질수 있으며 하루종일 새로 시작만 하다보니 어느정도 적응은 됩니다만  다만 이런 장르를 싫어하시는 분들이 많을 것 같네요 보기보다 불친절한 퀘스트와 반복적인 퀘스트 및 컴퓨터의 성장속도가 보기보다 빠르다보니 어느순간 추월당해있는 모습에 좌절하는 것도 하나의 재미겠지요
ANNO 1404   HISTORY EDITION,Posted  October    blueprint or stamp plz mod mod
ANNO 1404   HISTORY EDITION,Posted  October    방금 돈주고 구입했습니다  그런데 게임 실행은 안되고 계속해서 유니소프트에 로그인하라고 나옵니다  반품은 어떻게 혹은 어디에다 신청 해야하는지요   스팀이 이정도는 사전에 관리좀 하시길     
ANNO 1404   HISTORY EDITION,Posted  September      년도에 무료로 풀린적이 있어서 속은 쓰리나 상기 사실만 제외하면 돈값은 충분히 하는 게임입니다  정말 재밌네요  물론 전   에 샀지만요   유황숙   주년인   년에는 꼭 무료게임을 받고 말겠어요  대한민국이 멸망하지 않는 다면 말이죠 
ANNO 1404   HISTORY EDITION,Posted  July    기다리고 기달렸던    할인이라 바로 구매   역시 재밌어요    도시빌드 하면서 성장해 나가고 뭔가 다양하게 즐길요소가 있어서 재밌음   전략도 필요하고 은근 관리도 해야하지만 이런게 묘미인듯     전투도 깨알같이 재밌음
ANNO 1404   HISTORY EDITION,Posted  May    아노 시리즈를 처음 입문시켜준 게임  오랜만에 다시해도 너무나도 재미있음  아노 시리즈 처음해본다면 입문작으로 추천함 
ANNO 1404   HISTORY EDITION,Posted  May    korean please   
ANNO 1404   HISTORY EDITION,Posted  March    한글패치 받으면 되고 시간 삭제하고 싶으신분 하세요 한번 하면 힘든데 가끔 생각나서 한번씩 하면 잼나요 최근에 스페인여행 다녀왔더니 또 하고 싶음
ANNO 1404   HISTORY EDITION,Posted  March    검색창에 검색하면 유저 한글패치 나옵니다 게임은 정 말 어렵습니다 가이드가 굉장히 불친절 하기 때문이죠 무턱대고 하다보면 필요한게 있는데 대체 그걸 어디서 구해야하나 하고 엄청 헤매다 빡치고 시비 털려 빡치고 적자나서 빡치고  그래도 그 모든 빡침을 감수할만한 가치가 있는 게임입니다
ANNO 1404   HISTORY EDITION,Posted  March   비추 단점   한글 안됨    유비 커넥트로 실행 
ANNO 1404   HISTORY EDITION,Posted  March    지금 내 플탐이 구매하고 한번 플레이 한 시간임    재밌어서 못끄고 계속 하게되는 마약같은 게임 게임성도 좋은데 그래픽도 괜찮고 브금이 너무좋다  물론 아무것도 모르는 상태에서 하면 꽤 많이 어려움  근데 재밌다  난 알아보는거 귀찮고 노잼일 거 같아서 그냥 부딪히면서 했는데 시간을 효율적으로 쓰고싶으면 기본적인 건 알아보고 해도 나쁘진 않을 듯  참고로 시간 빨리감는 키가 있는지도 몰랐어서 한   시간은 쌩으로 시간 태우면서 했음   
ANNO 1404   HISTORY EDITION,Posted  February   아노 시리즈야 재미 보장인데 언어가 문제입니다 유저 한글패치도 적용 잘 안되서 구버전이 잘 먹히고 에디션은 잘 호환 안되요 언어의 장벽으로 입문하기 골란하실수도 있습니다 게임자체도 적응하는데와 각 건물들 시너지도 잘 알아야하고 신경써야 할게 있습니다 트로피카 와 대항해시대를 조금 섞은 게임이라도 생각하세요      도 재미있으니 해보세요
ANNO 1404   HISTORY EDITION,Posted  January    오랜만에 했는데도 너무 재미있어요  다만 한글판을 따로 설치하지 않도록 해주셨으면 하는것이 저의 자그만 바람입니다 
ANNO 1404   HISTORY EDITION,Posted  January    시간 삭제겜
ANNO 1404   HISTORY EDITION,Posted  October          아노     보다 몰입감 개쩔고 전투도 훨씬 재밌음
ANNO 1404   HISTORY EDITION,Posted  July          
ANNO 1404   HISTORY EDITION,Posted  April          건설하고 탐험하기 바쁜데 그 와중에 건물 빡빡하게 세워놓은 사이사이로 줌을 땡겨서 살금살금 움직이는 놈을 찾아서 찍으란 말이지  참 어처구니 없는 시스템이다 
ANNO 1404   HISTORY EDITION,Posted  April         good
ANNO 1404   HISTORY EDITION,Posted  February          한글판 제대로 만들어줬다면 진짜 많이팔렸을텐데 상관은없지만 정말 시간가는줄 모르고 하는게임 아노 시리즈중에      제외하고 가장 갓겜이 아닌가 싶음  참고로 게임중 조같다고 느꼇던건 거지 진짜 거지가 아니라 칼만 안든 깡패임
ANNO 1404   HISTORY EDITION,Posted  February          시간때우기용으로는 최적임     
ANNO 1404   HISTORY EDITION,Posted  January    아노     살까     를 살까 고민하다가 아노 시리즈는 처음이고 해서     로 구입을 했습니다   처음이라 맨땅에 헤딩해가면서 게임을 배우고 있습니다만 정말 모르는 부분이 많아서 결국 영상을 봐가면서  플레이 하고 있는데 확실히 재밌긴 하네요   근데 하나 해내면 또 하나를 요구하고 끊임없이  쉴 틈없이 손을 움직이니 과부화가 오긴 합니다   심지어 무역선이랑 물품들도 다 신경써야 해서 한 번 하고 나면 다시 플레이 하는데 시간이 걸릴 것 같긴 합니다   
ANNO 1404   HISTORY EDITION,Posted  January          갠적으로 아노 시리즈 중 가장 재밌음  시간 순삭 조심하셈 
ANNO 1404   HISTORY EDITION,Posted  August          난 실존하는 게임을 선호해요 
ANNO 1404   HISTORY EDITION,Posted  April          출시된지   년이상 지난 오래된 게임임에도 심시티같은 건설게임을 좋아하지만 아직 해보지 않은 중장년층에게 적극 추천합니다 
ANNO 1404   HISTORY EDITION,Posted  November          good
ANNO 1404   HISTORY EDITION,Posted  July         과거 추억팔이 게임  거의 모든 게임의 용량이    GB 안에서만 놀던 시절 어렸던 내 가슴을 뛰게 했던 대단한 게임성과 BGM은 여전히 놀랄만큼 훌륭하다  이 게임이 출시된지 엄청난 세월이 지났고  그 후로 수 많은 다른 게임들이 등장했지만 전혀 지루하지 않고 유치하지 않을 뿐 아니라 여전히 세련된 게임이라고 느껴진다  물론 AI의 멍청함  육군의 제한적인 플레이  유비소프트의 매우매우매우 불편한  중 로그인 시스템은 문제점으로 꼽힐 수 있지만 그럼에도 여전히 대단한 게임인 것은 변하지 않는다 
