title,review
드래곤에어   침묵의 신,Posted     October Awful P W mobile garbage  They manipulate votes   that s why this trash game gets  mostly positive  ratings on Steam  They re legit giving people benefits for leaving positive reviews  Report and avoid 
드래곤에어   침묵의 신,Posted     October Cash Grab garbage  Don t waste your time 
드래곤에어   침묵의 신,Posted     October This game is designed to leech your money  Especially the game progress  You constantly feel underpowered and weak unless you blow money to buy things that make you more stronger  STAY AWAY 
드래곤에어   침묵의 신,Posted     October mobile gacha game
드래곤에어   침묵의 신,Posted    November Worse than Raid  Shadow Legends when it comes to its ways of grabbing your money
드래곤에어   침묵의 신,Posted     October They currently have a promotion where you send a screenshot of your review to be able to win steam giftcards  While it doesn t say it needs to be a positive review I am sure there will be a lot of people that write positive reviews because they fear they will be disqualified from the giveaway    The game itself is ok  not really a fan of energy based mobile games and the auto battling part feels very lack luster  Not a lot going on with this one
드래곤에어   침묵의 신,Posted     October It s a mobile game and it s pretty much what you would expect  Go here  fetch this  buy that  It s Free Play  which means plenty of microtransactions and a paint by numbers Battle Pass  It s not bad  as far as these types of games go  but it s nothing to write home about either  The Google Play store has countless games like this  I suppose Steam has been growing a collection of them as well   Really wish Steam offered a  Neutral  rating 
드래곤에어   침묵의 신,Posted     October Product received for free  This is your typical P W  gacha  battle pass  microtransation  energy system mobile port with bland game play  go here and there  fetch this  buy that   It really doesn t stand out to the others  like Raid Shadow Legends   but it has some jiggly boobs 
드래곤에어   침묵의 신,Posted     October never have seen any gacha game that after    hours of story progressing  you can t event get   pulls that actually reward you highest rarity unit  yes i m talking about the gold dice not even the gacha system  such a predatory game like this wouldn t survive for long without actual good content 
드래곤에어   침묵의 신,Posted     October I played this game for a few days at global launch  just tried it again after the Steam launch to see if it has improved  but unfortunately it hasn t   THE GOOD    nice graphics  looks great for a mobile game   interesting world and quests to explore   the game does a decent job of masquerading as a D D Divinity BG clone   deep teambuilding with some original synergies   most lower tier heroes are viable for progressing through the game   legendary toons are nice to have  but most of them are not game changing   cross platform means you can use the same account on PC and mobile   THE BAD    progression is hardgated and gets too grindy  too fast   you will be stuck on the same stages for days very early in the game   terrible drop rates and pull availability  you will barely ever get a chance to pull a lego   some legos are broken OP and almost impossible to beat  like revivers in arena   very greedy and stingy devs who just want to milk players   the cash shop has no good deals except one single toon for a dollar  everything else is for whales   you never have enough bread  stage stamina  to progress fast  but of course you can buy more for       no way to reset your heroes  so if you made a bad investment you re stuck with it   laughably low rewards for all game modes  I can almost hear the devs laughing   some game modes actually reward only the top whales  while others get nothing   terribly slow  long  grindy  unskippable battles which shouldn t be a thing when so many similar games allow you to streamline such grind  which just feels very unrewarding overall here   no active promo codes for newer players to get a quick start  and even the few codes that were available at launch were taken down within hours   prereg rewards scam  when they promised to give them out  but it turned out you actually have to grind for them in the game for quite a while   THE UGLY  The devs somehow think it s a great idea to wipe your progress every season  which is   months  meaning you will lose EVERYTHING you ve farmed in the game except your roster of toons  so you will have to grind their levels  map stages  resources  gear  etc  all over again  No joke  This is a full release game  not an Alpha or CBT  but they are still going to wipe us  This is what lazy devs do when they don t want to make new content   just make us replay the whole game again   VERDICT  Some seemingly nice design decisions on the surface quickly expose a deeply flawed core game  which honestly makes most other gachas look like a charity  The devs are completely clueless and don t even listen to feedback  They have no idea how to design and run a good live service  This game has been in beta since late       so it s highly unlikely to improve          below mediocre   waste of time 
드래곤에어   침묵의 신,Posted  November   Looks cool  but wauw  you can pay for so much things  so many different things   
드래곤에어   침묵의 신,Posted  October    P W
드래곤에어   침묵의 신,Posted  November   Even if you re a Saudi Oil Baron  you are better off playing Baldur s Gate   instead 
드래곤에어   침묵의 신,Posted  October    This is not EVEN D D  The roll of the dice is friggin a joke 
드래곤에어   침묵의 신,Posted  October    Its pretty decent for a phone game  but you just need to know what you are going into   Having played a few hours you can win or lose battles depending on how you position units and how you play  and the recommended level can be trumped by having a good setup due to how each character plays 
드래곤에어   침묵의 신,Posted  October    visuals and audio are good   gameplay is boring auto battler with occasional button presses for abilities on a cooldown timer   I definetly would not call this an open world   If you are looking for high fantasy open world just play Baldurs Gate   or Skyrim Ultima  
드래곤에어   침묵의 신,Posted  October    Quick review  I ve only played about   hours as I write this  but that s enough for me   To set the scene  this title is a gatcha games mobile game with a pc port available on Steam  Disclaimer  I love this type of game  going from Summoners War Sky Area to Genshin Impact or Cookie Run Kingdom  etc     But here we have a nugget  a sort of Diablo Imortal without the gameplay that saves the day   The summoning system is a disgrace without a name  It s very difficult to obtain crystals as you progress through the game  even if it s just for a few crummy  premium  summons   And when you re summoning you end up with      rare characters that are of little interest to your progression  especially as legendary heroes seem to be much more powerful than rare heroes  as you d expect from a gatcha game   And here we come to the game s second huge problem   Basically  when you re a Free to Play player in this type of game  you compensate for not buying tones of Packs for cristals by playing a lot and therefore collecting as many crystals as possible via quests etc    The problem here is that you can t do that at all  because there s a great gameplay mechanic that everyone loves aka   SOFT LOCK  Even Raid Shadow Legends didn t integrate this system  so yes  you can be fussy and tell me that Soft Lock also exists on Genshin Impact  but the difference between this game and Genshin is that there are things to do  exploring the world  etc     Here  you re forced to stop after   hours of play because you need to be level    to continue the main quest  and having already done all the available side quests  you re forced to wait for the daily reset to scrape a few bits of XP from the daily quests to increase your level and finally progress in the adventure   which may not even be enough the further you progress in the story   In short  this just goes to show how little content the game has to offer   On the plus side  the world isn t badly designed  with a narrative that s ok without being exceptional  the combat and unit management gampeplay is nice but not innovative  Brave Nine and other gatcha have been doing the same thing for a few years now   The DnD style dice rolling system for certain actions is pretty well integrated without being too annoying  and the character design is nice without being too extravagant   To sum up  this game is unfortunately not very F P Friendly  it has all the unhealthy codes of the Gatcha game without the good sides for people who invest their time  I don t know if the game will manage to survive against already popular big titles like Diablo Imortal or even Raid Shadow Legends which it more or less resembles    I ll edit my review if there are any changes to the flaws I ve pointed out in this post   I very much doubt it  because unfortunately  it s the core gameplay that s being targeted  or even the economic system when we re talking about summons etc       For the moment I m soft Lock and I don t feel like getting back into this game  
드래곤에어   침묵의 신,Posted  October    I have been playing this game since the global launch on   th September  before Steam  and have only spent       so far on a Walker s Trial pass  just because I wanted that month s specific frame for my avatar   The game is cross platform to both mobile and PC  which I love as my husband only plays on mobile   there is limited co op content so far  however there have been hints the devs are looking into adding more  as per our feedback   So far it s very F P friendly   don t dismiss it immediately because of the dice prices in the shop   you do NOT need legendaries to progress   some of the most used heroes are rares  I think of leggos more like shiny Pokemon  The pity on them is pretty good compared to other games too      for a guarantee   There are D D collab events coming up  including Drizzt which I m saving up for and super excited to grab   The game leans heavily on strategy and team comp over Epic or Legendary units being better by default   this makes it actually engaging to set up combat and gives a real sense of accomplishment after defeating a boss  It also facilitates playing with more characters and different teams over just having a standard   unit comp for everything   Looking forward to the seasonal reset mechanic from Season   to Season   as Beta players were excited for it and you get a lot of seasonal goodies and it ll keep it fresh by changing elemental affinities   The Graphics and Audio are absolutely top notch  Character creation is a bit limited right now  but considering devs have been very responsive to bugs quality of life feedback I m hoping we ll get more in the future   You can change your character with an item from the seasonal shop   with in game currency  
드래곤에어   침묵의 신,Posted  October    maybe i lived under a rock  but this is the first  real  mobile game i have seen on steam  there are some like honkai that go already in that direction that i could justify  they had at least some gameplay  THIS is just your typical auto battler with way too good graphics for its content  paired with stamina gacha system and way too many microtransactions daily login boni  Supporting games like this will just hurt us  the customers  on the long run 
드래곤에어   침묵의 신,Posted  November   i didnt bother creating my character after the tutorial i was that disappointed  i wanted to run around as a tabaxi rogue with a addiction to cheese but no  im given   races to choose from  and none look intresting  not to mention the tutorial told me exactly what im getting into  a energy based auto fight mobile game  just like a certain game youtubers skull f you in there advertisement  im looking at you RAID  hard pass 
드래곤에어   침묵의 신,Posted  November   Idle p w auto battle game  that actively fishes for positive reviews in exchange for in game bonuses  Check other people comments before trying it yourself 
드래곤에어   침묵의 신,Posted  November   beyond basic and such a cash grab     bye  hope DnD franchise will go far far away from this model
드래곤에어   침묵의 신,Posted  November   Another mobile garbage  no different from the others  Pointless  boring  dumb
드래곤에어   침묵의 신,Posted  October    No mute while in background option in audio  vice versa  wanted it on   Mobile port  UI feels like crap on PC  Stop bringing this trash here  thank you 
드래곤에어   침묵의 신,Posted  October    Game for those who have a lot of money and time 
드래곤에어   침묵의 신,Posted  October    It has top notch art designs and graphics  But is marred by garbage gacha mechanics 
드래곤에어   침묵의 신,Posted  October    Don t be fooled by cheap imitations  This game talks D D but can t walk the walk  If D D has changed to what this game is then that is a shame  Pitifully boring voice acting is only outdone by having D D plastered all over it  Shameful that D D would even consider selling their name for use on this PoS 
드래곤에어   침묵의 신,Posted  October    Honestly didn t expect a good game and only installed cause the art looked really good  I wanted to see more  It s also easy to see a lot of love went into making this  as much of it  so far  has unexpected detail  Gameplay wise I m only   hours in and its kinda hard to get off  Mobile ports of games don t usually do well on PC because many devs don t adapt the game to not feel like it was made solely for mobile  This game has no such problem and has a solid story that makes one want to hear read more   To those that may be discouraged from pulling endless commons  The gacha starting out may feel rough if you re always trying to get Rare s and higher but fear not  even the commons are strong if you combo what they can do with effects of other rarities   To another newbie  The first companions you get are quite strong so I d advise forming teams around them and adapting to the kind of enemy you re up against or terrain you have to work with   To those unsuspecting  TRAIN SOME DEFENSIVE UNITS  You will have moments where you are surrounded  Supports are not always safe   Overall  Better than similar games by quite the mile 
드래곤에어   침묵의 신,Posted  October    this game is a total failure and a big lie  i play this game since day one or at least since when it became available to PC from their official website    days ago and i wanted to start a new account here on steam only to find out that it does not support multi clienting which means that if you are online on their official laucher then you can t be online on their  steam  version or in other words the steam version is exactly the same one you get from their official laucher so in other words steam users who will start playing from today are already like    days late to the party   Also you can t log in with your steam account  when you log into the game you must log in with the same ways you log in from the official laucher which are google  facebook and apple 
드래곤에어   침묵의 신,Posted  November   game is a mobile port  character customization doesn t exist  linear pathing  a terrible combat system  movement is point to click and you can tell its the same trigger your finger would make tapping a screen  This might do well on the apple store  but good luck on steam
드래곤에어   침묵의 신,Posted  November   generic mobile phone cash grab 
드래곤에어   침묵의 신,Posted  October    Not a D D game 
드래곤에어   침묵의 신,Posted  October      Mom can we buy BG      We have BG   at home    BG   at home 
드래곤에어   침묵의 신,Posted  November   dragon deez nuts devs
드래곤에어   침묵의 신,Posted  October    a BOOOOOOOOOOOORING Raid Shadow Legend like   ZZzzzzZZZzzzz
드래곤에어   침묵의 신,Posted  November   It s kind of stingy compared to other gacha games I think  and the gameplay is less compelling than  say  Epic Seven  which isn t the same  but I would think I would point to people over this game regardless   The narrative was fine enough in the first couple hours but not enough for me to keep playing 
드래곤에어   침묵의 신,Posted  October    super heavy p w      in    summon only   purple heroes and then u have ppl spending tons of money getting bunch of legendaries and guess what     legendary tokens for summon u barely get as fp       so ye     legendaries only for p w ppl      dont bother and waste time unless u are very rich and bored even then i would suggest rather feed some poor homeless soul then waste money on this
드래곤에어   침묵의 신,Posted  October    This game is like      months old   Steam release was done later  and there is more characters then there is in Genshin Impact xD   If u ever wondered how lucky u need to be to get some chars in Genshin  then imagine u need to be like x    more lucky here to get something interesting here   Cash grab  medium effort game which is kinda clone of that Angel RPG browser game or Naruto RPG  Characters are kinda clone of lower tier characters with extra pizazz so they would look different   If u want something like that  go check out Star Rail  More fair and higher in effort experience IMO   Don t mind my hours on steam  I gave it a go before steam release and play it for    hrs    of my time  definitely too much 
드래곤에어   침묵의 신,Posted  October    If you like some Gatcha with your Dungeons and Dragons this is quite addictive  A lot of rare characters are very usable and it is more about team composition than having one high level character  A lot of text   story which is a mixed bag  Some time gated stuff  although that might be eased if you knew what you were doing from the start  I might ve not gone the optimal route with use of materials etc  Worth a try  won t be for everyone 
드래곤에어   침묵의 신,Posted  October    This game is poorly optimized  For its level of graphics  it puts unreasonable load on GPU   Second major issue   for this type of gameplay  many elements are unreasonably prolonged  To put it simly  the game makes you waste your time at things  that could have been organized much more efficiently   Deleted it after several hours of play  And see zero reason to ever go back 
드래곤에어   침묵의 신,Posted  October    Baldur s Gate D D wannabe  boring low end mobile game  delete it pls
드래곤에어   침묵의 신,Posted  November   Product received for free  Tbh  I just like how the game works  It s quite good on story and pretty great graphics   The songs and strats are nice 
드래곤에어   침묵의 신,Posted  November   free RPG game w micro   very isometric  semi idle combat  very entertaining 
드래곤에어   침묵의 신,Posted  October    This game is groundbreaking  its the first Free game I ve requested a refund for 
드래곤에어   침묵의 신,Posted  October    Pay to win and to play at all LOL game
드래곤에어   침묵의 신,Posted  October    I have been playing the game since the beta and as a person who has a lot of experience with gacha games i would say that this is by far the best one I have played  Stunning visuals  great music and ambiance  huge amount of playable characters  many bosses and features  different arena modes  challenges and weekly events 
드래곤에어   침묵의 신,Posted  November   High potential if the devs take enough time to listen to feedback from the community  Loving it for the game that it is which is not my usual style of gaming The crossplay syncs flawlessly and the game looks really good on all devices imo        H on combined platforms before steam release 
드래곤에어   침묵의 신,Posted  October    I m liking this game so far  Its like a mobile version of War Tales my favorite game this year  Its going to collab with D D next patch which is gonna be awesome  I ve been playing for like   hours and enjoying my time  it costs nothing to check out so it is a good time waster if you want to spend a couple days in a RPG overworld with dice rolls and its like a mobile version of baldur s gate with gacha  I haven t really hit end game yet but so far enjoying my first day with the game  There are some criticisms like auto ing stages needing a currency which is likely paid  It should be a free feature for everyone   but its fine you just hit a button to click  do it again  instead of leaving it to auto until you burned all your stamina 
드래곤에어   침묵의 신,Posted  October    Product received for free  Its fun to grind and test out all the different kind of units the game has to offer   The game is F P friendly but its not Legendary friendly  not at all  Another bad thing about the game is the Stamina  Theres too much to do but youre being gatekeeped by your stamina   If you can look past those   things  the game is a       
드래곤에어   침묵의 신,Posted  October    Im an avid fan of the mobile version and just downloaded this from steam to play via laptop as well  alot of people keep comparing it to raid and saying raid is better but ive found that dragonheir makes raid look boring and outdated  dragon heir though new and yes new games arent perfect but with each passing season they keep improving themselves  please dont listen to the trolls and rather try the game yourself  and if you get stuck we have an amazing community on discord 
드래곤에어   침묵의 신,Posted  October    No one reads the reviews  so I will write that I am gay
드래곤에어   침묵의 신,Posted  October    Product received for free  a brand new great game so far has not disapointed me and its free
드래곤에어   침묵의 신,Posted  October    A mobile style Gacha game  P W as usual  great graphic  but reusing too many character animation  need a huge amount of balancing
드래곤에어   침묵의 신,Posted  October    alright gacha game
드래곤에어   침묵의 신,Posted  October    It s ok  Fills up your time 
드래곤에어   침묵의 신,Posted  October    Good game 
드래곤에어   침묵의 신,Posted  October    not bad
드래곤에어   침묵의 신,Posted  October    Pay to win mobile port with little to no character customisation  Boring auto battle system with a few abilities to trigger when off cool down  There doesn t seem to be any strategy involved at all in the battles  I m assuming it s some sort of automated gear check stats check system  where the paid character upgrades come into play  Don t get me wrong  I have no issues paying for stuff  but this particular offering doesn t seem worth my money   
드래곤에어   침묵의 신,Posted  October    This is PURELY a review based on Character Creation enthusiasts like me  So I am not recommending it to my fellow Character Creators because this game s character creation is such an underwhelming joke  Once you can create your own character you really don t  You just pick from   races that are gender face locked and pick from a few options being skin color  hair STYLE  can t change the color   facial scars paint  an outfit and it s color  and an accessory  can t change color   So you can t change their faces so it really just feels like you re just customizing premade characters instead of your own  For a game that seems to either BE in the D D universe  or take inspiration from it  it s extremely underwhelming that character creation didn t get any proper love and care into it  I really don t feel like investing hours playing a game when I don t even like how my character looks 
드래곤에어   침묵의 신,Posted  October    Hello gacha friends   warning my english is pretty meh  Been playing this game since beta and I have enjoyed a lot   When it s was beta the game was kinda more bad than good stuff but still had some hopes   Then the season   came out and damn they really have developed the game in good ways  Still some bad stuff but good stuff do beat the bad stuff  Which is good atleast for me   The best thing with this game is that the game is really F P friendly even im not      Imlow spender   Like you can easily get to endgame as f p and have a lot of fun  Like you don t really need all the legendarys heros to beat the game  The rares and epic heros can really do a lot of things and carry you to the end game  There is a lot of diffrents teams that you can do and win in       ways    Like you can do the stupdiest team ever but still have fun  That my favorit part that you can do so many teams and never get tired of it   Its so much you can tell about this game that it s amazing like the story  how many diffrent heros there is in the game and the graphics is so beautiful   and so on    The worst part of the game for me is that stamina isn t enough for me   Because u really have grind a lot in the game to get the good stuff or to enjoy the game longer  So i hope in the future they will boost the stamina somehow so we can enjoy and play for longer  Because the game reset to lvl   every   month and kinda feel bad when you know that stamina is really painful in this game     Overall i rate this game      so far    could be easy       if they just fix the small things that need to be fixed 
드래곤에어   침묵의 신,Posted  October    It s like  DnD lite  autobattler if you don t have much time to play AAA CRPGs 
드래곤에어   침묵의 신,Posted  November   Fun fantasy game to pass some time  free to play with interesting dice mechanics
드래곤에어   침묵의 신,Posted  October    Been playing since global launch  The game can be completed as free to play  the power level of rares and epics is super high  Lot of diversity in team making and there is plenty of content to do in the game and collect rewards during the season  would recommend to try it out 
드래곤에어   침묵의 신,Posted  October    honestly i m having fun here it is kinda like raid where you roll for heroes and yeah it has a store but fun part is collecting heroes   also it is sand boxy so you get to adventure around a bit  if collecting heroes is your thing then this game is for you if not then it may not be  BUT   i would suggest trying it any way you may still like it   
드래곤에어   침묵의 신,Posted  October    After playing for approximately a month and a half on my PC  I managed to obtain a few legendary heroes because the game guarantees roughly    pulls  With continued play  you will eventually get more and more legendary  This is the type of game where team composition and equipment are more important than obtaining rare heroes  I have a team with   legendary an epic tank that can heal but was constantly defeated by a team of rare  epic heroes  archer girl ice guy  
드래곤에어   침묵의 신,Posted  October    Been playing this game since the release  both on mobile and pc  Free to play friendly  you don t need to spend to compete   Legendary  Epic and Rare heroes are pretty balance  Its fun to test out different kinds of units combination  Good story line too 
드래곤에어   침묵의 신,Posted  October    Good game if you know what you re getting into  Gacha gamne designed to make you pay  but offers powerful enough characters without paying to enjoy the game  Ton of content and it s challenging  making adjust your group makeup to fit the situation 
드래곤에어   침묵의 신,Posted  October    One of the best looking and made gatcha games     YES if you want to be a whale u can  but in fact all of the content  including competative part can be done totally without spending at all  Even uncommon and rare heroes can be pretty OP and usable here   it s all about the tactics u choose 
드래곤에어   침묵의 신,Posted  October    A very unique style of a Hero Collecting Mobile Game  It has a story  and a decent number of important characters are voiced including all cinematic cutscenes  Dedication was put into this  but due to it being a mobile game they could only hire so many voice actors and I don t fault them for that   I believe this game has potential  and it is mildly addicting since it s not just a simple hero gathering game  With a crafting system and rewards  as well as the ability to collect resources on the map  it comes very close to an mmo in functionality and has surprised me at how much effort was put into it s systems  I am actually surprised it s Free to Play due to the amount of money that had to of gone into this game despite being a Mobile Game   I recommend it to anyone looking for a good mobile game to spend time on 
드래곤에어   침묵의 신,Posted  October    It s a fun  if somewhat shallow game  I do enjoy the strategy involved with putting together the right team for each battle  Beware though  it can be expensive if you start buying items from the store  You don t have to though  Also  I m not a fan of the season wipes   hate to see all my progress go down the drain 
드래곤에어   침묵의 신,Posted  October    I really enjoyed the Graphics  story line and unique combat style of the game  I spent quite a few bucks on this game already and in a spender s perspective you wont get as much advantage as you think you would because the difficulty level of getting the Legendary Heroes you want is extremely high even for whales   The good thing i like about this game is that it provides you with many option and tactics to win even without Legendary Heroes  The epic and rare heroes themselves are already a handful and can become a game changer depending how you use  equip  combine and develop  The difficult part is getting the resources you need to level the heroes so you need to make sure don t waste it  resources takes awhile to farm so spend your time wisely   In the end of the day everybody wants to win  but for me it s about enjoying the game whenever i get the chance or free time to play it 
드래곤에어   침묵의 신,Posted  October                                                                          Bard Tale  Raid                                                                                                      RPG                                            c                                                                     D D                            vpn                                                                                                                                                                                                                                                                                                                                                                                                        Neutechai                                 
드래곤에어   침묵의 신,Posted  October    Enjoying the game so far  Really enjoying the fact you don t need to pull multiple of the same characters to upgrade them and you can beat everything being f p 
드래곤에어   침묵의 신,Posted  October    Gameplay is good  User friendly and smooth  I recommend 
드래곤에어   침묵의 신,Posted  October    Its an auto battler gacha game  Still giving it a thumbs up cause some cool D D lore  and its entertaining  Just don t expect to make it to far into the challenges as a F P player 
드래곤에어   침묵의 신,Posted  October    Product received for free  This game is fairly for f p   Epics and Rares can get you though all content  And a bit of DnD to get it more exciting   sometimes depressed too lol   So i highly recommend it
드래곤에어   침묵의 신,Posted  October    This game randomly appeared in my wishlist so I decided to give it a try  especially as there are no English reviews for it It definitely works  feels  looks and plays like a mobile game  Little bit janky with some dialogue where your character gets thrusted around  but the cinematics and gameplay are really fun  Has some light DnD stuff with stats and dice rolls  Worth giving a go
드래곤에어   침묵의 신,Posted  October    I m not sure why people automatically give a bad review just because it s a mobile port  If you know what you re getting into I don t see why that automatically warrants a bad review  As far as mobile auto battlers go  this one is actually pretty good  The graphics are pretty impressive for these types of games  and the presentation is really well done  I give it a thumbs up so far  The only problem I really have is some pretty bad audio crackling during the cut scenes  but that s about it atm 
드래곤에어   침묵의 신,Posted  October    It s RAID  Shadow legends  If you ve played that you ve played this game  Only thing vaguely original is the dice roll mechanic stripped from DnD but it s not really that interesting   It s not a bad game per se if you go in with mobile game expectations  Just resist the evil micromancers spell 
드래곤에어   침묵의 신,Posted  October    I m a sucker for these kind of games and I like Dragonheir a lot  There are a lot of different heroes to collect and the best part is that you don t even NEED legendaries to make a good team  Everyone should definitely give this game a shot if they like any type of Gacha  RPG  DnD styled game 
드래곤에어   침묵의 신,Posted  October    big time pay to win game i played befor it came to steam and tryed on steam and it just as bad this game makes raid look like a not pay to win game cuss it is so bad here
드래곤에어   침묵의 신,Posted  October    Mobile game mechanics with better graphics and bigger spectacle 
드래곤에어   침묵의 신,Posted  October    Game is dumb  You make no choices  Everything is decided for you  I like dragons  not interested in killing one for some Dwarf I just met  Uninstall
드래곤에어   침묵의 신,Posted  October    Great game  If you don t invest too much money  it becomes even more interesting to play in conditions of limited resources 
드래곤에어   침묵의 신,Posted  October    Wonderful gatcha game  I wish that the developers keep doing more content and not getting to greedy  
드래곤에어   침묵의 신,Posted  October    Only good   visuals
드래곤에어   침묵의 신,Posted  October    This has been a fun breakaway from normal high pace gaming  I have really enjoyed the story so far and am looking forward to what comes next as i continue the journey in 
드래곤에어   침묵의 신,Posted  October      This is Gachas game  so u need Money  like all gachas  or big luck to get legendary Heroes as F p    Cool content  a lot of instances  dungeons  bosses and yeah as so far you can progress as f p too  in my experience    As a mobile game   u need to recharge Stamina to play content  so be patient    Competitive maybe unfair against Expenders  but i think as f p will can Get there in time    Cool community    Advise    SAve Gems and gold dices to use it at Events to guarantee Legendary   NEW player      lvl max  use my friend code to Free rolls  Code   EpPA  ofw  
드래곤에어   침묵의 신,Posted  October    I ve played this game for    days now and what I can tell you about the game is that the game is extremely strategic and requires you to know the bosses  mechanics and assemble a team with synergy to face each boss  Although it is very difficult to get legendary characters without spending money  if you do all the events that the game offers  you will certainly get a lot of epic heroes and you can play the entire game with teams of rare and epic characters 
드래곤에어   침묵의 신,Posted  October    I love this game because of the cross platform every time I m going outside or wait for my gf shopping  I can play it while waiting  also  the design of every hero very detail for cross platform game  after doing research the game is worth to play if you re a rpg lover 
드래곤에어   침묵의 신,Posted  October    Product received for free  Oh  Dragonheir  Silent Gods  you glorious mess  You re the game that I love to hate  but I can t help but keep coming back for more   The auto battling part feels very lack luster  the story is clich d and predictable  and the world is generic and forgettable  But that s all part of the charm   I mean  who doesn t love a good train wreck   And that s exactly what Dragonheir  Silent Gods is  It s a game that s so bad  it s good   But don t take my word for it  See for yourself by participating in the Steam Exclusive Giveaway event from October   th to November  th  That s right  you could win a     Steam Wallet gift card just for trying out this glorious mess of a game   So what are you waiting for  Head over to Steam and download Dragonheir  Silent Gods today  You won t regret it    Or maybe you will  But at least you ll have a chance to win a free gift card    And to celebrate the Steam Exclusive Giveaway event  I d like to leave my best wishes to all the participants  May the luck be on your side  and may you win a     Steam Wallet gift card    Even though the game is terrible    Recommendation  Still avoid  but with a smile on your face  and a knowing wink in your eye  And don t forget to enter the giveaway 
드래곤에어   침묵의 신,Posted  October    No Freebies after a few hours of play  nothing in the mail  feels like a single player game 
드래곤에어   침묵의 신,Posted  October    This game is very cute and funny thanks for reading
드래곤에어   침묵의 신,Posted  October    It s somewhat a mix of auto chess with gacha elements    Oh and it s mobile oriented  F P but expect heavy P W  So yeah  garbage inc
드래곤에어   침묵의 신,Posted  October    Haven t play the game that much but I really like the art style and concept of it  Hope it ll get big and more people get to enjoy it   Love the devs
드래곤에어   침묵의 신,Posted  October    Not my kind of game
드래곤에어   침묵의 신,Posted  October    Fun game to play 
드래곤에어   침묵의 신,Posted  October    Way better than RAID 
드래곤에어   침묵의 신,Posted  October    Good game  Nice artwork  music and hero designs  F P friendly IMO  GGWP 
드래곤에어   침묵의 신,Posted  October    Good game  but the recharge price is a bit expensive
드래곤에어   침묵의 신,Posted  November   Great visuals  fun idle ish combat  decent story  tons of stuff to collect  this one is worth trying 
드래곤에어   침묵의 신,Posted  October    is good
드래곤에어   침묵의 신,Posted  October    Nice game   
드래곤에어   침묵의 신,Posted  October    Product received for free  Good game
드래곤에어   침묵의 신,Posted  November   Like
드래곤에어   침묵의 신,Posted  October    TRASH Big mess   pay to win draw   low rates   ofc Nothing new   Mobile system game Just rubbish 
드래곤에어   침묵의 신,Posted  October    One of my friends who I play with said if I post a review on the game and it gets    likes and    Awards that she will buy me a new gaming chair to replace my floor mat and a new keyboard to replace my current apple keyboard  So im just gonna leave this here  Please help a brotha out
드래곤에어   침묵의 신,Posted  October    Already played on Mobile  so    about steam client perspectives     You will get the guest account  linked to steam      You can t reroll account due of this fact  no rerol   no normal heroes     You will play with mobile players  they can reroll  and your favorite nickname is mostlikely taken        Wild chimera with self identity crisis in visual style and core gameplay from RAID  Shadow Legends     Dices is useless  cuz main point of dices its   so if you failed your check   you obviusly can t load last save or start a new game to change anything  cus its MOBILE game     Graphics is good  but gameplay is really boring  even to mobile battler  here is nothing to do     Translate is really bad  some text is only in english  if you play on any language except english its  probably  will be sad for you       Without any Legendary hero you will suck in most activities and PvP  here is a looooot of trash heroes with almost the same skills and abilities      You don t get even a single guaranteed legedary hero for free     If somebody tell   you can take a hero from using summoning Horn in a camp   the chances is really low  and the legendary heroes pool for this horn is limited  you never get good hero from it     Everything is linked to players ratings  so you can always watch and will be reminded about other player s legendary heroes and how lucky they are   legendary heroes drop will shown in global anounces   How pathetic 
드래곤에어   침묵의 신,Posted  November   Baldur s Gate   Auto Chess  my favourite genre  AUTO BATTLER CHESS     with open world  exploration  multiple gameplay mode  and good stories Quest ala ADnD game like Baldurs gate      and not paid to win freemium  very recommended     I install this game on my phone  but I prefer playing it full screen in my PC  too bad  there is no better way to buying gems     and the rate for my currency is very expensive         nov       in the date I reviewed this game     this game is unlimited single player DnD exploration experience  FUN  and NOT Paid To Win     yet
드래곤에어   침묵의 신,Posted  October    The game is super fun  but what I really like about this auto rpg  is fun once you get into it and I think they are doing something unique in the PC game space  That being said  it is not for everyone and there are some things you should know before going in  Nice to have on during office hours 
드래곤에어   침묵의 신,Posted  October    Very helpful for constipation
드래곤에어   침묵의 신,Posted  October     
드래곤에어   침묵의 신,Posted  October    First off  its a pay to win auto battle game  Secondly  the audio doesnt match up with the text on screen  Finally  theres ZERO strategy for this game  Pass  Dont waste your time 
드래곤에어   침묵의 신,Posted  October    Please pick me for the Event Giveaway  Lets go Dragonheir 
드래곤에어   침묵의 신,Posted  November   My gambling addict friend said if I post a review on Dragonheir and it gets     likes and     Awards that he will buy me a case of beer and some vodka So im just gonna leave this here 
드래곤에어   침묵의 신,Posted  October                                                                                                                                                                                                                                                                                                                                                               Positive feedback and donation are not available in your region  Good luck clowns  But seriously  the game is so greedy for donations  then it s better to play any other gacha in which your progress IN THE PLOT is not tied to donations and luck in dropping the necessary heroes  I play with CBT  The game simply drains the maximum cache from you  nothing more  Also  the reroll system is zero 
드래곤에어   침묵의 신,Posted  October    Product received for free  I am a    yo father  probably one of the oldest people playing this game  I am a single farther to my Son  who is    now  My son got this game immediately after release  By the end of the week he had    hours on this game  This was horrible for me  as it was already hard for me to find ways to spend time with my son  as he is always out with his friends or just watching YouTube  So I decided to make a Steam account and get this game to see if I could maybe play alongside him  I loaded into the game  picked my character and started playing but I was stuck on what you where supposed to do  I asked my Son for help and he hosted a game for me to join  I loved it as it was the best time I had spent with my Son since my wife had died  This game has ever since brought me and my son closer again and now we actually spend time together outside the house together as well  This game reminded me that there s fun to be had in everything  and it has brought both me and my Son many happy memories 
드래곤에어   침묵의 신,Posted  October    Just another mobile trash that gets released on Steam 
드래곤에어   침묵의 신,Posted  November   I just played this    hours straight  I have to go to work in a few hours 
드래곤에어   침묵의 신,Posted  October    My gambling addict friend said if I post a review and it gets     likes and    Awards that he will buy me a case of beer  some vodka and   kg of lemon So im just gonna leave this here                                                                                                                                                                                    
드래곤에어   침묵의 신,Posted  October    gg
드래곤에어   침묵의 신,Posted  October    Good
드래곤에어   침묵의 신,Posted  November   Time Gated AF   P W   Can t progress because Account Level not high enough  I have to wait   days   dont bother play something else
드래곤에어   침묵의 신,Posted  November   Nice
드래곤에어   침묵의 신,Posted  October    I love this game cause animation good  art good and many good there  but rate to legendary is low 
드래곤에어   침묵의 신,Posted  October    Like it a lot so far  the art is fantastic and the game force you to be strategic and find synergie between heroes who are win with a gachas system  better than Raid and others phone strategy rpg s   
드래곤에어   침묵의 신,Posted  October    great game  music score rules  and the heroes are interesting  still hoping to get a summon of scarlach 
드래곤에어   침묵의 신,Posted  October                GRAPHICS             MUSIC   SOUND             CONTROLS             GAMEPLAY            FUN            REPLAY             OVERALL  Scale                                               Notes    I had a hard time keeping my eyes open while playing  I think the game casted a SLEEP SPELL on me when I was playing it 
드래곤에어   침묵의 신,Posted  October    Been playing for about a month before Steam release  This is my overall view of the game   Great game with a balance of F P   P W  Completing the game   even ranking is possible with rares  admittedly epic   legendaries overall are stronger but there are plenty of strong rares that enables u to complete   compete in the game   Top ups are kinda expensive for anyone not using strong currency but some are well worth their price  Season ranking   resets feels discouraging at first but after reading the rules  I think it brings a very unique style of gameplay   i m looking forward to it in season   
드래곤에어   침묵의 신,Posted  October    If you compare the game s micro transactions with DImmortal then this game is absolutely F P  You do not need         american dollars to compete   As a gacha gamer  my favorite part about the games is the beginning  Pushing the content and learning about the game and heroes then I tend to quit the games a few weeks in or even days  With the season resets being introduced to gacha games for the very first time by this game  we can experience a kind of New Game  system on a new season with a new story or jump on a brand new server to play brand new content alongside other players who are also starting from    Did you ever think to yourself  I wish that I could go back and be here for this game on day    not just a random new server but really be here on day      You will be able to do that with this game when the seasons drop   I am absolutely looking forward to January when Season   drops  Do not miss out and start playing now   BTW I am biased in my review because I like this game 
드래곤에어   침묵의 신,Posted  October    Great game  i started in CBT  and had a blast playing it 
드래곤에어   침묵의 신,Posted  October    A mobile style Gacha game  P W as usual  great graphic  but reusing too many character animation  need a huge amount of balancing
드래곤에어   침묵의 신,Posted  October    like Raid Shadow Legends  but way better
드래곤에어   침묵의 신,Posted  October    Good game  great for both whales and f p  Lots of content and never get boring 
드래곤에어   침묵의 신,Posted  October    Amazing storyline  all done in DnD style interactions 
드래곤에어   침묵의 신,Posted  October    Great Game  Very user friendly  Great game story 
드래곤에어   침묵의 신,Posted  October    Best wishes for the game on Steam  I really like the game  even though they already have some problems to solve    But who doesn t  The story is captivating  the game itself is a little bit difficult  as it punishes a lot bad choices  But I like difficult games  so it isn t actually a problem for me  And as the gacha isn t very    friendly  you can do everything  literally  with only    characters  so it s fair enough  This gives the player some good taste about getting a     I hope it gets better and better  I love the D D theme and the collab only gets me more excited about playing it    
드래곤에어   침묵의 신,Posted  October    Changed review after playing more  game has so much potential but then locks you out of every chance of play or progression  So basically you get caps that limits your leveling play  Besides that energy stamina recharges REALLY slow and refills for crystals are expensive  Summons for legendary as f p is like maybe   a week for a    chance  A shame such a nice lore and graphics ruined by greed 
드래곤에어   침묵의 신,Posted  October    Bit time consuming but overall pretty fun  i reckon the stamina consumption needs to be tuned down to less consumed per run of dungeon as to allow more playtime each day  The wait times are only    hours but its not for those who can t handle a bit of patience 
드래곤에어   침묵의 신,Posted  October    It will be a good game  If it s not a pay to win game  the difference in hero levels is too much  especially legendary heroes  So it makes the use of thinking less happen  Because everyone will look for only legendary heroes  Until you forget to flip the game panel But I understand that it is to earn money 
드래곤에어   침묵의 신,Posted  October    TIL  You DO NOT need legendary heroes or to pull on this game to beat content  The currency you get from playing is more then enough with a team of rares   epics to complete it  Big thumbs up on this one  If you want a  slight  and I mean slight advantage then spend     cents  well hopefully its     cents in your area  and choose the epic named Frurbath  He is a troll looking dude  he will hard carry you through early all the way to late game  You eventually get a rare selector box  Pick Sigrid  Chick poison archer  These two combined just wreck everything   If you need help or guides  check out stewgaming on youtube  He has a google doc that helped me massively   That s what I spent on the game and for     cents it was worth it 
드래곤에어   침묵의 신,Posted  October    Great game  Playing both on android and steam version  Never saw so good deep story driven RPG game on android  Recommended by    years of RPG hardcore player 
드래곤에어   침묵의 신,Posted  October    why wont you let me play more  pls let me play more
드래곤에어   침묵의 신,Posted  October    Had    mins before dinner    Decided to cruise Steam store and found this    Thought hmmm  Ill check it out before I go to table to eat  Just closed game     hours later and an empty plate next to me 
드래곤에어   침묵의 신,Posted  October    am tired of gacha games  needs more creative hook
드래곤에어   침묵의 신,Posted  October    A great game  makes me feel like playing DnD tabletop  Really need a crossover 
드래곤에어   침묵의 신,Posted  October    Very fun moblie gacha game  Stunning visuals  great music and ambiance  huge amount of playable characters  many bosses and features  different arena modes 
드래곤에어   침묵의 신,Posted  October    So far I am really enjoying Dragonheir  I ve played my fair share of RPG Gacha Games and this one has me hooked  I love the artwork and amount of content it contains 
드래곤에어   침묵의 신,Posted  October    i just wanna say that the main menu looks COOL
드래곤에어   침묵의 신,Posted  October    Either mobile or desktop  the game maintains the same polish  speed  and basics  If you re looking for an idler  gacha like  this game will fill that void and relax away your worries  This game also has a ton of voice acting throughout  it s really well done 
드래곤에어   침묵의 신,Posted  October    good
드래곤에어   침묵의 신,Posted  October    para ser un juego de celular las animaciones  jugabilidad y algunas mecanicas que ando descubriendo est n realmetne entretenidas  
드래곤에어   침묵의 신,Posted     October 퐌타지 배경과 한국어 풀더빙  차근차근 성장해나가는 RPG의 맛 그리고 폰 게임임에도 불구하고 그래픽 퀄리티가 워낙 좋아서 마치 PC게임을 하듯 재밌게 즐기고있습니다  물론 모바일 게임이라 그런지 현질유도도 있는 편이었는데 그 정도를 따지자면 하 중 상 최상 중  상 급정도 되었던것같네요  우선 이 게임은 오버월드를 돌아다니며 퀘스트도 깨고 주사위를 통해 스토리 및 다양한 퍼즐도 풀고  맵 전역에 펼쳐진 자원도 먹어가며 전투를 치르다 막히면 잠시 캠프를 열어 거기서 템과 병사들을 관리해주는 그런 방식의 게임이었는데  저는 개인적으로   점 이상 줄 수 있을정도로 괜찮았던것같습니다  다만 저는 현재 무과금으로 쭉 달리고 있는중인데  타 게임에비해  막히는 구간이 너무 심하다  까지는 아니지만 그래도 전투를 치를때마다 턱걸이로 겨우겨우 이기다보니 현질하고 싶다는 욕구는 계속 발생했던것같고 특히 레벨   구간을 돌파하기 위해서는 특정 재료가 필요한데 막상 그 재료를 구하려면 굉장히 어려운 던전을 깨야했다보니 이때  판 중에 한판씩 겨우 겨우 이겨가며 재료를 어렵게 수급해야해서 살짝 정이 떨어졌었습니다  한마디로 저처럼 노가다하면 깰 수는 있겠지만 막힐때는 그전에 방문했던 지역들과 던전들을 돌아주며 차근차근 내공을 쌓아야되는 순간이 오기때문에 그 황금 같은 시간을 투자할봐야 현질을 할까  하는 유혹이 심했다 이말이에요  그리고 저는 한 게임을 파면 진득히 오래 앉아서 플레이하는 편인데  중간중간 개 낮은 에너지 제한 때문에 현질을 하지 않는 이상 강제로 휴식을 취해야했다보니 리듬이 끊길때도 있었습니다  그리고 이 게임에도 제가 개극혐하는 영웅뽑기가 있긴 했지만 저는 게임 플레이 도중 자연스럽게 얻을 수 있는 보상들만을 통해 소환 작업을 치뤄줬고 현재까지 그렇게 얻은 영웅들만으로도 충분히 플레이가 가능했기에 뭐 이건 그렇게 큰 문제가 되지는 않았던것같네요  물론 모바일 게임 특성상 후반으로 갈수록 현질자와 그렇지 않은자 사이에 갭차이는 엄청나겠지만 저는 게임을 누구 따라잡으려고 하는게 아니라 혼자 즐기는데 목적을 두고있기 때문에 앞으로도 지금처럼 천천히 플레이할것같네요  하여튼 저는 이 게임 강추까지는 못하겠지만 그래도 추천은 밖고갑니다 
드래곤에어   침묵의 신,Posted     October   분요약 중국산 발더스 게이트에 현질을 곁들인 풀더빙에 나름 낫배드
드래곤에어   침묵의 신,Posted     October C 발더스 게이트
드래곤에어   침묵의 신,Posted     October 게임 잘 만듬  돈 많으면 하셈  뭐 무과금 으로 할 수있고 그렇고 저렇고    가능함 나도 그렇게 해봤음  근데 자기만족이 안됨  겜하는 내내 자꾸 뭔가 현질하고싶고 이런 내적갈등과 존나싸우게됨  왜냐 결국엔 뽑기겜임  게임 특성상 아니꼬운점이 발전할수있음 대전 시스템 이용 할때부터   진짜 게임 괜찮음 무과금으로 해도 괜찮음 즐기면서 오래 할거면 진짜 추천  평소 게임에 현질 에 대해 아무 상과없던 고래형들은 꼭 하길바람  현질 할 맛 재미 있음
드래곤에어   침묵의 신,Posted     October 전형적인 중국산 가챠겜  아니 홍콩게임     무속과금으론 게임 진행이 좀 힘들듯 특히 각종 탑종류는 헤비과금이 나이면 묵혀두고 천천히 하실수있으심 해보시길      게임 공략을 하나하나 풀어나가는 재미는 있음 단  한국인이면 현질안하고는 못견딜정도로 담답해지는 시점이 있음     게임사 이전 게임부터 소통이 전혀 안되는 회사라 무소과금으로 해보시길  검색해보시면 불만이 좀 많았음    총평   한번찍어먹어 보시면 할만하다고는 느끼는데 오래할게임은 아닌것 같음
